repository,commit,license_spdx,license_class,license_evidence,path,bytes,content_sha256,code_only_sha256,outcome,reason,found_by,cached_as,decks,host
gitlab.com/Bjaa/pipeline-for-connecting-neper-with-abaqus-with-damask-subrutine,,,,,,0,,,unreadable,licence lookup failed: not_found: https://gitlab.com/api/v4/projects/Bjaa%2Fpipeline-for-connecting-neper-with-abaqus-with-damask-subrutine/repository/commits/main returned 404,,,,gitlab.com
gitlab.com/DLHvdH/dDPC_mixing,,AGPL-3.0,copyleft,LICENSE@0d09322675e6 read and classified as AGPL-3.0; GitLab detector says agpl-3.0,,0,,,licence_incompatible,AGPL-3.0 is outside the set this project may redistribute; recorded and not fetched,gitlab search,,,gitlab.com
gitlab.com/DLHvdH/dDPC_parametrisation,,AGPL-3.0,copyleft,LICENSE@f3be11d820a6 read and classified as AGPL-3.0; GitLab detector says agpl-3.0,,0,,,licence_incompatible,AGPL-3.0 is outside the set this project may redistribute; recorded and not fetched,gitlab search,,,gitlab.com
gitlab.com/DLR-SY/beos,,,,"empty project: no commit, so no LICENSE file",,0,,,licence_absent,"no licence is declared, so nothing may be redistributed from it; a repository without a LICENSE file is refused, not assumed permissive; recorded and not fetched",gitlab search,,,gitlab.com
gitlab.com/DLR-SY/boxbeam,,,,"empty project: no commit, so no LICENSE file",,0,,,licence_absent,"no licence is declared, so nothing may be redistributed from it; a repository without a LICENSE file is refused, not assumed permissive; recorded and not fetched",gitlab search,,,gitlab.com
gitlab.com/DLR-SY/damapper,,,,"empty project: no commit, so no LICENSE file",,0,,,licence_absent,"no licence is declared, so nothing may be redistributed from it; a repository without a LICENSE file is refused, not assumed permissive; recorded and not fetched",gitlab search,,,gitlab.com
gitlab.com/DLR-SY/delismm,f11f039f4d087c6971725378efab1b3811881672,MIT,permissive,LICENSE.txt@f11f039f4d08 read and classified as MIT; GitLab detector says mit,,0,,,no_fortran,its tree lists no Fortran file and no file the search matched,gitlab search,,,gitlab.com
gitlab.com/DLR-SY/displam,,,,"empty project: no commit, so no LICENSE file",,0,,,licence_absent,"no licence is declared, so nothing may be redistributed from it; a repository without a LICENSE file is refused, not assumed permissive; recorded and not fetched",gitlab search,,,gitlab.com
gitlab.com/DLR-SY/mcodac,,,,"empty project: no commit, so no LICENSE file",,0,,,licence_absent,"no licence is declared, so nothing may be redistributed from it; a repository without a LICENSE file is refused, not assumed permissive; recorded and not fetched",gitlab search,,,gitlab.com
gitlab.com/DLR-SY/micofam,,,,LICENSE@58d35bcce2c1 present but not identified (GitLab detector says other),,0,,,licence_absent,"no licence is declared, so nothing may be redistributed from it; a repository without a LICENSE file is refused, not assumed permissive; recorded and not fetched",gitlab search,,,gitlab.com
gitlab.com/DLR-SY/patme,fa364a86518f741ae718815404046d9c68beb92b,MIT,permissive,LICENSE@fa364a86518f read and classified as MIT; GitLab detector says mit,,0,,,no_fortran,its tree lists no Fortran file and no file the search matched,gitlab search,,,gitlab.com
gitlab.com/DLR-SY/predocs,,,,LICENSE.md@57c2aca92381 present but not identified (GitLab detector says other),,0,,,licence_absent,"no licence is declared, so nothing may be redistributed from it; a repository without a LICENSE file is refused, not assumed permissive; recorded and not fetched",gitlab search,,,gitlab.com
gitlab.com/DLR-SY/pycodac,,,,"empty project: no commit, so no LICENSE file",,0,,,licence_absent,"no licence is declared, so nothing may be redistributed from it; a repository without a LICENSE file is refused, not assumed permissive; recorded and not fetched",gitlab search,,,gitlab.com
gitlab.com/DLR-SY/pyxmake,,,,LICENSE@b435299e7baa present but not identified (GitLab detector says other),,0,,,licence_absent,"no licence is declared, so nothing may be redistributed from it; a repository without a LICENSE file is refused, not assumed permissive; recorded and not fetched",gitlab search,,,gitlab.com
gitlab.com/DLR-SY/stmlab,,,,"empty project: no commit, so no LICENSE file",,0,,,licence_absent,"no licence is declared, so nothing may be redistributed from it; a repository without a LICENSE file is refused, not assumed permissive; recorded and not fetched",gitlab search,,,gitlab.com
gitlab.com/DLR-SY/tank/tankoh2,,,,LICENSE.md@97f6ca9c5c0c present but not identified (GitLab detector says other),,0,,,licence_absent,"no licence is declared, so nothing may be redistributed from it; a repository without a LICENSE file is refused, not assumed permissive; recorded and not fetched",gitlab search,,,gitlab.com
gitlab.com/Peduli-Umat/peduli-umat,,,,no LICENSE/COPYING file at the root of 791b7f973828; GitLab detector says nothing,,0,,,licence_absent,"no licence is declared, so nothing may be redistributed from it; a repository without a LICENSE file is refused, not assumed permissive; recorded and not fetched",gitlab search,,,gitlab.com
gitlab.com/RakibFiha/NASA-Composite-stiffened-panel-buckling-3D-simulation-for-Space-Structure-with-Abaqus-Python-CAE,,,,,,0,,,unreadable,licence lookup failed: not_found: https://gitlab.com/api/v4/projects/RakibFiha%2FNASA-Composite-stiffened-panel-buckling-3D-simulation-for-Space-Structure-with-Abaqus-Python-CAE/repository/commits/main returned 404,,,,gitlab.com
gitlab.com/abaqus_tools1/general_tools/abaqus_bulkdata_extraction,,,,no LICENSE/COPYING file at the root of 41fb8eb8b955; GitLab detector says nothing,,0,,,licence_absent,"no licence is declared, so nothing may be redistributed from it; a repository without a LICENSE file is refused, not assumed permissive; recorded and not fetched",gitlab search,,,gitlab.com
gitlab.com/abaqus_tools1/general_tools/abaqus_model_comparison,,,,no LICENSE/COPYING file at the root of e4a073d66cd4; GitLab detector says nothing,,0,,,licence_absent,"no licence is declared, so nothing may be redistributed from it; a repository without a LICENSE file is refused, not assumed permissive; recorded and not fetched",gitlab search,,,gitlab.com
gitlab.com/abaqus_tools1/general_tools/abaqus_msg-file_analyser,432498f27516afc8f64eb0b6fb98287384ef7cd3,GPL-3.0,copyleft,LICENSE@432498f27516 read and classified as GPL-3.0; GitLab detector says gpl-3.0+,,0,,,no_fortran,its tree lists no Fortran file and no file the search matched,gitlab search,,,gitlab.com
gitlab.com/acohen8/deamodel,,,,no LICENSE/COPYING file at the root of 2a9ba54f0caa; GitLab detector says nothing,,0,,,licence_absent,"no licence is declared, so nothing may be redistributed from it; a repository without a LICENSE file is refused, not assumed permissive; recorded and not fetched",gitlab search,,,gitlab.com
gitlab.com/benzwick/abqmesh,06864b95c1c4daa15a582880879133d37f89c22f,GPL-3.0,copyleft,COPYING@06864b95c1c4 read and classified as GPL-3.0; GitLab detector says gpl-3.0+,,0,,,no_fortran,its tree lists no Fortran file and no file the search matched,gitlab search,,,gitlab.com
gitlab.com/breyne/umat-metplast,d49264f4fdbc9fa40c7205fdb91af434eaee0297,MIT,permissive,LICENCE.md@d49264f4fdbc read and classified as MIT; GitLab detector says mit,benchmark_standalone/cases/baushearger.F,1465,,,no_umat_entry,"Fortran, but it declares no SUBROUTINE UMAT",gitlab search,,,gitlab.com
gitlab.com/breyne/umat-metplast,d49264f4fdbc9fa40c7205fdb91af434eaee0297,MIT,permissive,LICENCE.md@d49264f4fdbc read and classified as MIT; GitLab detector says mit,benchmark_standalone/cases/baushinger.F,1470,,,no_umat_entry,"Fortran, but it declares no SUBROUTINE UMAT",gitlab search,,,gitlab.com
gitlab.com/breyne/umat-metplast,d49264f4fdbc9fa40c7205fdb91af434eaee0297,MIT,permissive,LICENCE.md@d49264f4fdbc read and classified as MIT; GitLab detector says mit,benchmark_standalone/cases/crossload.F,1395,,,no_umat_entry,"Fortran, but it declares no SUBROUTINE UMAT",gitlab search,,,gitlab.com
gitlab.com/breyne/umat-metplast,d49264f4fdbc9fa40c7205fdb91af434eaee0297,MIT,permissive,LICENCE.md@d49264f4fdbc read and classified as MIT; GitLab detector says mit,benchmark_standalone/cases/hypersphere2_generator.f,13383,,,no_umat_entry,"Fortran, but it declares no SUBROUTINE UMAT",gitlab search,,,gitlab.com
gitlab.com/breyne/umat-metplast,d49264f4fdbc9fa40c7205fdb91af434eaee0297,MIT,permissive,LICENCE.md@d49264f4fdbc read and classified as MIT; GitLab detector says mit,benchmark_standalone/cases/hypersphere2_loadcases.F,1411,,,no_umat_entry,"Fortran, but it declares no SUBROUTINE UMAT",gitlab search,,,gitlab.com
gitlab.com/breyne/umat-metplast,d49264f4fdbc9fa40c7205fdb91af434eaee0297,MIT,permissive,LICENCE.md@d49264f4fdbc read and classified as MIT; GitLab detector says mit,benchmark_standalone/cases/monotonic.F,2546,,,no_umat_entry,"Fortran, but it declares no SUBROUTINE UMAT",gitlab search,,,gitlab.com
gitlab.com/breyne/umat-metplast,d49264f4fdbc9fa40c7205fdb91af434eaee0297,MIT,permissive,LICENCE.md@d49264f4fdbc read and classified as MIT; GitLab detector says mit,benchmark_standalone/cases/preten_then_hypersphere.F,2689,,,no_umat_entry,"Fortran, but it declares no SUBROUTINE UMAT",gitlab search,,,gitlab.com
gitlab.com/breyne/umat-metplast,d49264f4fdbc9fa40c7205fdb91af434eaee0297,MIT,permissive,LICENCE.md@d49264f4fdbc read and classified as MIT; GitLab detector says mit,benchmark_standalone/cases/tension.F,2261,,,no_umat_entry,"Fortran, but it declares no SUBROUTINE UMAT",gitlab search,,,gitlab.com
gitlab.com/breyne/umat-metplast,d49264f4fdbc9fa40c7205fdb91af434eaee0297,MIT,permissive,LICENCE.md@d49264f4fdbc read and classified as MIT; GitLab detector says mit,benchmark_standalone/umocks/Holmedal_hs.F,30040,,,no_umat_entry,"Fortran, but it declares no SUBROUTINE UMAT",gitlab search,,,gitlab.com
gitlab.com/breyne/umat-metplast,d49264f4fdbc9fa40c7205fdb91af434eaee0297,MIT,permissive,LICENCE.md@d49264f4fdbc read and classified as MIT; GitLab detector says mit,benchmark_standalone/umocks/Holmedal_voce.F,29786,,,no_umat_entry,"Fortran, but it declares no SUBROUTINE UMAT",gitlab search,,,gitlab.com
gitlab.com/breyne/umat-metplast,d49264f4fdbc9fa40c7205fdb91af434eaee0297,MIT,permissive,LICENCE.md@d49264f4fdbc read and classified as MIT; GitLab detector says mit,benchmark_standalone/umocks/Isotropic_hs.F,19150,,,no_umat_entry,"Fortran, but it declares no SUBROUTINE UMAT",gitlab search,,,gitlab.com
gitlab.com/breyne/umat-metplast,d49264f4fdbc9fa40c7205fdb91af434eaee0297,MIT,permissive,LICENCE.md@d49264f4fdbc read and classified as MIT; GitLab detector says mit,benchmark_standalone/umocks/Isotropic_voce.F,18792,,,no_umat_entry,"Fortran, but it declares no SUBROUTINE UMAT",gitlab search,,,gitlab.com
gitlab.com/breyne/umat-metplast,d49264f4fdbc9fa40c7205fdb91af434eaee0297,MIT,permissive,LICENCE.md@d49264f4fdbc read and classified as MIT; GitLab detector says mit,benchmark_standalone/umocks/ZieglerPrager2_hs.F,24095,,,no_umat_entry,"Fortran, but it declares no SUBROUTINE UMAT",gitlab search,,,gitlab.com
gitlab.com/breyne/umat-metplast,d49264f4fdbc9fa40c7205fdb91af434eaee0297,MIT,permissive,LICENCE.md@d49264f4fdbc read and classified as MIT; GitLab detector says mit,benchmark_standalone/umocks/ZieglerPrager2_voce.F,23608,,,no_umat_entry,"Fortran, but it declares no SUBROUTINE UMAT",gitlab search,,,gitlab.com
gitlab.com/breyne/umat-metplast,d49264f4fdbc9fa40c7205fdb91af434eaee0297,MIT,permissive,LICENCE.md@d49264f4fdbc read and classified as MIT; GitLab detector says mit,benchmark_standalone/umocks/ZieglerPrager_hs.F,23214,,,no_umat_entry,"Fortran, but it declares no SUBROUTINE UMAT",gitlab search,,,gitlab.com
gitlab.com/breyne/umat-metplast,d49264f4fdbc9fa40c7205fdb91af434eaee0297,MIT,permissive,LICENCE.md@d49264f4fdbc read and classified as MIT; GitLab detector says mit,benchmark_standalone/umocks/ZieglerPrager_voce.F,23160,,,no_umat_entry,"Fortran, but it declares no SUBROUTINE UMAT",gitlab search,,,gitlab.com
gitlab.com/breyne/umat-metplast,d49264f4fdbc9fa40c7205fdb91af434eaee0297,MIT,permissive,LICENCE.md@d49264f4fdbc read and classified as MIT; GitLab detector says mit,lib/umat/common/linear_algebra.f,18222,,,no_umat_entry,"Fortran, but it declares no SUBROUTINE UMAT",gitlab search,,,gitlab.com
gitlab.com/breyne/umat-metplast,d49264f4fdbc9fa40c7205fdb91af434eaee0297,MIT,permissive,LICENCE.md@d49264f4fdbc read and classified as MIT; GitLab detector says mit,lib/umat/common/utils.f,2348,,,no_umat_entry,"Fortran, but it declares no SUBROUTINE UMAT",gitlab search,,,gitlab.com
gitlab.com/breyne/umat-metplast,d49264f4fdbc9fa40c7205fdb91af434eaee0297,MIT,permissive,LICENCE.md@d49264f4fdbc read and classified as MIT; GitLab detector says mit,lib/umat/common/voigt_to_natural.f,3586,,,no_umat_entry,"Fortran, but it declares no SUBROUTINE UMAT",gitlab search,,,gitlab.com
gitlab.com/breyne/umat-metplast,d49264f4fdbc9fa40c7205fdb91af434eaee0297,MIT,permissive,LICENCE.md@d49264f4fdbc read and classified as MIT; GitLab detector says mit,lib/umat/elasticity/isotropic.f,5823,,,no_umat_entry,"Fortran, but it declares no SUBROUTINE UMAT",gitlab search,,,gitlab.com
gitlab.com/breyne/umat-metplast,d49264f4fdbc9fa40c7205fdb91af434eaee0297,MIT,permissive,LICENCE.md@d49264f4fdbc read and classified as MIT; GitLab detector says mit,lib/umat/equivalent_stress/mises.f,2489,,,no_umat_entry,"Fortran, but it declares no SUBROUTINE UMAT",gitlab search,,,gitlab.com
gitlab.com/breyne/umat-metplast,d49264f4fdbc9fa40c7205fdb91af434eaee0297,MIT,permissive,LICENCE.md@d49264f4fdbc read and classified as MIT; GitLab detector says mit,lib/umat/equivalent_stress/tresca.f,0,,,no_umat_entry,"Fortran, but it declares no SUBROUTINE UMAT",gitlab search,,,gitlab.com
gitlab.com/breyne/umat-metplast,d49264f4fdbc9fa40c7205fdb91af434eaee0297,MIT,permissive,LICENCE.md@d49264f4fdbc read and classified as MIT; GitLab detector says mit,lib/umat/equivalent_stress/yld2004.f,30191,,,no_umat_entry,"Fortran, but it declares no SUBROUTINE UMAT",gitlab search,,,gitlab.com
gitlab.com/breyne/umat-metplast,d49264f4fdbc9fa40c7205fdb91af434eaee0297,MIT,permissive,LICENCE.md@d49264f4fdbc read and classified as MIT; GitLab detector says mit,lib/umat/hardening_type/hexah22.f,40368,,,no_umat_entry,"Fortran, but it declares no SUBROUTINE UMAT",gitlab search,,,gitlab.com
gitlab.com/breyne/umat-metplast,d49264f4fdbc9fa40c7205fdb91af434eaee0297,MIT,permissive,LICENCE.md@d49264f4fdbc read and classified as MIT; GitLab detector says mit,lib/umat/hardening_type/holmedal19.f,27125,,,no_umat_entry,"Fortran, but it declares no SUBROUTINE UMAT",gitlab search,,,gitlab.com
gitlab.com/breyne/umat-metplast,d49264f4fdbc9fa40c7205fdb91af434eaee0297,MIT,permissive,LICENCE.md@d49264f4fdbc read and classified as MIT; GitLab detector says mit,lib/umat/hardening_type/isotropic.f,14677,,,no_umat_entry,"Fortran, but it declares no SUBROUTINE UMAT",gitlab search,,,gitlab.com
gitlab.com/breyne/umat-metplast,d49264f4fdbc9fa40c7205fdb91af434eaee0297,MIT,permissive,LICENCE.md@d49264f4fdbc read and classified as MIT; GitLab detector says mit,lib/umat/hardening_type/isotropic_gen.f,15453,,,no_umat_entry,"Fortran, but it declares no SUBROUTINE UMAT",gitlab search,,,gitlab.com
gitlab.com/breyne/umat-metplast,d49264f4fdbc9fa40c7205fdb91af434eaee0297,MIT,permissive,LICENCE.md@d49264f4fdbc read and classified as MIT; GitLab detector says mit,lib/umat/hardening_type/kinortional.f,24376,,,no_umat_entry,"Fortran, but it declares no SUBROUTINE UMAT",gitlab search,,,gitlab.com
gitlab.com/breyne/umat-metplast,d49264f4fdbc9fa40c7205fdb91af434eaee0297,MIT,permissive,LICENCE.md@d49264f4fdbc read and classified as MIT; GitLab detector says mit,lib/umat/hardening_type/ziegler_prager.f,19814,,,no_umat_entry,"Fortran, but it declares no SUBROUTINE UMAT",gitlab search,,,gitlab.com
gitlab.com/breyne/umat-metplast,d49264f4fdbc9fa40c7205fdb91af434eaee0297,MIT,permissive,LICENCE.md@d49264f4fdbc read and classified as MIT; GitLab detector says mit,lib/umat/reference_stress/hockett_sherby_mod.f,3775,,,no_umat_entry,"Fortran, but it declares no SUBROUTINE UMAT",gitlab search,,,gitlab.com
gitlab.com/breyne/umat-metplast,d49264f4fdbc9fa40c7205fdb91af434eaee0297,MIT,permissive,LICENCE.md@d49264f4fdbc read and classified as MIT; GitLab detector says mit,lib/umat/reference_stress/perfect_plastic.f,1837,,,no_umat_entry,"Fortran, but it declares no SUBROUTINE UMAT",gitlab search,,,gitlab.com
gitlab.com/breyne/umat-metplast,d49264f4fdbc9fa40c7205fdb91af434eaee0297,MIT,permissive,LICENCE.md@d49264f4fdbc read and classified as MIT; GitLab detector says mit,lib/umat/reference_stress/power.f,0,,,no_umat_entry,"Fortran, but it declares no SUBROUTINE UMAT",gitlab search,,,gitlab.com
gitlab.com/breyne/umat-metplast,d49264f4fdbc9fa40c7205fdb91af434eaee0297,MIT,permissive,LICENCE.md@d49264f4fdbc read and classified as MIT; GitLab detector says mit,lib/umat/reference_stress/swift.f,2034,,,no_umat_entry,"Fortran, but it declares no SUBROUTINE UMAT",gitlab search,,,gitlab.com
gitlab.com/breyne/umat-metplast,d49264f4fdbc9fa40c7205fdb91af434eaee0297,MIT,permissive,LICENCE.md@d49264f4fdbc read and classified as MIT; GitLab detector says mit,lib/umat/reference_stress/voce.f,2611,,,no_umat_entry,"Fortran, but it declares no SUBROUTINE UMAT",gitlab search,,,gitlab.com
gitlab.com/breyne/umat-metplast,d49264f4fdbc9fa40c7205fdb91af434eaee0297,MIT,permissive,LICENCE.md@d49264f4fdbc read and classified as MIT; GitLab detector says mit,lib/umat/test/common-linear_algebra.f,987,,,no_umat_entry,"Fortran, but it declares no SUBROUTINE UMAT",gitlab search,,,gitlab.com
gitlab.com/breyne/umat-metplast,d49264f4fdbc9fa40c7205fdb91af434eaee0297,MIT,permissive,LICENCE.md@d49264f4fdbc read and classified as MIT; GitLab detector says mit,lib/umat/test/main_test_h19.f,3197,,,no_umat_entry,"Fortran, but it declares no SUBROUTINE UMAT",gitlab search,,,gitlab.com
gitlab.com/breyne/umat-metplast,d49264f4fdbc9fa40c7205fdb91af434eaee0297,MIT,permissive,LICENCE.md@d49264f4fdbc read and classified as MIT; GitLab detector says mit,lib/umat/test/main_test_hexah22.f,3285,,,no_umat_entry,"Fortran, but it declares no SUBROUTINE UMAT",gitlab search,,,gitlab.com
gitlab.com/breyne/umat-metplast,d49264f4fdbc9fa40c7205fdb91af434eaee0297,MIT,permissive,LICENCE.md@d49264f4fdbc read and classified as MIT; GitLab detector says mit,lib/umat/test/main_test_kinortional.f,1742,,,no_umat_entry,"Fortran, but it declares no SUBROUTINE UMAT",gitlab search,,,gitlab.com
gitlab.com/breyne/umat-metplast,d49264f4fdbc9fa40c7205fdb91af434eaee0297,MIT,permissive,LICENCE.md@d49264f4fdbc read and classified as MIT; GitLab detector says mit,lib/umat/test/utest_h19.f,2284,,,no_umat_entry,"Fortran, but it declares no SUBROUTINE UMAT",gitlab search,,,gitlab.com
gitlab.com/breyne/umat-metplast,d49264f4fdbc9fa40c7205fdb91af434eaee0297,MIT,permissive,LICENCE.md@d49264f4fdbc read and classified as MIT; GitLab detector says mit,lib/umat/test/utest_hexah.f,2685,,,no_umat_entry,"Fortran, but it declares no SUBROUTINE UMAT",gitlab search,,,gitlab.com
gitlab.com/breyne/umat-metplast,d49264f4fdbc9fa40c7205fdb91af434eaee0297,MIT,permissive,LICENCE.md@d49264f4fdbc read and classified as MIT; GitLab detector says mit,lib/umat/test/utest_isogen.f,1820,,,no_umat_entry,"Fortran, but it declares no SUBROUTINE UMAT",gitlab search,,,gitlab.com
gitlab.com/breyne/umat-metplast,d49264f4fdbc9fa40c7205fdb91af434eaee0297,MIT,permissive,LICENCE.md@d49264f4fdbc read and classified as MIT; GitLab detector says mit,lib/umat/test/utest_kino.f,1290,,,no_umat_entry,"Fortran, but it declares no SUBROUTINE UMAT",gitlab search,,,gitlab.com
gitlab.com/breyne/umat-metplast,d49264f4fdbc9fa40c7205fdb91af434eaee0297,MIT,permissive,LICENCE.md@d49264f4fdbc read and classified as MIT; GitLab detector says mit,lib/umat/test/utest_zp.f,2187,,,no_umat_entry,"Fortran, but it declares no SUBROUTINE UMAT",gitlab search,,,gitlab.com
gitlab.com/breyne/umat-metplast,d49264f4fdbc9fa40c7205fdb91af434eaee0297,MIT,permissive,LICENCE.md@d49264f4fdbc read and classified as MIT; GitLab detector says mit,lib/umat/umat_base.f,15170,a419232ca681335d96bf527e79cc6fd57915a16111ed673ce115c0c2b48e8455,e64fb7f015a6b6666c464fb3abdb656cfe8f824182103fd8117e9554880a4c63,candidate,"distinct, licensed MIT (permissive), declares a UMAT entry point; not yet transformed or verified",gitlab search,gitlab.com__breyne__umat-metplast/lib/umat/umat_base.f,,gitlab.com
gitlab.com/breyne/umat-metplast,d49264f4fdbc9fa40c7205fdb91af434eaee0297,MIT,permissive,LICENCE.md@d49264f4fdbc read and classified as MIT; GitLab detector says mit,lib/umat/umock_base.f,5586,,,no_umat_entry,"Fortran, but it declares no SUBROUTINE UMAT",gitlab search,,,gitlab.com
gitlab.com/constraintAutomaton/abaqus-modelisation-coque-sous-marin-python-exercise,,,,no LICENSE/COPYING file at the root of e3905ee765ee; GitLab detector says nothing,,0,,,licence_absent,"no licence is declared, so nothing may be redistributed from it; a repository without a LICENSE file is refused, not assumed permissive; recorded and not fetched",gitlab search,,,gitlab.com
gitlab.com/emileroux83/MechanicalTest,a9e5401181f9e865b9015d01f3b530c9def71425,GPL-3.0,copyleft,LICENSE@a9e5401181f9 read and classified as GPL-3.0; GitLab detector says gpl-3.0,,0,,,no_fortran,its tree lists no Fortran file and no file the search matched,gitlab search,,,gitlab.com
gitlab.com/fraun/optiTools,,,,no LICENSE/COPYING file at the root of d1afc7a3fefe; GitLab detector says nothing,,0,,,licence_absent,"no licence is declared, so nothing may be redistributed from it; a repository without a LICENSE file is refused, not assumed permissive; recorded and not fetched",gitlab search,,,gitlab.com
gitlab.com/fraun/python-scripts-for-scanip-abaqus,bc7935f76025b0da6e85dccc5739c4a65ed4ee45,GPL-3.0,copyleft,LICENSE@bc7935f76025 read and classified as GPL-3.0; GitLab detector says gpl-3.0,,0,,,no_fortran,its tree lists no Fortran file and no file the search matched,gitlab search,,,gitlab.com
gitlab.com/gpekmezi/abaqus2sierra,,,,no LICENSE/COPYING file at the root of 537699a19dd7; GitLab detector says nothing,,0,,,licence_absent,"no licence is declared, so nothing may be redistributed from it; a repository without a LICENSE file is refused, not assumed permissive; recorded and not fetched",gitlab search,,,gitlab.com
gitlab.com/jacob.merson/abaqus-utilities,9a06b2d3e2e1bb500f58e272e035099634e4cd25,GPL-3.0,copyleft,LICENSE@9a06b2d3e2e1 read and classified as GPL-3.0; GitLab detector says gpl-3.0,,0,,,no_fortran,its tree lists no Fortran file and no file the search matched,gitlab search,,,gitlab.com
gitlab.com/lcharleux/Install-ABAQUS-on-Ubuntu,,,,no LICENSE/COPYING file at the root of 70b396f20431; GitLab detector says nothing,,0,,,licence_absent,"no licence is declared, so nothing may be redistributed from it; a repository without a LICENSE file is refused, not assumed permissive; recorded and not fetched",gitlab search,,,gitlab.com
gitlab.com/lcharleux/MechanicalTest,a89070e6075b13a2318bc3770c3c1647269fd88c,GPL-3.0,copyleft,LICENSE@a89070e6075b read and classified as GPL-3.0; GitLab detector says gpl-3.0,,0,,,no_fortran,its tree lists no Fortran file and no file the search matched,gitlab search,,,gitlab.com
gitlab.com/manpan-1/pabq,d257e1eb009f4f9b4a070e6bd02e82fc1614db4a,MIT,permissive,LICENSE@d257e1eb009f read and classified as MIT; GitLab detector says mit,Pabq/common_tools/riks_terminator.f,2951,,,no_umat_entry,"Fortran, but it declares no SUBROUTINE UMAT",gitlab search,,,gitlab.com
gitlab.com/nathan-gerhardt/abaqus_odb_screening,,,,no LICENSE/COPYING file at the root of 3ae13e0d451d; GitLab detector says nothing,,0,,,licence_absent,"no licence is declared, so nothing may be redistributed from it; a repository without a LICENSE file is refused, not assumed permissive; recorded and not fetched",gitlab search,,,gitlab.com
gitlab.com/ntnu-physmet/continuum-plasticity,ed1238867f58974d476a8b560f5d20f897af23e9,MIT,permissive,LICENSE@ed1238867f58 read and classified as MIT; GitLab detector says mit,umatYLD2004.for,82957,c5d4ffd087ca10b66c0d13092ab9d351904c122dc50685d17903c054ad402d19,984a2c3625af189d90285fca9cd82a6b2da68cf7ef9b25bd74929b1b1879b5bc,candidate,"distinct, licensed MIT (permissive), declares a UMAT entry point; not yet transformed or verified",gitlab search,gitlab.com__ntnu-physmet__continuum-plasticity/umatYLD2004.for,tension.inp,gitlab.com
gitlab.com/ntnu-physmet/crystal-plasticity,09049864081dd6fb3fa20ebe05a788eeb0a19f27,MIT,permissive,LICENSE@09049864081d read and classified as MIT; GitLab detector says mit,Rate Dependent Model/CP_EXPSUB.for,78941,,,no_umat_entry,declares a VUMAT and no UMAT; the explicit interface is out of scope,gitlab search,,,gitlab.com
gitlab.com/ntnu-physmet/crystal-plasticity,09049864081dd6fb3fa20ebe05a788eeb0a19f27,MIT,permissive,LICENSE@09049864081d read and classified as MIT; GitLab detector says mit,Rate Dependent Model/umatCP_RD2.for,93545,50f40f7f41a8cb539eedd448c0dc2771dce4bb700bca02a8b2ff0d699fae22ac,f762fd62f32358b1aa297cc2221354b7c01f79344295aef310004900a73e4061,candidate,"distinct, licensed MIT (permissive), declares a UMAT entry point; not yet transformed or verified",gitlab search,gitlab.com__ntnu-physmet__crystal-plasticity/Rate Dependent Model/umatCP_RD2.for,,gitlab.com
gitlab.com/ntnu-physmet/crystal-plasticity,09049864081dd6fb3fa20ebe05a788eeb0a19f27,MIT,permissive,LICENSE@09049864081d read and classified as MIT; GitLab detector says mit,umatCP.for,94270,43ba63716984b858a31b4a7fd4c18f9208b6ac69775eddd329ad7ea1d30ff1df,29e65941784727d24d2444017cf7d15841badf5f53152be8363c9d5d23bdfa4a,candidate,"distinct, licensed MIT (permissive), declares a UMAT entry point; not yet transformed or verified",gitlab search,gitlab.com__ntnu-physmet__crystal-plasticity/umatCP.for,,gitlab.com
gitlab.com/ntnu-physmet/ddd,b6a6f1557cfb550f1aed3ebfd7adc346aa64593b,MIT,permissive,LICENSE@b6a6f1557cfb read and classified as MIT; GitLab detector says mit,fortran_shared/DDDdepinning.f90,6033,,,no_umat_entry,"Fortran, but it declares no SUBROUTINE UMAT",gitlab search,,,gitlab.com
gitlab.com/ntnu-physmet/ddd,b6a6f1557cfb550f1aed3ebfd7adc346aa64593b,MIT,permissive,LICENSE@b6a6f1557cfb read and classified as MIT; GitLab detector says mit,fortran_shared/DDDdepinning0.f90,5749,,,no_umat_entry,"Fortran, but it declares no SUBROUTINE UMAT",gitlab search,,,gitlab.com
gitlab.com/ntnu-physmet/ddd,b6a6f1557cfb550f1aed3ebfd7adc346aa64593b,MIT,permissive,LICENSE@b6a6f1557cfb read and classified as MIT; GitLab detector says mit,fortran_shared/DDDeps.f90,4702,,,no_umat_entry,"Fortran, but it declares no SUBROUTINE UMAT",gitlab search,,,gitlab.com
gitlab.com/ntnu-physmet/ddd,b6a6f1557cfb550f1aed3ebfd7adc346aa64593b,MIT,permissive,LICENSE@b6a6f1557cfb read and classified as MIT; GitLab detector says mit,fortran_shared/DDDmain.f90,5325,,,no_umat_entry,"Fortran, but it declares no SUBROUTINE UMAT",gitlab search,,,gitlab.com
gitlab.com/ntnu-physmet/ddd,b6a6f1557cfb550f1aed3ebfd7adc346aa64593b,MIT,permissive,LICENSE@b6a6f1557cfb read and classified as MIT; GitLab detector says mit,fortran_shared/DDDplt.f90,4818,,,no_umat_entry,"Fortran, but it declares no SUBROUTINE UMAT",gitlab search,,,gitlab.com
gitlab.com/ntnu-physmet/ddd,b6a6f1557cfb550f1aed3ebfd7adc346aa64593b,MIT,permissive,LICENSE@b6a6f1557cfb read and classified as MIT; GitLab detector says mit,fortran_shared/DDDspeed.f90,5842,,,no_umat_entry,"Fortran, but it declares no SUBROUTINE UMAT",gitlab search,,,gitlab.com
gitlab.com/ntnu-physmet/ddd,b6a6f1557cfb550f1aed3ebfd7adc346aa64593b,MIT,permissive,LICENSE@b6a6f1557cfb read and classified as MIT; GitLab detector says mit,fortran_shared/autocorr.f,1459,,,no_umat_entry,"Fortran, but it declares no SUBROUTINE UMAT",gitlab search,,,gitlab.com
gitlab.com/ntnu-physmet/ddd,b6a6f1557cfb550f1aed3ebfd7adc346aa64593b,MIT,permissive,LICENSE@b6a6f1557cfb read and classified as MIT; GitLab detector says mit,fortran_shared/decsol.f,31377,,,no_umat_entry,"Fortran, but it declares no SUBROUTINE UMAT",gitlab search,,,gitlab.com
gitlab.com/ntnu-physmet/ddd,b6a6f1557cfb550f1aed3ebfd7adc346aa64593b,MIT,permissive,LICENSE@b6a6f1557cfb read and classified as MIT; GitLab detector says mit,fortran_shared/dynamics.f90,108049,,,no_umat_entry,"Fortran, but it declares no SUBROUTINE UMAT",gitlab search,,,gitlab.com
gitlab.com/ntnu-physmet/ddd,b6a6f1557cfb550f1aed3ebfd7adc346aa64593b,MIT,permissive,LICENSE@b6a6f1557cfb read and classified as MIT; GitLab detector says mit,fortran_shared/initialize.f90,13252,,,no_umat_entry,"Fortran, but it declares no SUBROUTINE UMAT",gitlab search,,,gitlab.com
gitlab.com/ntnu-physmet/ddd,b6a6f1557cfb550f1aed3ebfd7adc346aa64593b,MIT,permissive,LICENSE@b6a6f1557cfb read and classified as MIT; GitLab detector says mit,fortran_shared/param.f90,6175,,,no_umat_entry,"Fortran, but it declares no SUBROUTINE UMAT",gitlab search,,,gitlab.com
gitlab.com/ntnu-physmet/ddd,b6a6f1557cfb550f1aed3ebfd7adc346aa64593b,MIT,permissive,LICENSE@b6a6f1557cfb read and classified as MIT; GitLab detector says mit,fortran_shared/printing.f90,8266,,,no_umat_entry,"Fortran, but it declares no SUBROUTINE UMAT",gitlab search,,,gitlab.com
gitlab.com/ntnu-physmet/ddd,b6a6f1557cfb550f1aed3ebfd7adc346aa64593b,MIT,permissive,LICENSE@b6a6f1557cfb read and classified as MIT; GitLab detector says mit,fortran_shared/topology.f90,19686,,,no_umat_entry,"Fortran, but it declares no SUBROUTINE UMAT",gitlab search,,,gitlab.com
gitlab.com/ntnu-physmet/ddd,b6a6f1557cfb550f1aed3ebfd7adc346aa64593b,MIT,permissive,LICENSE@b6a6f1557cfb read and classified as MIT; GitLab detector says mit,fortran_shared/utils.f90,18930,,,no_umat_entry,"Fortran, but it declares no SUBROUTINE UMAT",gitlab search,,,gitlab.com
gitlab.com/ntnu-physmet/kikuchipy,,,,no LICENSE/COPYING file at the root of abf00b1e224b; GitLab detector says nothing,,0,,,licence_absent,"no licence is declared, so nothing may be redistributed from it; a repository without a LICENSE file is refused, not assumed permissive; recorded and not fetched",gitlab search,,,gitlab.com
gitlab.com/ntnu-physmet/master-students/alflow-alsoft-gui-ann,,,,no LICENSE/COPYING file at the root of f06e6570d7ba; GitLab detector says nothing,,0,,,licence_absent,"no licence is declared, so nothing may be redistributed from it; a repository without a LICENSE file is refused, not assumed permissive; recorded and not fetched",gitlab search,,,gitlab.com
gitlab.com/ntnu-physmet/master-students/alflowapp,,,,no LICENSE/COPYING file at the root of f07ecf3daf69; GitLab detector says nothing,,0,,,licence_absent,"no licence is declared, so nothing may be redistributed from it; a repository without a LICENSE file is refused, not assumed permissive; recorded and not fetched",gitlab search,,,gitlab.com
gitlab.com/ntnu-physmet/master-students/crystal-plasticity-dashboard,150bf5efdfd31eba17c34eebea61fc29b8fa617b,MIT,permissive,LICENSE@150bf5efdfd3 read and classified as MIT; GitLab detector says mit,fortran/YldX.for,81046,,,no_umat_entry,"Fortran, but it declares no SUBROUTINE UMAT",gitlab search,,,gitlab.com
gitlab.com/ntnu-physmet/master-students/crystal-plasticity-dashboard,150bf5efdfd31eba17c34eebea61fc29b8fa617b,MIT,permissive,LICENSE@150bf5efdfd3 read and classified as MIT; GitLab detector says mit,fortran/cko2odf.f,42253,,,no_umat_entry,"Fortran, but it declares no SUBROUTINE UMAT",gitlab search,,,gitlab.com
gitlab.com/ntnu-physmet/master-students/crystal-plasticity-dashboard,150bf5efdfd31eba17c34eebea61fc29b8fa617b,MIT,permissive,LICENSE@150bf5efdfd3 read and classified as MIT; GitLab detector says mit,fortran/crystal_plasticity.f90,124344,,,no_umat_entry,"Fortran, but it declares no SUBROUTINE UMAT",gitlab search,,,gitlab.com
gitlab.com/ntnu-physmet/master-students/crystal-plasticity-dashboard,150bf5efdfd31eba17c34eebea61fc29b8fa617b,MIT,permissive,LICENSE@150bf5efdfd3 read and classified as MIT; GitLab detector says mit,fortran/gauss_odf.f,13608,,,no_umat_entry,"Fortran, but it declares no SUBROUTINE UMAT",gitlab search,,,gitlab.com
gitlab.com/ntnu-physmet/master-students/crystal-plasticity-dashboard,150bf5efdfd31eba17c34eebea61fc29b8fa617b,MIT,permissive,LICENSE@150bf5efdfd3 read and classified as MIT; GitLab detector says mit,fortran/gauss_odf_wrap.f,991,,,no_umat_entry,"Fortran, but it declares no SUBROUTINE UMAT",gitlab search,,,gitlab.com
gitlab.com/ntnu-physmet/master-students/crystal-plasticity-dashboard,150bf5efdfd31eba17c34eebea61fc29b8fa617b,MIT,permissive,LICENSE@150bf5efdfd3 read and classified as MIT; GitLab detector says mit,fortran/globals.f90,4796,,,no_umat_entry,"Fortran, but it declares no SUBROUTINE UMAT",gitlab search,,,gitlab.com
gitlab.com/ntnu-physmet/master-students/crystal-plasticity-dashboard,150bf5efdfd31eba17c34eebea61fc29b8fa617b,MIT,permissive,LICENSE@150bf5efdfd3 read and classified as MIT; GitLab detector says mit,fortran/linesearch.f90,8657,,,no_umat_entry,"Fortran, but it declares no SUBROUTINE UMAT",gitlab search,,,gitlab.com
gitlab.com/ntnu-physmet/master-students/crystal-plasticity-dashboard,150bf5efdfd31eba17c34eebea61fc29b8fa617b,MIT,permissive,LICENSE@150bf5efdfd3 read and classified as MIT; GitLab detector says mit,fortran/minpack.f90,66190,,,no_umat_entry,"Fortran, but it declares no SUBROUTINE UMAT",gitlab search,,,gitlab.com
gitlab.com/ntnu-physmet/master-students/crystal-plasticity-dashboard,150bf5efdfd31eba17c34eebea61fc29b8fa617b,MIT,permissive,LICENSE@150bf5efdfd3 read and classified as MIT; GitLab detector says mit,fortran/py2f_yldfun.f90,6884,,,no_umat_entry,"Fortran, but it declares no SUBROUTINE UMAT",gitlab search,,,gitlab.com
gitlab.com/ntnu-physmet/master-students/crystal-plasticity-dashboard,150bf5efdfd31eba17c34eebea61fc29b8fa617b,MIT,permissive,LICENSE@150bf5efdfd3 read and classified as MIT; GitLab detector says mit,fortran/simplx.for,4244,,,no_umat_entry,"Fortran, but it declares no SUBROUTINE UMAT",gitlab search,,,gitlab.com
gitlab.com/ntnu-physmet/master-students/crystal-plasticity-dashboard,150bf5efdfd31eba17c34eebea61fc29b8fa617b,MIT,permissive,LICENSE@150bf5efdfd3 read and classified as MIT; GitLab detector says mit,fortran/utils.f90,23591,,,no_umat_entry,"Fortran, but it declares no SUBROUTINE UMAT",gitlab search,,,gitlab.com
gitlab.com/ntnu-physmet/master-students/crystal-plasticity-dashboard,150bf5efdfd31eba17c34eebea61fc29b8fa617b,MIT,permissive,LICENSE@150bf5efdfd3 read and classified as MIT; GitLab detector says mit,fortran/yieldsurf.f,2938,,,no_umat_entry,"Fortran, but it declares no SUBROUTINE UMAT",gitlab search,,,gitlab.com
gitlab.com/ntnu-physmet/master-students/crystal-plasticity-toolbox,,,,no LICENSE/COPYING file at the root of 65294d42c678; GitLab detector says nothing,,0,,,licence_absent,"no licence is declared, so nothing may be redistributed from it; a repository without a LICENSE file is refused, not assumed permissive; recorded and not fetched",gitlab search,,,gitlab.com
gitlab.com/ntnu-physmet/master-students/damask-orientation-remapping,,,,no LICENSE/COPYING file at the root of 3adf2b8836c8; GitLab detector says nothing,,0,,,licence_absent,"no licence is declared, so nothing may be redistributed from it; a repository without a LICENSE file is refused, not assumed permissive; recorded and not fetched",gitlab search,,,gitlab.com
gitlab.com/ntnu-physmet/master-students/ml-aging-curves,,,,no LICENSE/COPYING file at the root of da3432e93914; GitLab detector says nothing,,0,,,licence_absent,"no licence is declared, so nothing may be redistributed from it; a repository without a LICENSE file is refused, not assumed permissive; recorded and not fetched",gitlab search,,,gitlab.com
gitlab.com/ntnu-physmet/master-students/particleanalysis,,,,no LICENSE/COPYING file at the root of f1b112d22a1b; GitLab detector says nothing,,0,,,licence_absent,"no licence is declared, so nothing may be redistributed from it; a repository without a LICENSE file is refused, not assumed permissive; recorded and not fetched",gitlab search,,,gitlab.com
gitlab.com/ntnu-physmet/master-students/porousgasificationfoam-for-si-production,,,,no LICENSE/COPYING file at the root of 3a92d126ff90; GitLab detector says nothing,,0,,,licence_absent,"no licence is declared, so nothing may be redistributed from it; a repository without a LICENSE file is refused, not assumed permissive; recorded and not fetched",gitlab search,,,gitlab.com
gitlab.com/ntnu-physmet/necking-correction,1821852ab674b7d227b4c81d1316c1707d032e75,MIT,permissive,LICENSE@1821852ab674 read and classified as MIT; GitLab detector says mit,,0,,,no_fortran,its tree lists no Fortran file and no file the search matched,gitlab search,,,gitlab.com
gitlab.com/ntnu-physmet/plc-effect,,,,no LICENSE/COPYING file at the root of 3731005c08a2; GitLab detector says nothing,,0,,,licence_absent,"no licence is declared, so nothing may be redistributed from it; a repository without a LICENSE file is refused, not assumed permissive; recorded and not fetched",gitlab search,,,gitlab.com
gitlab.com/ntnu-physmet/project_metplast/crystal_plasticity,782d1b7a1bdbf47f9a28d44662aa4d3db75700d4,MIT,permissive,LICENSE@782d1b7a1bdb read and classified as MIT; GitLab detector says mit,Facet/umat_Facet.for,87882,6ff518670a608a8aa7aa024e137ea39aca0af3422cdbe2c1182f32a0480c3347,bd89559396236a1facb910037580a3013f19ab751c692e6f11b546eace5d339b,candidate,"distinct, licensed MIT (permissive), declares a UMAT entry point; not yet transformed or verified",gitlab search,gitlab.com__ntnu-physmet__project_metplast__crystal_plasticity/Facet/umat_Facet.for,Facet/material_facet.inp;Polycrystalizer/Example/initSDV.inp;Rate_Dependent_UMAT/Example/CPFEM_RVE10_load.inp;Rate_Dependent_VUMAT/Example/CPFEM_RVE10_load.inp;Rate_Independent_UMAT/Example/CPFEM_RVE10_load.inp,gitlab.com
gitlab.com/ntnu-physmet/project_metplast/crystal_plasticity,782d1b7a1bdbf47f9a28d44662aa4d3db75700d4,MIT,permissive,LICENSE@782d1b7a1bdb read and classified as MIT; GitLab detector says mit,Other_Subroutines/DISP_template6_10.for,3970,,,no_umat_entry,"Fortran, but it declares no SUBROUTINE UMAT",gitlab search,,,gitlab.com
gitlab.com/ntnu-physmet/project_metplast/crystal_plasticity,782d1b7a1bdbf47f9a28d44662aa4d3db75700d4,MIT,permissive,LICENSE@782d1b7a1bdb read and classified as MIT; GitLab detector says mit,Other_Subroutines/DISP_template_1.for,3792,,,no_umat_entry,"Fortran, but it declares no SUBROUTINE UMAT",gitlab search,,,gitlab.com
gitlab.com/ntnu-physmet/project_metplast/crystal_plasticity,782d1b7a1bdbf47f9a28d44662aa4d3db75700d4,MIT,permissive,LICENSE@782d1b7a1bdb read and classified as MIT; GitLab detector says mit,Other_Subroutines/DISP_template_10.for,3748,,,no_umat_entry,"Fortran, but it declares no SUBROUTINE UMAT",gitlab search,,,gitlab.com
gitlab.com/ntnu-physmet/project_metplast/crystal_plasticity,782d1b7a1bdbf47f9a28d44662aa4d3db75700d4,MIT,permissive,LICENSE@782d1b7a1bdb read and classified as MIT; GitLab detector says mit,Other_Subroutines/DISP_template_2.for,3793,,,no_umat_entry,"Fortran, but it declares no SUBROUTINE UMAT",gitlab search,,,gitlab.com
gitlab.com/ntnu-physmet/project_metplast/crystal_plasticity,782d1b7a1bdbf47f9a28d44662aa4d3db75700d4,MIT,permissive,LICENSE@782d1b7a1bdb read and classified as MIT; GitLab detector says mit,Other_Subroutines/DISP_template_4.for,3745,,,no_umat_entry,"Fortran, but it declares no SUBROUTINE UMAT",gitlab search,,,gitlab.com
gitlab.com/ntnu-physmet/project_metplast/crystal_plasticity,782d1b7a1bdbf47f9a28d44662aa4d3db75700d4,MIT,permissive,LICENSE@782d1b7a1bdb read and classified as MIT; GitLab detector says mit,Other_Subroutines/UMAT_YLD2004.for,83043,7da7d6fe978df5132a82192131295a58689f91634144efe67f3295eca3b1ffc6,9a5f442a3e06bdb7b00e4018a52095336b4cc077b5aa4e12bbd17c2bffdc9864,candidate,"distinct, licensed MIT (permissive), declares a UMAT entry point; not yet transformed or verified",gitlab search,gitlab.com__ntnu-physmet__project_metplast__crystal_plasticity/Other_Subroutines/UMAT_YLD2004.for,Polycrystalizer/Example/initSDV.inp;Rate_Dependent_UMAT/Example/CPFEM_RVE10_load.inp;Rate_Dependent_VUMAT/Example/CPFEM_RVE10_load.inp;Rate_Independent_UMAT/Example/CPFEM_RVE10_load.inp,gitlab.com
gitlab.com/ntnu-physmet/project_metplast/crystal_plasticity,782d1b7a1bdbf47f9a28d44662aa4d3db75700d4,MIT,permissive,LICENSE@782d1b7a1bdb read and classified as MIT; GitLab detector says mit,Other_Subroutines/UMAT_YLD2004_Voce2.for,86076,37364aada0829d5be019519a8931b9e28e9c61dc627ecd70f432aac16d061a7f,40eeceebbd5d4bef834f336e1ec2f0dbc777aa704baa520362e0350445ee5e6f,candidate,"distinct, licensed MIT (permissive), declares a UMAT entry point; not yet transformed or verified",gitlab search,gitlab.com__ntnu-physmet__project_metplast__crystal_plasticity/Other_Subroutines/UMAT_YLD2004_Voce2.for,Polycrystalizer/Example/initSDV.inp;Rate_Dependent_UMAT/Example/CPFEM_RVE10_load.inp;Rate_Dependent_VUMAT/Example/CPFEM_RVE10_load.inp;Rate_Independent_UMAT/Example/CPFEM_RVE10_load.inp,gitlab.com
gitlab.com/ntnu-physmet/project_metplast/crystal_plasticity,782d1b7a1bdbf47f9a28d44662aa4d3db75700d4,MIT,permissive,LICENSE@782d1b7a1bdb read and classified as MIT; GitLab detector says mit,Rate_Dependent_UMAT/umat_CPRD.for,90860,50f40f7f41a8cb539eedd448c0dc2771dce4bb700bca02a8b2ff0d699fae22ac,f762fd62f32358b1aa297cc2221354b7c01f79344295aef310004900a73e4061,duplicate_within_search,the same implementation as an earlier hit,gitlab search,,,gitlab.com
gitlab.com/ntnu-physmet/project_metplast/crystal_plasticity,782d1b7a1bdbf47f9a28d44662aa4d3db75700d4,MIT,permissive,LICENSE@782d1b7a1bdb read and classified as MIT; GitLab detector says mit,Rate_Dependent_VUMAT/vumat_CPRD.for,76775,,,no_umat_entry,declares a VUMAT and no UMAT; the explicit interface is out of scope,gitlab search,,,gitlab.com
gitlab.com/ntnu-physmet/project_metplast/crystal_plasticity,782d1b7a1bdbf47f9a28d44662aa4d3db75700d4,MIT,permissive,LICENSE@782d1b7a1bdb read and classified as MIT; GitLab detector says mit,Rate_Independent_UMAT/umat_CPRI.for,97842,14bb0b5788ba2a22dcfe72b079709be9b88a52bdd2772732c1e5b9e4a63df798,162b95642bba29f5d1bcdfc5fe03e08b93182e53b70c0d163c08bb376b062c48,candidate,"distinct, licensed MIT (permissive), declares a UMAT entry point; not yet transformed or verified",gitlab search,gitlab.com__ntnu-physmet__project_metplast__crystal_plasticity/Rate_Independent_UMAT/umat_CPRI.for,Rate_Independent_UMAT/Example/CPFEM_RVE10_load.inp;Rate_Independent_UMAT/Input_files/RVE10/__model.inp;Rate_Independent_UMAT/Input_files/RVE10/_elset_Grains.inp;Rate_Independent_UMAT/Input_files/RVE10/_eqs.inp;Rate_Independent_UMAT/Input_files/RVE10/_geom.inp;Rate_Independent_UMAT/Input_files/RVE10/_material_RI_Al1050.inp;Rate_Independent_UMAT/Input_files/RVE10/_output.inp;Rate_Independent_UMAT/Input_files/RVE10/_sdvini_Grains_rand.inp,gitlab.com
gitlab.com/ntnu-physmet/project_metplast/crystal_plasticity,782d1b7a1bdbf47f9a28d44662aa4d3db75700d4,MIT,permissive,LICENSE@782d1b7a1bdb read and classified as MIT; GitLab detector says mit,Rate_Independent_VUMAT/vumat_CPRI.for,71184,,,no_umat_entry,declares a VUMAT and no UMAT; the explicit interface is out of scope,gitlab search,,,gitlab.com
gitlab.com/ntnu-physmet/project_metplast/crystal_plasticity,782d1b7a1bdbf47f9a28d44662aa4d3db75700d4,MIT,permissive,LICENSE@782d1b7a1bdb read and classified as MIT; GitLab detector says mit,Standalone_Testing/vumat_material_point_driver.f90,29764,,,no_umat_entry,"Fortran, but it declares no SUBROUTINE UMAT",gitlab search,,,gitlab.com
gitlab.com/ntnu-physmet/project_metplast/crystal_plasticity,782d1b7a1bdbf47f9a28d44662aa4d3db75700d4,MIT,permissive,LICENSE@782d1b7a1bdb read and classified as MIT; GitLab detector says mit,bending_simulation/MPC_bending.for,5990,,,no_umat_entry,"Fortran, but it declares no SUBROUTINE UMAT",gitlab search,,,gitlab.com
gitlab.com/ntnu-physmet/project_metplast/crystal_plasticity,782d1b7a1bdbf47f9a28d44662aa4d3db75700d4,MIT,permissive,LICENSE@782d1b7a1bdb read and classified as MIT; GitLab detector says mit,bending_simulation/VDISP_bending.for,3614,,,no_umat_entry,"Fortran, but it declares no SUBROUTINE UMAT",gitlab search,,,gitlab.com
gitlab.com/ntnu-physmet/project_metplast/pug,713851836803f710a8993b23c25e86675c818b68,MIT,permissive,LICENCE.md@713851836803 read and classified as MIT; GitLab detector says mit,benchmark_standalone/cases/baushinger.F,1482,,,no_umat_entry,"Fortran, but it declares no SUBROUTINE UMAT",gitlab search,,,gitlab.com
gitlab.com/ntnu-physmet/project_metplast/pug,713851836803f710a8993b23c25e86675c818b68,MIT,permissive,LICENCE.md@713851836803 read and classified as MIT; GitLab detector says mit,benchmark_standalone/cases/crossload.F,1271,,,no_umat_entry,"Fortran, but it declares no SUBROUTINE UMAT",gitlab search,,,gitlab.com
gitlab.com/ntnu-physmet/project_metplast/pug,713851836803f710a8993b23c25e86675c818b68,MIT,permissive,LICENCE.md@713851836803 read and classified as MIT; GitLab detector says mit,benchmark_standalone/cases/monotonic.F,2546,,,no_umat_entry,"Fortran, but it declares no SUBROUTINE UMAT",gitlab search,,,gitlab.com
gitlab.com/ntnu-physmet/project_metplast/pug,713851836803f710a8993b23c25e86675c818b68,MIT,permissive,LICENCE.md@713851836803 read and classified as MIT; GitLab detector says mit,benchmark_standalone/cases/tension.F,1531,,,no_umat_entry,"Fortran, but it declares no SUBROUTINE UMAT",gitlab search,,,gitlab.com
gitlab.com/ntnu-physmet/project_metplast/pug,713851836803f710a8993b23c25e86675c818b68,MIT,permissive,LICENCE.md@713851836803 read and classified as MIT; GitLab detector says mit,benchmark_standalone/umocks/Holmedal.F,29855,,,no_umat_entry,"Fortran, but it declares no SUBROUTINE UMAT",gitlab search,,,gitlab.com
gitlab.com/ntnu-physmet/project_metplast/pug,713851836803f710a8993b23c25e86675c818b68,MIT,permissive,LICENCE.md@713851836803 read and classified as MIT; GitLab detector says mit,benchmark_standalone/umocks/Isotropic.F,18792,,,no_umat_entry,"Fortran, but it declares no SUBROUTINE UMAT",gitlab search,,,gitlab.com
gitlab.com/ntnu-physmet/project_metplast/pug,713851836803f710a8993b23c25e86675c818b68,MIT,permissive,LICENCE.md@713851836803 read and classified as MIT; GitLab detector says mit,benchmark_standalone/umocks/ZieglerPrager.F,23160,,,no_umat_entry,"Fortran, but it declares no SUBROUTINE UMAT",gitlab search,,,gitlab.com
gitlab.com/ntnu-physmet/project_metplast/pug,713851836803f710a8993b23c25e86675c818b68,MIT,permissive,LICENCE.md@713851836803 read and classified as MIT; GitLab detector says mit,lib/umat/common/linear_algebra.f,18222,,,no_umat_entry,"Fortran, but it declares no SUBROUTINE UMAT",gitlab search,,,gitlab.com
gitlab.com/ntnu-physmet/project_metplast/pug,713851836803f710a8993b23c25e86675c818b68,MIT,permissive,LICENCE.md@713851836803 read and classified as MIT; GitLab detector says mit,lib/umat/common/utils.f,2348,,,no_umat_entry,"Fortran, but it declares no SUBROUTINE UMAT",gitlab search,,,gitlab.com
gitlab.com/ntnu-physmet/project_metplast/pug,713851836803f710a8993b23c25e86675c818b68,MIT,permissive,LICENCE.md@713851836803 read and classified as MIT; GitLab detector says mit,lib/umat/common/voigt_to_natural.f,3586,,,no_umat_entry,"Fortran, but it declares no SUBROUTINE UMAT",gitlab search,,,gitlab.com
gitlab.com/ntnu-physmet/project_metplast/pug,713851836803f710a8993b23c25e86675c818b68,MIT,permissive,LICENCE.md@713851836803 read and classified as MIT; GitLab detector says mit,lib/umat/elasticity/isotropic.f,5823,,,no_umat_entry,"Fortran, but it declares no SUBROUTINE UMAT",gitlab search,,,gitlab.com
gitlab.com/ntnu-physmet/project_metplast/pug,713851836803f710a8993b23c25e86675c818b68,MIT,permissive,LICENCE.md@713851836803 read and classified as MIT; GitLab detector says mit,lib/umat/equivalent_stress/mises.f,2489,,,no_umat_entry,"Fortran, but it declares no SUBROUTINE UMAT",gitlab search,,,gitlab.com
gitlab.com/ntnu-physmet/project_metplast/pug,713851836803f710a8993b23c25e86675c818b68,MIT,permissive,LICENCE.md@713851836803 read and classified as MIT; GitLab detector says mit,lib/umat/equivalent_stress/tresca.f,0,,,no_umat_entry,"Fortran, but it declares no SUBROUTINE UMAT",gitlab search,,,gitlab.com
gitlab.com/ntnu-physmet/project_metplast/pug,713851836803f710a8993b23c25e86675c818b68,MIT,permissive,LICENCE.md@713851836803 read and classified as MIT; GitLab detector says mit,lib/umat/equivalent_stress/yld2004.f,30191,,,no_umat_entry,"Fortran, but it declares no SUBROUTINE UMAT",gitlab search,,,gitlab.com
gitlab.com/ntnu-physmet/project_metplast/pug,713851836803f710a8993b23c25e86675c818b68,MIT,permissive,LICENCE.md@713851836803 read and classified as MIT; GitLab detector says mit,lib/umat/hardening_type/hexah22.f,40368,,,no_umat_entry,"Fortran, but it declares no SUBROUTINE UMAT",gitlab search,,,gitlab.com
gitlab.com/ntnu-physmet/project_metplast/pug,713851836803f710a8993b23c25e86675c818b68,MIT,permissive,LICENCE.md@713851836803 read and classified as MIT; GitLab detector says mit,lib/umat/hardening_type/holmedal19.f,27125,,,no_umat_entry,"Fortran, but it declares no SUBROUTINE UMAT",gitlab search,,,gitlab.com
gitlab.com/ntnu-physmet/project_metplast/pug,713851836803f710a8993b23c25e86675c818b68,MIT,permissive,LICENCE.md@713851836803 read and classified as MIT; GitLab detector says mit,lib/umat/hardening_type/isotropic.f,14677,,,no_umat_entry,"Fortran, but it declares no SUBROUTINE UMAT",gitlab search,,,gitlab.com
gitlab.com/ntnu-physmet/project_metplast/pug,713851836803f710a8993b23c25e86675c818b68,MIT,permissive,LICENCE.md@713851836803 read and classified as MIT; GitLab detector says mit,lib/umat/hardening_type/isotropic_gen.f,15453,,,no_umat_entry,"Fortran, but it declares no SUBROUTINE UMAT",gitlab search,,,gitlab.com
gitlab.com/ntnu-physmet/project_metplast/pug,713851836803f710a8993b23c25e86675c818b68,MIT,permissive,LICENCE.md@713851836803 read and classified as MIT; GitLab detector says mit,lib/umat/hardening_type/kinortional.f,24376,,,no_umat_entry,"Fortran, but it declares no SUBROUTINE UMAT",gitlab search,,,gitlab.com
gitlab.com/ntnu-physmet/project_metplast/pug,713851836803f710a8993b23c25e86675c818b68,MIT,permissive,LICENCE.md@713851836803 read and classified as MIT; GitLab detector says mit,lib/umat/hardening_type/ziegler_prager.f,19814,,,no_umat_entry,"Fortran, but it declares no SUBROUTINE UMAT",gitlab search,,,gitlab.com
gitlab.com/ntnu-physmet/project_metplast/pug,713851836803f710a8993b23c25e86675c818b68,MIT,permissive,LICENCE.md@713851836803 read and classified as MIT; GitLab detector says mit,lib/umat/reference_stress/perfect_plastic.f,1837,,,no_umat_entry,"Fortran, but it declares no SUBROUTINE UMAT",gitlab search,,,gitlab.com
gitlab.com/ntnu-physmet/project_metplast/pug,713851836803f710a8993b23c25e86675c818b68,MIT,permissive,LICENCE.md@713851836803 read and classified as MIT; GitLab detector says mit,lib/umat/reference_stress/power.f,0,,,no_umat_entry,"Fortran, but it declares no SUBROUTINE UMAT",gitlab search,,,gitlab.com
gitlab.com/ntnu-physmet/project_metplast/pug,713851836803f710a8993b23c25e86675c818b68,MIT,permissive,LICENCE.md@713851836803 read and classified as MIT; GitLab detector says mit,lib/umat/reference_stress/swift.f,0,,,no_umat_entry,"Fortran, but it declares no SUBROUTINE UMAT",gitlab search,,,gitlab.com
gitlab.com/ntnu-physmet/project_metplast/pug,713851836803f710a8993b23c25e86675c818b68,MIT,permissive,LICENCE.md@713851836803 read and classified as MIT; GitLab detector says mit,lib/umat/reference_stress/voce.f,2611,,,no_umat_entry,"Fortran, but it declares no SUBROUTINE UMAT",gitlab search,,,gitlab.com
gitlab.com/ntnu-physmet/project_metplast/pug,713851836803f710a8993b23c25e86675c818b68,MIT,permissive,LICENCE.md@713851836803 read and classified as MIT; GitLab detector says mit,lib/umat/test/common-linear_algebra.f,987,,,no_umat_entry,"Fortran, but it declares no SUBROUTINE UMAT",gitlab search,,,gitlab.com
gitlab.com/ntnu-physmet/project_metplast/pug,713851836803f710a8993b23c25e86675c818b68,MIT,permissive,LICENCE.md@713851836803 read and classified as MIT; GitLab detector says mit,lib/umat/test/main_test_h19.f,3197,,,no_umat_entry,"Fortran, but it declares no SUBROUTINE UMAT",gitlab search,,,gitlab.com
gitlab.com/ntnu-physmet/project_metplast/pug,713851836803f710a8993b23c25e86675c818b68,MIT,permissive,LICENCE.md@713851836803 read and classified as MIT; GitLab detector says mit,lib/umat/test/main_test_hexah22.f,3285,,,no_umat_entry,"Fortran, but it declares no SUBROUTINE UMAT",gitlab search,,,gitlab.com
gitlab.com/ntnu-physmet/project_metplast/pug,713851836803f710a8993b23c25e86675c818b68,MIT,permissive,LICENCE.md@713851836803 read and classified as MIT; GitLab detector says mit,lib/umat/test/main_test_kinortional.f,1742,,,no_umat_entry,"Fortran, but it declares no SUBROUTINE UMAT",gitlab search,,,gitlab.com
gitlab.com/ntnu-physmet/project_metplast/pug,713851836803f710a8993b23c25e86675c818b68,MIT,permissive,LICENCE.md@713851836803 read and classified as MIT; GitLab detector says mit,lib/umat/test/utest_h19.f,2284,,,no_umat_entry,"Fortran, but it declares no SUBROUTINE UMAT",gitlab search,,,gitlab.com
gitlab.com/ntnu-physmet/project_metplast/pug,713851836803f710a8993b23c25e86675c818b68,MIT,permissive,LICENCE.md@713851836803 read and classified as MIT; GitLab detector says mit,lib/umat/test/utest_hexah.f,2685,,,no_umat_entry,"Fortran, but it declares no SUBROUTINE UMAT",gitlab search,,,gitlab.com
gitlab.com/ntnu-physmet/project_metplast/pug,713851836803f710a8993b23c25e86675c818b68,MIT,permissive,LICENCE.md@713851836803 read and classified as MIT; GitLab detector says mit,lib/umat/test/utest_isogen.f,1820,,,no_umat_entry,"Fortran, but it declares no SUBROUTINE UMAT",gitlab search,,,gitlab.com
gitlab.com/ntnu-physmet/project_metplast/pug,713851836803f710a8993b23c25e86675c818b68,MIT,permissive,LICENCE.md@713851836803 read and classified as MIT; GitLab detector says mit,lib/umat/test/utest_kino.f,1290,,,no_umat_entry,"Fortran, but it declares no SUBROUTINE UMAT",gitlab search,,,gitlab.com
gitlab.com/ntnu-physmet/project_metplast/pug,713851836803f710a8993b23c25e86675c818b68,MIT,permissive,LICENCE.md@713851836803 read and classified as MIT; GitLab detector says mit,lib/umat/test/utest_zp.f,2187,,,no_umat_entry,"Fortran, but it declares no SUBROUTINE UMAT",gitlab search,,,gitlab.com
gitlab.com/ntnu-physmet/project_metplast/pug,713851836803f710a8993b23c25e86675c818b68,MIT,permissive,LICENCE.md@713851836803 read and classified as MIT; GitLab detector says mit,lib/umat/umat_base.f,15170,a419232ca681335d96bf527e79cc6fd57915a16111ed673ce115c0c2b48e8455,e64fb7f015a6b6666c464fb3abdb656cfe8f824182103fd8117e9554880a4c63,duplicate_within_search,the same implementation as an earlier hit,gitlab search,,,gitlab.com
gitlab.com/ntnu-physmet/project_metplast/pug,713851836803f710a8993b23c25e86675c818b68,MIT,permissive,LICENCE.md@713851836803 read and classified as MIT; GitLab detector says mit,lib/umat/umock_base.f,5586,,,no_umat_entry,"Fortran, but it declares no SUBROUTINE UMAT",gitlab search,,,gitlab.com
gitlab.com/ocubridge/Automatic-script,0055e07e83752844673243b57ace6a3261a57b49,MIT,permissive,LICENSE@0055e07e8375 read and classified as MIT; GitLab detector says mit,,0,,,no_fortran,its tree lists no Fortran file and no file the search matched,gitlab search,,,gitlab.com
gitlab.com/ocubridge/abaqus-automatic,,,,,,0,,,unreadable,licence lookup failed: not_found: https://gitlab.com/api/v4/projects/ocubridge%2Fabaqus-automatic/repository/commits/main returned 404,,,,gitlab.com
gitlab.com/prool/unical1,,,,"empty project: no commit, so no LICENSE file",,0,,,licence_absent,"no licence is declared, so nothing may be redistributed from it; a repository without a LICENSE file is refused, not assumed permissive; recorded and not fetched",gitlab search,,,gitlab.com
gitlab.com/royson316/abaqus-automation-inp-and-odb,,,,no LICENSE/COPYING file at the root of 8f4a1ac26145; GitLab detector says nothing,,0,,,licence_absent,"no licence is declared, so nothing may be redistributed from it; a repository without a LICENSE file is refused, not assumed permissive; recorded and not fetched",gitlab search,,,gitlab.com
gitlab.com/shadisharba/dae_umat_2scale_lsdyna,eaaaded21d802f2cde7d12c56359a8ab0c2c947d,BSD-3-Clause,permissive,license@eaaaded21d80 read and classified as BSD-3-Clause; GitLab detector says other,external_packages/example_forpy.F90,1276,,,no_umat_entry,"Fortran, but it declares no SUBROUTINE UMAT",gitlab search,,,gitlab.com
gitlab.com/shadisharba/dae_umat_2scale_lsdyna,eaaaded21d802f2cde7d12c56359a8ab0c2c947d,BSD-3-Clause,permissive,license@eaaaded21d80 read and classified as BSD-3-Clause; GitLab detector says other,external_packages/example_ttb.F,1821,,,no_umat_entry,"Fortran, but it declares no SUBROUTINE UMAT",gitlab search,,,gitlab.com
gitlab.com/shadisharba/dae_umat_2scale_lsdyna,eaaaded21d802f2cde7d12c56359a8ab0c2c947d,BSD-3-Clause,permissive,license@eaaaded21d80 read and classified as BSD-3-Clause; GitLab detector says other,external_packages/example_ttb.f,1813,,,no_umat_entry,"Fortran, but it declares no SUBROUTINE UMAT",gitlab search,,,gitlab.com
gitlab.com/shadisharba/dae_umat_2scale_lsdyna,eaaaded21d802f2cde7d12c56359a8ab0c2c947d,BSD-3-Clause,permissive,license@eaaaded21d80 read and classified as BSD-3-Clause; GitLab detector says other,external_packages/forpy_mod.F90,385804,,,no_umat_entry,"Fortran, but it declares no SUBROUTINE UMAT",gitlab search,,,gitlab.com
gitlab.com/shadisharba/dae_umat_2scale_lsdyna,eaaaded21d802f2cde7d12c56359a8ab0c2c947d,BSD-3-Clause,permissive,license@eaaaded21d80 read and classified as BSD-3-Clause; GitLab detector says other,external_packages/include_ttb.F,29,,,no_umat_entry,"Fortran, but it declares no SUBROUTINE UMAT",gitlab search,,,gitlab.com
gitlab.com/shadisharba/dae_umat_2scale_lsdyna,eaaaded21d802f2cde7d12c56359a8ab0c2c947d,BSD-3-Clause,permissive,license@eaaaded21d80 read and classified as BSD-3-Clause; GitLab detector says other,external_packages/include_ttb_old.F,42,,,no_umat_entry,"Fortran, but it declares no SUBROUTINE UMAT",gitlab search,,,gitlab.com
gitlab.com/shadisharba/dae_umat_2scale_lsdyna,eaaaded21d802f2cde7d12c56359a8ab0c2c947d,BSD-3-Clause,permissive,license@eaaaded21d80 read and classified as BSD-3-Clause; GitLab detector says other,external_packages/ttb/libadd.f,2153,,,no_umat_entry,"Fortran, but it declares no SUBROUTINE UMAT",gitlab search,,,gitlab.com
gitlab.com/shadisharba/dae_umat_2scale_lsdyna,eaaaded21d802f2cde7d12c56359a8ab0c2c947d,BSD-3-Clause,permissive,license@eaaaded21d80 read and classified as BSD-3-Clause; GitLab detector says other,external_packages/ttb/libasabqarray.f,1038,,,no_umat_entry,"Fortran, but it declares no SUBROUTINE UMAT",gitlab search,,,gitlab.com
gitlab.com/shadisharba/dae_umat_2scale_lsdyna,eaaaded21d802f2cde7d12c56359a8ab0c2c947d,BSD-3-Clause,permissive,license@eaaaded21d80 read and classified as BSD-3-Clause; GitLab detector says other,external_packages/ttb/libasarray.f,1624,,,no_umat_entry,"Fortran, but it declares no SUBROUTINE UMAT",gitlab search,,,gitlab.com
gitlab.com/shadisharba/dae_umat_2scale_lsdyna,eaaaded21d802f2cde7d12c56359a8ab0c2c947d,BSD-3-Clause,permissive,license@eaaaded21d80 read and classified as BSD-3-Clause; GitLab detector says other,external_packages/ttb/libassignarray.f,2449,,,no_umat_entry,"Fortran, but it declares no SUBROUTINE UMAT",gitlab search,,,gitlab.com
gitlab.com/shadisharba/dae_umat_2scale_lsdyna,eaaaded21d802f2cde7d12c56359a8ab0c2c947d,BSD-3-Clause,permissive,license@eaaaded21d80 read and classified as BSD-3-Clause; GitLab detector says other,external_packages/ttb/libassignscalar.f,2405,,,no_umat_entry,"Fortran, but it declares no SUBROUTINE UMAT",gitlab search,,,gitlab.com
gitlab.com/shadisharba/dae_umat_2scale_lsdyna,eaaaded21d802f2cde7d12c56359a8ab0c2c947d,BSD-3-Clause,permissive,license@eaaaded21d80 read and classified as BSD-3-Clause; GitLab detector says other,external_packages/ttb/libassignten2sym.f,945,,,no_umat_entry,"Fortran, but it declares no SUBROUTINE UMAT",gitlab search,,,gitlab.com
gitlab.com/shadisharba/dae_umat_2scale_lsdyna,eaaaded21d802f2cde7d12c56359a8ab0c2c947d,BSD-3-Clause,permissive,license@eaaaded21d80 read and classified as BSD-3-Clause; GitLab detector says other,external_packages/ttb/libcrossdyadic.f,4036,,,no_umat_entry,"Fortran, but it declares no SUBROUTINE UMAT",gitlab search,,,gitlab.com
gitlab.com/shadisharba/dae_umat_2scale_lsdyna,eaaaded21d802f2cde7d12c56359a8ab0c2c947d,BSD-3-Clause,permissive,license@eaaaded21d80 read and classified as BSD-3-Clause; GitLab detector says other,external_packages/ttb/libddot.f,4265,,,no_umat_entry,"Fortran, but it declares no SUBROUTINE UMAT",gitlab search,,,gitlab.com
gitlab.com/shadisharba/dae_umat_2scale_lsdyna,eaaaded21d802f2cde7d12c56359a8ab0c2c947d,BSD-3-Clause,permissive,license@eaaaded21d80 read and classified as BSD-3-Clause; GitLab detector says other,external_packages/ttb/libderivativeexp.f,3181,,,no_umat_entry,"Fortran, but it declares no SUBROUTINE UMAT",gitlab search,,,gitlab.com
gitlab.com/shadisharba/dae_umat_2scale_lsdyna,eaaaded21d802f2cde7d12c56359a8ab0c2c947d,BSD-3-Clause,permissive,license@eaaaded21d80 read and classified as BSD-3-Clause; GitLab detector says other,external_packages/ttb/libdet.f,917,,,no_umat_entry,"Fortran, but it declares no SUBROUTINE UMAT",gitlab search,,,gitlab.com
gitlab.com/shadisharba/dae_umat_2scale_lsdyna,eaaaded21d802f2cde7d12c56359a8ab0c2c947d,BSD-3-Clause,permissive,license@eaaaded21d80 read and classified as BSD-3-Clause; GitLab detector says other,external_packages/ttb/libdev.f,502,,,no_umat_entry,"Fortran, but it declares no SUBROUTINE UMAT",gitlab search,,,gitlab.com
gitlab.com/shadisharba/dae_umat_2scale_lsdyna,eaaaded21d802f2cde7d12c56359a8ab0c2c947d,BSD-3-Clause,permissive,license@eaaaded21d80 read and classified as BSD-3-Clause; GitLab detector says other,external_packages/ttb/libdiv.f,2655,,,no_umat_entry,"Fortran, but it declares no SUBROUTINE UMAT",gitlab search,,,gitlab.com
gitlab.com/shadisharba/dae_umat_2scale_lsdyna,eaaaded21d802f2cde7d12c56359a8ab0c2c947d,BSD-3-Clause,permissive,license@eaaaded21d80 read and classified as BSD-3-Clause; GitLab detector says other,external_packages/ttb/libdot.f,9041,,,no_umat_entry,"Fortran, but it declares no SUBROUTINE UMAT",gitlab search,,,gitlab.com
gitlab.com/shadisharba/dae_umat_2scale_lsdyna,eaaaded21d802f2cde7d12c56359a8ab0c2c947d,BSD-3-Clause,permissive,license@eaaaded21d80 read and classified as BSD-3-Clause; GitLab detector says other,external_packages/ttb/libdyadic.f,934,,,no_umat_entry,"Fortran, but it declares no SUBROUTINE UMAT",gitlab search,,,gitlab.com
gitlab.com/shadisharba/dae_umat_2scale_lsdyna,eaaaded21d802f2cde7d12c56359a8ab0c2c947d,BSD-3-Clause,permissive,license@eaaaded21d80 read and classified as BSD-3-Clause; GitLab detector says other,external_packages/ttb/libexp.f,1916,,,no_umat_entry,"Fortran, but it declares no SUBROUTINE UMAT",gitlab search,,,gitlab.com
gitlab.com/shadisharba/dae_umat_2scale_lsdyna,eaaaded21d802f2cde7d12c56359a8ab0c2c947d,BSD-3-Clause,permissive,license@eaaaded21d80 read and classified as BSD-3-Clause; GitLab detector says other,external_packages/ttb/libidentity.f,1897,,,no_umat_entry,"Fortran, but it declares no SUBROUTINE UMAT",gitlab search,,,gitlab.com
gitlab.com/shadisharba/dae_umat_2scale_lsdyna,eaaaded21d802f2cde7d12c56359a8ab0c2c947d,BSD-3-Clause,permissive,license@eaaaded21d80 read and classified as BSD-3-Clause; GitLab detector says other,external_packages/ttb/libinnercrossdyadic.f,2789,,,no_umat_entry,"Fortran, but it declares no SUBROUTINE UMAT",gitlab search,,,gitlab.com
gitlab.com/shadisharba/dae_umat_2scale_lsdyna,eaaaded21d802f2cde7d12c56359a8ab0c2c947d,BSD-3-Clause,permissive,license@eaaaded21d80 read and classified as BSD-3-Clause; GitLab detector says other,external_packages/ttb/libinv.f,3044,,,no_umat_entry,"Fortran, but it declares no SUBROUTINE UMAT",gitlab search,,,gitlab.com
gitlab.com/shadisharba/dae_umat_2scale_lsdyna,eaaaded21d802f2cde7d12c56359a8ab0c2c947d,BSD-3-Clause,permissive,license@eaaaded21d80 read and classified as BSD-3-Clause; GitLab detector says other,external_packages/ttb/libln.f,1311,,,no_umat_entry,"Fortran, but it declares no SUBROUTINE UMAT",gitlab search,,,gitlab.com
gitlab.com/shadisharba/dae_umat_2scale_lsdyna,eaaaded21d802f2cde7d12c56359a8ab0c2c947d,BSD-3-Clause,permissive,license@eaaaded21d80 read and classified as BSD-3-Clause; GitLab detector says other,external_packages/ttb/libnorm.f,593,,,no_umat_entry,"Fortran, but it declares no SUBROUTINE UMAT",gitlab search,,,gitlab.com
gitlab.com/shadisharba/dae_umat_2scale_lsdyna,eaaaded21d802f2cde7d12c56359a8ab0c2c947d,BSD-3-Clause,permissive,license@eaaaded21d80 read and classified as BSD-3-Clause; GitLab detector says other,external_packages/ttb/libpermute.f,2153,,,no_umat_entry,"Fortran, but it declares no SUBROUTINE UMAT",gitlab search,,,gitlab.com
gitlab.com/shadisharba/dae_umat_2scale_lsdyna,eaaaded21d802f2cde7d12c56359a8ab0c2c947d,BSD-3-Clause,permissive,license@eaaaded21d80 read and classified as BSD-3-Clause; GitLab detector says other,external_packages/ttb/libpiola.f,2283,,,no_umat_entry,"Fortran, but it declares no SUBROUTINE UMAT",gitlab search,,,gitlab.com
gitlab.com/shadisharba/dae_umat_2scale_lsdyna,eaaaded21d802f2cde7d12c56359a8ab0c2c947d,BSD-3-Clause,permissive,license@eaaaded21d80 read and classified as BSD-3-Clause; GitLab detector says other,external_packages/ttb/libpower.f,923,,,no_umat_entry,"Fortran, but it declares no SUBROUTINE UMAT",gitlab search,,,gitlab.com
gitlab.com/shadisharba/dae_umat_2scale_lsdyna,eaaaded21d802f2cde7d12c56359a8ab0c2c947d,BSD-3-Clause,permissive,license@eaaaded21d80 read and classified as BSD-3-Clause; GitLab detector says other,external_packages/ttb/libreducedim.f,573,,,no_umat_entry,"Fortran, but it declares no SUBROUTINE UMAT",gitlab search,,,gitlab.com
gitlab.com/shadisharba/dae_umat_2scale_lsdyna,eaaaded21d802f2cde7d12c56359a8ab0c2c947d,BSD-3-Clause,permissive,license@eaaaded21d80 read and classified as BSD-3-Clause; GitLab detector says other,external_packages/ttb/librotation.f,763,,,no_umat_entry,"Fortran, but it declares no SUBROUTINE UMAT",gitlab search,,,gitlab.com
gitlab.com/shadisharba/dae_umat_2scale_lsdyna,eaaaded21d802f2cde7d12c56359a8ab0c2c947d,BSD-3-Clause,permissive,license@eaaaded21d80 read and classified as BSD-3-Clause; GitLab detector says other,external_packages/ttb/libsqrt.f,2578,,,no_umat_entry,"Fortran, but it declares no SUBROUTINE UMAT",gitlab search,,,gitlab.com
gitlab.com/shadisharba/dae_umat_2scale_lsdyna,eaaaded21d802f2cde7d12c56359a8ab0c2c947d,BSD-3-Clause,permissive,license@eaaaded21d80 read and classified as BSD-3-Clause; GitLab detector says other,external_packages/ttb/libstrainstore.f,1076,,,no_umat_entry,"Fortran, but it declares no SUBROUTINE UMAT",gitlab search,,,gitlab.com
gitlab.com/shadisharba/dae_umat_2scale_lsdyna,eaaaded21d802f2cde7d12c56359a8ab0c2c947d,BSD-3-Clause,permissive,license@eaaaded21d80 read and classified as BSD-3-Clause; GitLab detector says other,external_packages/ttb/libsub.f,2145,,,no_umat_entry,"Fortran, but it declares no SUBROUTINE UMAT",gitlab search,,,gitlab.com
gitlab.com/shadisharba/dae_umat_2scale_lsdyna,eaaaded21d802f2cde7d12c56359a8ab0c2c947d,BSD-3-Clause,permissive,license@eaaaded21d80 read and classified as BSD-3-Clause; GitLab detector says other,external_packages/ttb/libsymstore.f,2926,,,no_umat_entry,"Fortran, but it declares no SUBROUTINE UMAT",gitlab search,,,gitlab.com
gitlab.com/shadisharba/dae_umat_2scale_lsdyna,eaaaded21d802f2cde7d12c56359a8ab0c2c947d,BSD-3-Clause,permissive,license@eaaaded21d80 read and classified as BSD-3-Clause; GitLab detector says other,external_packages/ttb/libtenstore.f,2026,,,no_umat_entry,"Fortran, but it declares no SUBROUTINE UMAT",gitlab search,,,gitlab.com
gitlab.com/shadisharba/dae_umat_2scale_lsdyna,eaaaded21d802f2cde7d12c56359a8ab0c2c947d,BSD-3-Clause,permissive,license@eaaaded21d80 read and classified as BSD-3-Clause; GitLab detector says other,external_packages/ttb/libtools.f,243,,,no_umat_entry,"Fortran, but it declares no SUBROUTINE UMAT",gitlab search,,,gitlab.com
gitlab.com/shadisharba/dae_umat_2scale_lsdyna,eaaaded21d802f2cde7d12c56359a8ab0c2c947d,BSD-3-Clause,permissive,license@eaaaded21d80 read and classified as BSD-3-Clause; GitLab detector says other,external_packages/ttb/libtrace.f,404,,,no_umat_entry,"Fortran, but it declares no SUBROUTINE UMAT",gitlab search,,,gitlab.com
gitlab.com/shadisharba/dae_umat_2scale_lsdyna,eaaaded21d802f2cde7d12c56359a8ab0c2c947d,BSD-3-Clause,permissive,license@eaaaded21d80 read and classified as BSD-3-Clause; GitLab detector says other,external_packages/ttb/libtransp.f,1027,,,no_umat_entry,"Fortran, but it declares no SUBROUTINE UMAT",gitlab search,,,gitlab.com
gitlab.com/shadisharba/dae_umat_2scale_lsdyna,eaaaded21d802f2cde7d12c56359a8ab0c2c947d,BSD-3-Clause,permissive,license@eaaaded21d80 read and classified as BSD-3-Clause; GitLab detector says other,external_packages/ttb/libunimodular.f,1261,,,no_umat_entry,"Fortran, but it declares no SUBROUTINE UMAT",gitlab search,,,gitlab.com
gitlab.com/shadisharba/dae_umat_2scale_lsdyna,eaaaded21d802f2cde7d12c56359a8ab0c2c947d,BSD-3-Clause,permissive,license@eaaaded21d80 read and classified as BSD-3-Clause; GitLab detector says other,external_packages/ttb/ttb_library.f,15661,,,no_umat_entry,"Fortran, but it declares no SUBROUTINE UMAT",gitlab search,,,gitlab.com
gitlab.com/shadisharba/dae_umat_2scale_lsdyna,eaaaded21d802f2cde7d12c56359a8ab0c2c947d,BSD-3-Clause,permissive,license@eaaaded21d80 read and classified as BSD-3-Clause; GitLab detector says other,mixed_languages/example_call_cpp.F90,226,,,no_umat_entry,"Fortran, but it declares no SUBROUTINE UMAT",gitlab search,,,gitlab.com
gitlab.com/shadisharba/dae_umat_2scale_lsdyna,eaaaded21d802f2cde7d12c56359a8ab0c2c947d,BSD-3-Clause,permissive,license@eaaaded21d80 read and classified as BSD-3-Clause; GitLab detector says other,mixed_languages/example_call_py.F90,134,,,no_umat_entry,"Fortran, but it declares no SUBROUTINE UMAT",gitlab search,,,gitlab.com
gitlab.com/shadisharba/dae_umat_2scale_lsdyna,eaaaded21d802f2cde7d12c56359a8ab0c2c947d,BSD-3-Clause,permissive,license@eaaaded21d80 read and classified as BSD-3-Clause; GitLab detector says other,rve/dae_rve_2d.f,931,,,no_umat_entry,"Fortran, but it declares no SUBROUTINE UMAT",gitlab search,,,gitlab.com
gitlab.com/shadisharba/dae_umat_2scale_lsdyna,eaaaded21d802f2cde7d12c56359a8ab0c2c947d,BSD-3-Clause,permissive,license@eaaaded21d80 read and classified as BSD-3-Clause; GitLab detector says other,rve/dae_rve_3d.f,954,,,no_umat_entry,"Fortran, but it declares no SUBROUTINE UMAT",gitlab search,,,gitlab.com
gitlab.com/shadisharba/dae_umat_2scale_lsdyna,eaaaded21d802f2cde7d12c56359a8ab0c2c947d,BSD-3-Clause,permissive,license@eaaaded21d80 read and classified as BSD-3-Clause; GitLab detector says other,rve/daeblk.f,1462,,,no_umat_entry,"Fortran, but it declares no SUBROUTINE UMAT",gitlab search,,,gitlab.com
gitlab.com/shadisharba/dae_umat_2scale_lsdyna,eaaaded21d802f2cde7d12c56359a8ab0c2c947d,BSD-3-Clause,permissive,license@eaaaded21d80 read and classified as BSD-3-Clause; GitLab detector says other,umat/umat_elastic_43_13.F90,4603,,,no_umat_entry,"Fortran, but it declares no SUBROUTINE UMAT",gitlab search,,,gitlab.com
gitlab.com/shadisharba/dae_umat_2scale_lsdyna,eaaaded21d802f2cde7d12c56359a8ab0c2c947d,BSD-3-Clause,permissive,license@eaaaded21d80 read and classified as BSD-3-Clause; GitLab detector says other,umat/umat_elastic_44_14.F90,10155,,,no_umat_entry,"Fortran, but it declares no SUBROUTINE UMAT",gitlab search,,,gitlab.com
gitlab.com/tbhartman/abqt,b6978851774fedce84217fb7c81e99bd28a76643,MIT,permissive,LICENSE.md@b6978851774f read and classified as MIT; GitLab detector says mit,,0,,,no_fortran,its tree lists no Fortran file and no file the search matched,gitlab search,,,gitlab.com
gitlab.com/vikramroy_barc/metplast_umat-generator,dbaf5a9f1b73d202f98372a45e523624deb7a750,MIT,permissive,LICENCE.md@dbaf5a9f1b73 read and classified as MIT; GitLab detector says mit,lib/umat/common/linear_algebra.f,13704,,,no_umat_entry,"Fortran, but it declares no SUBROUTINE UMAT",gitlab search,,,gitlab.com
gitlab.com/vikramroy_barc/metplast_umat-generator,dbaf5a9f1b73d202f98372a45e523624deb7a750,MIT,permissive,LICENCE.md@dbaf5a9f1b73 read and classified as MIT; GitLab detector says mit,lib/umat/common/utils.f,526,,,no_umat_entry,"Fortran, but it declares no SUBROUTINE UMAT",gitlab search,,,gitlab.com
gitlab.com/vikramroy_barc/metplast_umat-generator,dbaf5a9f1b73d202f98372a45e523624deb7a750,MIT,permissive,LICENCE.md@dbaf5a9f1b73 read and classified as MIT; GitLab detector says mit,lib/umat/common/voigt_to_natural.f,3586,,,no_umat_entry,"Fortran, but it declares no SUBROUTINE UMAT",gitlab search,,,gitlab.com
gitlab.com/vikramroy_barc/metplast_umat-generator,dbaf5a9f1b73d202f98372a45e523624deb7a750,MIT,permissive,LICENCE.md@dbaf5a9f1b73 read and classified as MIT; GitLab detector says mit,lib/umat/elasticity/isotropic.f,5812,,,no_umat_entry,"Fortran, but it declares no SUBROUTINE UMAT",gitlab search,,,gitlab.com
gitlab.com/vikramroy_barc/metplast_umat-generator,dbaf5a9f1b73d202f98372a45e523624deb7a750,MIT,permissive,LICENCE.md@dbaf5a9f1b73 read and classified as MIT; GitLab detector says mit,lib/umat/equivalent_stress/mises.f,0,,,no_umat_entry,"Fortran, but it declares no SUBROUTINE UMAT",gitlab search,,,gitlab.com
gitlab.com/vikramroy_barc/metplast_umat-generator,dbaf5a9f1b73d202f98372a45e523624deb7a750,MIT,permissive,LICENCE.md@dbaf5a9f1b73 read and classified as MIT; GitLab detector says mit,lib/umat/equivalent_stress/tresca.f,0,,,no_umat_entry,"Fortran, but it declares no SUBROUTINE UMAT",gitlab search,,,gitlab.com
gitlab.com/vikramroy_barc/metplast_umat-generator,dbaf5a9f1b73d202f98372a45e523624deb7a750,MIT,permissive,LICENCE.md@dbaf5a9f1b73 read and classified as MIT; GitLab detector says mit,lib/umat/equivalent_stress/yld2004.f,30002,,,no_umat_entry,"Fortran, but it declares no SUBROUTINE UMAT",gitlab search,,,gitlab.com
gitlab.com/vikramroy_barc/metplast_umat-generator,dbaf5a9f1b73d202f98372a45e523624deb7a750,MIT,permissive,LICENCE.md@dbaf5a9f1b73 read and classified as MIT; GitLab detector says mit,lib/umat/hardening_type/chaboche.f,0,,,no_umat_entry,"Fortran, but it declares no SUBROUTINE UMAT",gitlab search,,,gitlab.com
gitlab.com/vikramroy_barc/metplast_umat-generator,dbaf5a9f1b73d202f98372a45e523624deb7a750,MIT,permissive,LICENCE.md@dbaf5a9f1b73 read and classified as MIT; GitLab detector says mit,lib/umat/hardening_type/hexah.f,0,,,no_umat_entry,"Fortran, but it declares no SUBROUTINE UMAT",gitlab search,,,gitlab.com
gitlab.com/vikramroy_barc/metplast_umat-generator,dbaf5a9f1b73d202f98372a45e523624deb7a750,MIT,permissive,LICENCE.md@dbaf5a9f1b73 read and classified as MIT; GitLab detector says mit,lib/umat/hardening_type/isotropic.f,14774,,,no_umat_entry,"Fortran, but it declares no SUBROUTINE UMAT",gitlab search,,,gitlab.com
gitlab.com/vikramroy_barc/metplast_umat-generator,dbaf5a9f1b73d202f98372a45e523624deb7a750,MIT,permissive,LICENCE.md@dbaf5a9f1b73 read and classified as MIT; GitLab detector says mit,lib/umat/hardening_type/yoshida-uemori.f,0,,,no_umat_entry,"Fortran, but it declares no SUBROUTINE UMAT",gitlab search,,,gitlab.com
gitlab.com/vikramroy_barc/metplast_umat-generator,dbaf5a9f1b73d202f98372a45e523624deb7a750,MIT,permissive,LICENCE.md@dbaf5a9f1b73 read and classified as MIT; GitLab detector says mit,lib/umat/reference_stress/power.f,0,,,no_umat_entry,"Fortran, but it declares no SUBROUTINE UMAT",gitlab search,,,gitlab.com
gitlab.com/vikramroy_barc/metplast_umat-generator,dbaf5a9f1b73d202f98372a45e523624deb7a750,MIT,permissive,LICENCE.md@dbaf5a9f1b73 read and classified as MIT; GitLab detector says mit,lib/umat/reference_stress/swift.f,0,,,no_umat_entry,"Fortran, but it declares no SUBROUTINE UMAT",gitlab search,,,gitlab.com
gitlab.com/vikramroy_barc/metplast_umat-generator,dbaf5a9f1b73d202f98372a45e523624deb7a750,MIT,permissive,LICENCE.md@dbaf5a9f1b73 read and classified as MIT; GitLab detector says mit,lib/umat/reference_stress/voce.f,2611,,,no_umat_entry,"Fortran, but it declares no SUBROUTINE UMAT",gitlab search,,,gitlab.com
gitlab.com/vikramroy_barc/metplast_umat-generator,dbaf5a9f1b73d202f98372a45e523624deb7a750,MIT,permissive,LICENCE.md@dbaf5a9f1b73 read and classified as MIT; GitLab detector says mit,lib/umat/umat_base.f,15262,30be393c547746fa2b6a816655fa7412486eca86f7e80f7e563d102ea6375866,c28cd15972d8dfb993a5bfc92eda3c849a727b706a8855e365f3c57935772ff0,candidate,"distinct, licensed MIT (permissive), declares a UMAT entry point; not yet transformed or verified",gitlab search,gitlab.com__vikramroy_barc__metplast_umat-generator/lib/umat/umat_base.f,examples/tension.inp,gitlab.com
zenodo.org/records/3956253,,CC-BY-4.0,,Zenodo record metadata license.id='cc-by-4.0',,0,,,licence_incompatible,"cc-by-4.0 (CC-BY-4.0) is outside D-2's list; recorded, not fetched; licence: {'id': 'cc-by-4.0'}",umat,,,zenodo.org
zenodo.org/records/21297173,,,,,,0,,,own_repository,"a release of the project being validated, not external evidence",umat,,,zenodo.org
zenodo.org/records/6418265,,CC-BY-4.0,,Zenodo record metadata license.id='cc-by-4.0',,0,,,licence_incompatible,"cc-by-4.0 (CC-BY-4.0) is outside D-2's list; recorded, not fetched; licence: {'id': 'cc-by-4.0'}",umat,,,zenodo.org
zenodo.org/records/4448436,,CC-BY-4.0,,Zenodo record metadata license.id='cc-by-4.0',,0,,,licence_incompatible,"cc-by-4.0 (CC-BY-4.0) is outside D-2's list; recorded, not fetched; licence: {'id': 'cc-by-4.0'}",umat,,,zenodo.org
zenodo.org/records/4765738,,other-open,,Zenodo record metadata license.id='other-open',,0,,,licence_incompatible,"other-open (unmapped) is outside D-2's list; recorded, not fetched; licence: {'id': 'other-open'}",umat,,,zenodo.org
zenodo.org/records/14884067,,CC-BY-4.0,,Zenodo record metadata license.id='cc-by-4.0',,0,,,licence_incompatible,"cc-by-4.0 (CC-BY-4.0) is outside D-2's list; recorded, not fetched; licence: {'id': 'cc-by-4.0'}",umat,,,zenodo.org
zenodo.org/records/7311670,,other-open,,Zenodo record metadata license.id='other-open',,0,,,licence_incompatible,"other-open (unmapped) is outside D-2's list; recorded, not fetched; licence: {'id': 'other-open'}",umat,,,zenodo.org
zenodo.org/records/14801489,record 14801489 (10.5281/zenodo.14801489); thealanjason/umat_finite_viscoelasticity-v1.0.1.zip md5:ae9b2ff888a48647c52621b88455fa4c,MIT,permissive,Zenodo record metadata license.id='mit-license'; archive thealanjason-umat_finite_viscoelasticity-847803d/LICENSE read as MIT,thealanjason/umat_finite_viscoelasticity-v1.0.1.zip!/thealanjason-umat_finite_viscoelasticity-847803d/UMAT/VISC_OGDEN_1EL.for,39486,2ee65682829f66b7a807bca2a61d9c07f0def22db82ce6e97fa32b0719dbfed8,033c0ec54f48d4f1cee50c49a95a6b1a95954bc7f7783f9d321116c27bcb997f,already_known,the same implementation as discovery_cache/thealanjason__umat_finite_viscoelasticity/UMAT/VISC_OGDEN_1EL.for,umat,,,zenodo.org
zenodo.org/records/14801489,record 14801489 (10.5281/zenodo.14801489); thealanjason/umat_finite_viscoelasticity-v1.0.1.zip md5:ae9b2ff888a48647c52621b88455fa4c,MIT,permissive,Zenodo record metadata license.id='mit-license'; archive thealanjason-umat_finite_viscoelasticity-847803d/LICENSE read as MIT,thealanjason/umat_finite_viscoelasticity-v1.0.1.zip!/thealanjason-umat_finite_viscoelasticity-847803d/UMAT/VISC_OGDEN_2EL.for,58551,040907490925a4f80abbf0e75bca4986861bd8ff264c36dbf703fad51ff216ad,04cb1b8180c060d2b00ecf008c3ce21594a4cc878eccec37d780ddc73970aeea,already_known,the same implementation as discovery_cache/thealanjason__umat_finite_viscoelasticity/UMAT/VISC_OGDEN_2EL.for,umat,,,zenodo.org
zenodo.org/records/14801489,record 14801489 (10.5281/zenodo.14801489); thealanjason/umat_finite_viscoelasticity-v1.0.1.zip md5:ae9b2ff888a48647c52621b88455fa4c,MIT,permissive,Zenodo record metadata license.id='mit-license'; archive thealanjason-umat_finite_viscoelasticity-847803d/LICENSE read as MIT,thealanjason/umat_finite_viscoelasticity-v1.0.1.zip!/thealanjason-umat_finite_viscoelasticity-847803d/UMAT/VISC_OGDEN_3EL.for,77495,b22ce06a48a70528e32798de06ad2c368cef5c065cb8b175601d70585bda2162,e0f58033028c573fb181a8d6640899695ceea3700bb4b68c73d2b0c2d9747878,already_known,the same implementation as discovery_cache/thealanjason__umat_finite_viscoelasticity/UMAT/VISC_OGDEN_3EL.for,umat,,,zenodo.org
zenodo.org/records/14801489,record 14801489 (10.5281/zenodo.14801489); thealanjason/umat_finite_viscoelasticity-v1.0.1.zip md5:ae9b2ff888a48647c52621b88455fa4c,MIT,permissive,Zenodo record metadata license.id='mit-license'; archive thealanjason-umat_finite_viscoelasticity-847803d/LICENSE read as MIT,thealanjason/umat_finite_viscoelasticity-v1.0.1.zip!/thealanjason-umat_finite_viscoelasticity-847803d/report/chapters/VISC_OGDEN_2EL.for,58862,73987cb0bbed5f997e7651a5697d75c2afb198ccff7fe70deb36a210ad687332,a4757867c863567e5df39c83f44380f4f77ab3fd960f8d7a5cba78d8d53fd272,already_known,the same implementation as discovery_cache/thealanjason__umat_finite_viscoelasticity/report/chapters/VISC_OGDEN_2EL.for,umat,,,zenodo.org
zenodo.org/records/14801489,record 14801489 (10.5281/zenodo.14801489); thealanjason/umat_finite_viscoelasticity-v1.0.1.zip md5:ae9b2ff888a48647c52621b88455fa4c,MIT,permissive,Zenodo record metadata license.id='mit-license'; archive thealanjason-umat_finite_viscoelasticity-847803d/LICENSE read as MIT,thealanjason/umat_finite_viscoelasticity-v1.0.1.zip!/thealanjason-umat_finite_viscoelasticity-847803d/simulation_input_files/VISC_OGDEN_1EL.for,39776,265dde6a7f0c6e66cc44edf2c156141537a4b28b367986dae69c329ebb4e6f40,4169b799b871de98faafb3979728dc92672eefb99ed7ab94f4f292a9e5cff5bd,already_known,the same implementation as discovery_cache/thealanjason__umat_finite_viscoelasticity/simulation_input_files/VISC_OGDEN_1EL.for,umat,,,zenodo.org
zenodo.org/records/14801489,record 14801489 (10.5281/zenodo.14801489); thealanjason/umat_finite_viscoelasticity-v1.0.1.zip md5:ae9b2ff888a48647c52621b88455fa4c,MIT,permissive,Zenodo record metadata license.id='mit-license'; archive thealanjason-umat_finite_viscoelasticity-847803d/LICENSE read as MIT,thealanjason/umat_finite_viscoelasticity-v1.0.1.zip!/thealanjason-umat_finite_viscoelasticity-847803d/simulation_input_files/VISC_OGDEN_2EL.for,58834,c2f525aa58394432cb5adf95c555b5bd9123e891068e9484db4e16d15e2fa1f9,a5a6a5373ed4d953e084b41e25056c964dde018e989854a6035e252cb646290e,already_known,the same implementation as discovery_cache/thealanjason__umat_finite_viscoelasticity/simulation_input_files/VISC_OGDEN_2EL.for,umat,,,zenodo.org
zenodo.org/records/14801489,record 14801489 (10.5281/zenodo.14801489); thealanjason/umat_finite_viscoelasticity-v1.0.1.zip md5:ae9b2ff888a48647c52621b88455fa4c,MIT,permissive,Zenodo record metadata license.id='mit-license'; archive thealanjason-umat_finite_viscoelasticity-847803d/LICENSE read as MIT,thealanjason/umat_finite_viscoelasticity-v1.0.1.zip!/thealanjason-umat_finite_viscoelasticity-847803d/simulation_input_files/VISC_OGDEN_3EL.for,77771,b0171398af73d8d6bc1843879e650a702809ef6621a09c85954e98936e605f9e,e0c19ffdada894012bab8415a5e371c70099236f83584a84e0aca687156f3c61,already_known,the same implementation as discovery_cache/thealanjason__umat_finite_viscoelasticity/simulation_input_files/VISC_OGDEN_3EL.for,umat,,,zenodo.org
zenodo.org/records/15754028,,CC-BY-4.0,,Zenodo record metadata license.id='cc-by-4.0',,0,,,licence_incompatible,"cc-by-4.0 (CC-BY-4.0) is outside D-2's list; recorded, not fetched; licence: {'id': 'cc-by-4.0'}",umat,,,zenodo.org
zenodo.org/records/16925553,,CC-BY-4.0,,Zenodo record metadata license.id='cc-by-4.0',,0,,,licence_incompatible,"cc-by-4.0 (CC-BY-4.0) is outside D-2's list; recorded, not fetched; licence: {'id': 'cc-by-4.0'}",umat,,,zenodo.org
zenodo.org/records/17441970,,CC-BY-4.0,,Zenodo record metadata license.id='cc-by-4.0',,0,,,licence_incompatible,"cc-by-4.0 (CC-BY-4.0) is outside D-2's list; recorded, not fetched; licence: {'id': 'cc-by-4.0'}",umat,,,zenodo.org
zenodo.org/records/13135990,,CC-BY-4.0,,Zenodo record metadata license.id='cc-by-4.0',,0,,,licence_incompatible,"cc-by-4.0 (CC-BY-4.0) is outside D-2's list; recorded, not fetched; licence: {'id': 'cc-by-4.0'}",umat,,,zenodo.org
zenodo.org/records/16742052,,CC-BY-4.0,,Zenodo record metadata license.id='cc-by-4.0',,0,,,licence_incompatible,"cc-by-4.0 (CC-BY-4.0) is outside D-2's list; recorded, not fetched; licence: {'id': 'cc-by-4.0'}",umat,,,zenodo.org
zenodo.org/records/1636663,record 1636663 (10.5281/zenodo.1636663); phhannequart/UMAT_sma_hannequart-v1.0.0.zip md5:21014162e410045c45d681a39293f0ad,MIT,permissive,Zenodo record metadata license.id='mit-license'; archive phhannequart-UMAT_sma_hannequart-bb9d529/LICENSE read as MIT,phhannequart/UMAT_sma_hannequart-v1.0.0.zip!/phhannequart-UMAT_sma_hannequart-bb9d529/UMAT_sma_hannequart.for,11210,8f37de99c792c207e5522c20a297c5866980091544d0d859b7b8c7c43cbf5b13,362b5212050da8891947932f81661d9e239668712415da701472456ec8783f24,already_known,the same implementation as discovery_cache/phhannequart__UMAT_sma_hannequart/UMAT_sma_hannequart.for,umat,,,zenodo.org
zenodo.org/records/3906900,,other-open,,Zenodo record metadata license.id='other-open',,0,,,licence_incompatible,"other-open (unmapped) is outside D-2's list; recorded, not fetched; licence: {'id': 'other-open'}",umat,,,zenodo.org
zenodo.org/records/18522059,,CC-BY-4.0,,Zenodo record metadata license.id='cc-by-4.0',,0,,,licence_incompatible,"cc-by-4.0 (CC-BY-4.0) is outside D-2's list; recorded, not fetched; licence: {'id': 'cc-by-4.0'}",umat,,,zenodo.org
zenodo.org/records/14556939,,CC-BY-4.0,,Zenodo record metadata license.id='cc-by-4.0',,0,,,licence_incompatible,"cc-by-4.0 (CC-BY-4.0) is outside D-2's list; recorded, not fetched; licence: {'id': 'cc-by-4.0'}",umat,,,zenodo.org
zenodo.org/records/7556659,,CC-BY-4.0,,Zenodo record metadata license.id='cc-by-4.0',,0,,,licence_incompatible,"cc-by-4.0 (CC-BY-4.0) is outside D-2's list; recorded, not fetched; licence: {'id': 'cc-by-4.0'}",umat,,,zenodo.org
zenodo.org/records/22767430,,CC-BY-4.0,,Zenodo record metadata license.id='cc-by-4.0',,0,,,licence_incompatible,"cc-by-4.0 (CC-BY-4.0) is outside D-2's list; recorded, not fetched; licence: {'id': 'cc-by-4.0'}","""abaqus"" ""umat""",,,zenodo.org
zenodo.org/records/4588578,,CC-BY-4.0,,Zenodo record metadata license.id='cc-by-4.0',,0,,,licence_incompatible,"cc-by-4.0 (CC-BY-4.0) is outside D-2's list; recorded, not fetched; licence: {'id': 'cc-by-4.0'}","""abaqus"" ""umat""",,,zenodo.org
zenodo.org/records/14336053,,CC-BY-4.0,,Zenodo record metadata license.id='cc-by-4.0',,0,,,licence_incompatible,"cc-by-4.0 (CC-BY-4.0) is outside D-2's list; recorded, not fetched; licence: {'id': 'cc-by-4.0'}","""abaqus"" ""umat""",,,zenodo.org
zenodo.org/records/7025830,,CC-BY-4.0,,Zenodo record metadata license.id='cc-by-4.0',,0,,,licence_incompatible,"cc-by-4.0 (CC-BY-4.0) is outside D-2's list; recorded, not fetched; licence: {'id': 'cc-by-4.0'}","""abaqus"" ""umat""",,,zenodo.org
zenodo.org/records/3368644,,other-open,,Zenodo record metadata license.id='other-open',,0,,,licence_incompatible,"other-open (unmapped) is outside D-2's list; recorded, not fetched; licence: {'id': 'other-open'}","""abaqus"" ""umat""",,,zenodo.org
zenodo.org/records/3387498,,CC-BY-4.0,,Zenodo record metadata license.id='cc-by-4.0',,0,,,licence_incompatible,"cc-by-4.0 (CC-BY-4.0) is outside D-2's list; recorded, not fetched; licence: {'id': 'cc-by-4.0'}","""abaqus"" ""umat""",,,zenodo.org
zenodo.org/records/21453420,,CC-BY-4.0,,Zenodo record metadata license.id='cc-by-4.0',,0,,,licence_incompatible,"cc-by-4.0 (CC-BY-4.0) is outside D-2's list; recorded, not fetched; licence: {'id': 'cc-by-4.0'}","""abaqus"" ""umat""",,,zenodo.org
zenodo.org/records/7263943,,CC-BY-4.0,,Zenodo record metadata license.id='cc-by-4.0',,0,,,licence_incompatible,"cc-by-4.0 (CC-BY-4.0) is outside D-2's list; recorded, not fetched; licence: {'id': 'cc-by-4.0'}","""abaqus"" ""umat""",,,zenodo.org
zenodo.org/records/13859635,,CC-BY-4.0,,Zenodo record metadata license.id='cc-by-4.0',,0,,,licence_incompatible,"cc-by-4.0 (CC-BY-4.0) is outside D-2's list; recorded, not fetched; licence: {'id': 'cc-by-4.0'}","""abaqus"" ""umat""",,,zenodo.org
zenodo.org/records/3956379,,BSD-unspecified,,Zenodo record metadata license.id='bsd-license',,0,,,licence_incompatible,"bsd-license (BSD-unspecified) is outside D-2's list; recorded, not fetched; licence: {'id': 'bsd-license'}","""abaqus"" ""umat""",,,zenodo.org
zenodo.org/records/21825553,,CC-BY-4.0,,Zenodo record metadata license.id='cc-by-4.0',,0,,,licence_incompatible,"cc-by-4.0 (CC-BY-4.0) is outside D-2's list; recorded, not fetched; licence: {'id': 'cc-by-4.0'}","""abaqus"" ""umat""",,,zenodo.org
zenodo.org/records/20173476,,CC-BY-4.0,,Zenodo record metadata license.id='cc-by-4.0',,0,,,licence_incompatible,"cc-by-4.0 (CC-BY-4.0) is outside D-2's list; recorded, not fetched; licence: {'id': 'cc-by-4.0'}","""abaqus"" ""umat""",,,zenodo.org
zenodo.org/records/11215475,,CC-BY-4.0,,Zenodo record metadata license.id='cc-by-4.0',,0,,,licence_incompatible,"cc-by-4.0 (CC-BY-4.0) is outside D-2's list; recorded, not fetched; licence: {'id': 'cc-by-4.0'}","""abaqus"" ""umat""",,,zenodo.org
zenodo.org/records/4498843,,other-open,,Zenodo record metadata license.id='other-open',,0,,,licence_incompatible,"other-open (unmapped) is outside D-2's list; recorded, not fetched; licence: {'id': 'other-open'}","""abaqus"" ""umat""",,,zenodo.org
zenodo.org/records/19450418,,CC-BY-4.0,,Zenodo record metadata license.id='cc-by-4.0',,0,,,licence_incompatible,"cc-by-4.0 (CC-BY-4.0) is outside D-2's list; recorded, not fetched; licence: {'id': 'cc-by-4.0'}","""abaqus"" ""umat""",,,zenodo.org
zenodo.org/records/12771586,,,,Zenodo record declares no licence,,0,,,licence_absent,the record declares no licence; nothing fetched,"""abaqus"" ""umat""",,,zenodo.org
zenodo.org/records/7759685,,other-open,,Zenodo record metadata license.id='other-open',,0,,,licence_incompatible,"other-open (unmapped) is outside D-2's list; recorded, not fetched; licence: {'id': 'other-open'}","""abaqus"" ""umat""",,,zenodo.org
zenodo.org/records/4506587,,other-open,,Zenodo record metadata license.id='other-open',,0,,,licence_incompatible,"other-open (unmapped) is outside D-2's list; recorded, not fetched; licence: {'id': 'other-open'}","""abaqus"" ""umat""",,,zenodo.org
zenodo.org/records/1467342,,other-open,,Zenodo record metadata license.id='other-open',,0,,,licence_incompatible,"other-open (unmapped) is outside D-2's list; recorded, not fetched; licence: {'id': 'other-open'}","""abaqus"" ""umat""",,,zenodo.org
zenodo.org/records/14710993,record 14710993 (10.5281/zenodo.14710993); Paraqus-1.0.5.zip md5:5b97e78f6ede38b5047af32084afec9a,GPL-3.0-or-later,copyleft,Zenodo record metadata license.id='gpl-3.0-or-later'; archive Paraqus-1.0.5/LICENSE read as GPL-3.0,Paraqus-1.0.5.zip!/Paraqus-1.0.5/examples/example_abaqus_extrusion_umat.f,32622,b887b2f4cf9638a7c494f5a9d9aa95a118d1ff321e5bedfa24ea8712b482197e,7ce257275034d964ba005dafefeb0ed4c7b5f9725e616558e5af30c96db1343a,already_known,the same implementation as discovery_cache/InstituteOfMechanics__Paraqus/examples/example_abaqus_extrusion_umat.f,"""abaqus"" ""umat""",,,zenodo.org
zenodo.org/records/20601,,GPL-2.0,,Zenodo record metadata license.id='gpl-2.0',,0,,,licence_incompatible,"gpl-2.0 (GPL-2.0) is outside D-2's list; recorded, not fetched; licence: {'id': 'gpl-2.0'}","""abaqus"" ""umat""",,,zenodo.org
zenodo.org/records/19596143,record 19596143 (10.5281/zenodo.19596143); micofam-1.1.0.post1.zip md5:81b2e04e9dad2bf76ece8b183017e96e,MIT,permissive,Zenodo record metadata license.id='mit-license',micofam-1.1.0.post1.zip,0,,,licence_metadata_only,metadata says MIT but the archive's licence file(s) ['LICENSE'] give None; D-2 needs a licence FILE; nothing cached,"""abaqus"" ""umat""",,,zenodo.org
zenodo.org/records/10700737,,CC-BY-4.0,,Zenodo record metadata license.id='cc-by-4.0',,0,,,licence_incompatible,"cc-by-4.0 (CC-BY-4.0) is outside D-2's list; recorded, not fetched; licence: {'id': 'cc-by-4.0'}","""abaqus"" ""umat""",,,zenodo.org
zenodo.org/records/7306040,,CC-BY-4.0,,Zenodo record metadata license.id='cc-by-4.0',,0,,,licence_incompatible,"cc-by-4.0 (CC-BY-4.0) is outside D-2's list; recorded, not fetched; licence: {'id': 'cc-by-4.0'}","""abaqus"" ""umat""",,,zenodo.org
zenodo.org/records/3997050,,CC-BY-4.0,,Zenodo record metadata license.id='cc-by-4.0',,0,,,licence_incompatible,"cc-by-4.0 (CC-BY-4.0) is outside D-2's list; recorded, not fetched; licence: {'id': 'cc-by-4.0'}","""abaqus"" ""umat""",,,zenodo.org
zenodo.org/records/21338532,,CC-BY-4.0,,Zenodo record metadata license.id='cc-by-4.0',,0,,,licence_incompatible,"cc-by-4.0 (CC-BY-4.0) is outside D-2's list; recorded, not fetched; licence: {'id': 'cc-by-4.0'}","""abaqus"" ""umat""",,,zenodo.org
zenodo.org/records/3546010,,other-open,,Zenodo record metadata license.id='other-open',,0,,,licence_incompatible,"other-open (unmapped) is outside D-2's list; recorded, not fetched; licence: {'id': 'other-open'}","""abaqus"" ""umat""",,,zenodo.org
zenodo.org/records/10967359,,CC-BY-4.0,,Zenodo record metadata license.id='cc-by-4.0',,0,,,licence_incompatible,"cc-by-4.0 (CC-BY-4.0) is outside D-2's list; recorded, not fetched; licence: {'id': 'cc-by-4.0'}","""abaqus"" ""umat""",,,zenodo.org
zenodo.org/records/18611076,,CC-BY-4.0,,Zenodo record metadata license.id='cc-by-4.0',,0,,,licence_incompatible,"cc-by-4.0 (CC-BY-4.0) is outside D-2's list; recorded, not fetched; licence: {'id': 'cc-by-4.0'}","""abaqus"" ""umat""",,,zenodo.org
zenodo.org/records/10472485,,CC-BY-4.0,,Zenodo record metadata license.id='cc-by-4.0',,0,,,licence_incompatible,"cc-by-4.0 (CC-BY-4.0) is outside D-2's list; recorded, not fetched; licence: {'id': 'cc-by-4.0'}","""abaqus"" ""umat""",,,zenodo.org
zenodo.org/records/3611633,record 3611633 (10.5281/zenodo.3611633); Computational-analysis-diverticulosis_dataset - v2.zip md5:2a70d9ad8a647fd62f0ae7b71e29215c,MIT,permissive,Zenodo record metadata license.id='mit-license',Computational-analysis-diverticulosis_dataset - v2.zip,0,,,licence_metadata_only,metadata says MIT but the archive's licence file(s) are absent give None; D-2 needs a licence FILE; nothing cached,"""abaqus"" ""umat""",,,zenodo.org
zenodo.org/records/5895296,,other-open,,Zenodo record metadata license.id='other-open',,0,,,licence_incompatible,"other-open (unmapped) is outside D-2's list; recorded, not fetched; licence: {'id': 'other-open'}","""abaqus"" ""umat""",,,zenodo.org
zenodo.org/records/3665452,,other-open,,Zenodo record metadata license.id='other-open',,0,,,licence_incompatible,"other-open (unmapped) is outside D-2's list; recorded, not fetched; licence: {'id': 'other-open'}","""abaqus"" ""umat""",,,zenodo.org
zenodo.org/records/15109923,,CC0-1.0,,Zenodo record metadata license.id='cc-zero',,0,,,licence_incompatible,"cc-zero (CC0-1.0) is outside D-2's list; recorded, not fetched; licence: {'id': 'cc-zero'}","""abaqus"" ""umat""",,,zenodo.org
zenodo.org/records/17252978,,CC-BY-4.0,,Zenodo record metadata license.id='cc-by-4.0',,0,,,licence_incompatible,"cc-by-4.0 (CC-BY-4.0) is outside D-2's list; recorded, not fetched; licence: {'id': 'cc-by-4.0'}","""abaqus"" ""umat""",,,zenodo.org
zenodo.org/records/19426053,,CC-BY-4.0,,Zenodo record metadata license.id='cc-by-4.0',,0,,,licence_incompatible,"cc-by-4.0 (CC-BY-4.0) is outside D-2's list; recorded, not fetched; licence: {'id': 'cc-by-4.0'}","""abaqus"" ""umat""",,,zenodo.org
zenodo.org/records/12771548,,,,Zenodo record declares no licence,,0,,,licence_absent,the record declares no licence; nothing fetched,"""abaqus"" ""umat""",,,zenodo.org
zenodo.org/records/7652653,,CC-BY-4.0,,Zenodo record metadata license.id='cc-by-4.0',,0,,,licence_incompatible,"cc-by-4.0 (CC-BY-4.0) is outside D-2's list; recorded, not fetched; licence: {'id': 'cc-by-4.0'}","""abaqus"" ""umat""",,,zenodo.org
zenodo.org/records/5897863,,other-open,,Zenodo record metadata license.id='other-open',,0,,,licence_incompatible,"other-open (unmapped) is outside D-2's list; recorded, not fetched; licence: {'id': 'other-open'}","""abaqus"" ""umat""",,,zenodo.org
zenodo.org/records/8470,,CC-BY-4.0,,Zenodo record metadata license.id='cc-by-4.0',,0,,,licence_incompatible,"cc-by-4.0 (CC-BY-4.0) is outside D-2's list; recorded, not fetched; licence: {'id': 'cc-by-4.0'}","""abaqus"" ""umat""",,,zenodo.org
zenodo.org/records/19382693,,CC-BY-4.0,,Zenodo record metadata license.id='cc-by-4.0',,0,,,licence_incompatible,"cc-by-4.0 (CC-BY-4.0) is outside D-2's list; recorded, not fetched; licence: {'id': 'cc-by-4.0'}","""abaqus"" ""umat""",,,zenodo.org
zenodo.org/records/11184080,,CC-BY-SA-4.0,,Zenodo record metadata license.id='cc-by-sa-4.0',,0,,,licence_incompatible,"cc-by-sa-4.0 (CC-BY-SA-4.0) is outside D-2's list; recorded, not fetched; licence: {'id': 'cc-by-sa-4.0'}","""abaqus"" ""umat""",,,zenodo.org
zenodo.org/records/11183876,,CC-BY-SA-4.0,,Zenodo record metadata license.id='cc-by-sa-4.0',,0,,,licence_incompatible,"cc-by-sa-4.0 (CC-BY-SA-4.0) is outside D-2's list; recorded, not fetched; licence: {'id': 'cc-by-sa-4.0'}","""abaqus"" ""umat""",,,zenodo.org
zenodo.org/records/3235286,record 3235286 (10.5281/zenodo.3235286); gibbonCode/GIBBON-v3.5.0.zip md5:c969bc8f157d819e13f41c06d2c2aa1e,GPL-3.0-or-later,copyleft,Zenodo record metadata license.id='gpl-3.0-or-later',gibbonCode/GIBBON-v3.5.0.zip,0,,,not_examined,513905788 bytes exceeds the 300000000 cap,"""abaqus"" ""umat""",,,zenodo.org
zenodo.org/records/16660,,GPL-2.0,,Zenodo record metadata license.id='gpl-2.0',,0,,,licence_incompatible,"gpl-2.0 (GPL-2.0) is outside D-2's list; recorded, not fetched; licence: {'id': 'gpl-2.0'}","""abaqus"" ""umat""",,,zenodo.org
zenodo.org/records/14887805,,CC-BY-4.0,,Zenodo record metadata license.id='cc-by-4.0',,0,,,licence_incompatible,"cc-by-4.0 (CC-BY-4.0) is outside D-2's list; recorded, not fetched; licence: {'id': 'cc-by-4.0'}","""abaqus"" ""umat""",,,zenodo.org
zenodo.org/records/896621,,other-open,,Zenodo record metadata license.id='other-open',,0,,,licence_incompatible,"other-open (unmapped) is outside D-2's list; recorded, not fetched; licence: {'id': 'other-open'}","""abaqus"" ""umat""",,,zenodo.org
zenodo.org/records/11183787,,CC-BY-SA-4.0,,Zenodo record metadata license.id='cc-by-sa-4.0',,0,,,licence_incompatible,"cc-by-sa-4.0 (CC-BY-SA-4.0) is outside D-2's list; recorded, not fetched; licence: {'id': 'cc-by-sa-4.0'}","""abaqus"" ""umat""",,,zenodo.org
zenodo.org/records/15052983,,CC-BY-4.0,,Zenodo record metadata license.id='cc-by-4.0',,0,,,licence_incompatible,"cc-by-4.0 (CC-BY-4.0) is outside D-2's list; recorded, not fetched; licence: {'id': 'cc-by-4.0'}","""user material"" abaqus",,,zenodo.org
zenodo.org/records/15592969,record 15592969 (10.5281/zenodo.15592969); tankoh2-2.7.0.zip md5:da7a3c225cf81bd34d77acc6dcb356f7,MIT,permissive,Zenodo record metadata license.id='mit-license',tankoh2-2.7.0.zip,0,,,licence_metadata_only,metadata says MIT but the archive's licence file(s) ['tankoh2-2.7.0/LICENSE.md'] give None; D-2 needs a licence FILE; nothing cached,"""user material"" abaqus",,,zenodo.org
zenodo.org/records/11184050,,CC-BY-SA-4.0,,Zenodo record metadata license.id='cc-by-sa-4.0',,0,,,licence_incompatible,"cc-by-sa-4.0 (CC-BY-SA-4.0) is outside D-2's list; recorded, not fetched; licence: {'id': 'cc-by-sa-4.0'}","""user material"" abaqus",,,zenodo.org
zenodo.org/records/11183969,,CC-BY-SA-4.0,,Zenodo record metadata license.id='cc-by-sa-4.0',,0,,,licence_incompatible,"cc-by-sa-4.0 (CC-BY-SA-4.0) is outside D-2's list; recorded, not fetched; licence: {'id': 'cc-by-sa-4.0'}","""user material"" abaqus",,,zenodo.org
zenodo.org/records/8372127,,CC-BY-4.0,,Zenodo record metadata license.id='cc-by-4.0',,0,,,licence_incompatible,"cc-by-4.0 (CC-BY-4.0) is outside D-2's list; recorded, not fetched; licence: {'id': 'cc-by-4.0'}","""user material"" abaqus",,,zenodo.org
zenodo.org/records/18200371,,CC-BY-4.0,,Zenodo record metadata license.id='cc-by-4.0',,0,,,licence_incompatible,"cc-by-4.0 (CC-BY-4.0) is outside D-2's list; recorded, not fetched; licence: {'id': 'cc-by-4.0'}","""user material"" abaqus",,,zenodo.org
zenodo.org/records/1243270,,CC-BY-NC-4.0,,Zenodo record metadata license.id='cc-by-nc-4.0',,0,,,licence_incompatible,"cc-by-nc-4.0 (CC-BY-NC-4.0) is outside D-2's list; recorded, not fetched; licence: {'id': 'cc-by-nc-4.0'}","""user material"" abaqus",,,zenodo.org
zenodo.org/records/3454353,,other-open,,Zenodo record metadata license.id='other-open',,0,,,licence_incompatible,"other-open (unmapped) is outside D-2's list; recorded, not fetched; licence: {'id': 'other-open'}","""user material"" abaqus",,,zenodo.org
zenodo.org/records/13687823,,CC-BY-4.0,,Zenodo record metadata license.id='cc-by-4.0',,0,,,licence_incompatible,"cc-by-4.0 (CC-BY-4.0) is outside D-2's list; recorded, not fetched; licence: {'id': 'cc-by-4.0'}","""user material"" abaqus",,,zenodo.org
zenodo.org/records/11184001,,CC-BY-SA-4.0,,Zenodo record metadata license.id='cc-by-sa-4.0',,0,,,licence_incompatible,"cc-by-sa-4.0 (CC-BY-SA-4.0) is outside D-2's list; recorded, not fetched; licence: {'id': 'cc-by-sa-4.0'}","""user material"" abaqus",,,zenodo.org
zenodo.org/records/7499788,,,,Zenodo record declares no licence,,0,,,licence_absent,the record declares no licence; nothing fetched,"""user material"" abaqus",,,zenodo.org
zenodo.org/records/3633618,,CC-BY-4.0,,Zenodo record metadata license.id='cc-by-4.0',,0,,,licence_incompatible,"cc-by-4.0 (CC-BY-4.0) is outside D-2's list; recorded, not fetched; licence: {'id': 'cc-by-4.0'}","""user material"" abaqus",,,zenodo.org
zenodo.org/records/20134491,,CC-BY-4.0,,Zenodo record metadata license.id='cc-by-4.0',,0,,,licence_incompatible,"cc-by-4.0 (CC-BY-4.0) is outside D-2's list; recorded, not fetched; licence: {'id': 'cc-by-4.0'}","""user material"" abaqus",,,zenodo.org
zenodo.org/records/18949263,record 18949263 (10.5281/zenodo.18949263); HyeonBin-Moon/PdFM-Abaqus-FEM-v1.0.zip md5:d7be22fdae08ed4a386a601ea7b9f4cb,MIT,permissive,Zenodo record metadata license.id='mit-license'; archive HyeonBin-Moon-PdFM-Abaqus-FEM-73a7c26/LICENSE read as MIT,HyeonBin-Moon/PdFM-Abaqus-FEM-v1.0.zip!/HyeonBin-Moon-PdFM-Abaqus-FEM-73a7c26/abaqus_model/Subroutine_UEL_down.for,34902,c58e6836ae5a6c8ebf74e64e3f0742aa06c451b15965d158ba5c75b44639c39e,1cd396c2e1c94ef4dd413f9119d669a2ffa3b2fee6f25102c4c41495909c4978,candidate,"distinct, licensed MIT (licence file in the archive), declares a UMAT entry point; not yet transformed or verified","""user material"" abaqus",,HyeonBin-Moon-PdFM-Abaqus-FEM-73a7c26/abaqus_model/Abaqus_inp.inp,zenodo.org
zenodo.org/records/18949263,record 18949263 (10.5281/zenodo.18949263); HyeonBin-Moon/PdFM-Abaqus-FEM-v1.0.zip md5:d7be22fdae08ed4a386a601ea7b9f4cb,MIT,permissive,Zenodo record metadata license.id='mit-license'; archive HyeonBin-Moon-PdFM-Abaqus-FEM-73a7c26/LICENSE read as MIT,HyeonBin-Moon/PdFM-Abaqus-FEM-v1.0.zip!/HyeonBin-Moon-PdFM-Abaqus-FEM-73a7c26/abaqus_model/Subroutine_UEL_up.for,34900,062e29f2fa30fc05c893b5b2373537d9d858198ee0f4834b23a354f3b0f6a4ab,9b2e6f7cbdbc44c00a9bc8925ca69a485f8cd33d179aaaee4079c097ddc03cf3,candidate,"distinct, licensed MIT (licence file in the archive), declares a UMAT entry point; not yet transformed or verified","""user material"" abaqus",,HyeonBin-Moon-PdFM-Abaqus-FEM-73a7c26/abaqus_model/Abaqus_inp.inp,zenodo.org
zenodo.org/records/15118000,,CC-BY-4.0,,Zenodo record metadata license.id='cc-by-4.0',,0,,,licence_incompatible,"cc-by-4.0 (CC-BY-4.0) is outside D-2's list; recorded, not fetched; licence: {'id': 'cc-by-4.0'}","""user material"" abaqus",,,zenodo.org
zenodo.org/records/11069317,,CC-BY-4.0,,Zenodo record metadata license.id='cc-by-4.0',,0,,,licence_incompatible,"cc-by-4.0 (CC-BY-4.0) is outside D-2's list; recorded, not fetched; licence: {'id': 'cc-by-4.0'}","""user material"" abaqus",,,zenodo.org
zenodo.org/records/5175738,,BSD-unspecified,,Zenodo record metadata license.id='bsd-license',,0,,,licence_incompatible,"bsd-license (BSD-unspecified) is outside D-2's list; recorded, not fetched; licence: {'id': 'bsd-license'}","""user material"" abaqus",,,zenodo.org
zenodo.org/records/11121367,,CC-BY-4.0,,Zenodo record metadata license.id='cc-by-4.0',,0,,,licence_incompatible,"cc-by-4.0 (CC-BY-4.0) is outside D-2's list; recorded, not fetched; licence: {'id': 'cc-by-4.0'}","""user material"" abaqus",,,zenodo.org
zenodo.org/records/13354078,record 13354078 (10.5281/zenodo.13354078); multisurface-plasticity-master-2D.zip md5:b76775f6f402ee4d5868d9170125dd8a,GPL-3.0-or-later,copyleft,Zenodo record metadata license.id='gpl-3.0-or-later'; archive multisurface-plasticity-master-2D/LICENSE read as GPL-3.0,multisurface-plasticity-master-2D.zip!/multisurface-plasticity-master-2D/MultisurfacePlasticity-gf.f,416,,,no_umat_entry,"Fortran, but it declares no SUBROUTINE UMAT","""user material"" abaqus",,,zenodo.org
zenodo.org/records/13354078,record 13354078 (10.5281/zenodo.13354078); multisurface-plasticity-master-2D.zip md5:b76775f6f402ee4d5868d9170125dd8a,GPL-3.0-or-later,copyleft,Zenodo record metadata license.id='gpl-3.0-or-later'; archive multisurface-plasticity-master-2D/LICENSE read as GPL-3.0,multisurface-plasticity-master-2D.zip!/multisurface-plasticity-master-2D/MultisurfacePlasticity.f,628,,,no_umat_entry,"Fortran, but it declares no SUBROUTINE UMAT","""user material"" abaqus",,,zenodo.org
zenodo.org/records/13354078,record 13354078 (10.5281/zenodo.13354078); multisurface-plasticity-master-2D.zip md5:b76775f6f402ee4d5868d9170125dd8a,GPL-3.0-or-later,copyleft,Zenodo record metadata license.id='gpl-3.0-or-later'; archive multisurface-plasticity-master-2D/LICENSE read as GPL-3.0,multisurface-plasticity-master-2D.zip!/multisurface-plasticity-master-2D/data/tsaiwu_data.f90,2,,,no_umat_entry,"Fortran, but it declares no SUBROUTINE UMAT","""user material"" abaqus",,,zenodo.org
zenodo.org/records/13354078,record 13354078 (10.5281/zenodo.13354078); multisurface-plasticity-master-2D.zip md5:b76775f6f402ee4d5868d9170125dd8a,GPL-3.0-or-later,copyleft,Zenodo record metadata license.id='gpl-3.0-or-later'; archive multisurface-plasticity-master-2D/LICENSE read as GPL-3.0,multisurface-plasticity-master-2D.zip!/multisurface-plasticity-master-2D/lib/math/Math.f90,1074790,,,no_umat_entry,"Fortran, but it declares no SUBROUTINE UMAT","""user material"" abaqus",,,zenodo.org
zenodo.org/records/13354078,record 13354078 (10.5281/zenodo.13354078); multisurface-plasticity-master-2D.zip md5:b76775f6f402ee4d5868d9170125dd8a,GPL-3.0-or-later,copyleft,Zenodo record metadata license.id='gpl-3.0-or-later'; archive multisurface-plasticity-master-2D/LICENSE read as GPL-3.0,multisurface-plasticity-master-2D.zip!/multisurface-plasticity-master-2D/lib/utilities/dispmodule.f90,115973,,,no_umat_entry,"Fortran, but it declares no SUBROUTINE UMAT","""user material"" abaqus",,,zenodo.org
zenodo.org/records/13354078,record 13354078 (10.5281/zenodo.13354078); multisurface-plasticity-master-2D.zip md5:b76775f6f402ee4d5868d9170125dd8a,GPL-3.0-or-later,copyleft,Zenodo record metadata license.id='gpl-3.0-or-later'; archive multisurface-plasticity-master-2D/LICENSE read as GPL-3.0,multisurface-plasticity-master-2D.zip!/multisurface-plasticity-master-2D/lib/utilities/utility.f90,1741,,,no_umat_entry,"Fortran, but it declares no SUBROUTINE UMAT","""user material"" abaqus",,,zenodo.org
zenodo.org/records/13354078,record 13354078 (10.5281/zenodo.13354078); multisurface-plasticity-master-2D.zip md5:b76775f6f402ee4d5868d9170125dd8a,GPL-3.0-or-later,copyleft,Zenodo record metadata license.id='gpl-3.0-or-later'; archive multisurface-plasticity-master-2D/LICENSE read as GPL-3.0,multisurface-plasticity-master-2D.zip!/multisurface-plasticity-master-2D/src/AbaqusDataInterface.f90,5009,,,no_umat_entry,"Fortran, but it declares no SUBROUTINE UMAT","""user material"" abaqus",,,zenodo.org
zenodo.org/records/13354078,record 13354078 (10.5281/zenodo.13354078); multisurface-plasticity-master-2D.zip md5:b76775f6f402ee4d5868d9170125dd8a,GPL-3.0-or-later,copyleft,Zenodo record metadata license.id='gpl-3.0-or-later'; archive multisurface-plasticity-master-2D/LICENSE read as GPL-3.0,multisurface-plasticity-master-2D.zip!/multisurface-plasticity-master-2D/src/MultisurfacePlasticity.f90,11074,,,no_umat_entry,"Fortran, but it declares no SUBROUTINE UMAT","""user material"" abaqus",,,zenodo.org
zenodo.org/records/13354078,record 13354078 (10.5281/zenodo.13354078); multisurface-plasticity-master-2D.zip md5:b76775f6f402ee4d5868d9170125dd8a,GPL-3.0-or-later,copyleft,Zenodo record metadata license.id='gpl-3.0-or-later'; archive multisurface-plasticity-master-2D/LICENSE read as GPL-3.0,multisurface-plasticity-master-2D.zip!/multisurface-plasticity-master-2D/src/ReturnmappingProcedures.f90,7775,,,no_umat_entry,"Fortran, but it declares no SUBROUTINE UMAT","""user material"" abaqus",,,zenodo.org
zenodo.org/records/13354078,record 13354078 (10.5281/zenodo.13354078); multisurface-plasticity-master-2D.zip md5:b76775f6f402ee4d5868d9170125dd8a,GPL-3.0-or-later,copyleft,Zenodo record metadata license.id='gpl-3.0-or-later'; archive multisurface-plasticity-master-2D/LICENSE read as GPL-3.0,multisurface-plasticity-master-2D.zip!/multisurface-plasticity-master-2D/src/TsaiWu.f90,5472,,,no_umat_entry,"Fortran, but it declares no SUBROUTINE UMAT","""user material"" abaqus",,,zenodo.org
zenodo.org/records/13354078,record 13354078 (10.5281/zenodo.13354078); multisurface-plasticity-master-2D.zip md5:b76775f6f402ee4d5868d9170125dd8a,GPL-3.0-or-later,copyleft,Zenodo record metadata license.id='gpl-3.0-or-later'; archive multisurface-plasticity-master-2D/LICENSE read as GPL-3.0,multisurface-plasticity-master-2D.zip!/multisurface-plasticity-master-2D/src/fix_element_failure_mode.f90,2733,,,no_umat_entry,"Fortran, but it declares no SUBROUTINE UMAT","""user material"" abaqus",,,zenodo.org
zenodo.org/records/13354078,record 13354078 (10.5281/zenodo.13354078); multisurface-plasticity-master-2D.zip md5:b76775f6f402ee4d5868d9170125dd8a,GPL-3.0-or-later,copyleft,Zenodo record metadata license.id='gpl-3.0-or-later'; archive multisurface-plasticity-master-2D/LICENSE read as GPL-3.0,multisurface-plasticity-master-2D.zip!/multisurface-plasticity-master-2D/src/shared.f90,927,,,no_umat_entry,"Fortran, but it declares no SUBROUTINE UMAT","""user material"" abaqus",,,zenodo.org
zenodo.org/records/13354078,record 13354078 (10.5281/zenodo.13354078); multisurface-plasticity-master-2D.zip md5:b76775f6f402ee4d5868d9170125dd8a,GPL-3.0-or-later,copyleft,Zenodo record metadata license.id='gpl-3.0-or-later'; archive multisurface-plasticity-master-2D/LICENSE read as GPL-3.0,multisurface-plasticity-master-2D.zip!/multisurface-plasticity-master-2D/src/udmgini.f90,2111,,,no_umat_entry,"Fortran, but it declares no SUBROUTINE UMAT","""user material"" abaqus",,,zenodo.org
zenodo.org/records/13354078,record 13354078 (10.5281/zenodo.13354078); multisurface-plasticity-master-2D.zip md5:b76775f6f402ee4d5868d9170125dd8a,GPL-3.0-or-later,copyleft,Zenodo record metadata license.id='gpl-3.0-or-later'; archive multisurface-plasticity-master-2D/LICENSE read as GPL-3.0,multisurface-plasticity-master-2D.zip!/multisurface-plasticity-master-2D/src/uexternaldb.f90,3935,,,no_umat_entry,"Fortran, but it declares no SUBROUTINE UMAT","""user material"" abaqus",,,zenodo.org
zenodo.org/records/13354078,record 13354078 (10.5281/zenodo.13354078); multisurface-plasticity-master-2D.zip md5:b76775f6f402ee4d5868d9170125dd8a,GPL-3.0-or-later,copyleft,Zenodo record metadata license.id='gpl-3.0-or-later'; archive multisurface-plasticity-master-2D/LICENSE read as GPL-3.0,multisurface-plasticity-master-2D.zip!/multisurface-plasticity-master-2D/src/umat.f90,2150,0150ec6f4e55cb00d6035d1de9a84356f515efefae194ec799e879b4585e9f6f,32fd415d53b552c5f296267d13a2a488e6caa63905221d57ded8741d2e4cad7f,candidate,"distinct, licensed GPL-3.0-or-later (licence file in the archive), declares a UMAT entry point; not yet transformed or verified","""user material"" abaqus",,,zenodo.org
zenodo.org/records/13354078,record 13354078 (10.5281/zenodo.13354078); multisurface-plasticity-master-2D.zip md5:b76775f6f402ee4d5868d9170125dd8a,GPL-3.0-or-later,copyleft,Zenodo record metadata license.id='gpl-3.0-or-later'; archive multisurface-plasticity-master-2D/LICENSE read as GPL-3.0,multisurface-plasticity-master-2D.zip!/multisurface-plasticity-master-2D/src/uvarm.f90,710,,,no_umat_entry,"Fortran, but it declares no SUBROUTINE UMAT","""user material"" abaqus",,,zenodo.org
zenodo.org/records/2602584,,CC-BY-4.0,,Zenodo record metadata license.id='cc-by-4.0',,0,,,licence_incompatible,"cc-by-4.0 (CC-BY-4.0) is outside D-2's list; recorded, not fetched; licence: {'id': 'cc-by-4.0'}","""user material"" abaqus",,,zenodo.org
zenodo.org/records/15516602,,CC-BY-4.0,,Zenodo record metadata license.id='cc-by-4.0',,0,,,licence_incompatible,"cc-by-4.0 (CC-BY-4.0) is outside D-2's list; recorded, not fetched; licence: {'id': 'cc-by-4.0'}","""user material"" abaqus",,,zenodo.org
zenodo.org/records/14229943,,CC-BY-4.0,,Zenodo record metadata license.id='cc-by-4.0',,0,,,licence_incompatible,"cc-by-4.0 (CC-BY-4.0) is outside D-2's list; recorded, not fetched; licence: {'id': 'cc-by-4.0'}","""user material"" abaqus",,,zenodo.org
zenodo.org/records/10379299,,CC-BY-4.0,,Zenodo record metadata license.id='cc-by-4.0',,0,,,licence_incompatible,"cc-by-4.0 (CC-BY-4.0) is outside D-2's list; recorded, not fetched; licence: {'id': 'cc-by-4.0'}","""user material"" abaqus",,,zenodo.org
zenodo.org/records/15725221,,CC-BY-4.0,,Zenodo record metadata license.id='cc-by-4.0',,0,,,licence_incompatible,"cc-by-4.0 (CC-BY-4.0) is outside D-2's list; recorded, not fetched; licence: {'id': 'cc-by-4.0'}","""user material"" abaqus",,,zenodo.org
zenodo.org/records/10829626,,CC-BY-4.0,,Zenodo record metadata license.id='cc-by-4.0',,0,,,licence_incompatible,"cc-by-4.0 (CC-BY-4.0) is outside D-2's list; recorded, not fetched; licence: {'id': 'cc-by-4.0'}","""user material"" abaqus",,,zenodo.org
zenodo.org/records/4597372,,CC-BY-4.0,,Zenodo record metadata license.id='cc-by-4.0',,0,,,licence_incompatible,"cc-by-4.0 (CC-BY-4.0) is outside D-2's list; recorded, not fetched; licence: {'id': 'cc-by-4.0'}","""user material"" abaqus",,,zenodo.org
zenodo.org/records/5266382,,CC-BY-4.0,,Zenodo record metadata license.id='cc-by-4.0',,0,,,licence_incompatible,"cc-by-4.0 (CC-BY-4.0) is outside D-2's list; recorded, not fetched; licence: {'id': 'cc-by-4.0'}","""user material"" abaqus",,,zenodo.org
zenodo.org/records/11078848,,,,Zenodo record declares no licence,,0,,,licence_absent,the record declares no licence; nothing fetched,abaqus subroutine,,,zenodo.org
zenodo.org/records/11095751,,,,Zenodo record declares no licence,,0,,,licence_absent,the record declares no licence; nothing fetched,abaqus subroutine,,,zenodo.org
zenodo.org/records/18775588,,CC-BY-4.0,,Zenodo record metadata license.id='cc-by-4.0',,0,,,licence_incompatible,"cc-by-4.0 (CC-BY-4.0) is outside D-2's list; recorded, not fetched; licence: {'id': 'cc-by-4.0'}",abaqus subroutine,,,zenodo.org
zenodo.org/records/889024,,CC-BY-4.0,,Zenodo record metadata license.id='cc-by-4.0',,0,,,licence_incompatible,"cc-by-4.0 (CC-BY-4.0) is outside D-2's list; recorded, not fetched; licence: {'id': 'cc-by-4.0'}",abaqus subroutine,,,zenodo.org
zenodo.org/records/4596203,,CC-BY-4.0,,Zenodo record metadata license.id='cc-by-4.0',,0,,,licence_incompatible,"cc-by-4.0 (CC-BY-4.0) is outside D-2's list; recorded, not fetched; licence: {'id': 'cc-by-4.0'}",abaqus subroutine,,,zenodo.org
zenodo.org/records/4997090,,CC0-1.0,,Zenodo record metadata license.id='cc-zero',,0,,,licence_incompatible,"cc-zero (CC0-1.0) is outside D-2's list; recorded, not fetched; licence: {'id': 'cc-zero'}",abaqus subroutine,,,zenodo.org
zenodo.org/records/13980989,record 13980989 (10.5281/zenodo.13980989); paper_code.zip md5:cb1179ee7118c51beec091eaf71373f6,MIT,permissive,Zenodo record metadata license.id='mit-license'; archive LICENSE read as MIT,paper_code.zip!/src/labtools/BLAS/source/daxpy.f,2701,,,no_umat_entry,"Fortran, but it declares no SUBROUTINE UMAT",abaqus fortran,,,zenodo.org
zenodo.org/records/13980989,record 13980989 (10.5281/zenodo.13980989); paper_code.zip md5:cb1179ee7118c51beec091eaf71373f6,MIT,permissive,Zenodo record metadata license.id='mit-license'; archive LICENSE read as MIT,paper_code.zip!/src/labtools/BLAS/source/dcopy.f,2643,,,no_umat_entry,"Fortran, but it declares no SUBROUTINE UMAT",abaqus fortran,,,zenodo.org
zenodo.org/records/13980989,record 13980989 (10.5281/zenodo.13980989); paper_code.zip md5:cb1179ee7118c51beec091eaf71373f6,MIT,permissive,Zenodo record metadata license.id='mit-license'; archive LICENSE read as MIT,paper_code.zip!/src/labtools/BLAS/source/ddot.f,2770,,,no_umat_entry,"Fortran, but it declares no SUBROUTINE UMAT",abaqus fortran,,,zenodo.org
zenodo.org/records/13980989,record 13980989 (10.5281/zenodo.13980989); paper_code.zip md5:cb1179ee7118c51beec091eaf71373f6,MIT,permissive,Zenodo record metadata license.id='mit-license'; archive LICENSE read as MIT,paper_code.zip!/src/labtools/BLAS/source/dgemm.f,11376,,,no_umat_entry,"Fortran, but it declares no SUBROUTINE UMAT",abaqus fortran,,,zenodo.org
zenodo.org/records/13980989,record 13980989 (10.5281/zenodo.13980989); paper_code.zip md5:cb1179ee7118c51beec091eaf71373f6,MIT,permissive,Zenodo record metadata license.id='mit-license'; archive LICENSE read as MIT,paper_code.zip!/src/labtools/BLAS/source/dgemv.f,8998,,,no_umat_entry,"Fortran, but it declares no SUBROUTINE UMAT",abaqus fortran,,,zenodo.org
zenodo.org/records/13980989,record 13980989 (10.5281/zenodo.13980989); paper_code.zip md5:cb1179ee7118c51beec091eaf71373f6,MIT,permissive,Zenodo record metadata license.id='mit-license'; archive LICENSE read as MIT,paper_code.zip!/src/labtools/BLAS/source/dger.f,5733,,,no_umat_entry,"Fortran, but it declares no SUBROUTINE UMAT",abaqus fortran,,,zenodo.org
zenodo.org/records/13980989,record 13980989 (10.5281/zenodo.13980989); paper_code.zip md5:cb1179ee7118c51beec091eaf71373f6,MIT,permissive,Zenodo record metadata license.id='mit-license'; archive LICENSE read as MIT,paper_code.zip!/src/labtools/BLAS/source/dnrm2.f,2694,,,no_umat_entry,"Fortran, but it declares no SUBROUTINE UMAT",abaqus fortran,,,zenodo.org
zenodo.org/records/13980989,record 13980989 (10.5281/zenodo.13980989); paper_code.zip md5:cb1179ee7118c51beec091eaf71373f6,MIT,permissive,Zenodo record metadata license.id='mit-license'; archive LICENSE read as MIT,paper_code.zip!/src/labtools/BLAS/source/dscal.f,2466,,,no_umat_entry,"Fortran, but it declares no SUBROUTINE UMAT",abaqus fortran,,,zenodo.org
zenodo.org/records/13980989,record 13980989 (10.5281/zenodo.13980989); paper_code.zip md5:cb1179ee7118c51beec091eaf71373f6,MIT,permissive,Zenodo record metadata license.id='mit-license'; archive LICENSE read as MIT,paper_code.zip!/src/labtools/BLAS/source/dswap.f,2793,,,no_umat_entry,"Fortran, but it declares no SUBROUTINE UMAT",abaqus fortran,,,zenodo.org
zenodo.org/records/13980989,record 13980989 (10.5281/zenodo.13980989); paper_code.zip md5:cb1179ee7118c51beec091eaf71373f6,MIT,permissive,Zenodo record metadata license.id='mit-license'; archive LICENSE read as MIT,paper_code.zip!/src/labtools/BLAS/source/dsymv.f,9452,,,no_umat_entry,"Fortran, but it declares no SUBROUTINE UMAT",abaqus fortran,,,zenodo.org
zenodo.org/records/13980989,record 13980989 (10.5281/zenodo.13980989); paper_code.zip md5:cb1179ee7118c51beec091eaf71373f6,MIT,permissive,Zenodo record metadata license.id='mit-license'; archive LICENSE read as MIT,paper_code.zip!/src/labtools/BLAS/source/dsyr2.f,8649,,,no_umat_entry,"Fortran, but it declares no SUBROUTINE UMAT",abaqus fortran,,,zenodo.org
zenodo.org/records/13980989,record 13980989 (10.5281/zenodo.13980989); paper_code.zip md5:cb1179ee7118c51beec091eaf71373f6,MIT,permissive,Zenodo record metadata license.id='mit-license'; archive LICENSE read as MIT,paper_code.zip!/src/labtools/BLAS/source/dsyr2k.f,12561,,,no_umat_entry,"Fortran, but it declares no SUBROUTINE UMAT",abaqus fortran,,,zenodo.org
zenodo.org/records/13980989,record 13980989 (10.5281/zenodo.13980989); paper_code.zip md5:cb1179ee7118c51beec091eaf71373f6,MIT,permissive,Zenodo record metadata license.id='mit-license'; archive LICENSE read as MIT,paper_code.zip!/src/labtools/BLAS/source/dtrmm.f,12902,,,no_umat_entry,"Fortran, but it declares no SUBROUTINE UMAT",abaqus fortran,,,zenodo.org
zenodo.org/records/13980989,record 13980989 (10.5281/zenodo.13980989); paper_code.zip md5:cb1179ee7118c51beec091eaf71373f6,MIT,permissive,Zenodo record metadata license.id='mit-license'; archive LICENSE read as MIT,paper_code.zip!/src/labtools/BLAS/source/dtrmv.f,10214,,,no_umat_entry,"Fortran, but it declares no SUBROUTINE UMAT",abaqus fortran,,,zenodo.org
zenodo.org/records/13980989,record 13980989 (10.5281/zenodo.13980989); paper_code.zip md5:cb1179ee7118c51beec091eaf71373f6,MIT,permissive,Zenodo record metadata license.id='mit-license'; archive LICENSE read as MIT,paper_code.zip!/src/labtools/BLAS/source/dtrsm.f,13885,,,no_umat_entry,"Fortran, but it declares no SUBROUTINE UMAT",abaqus fortran,,,zenodo.org
zenodo.org/records/13980989,record 13980989 (10.5281/zenodo.13980989); paper_code.zip md5:cb1179ee7118c51beec091eaf71373f6,MIT,permissive,Zenodo record metadata license.id='mit-license'; archive LICENSE read as MIT,paper_code.zip!/src/labtools/BLAS/source/idamax.f,2396,,,no_umat_entry,"Fortran, but it declares no SUBROUTINE UMAT",abaqus fortran,,,zenodo.org
zenodo.org/records/13980989,record 13980989 (10.5281/zenodo.13980989); paper_code.zip md5:cb1179ee7118c51beec091eaf71373f6,MIT,permissive,Zenodo record metadata license.id='mit-license'; archive LICENSE read as MIT,paper_code.zip!/src/labtools/BLAS/source/lsame.f,3170,,,no_umat_entry,"Fortran, but it declares no SUBROUTINE UMAT",abaqus fortran,,,zenodo.org
zenodo.org/records/13980989,record 13980989 (10.5281/zenodo.13980989); paper_code.zip md5:cb1179ee7118c51beec091eaf71373f6,MIT,permissive,Zenodo record metadata license.id='mit-license'; archive LICENSE read as MIT,paper_code.zip!/src/labtools/BLAS/source/xerbla.f,2179,,,no_umat_entry,"Fortran, but it declares no SUBROUTINE UMAT",abaqus fortran,,,zenodo.org
zenodo.org/records/13980989,record 13980989 (10.5281/zenodo.13980989); paper_code.zip md5:cb1179ee7118c51beec091eaf71373f6,MIT,permissive,Zenodo record metadata license.id='mit-license'; archive LICENSE read as MIT,paper_code.zip!/src/labtools/EXAMPLES/SDCHABOX_2D/jobs/umatAba.f,5497,57975b84dc9e2973186e7c29de9d81fef9bf2198dc98de1e8f0431df05ac0108,72d84c2e550861cb186cad3b894b914a6163674d45cbebd0b9e350358dd1f838,candidate,"distinct, licensed MIT (licence file in the archive), declares a UMAT entry point; not yet transformed or verified",abaqus fortran,,src/labtools/EXAMPLES/SDCHABOX_2D/jobs/2D_sdchaboX_file.inp;src/labtools/EXAMPLES/SDCHABOX_ImpAn_Simul/jobs/SDCHABOX_test.inp;src/labtools/EXAMPLES/SDCRCRY_3D_AGGREGATE/jobs/64_elements.inp;src/labtools/EXAMPLES/SDCRCRY_3D_AGGREGATE/jobs/64_nodes.inp;src/labtools/EXAMPLES/SDCRCRY_3D_AGGREGATE/jobs/64_orientations.inp;src/labtools/EXAMPLES/SDCRCRY_3D_AGGREGATE/jobs/64_solidsections.inp;src/labtools/EXAMPLES/SDCRCRY_3D_AGGREGATE/jobs/64_surface.inp;src/labtools/EXAMPLES/SDCRCRY_3D_AGGREGATE/jobs/grains.inp,zenodo.org
zenodo.org/records/13980989,record 13980989 (10.5281/zenodo.13980989); paper_code.zip md5:cb1179ee7118c51beec091eaf71373f6,MIT,permissive,Zenodo record metadata license.id='mit-license'; archive LICENSE read as MIT,paper_code.zip!/src/labtools/EXAMPLES/SDCRCRY_3D_AGGREGATE/jobs/umatAba.f,5497,57975b84dc9e2973186e7c29de9d81fef9bf2198dc98de1e8f0431df05ac0108,72d84c2e550861cb186cad3b894b914a6163674d45cbebd0b9e350358dd1f838,duplicate_within_search,the same implementation as an earlier hit,abaqus fortran,,,zenodo.org
zenodo.org/records/13980989,record 13980989 (10.5281/zenodo.13980989); paper_code.zip md5:cb1179ee7118c51beec091eaf71373f6,MIT,permissive,Zenodo record metadata license.id='mit-license'; archive LICENSE read as MIT,paper_code.zip!/src/labtools/EXAMPLES/SDCRCRY_3D_SMALL_GRAINS/jobs/umatAba.f,5497,57975b84dc9e2973186e7c29de9d81fef9bf2198dc98de1e8f0431df05ac0108,72d84c2e550861cb186cad3b894b914a6163674d45cbebd0b9e350358dd1f838,duplicate_within_search,the same implementation as an earlier hit,abaqus fortran,,,zenodo.org
zenodo.org/records/13980989,record 13980989 (10.5281/zenodo.13980989); paper_code.zip md5:cb1179ee7118c51beec091eaf71373f6,MIT,permissive,Zenodo record metadata license.id='mit-license'; archive LICENSE read as MIT,paper_code.zip!/src/labtools/LAPACK/source/dgesv.f,5197,,,no_umat_entry,"Fortran, but it declares no SUBROUTINE UMAT",abaqus fortran,,,zenodo.org
zenodo.org/records/13980989,record 13980989 (10.5281/zenodo.13980989); paper_code.zip md5:cb1179ee7118c51beec091eaf71373f6,MIT,permissive,Zenodo record metadata license.id='mit-license'; archive LICENSE read as MIT,paper_code.zip!/src/labtools/LAPACK/source/dgetf2.f,5868,,,no_umat_entry,"Fortran, but it declares no SUBROUTINE UMAT",abaqus fortran,,,zenodo.org
zenodo.org/records/13980989,record 13980989 (10.5281/zenodo.13980989); paper_code.zip md5:cb1179ee7118c51beec091eaf71373f6,MIT,permissive,Zenodo record metadata license.id='mit-license'; archive LICENSE read as MIT,paper_code.zip!/src/labtools/LAPACK/source/dgetrf.f,6457,,,no_umat_entry,"Fortran, but it declares no SUBROUTINE UMAT",abaqus fortran,,,zenodo.org
zenodo.org/records/13980989,record 13980989 (10.5281/zenodo.13980989); paper_code.zip md5:cb1179ee7118c51beec091eaf71373f6,MIT,permissive,Zenodo record metadata license.id='mit-license'; archive LICENSE read as MIT,paper_code.zip!/src/labtools/LAPACK/source/dgetrs.f,6157,,,no_umat_entry,"Fortran, but it declares no SUBROUTINE UMAT",abaqus fortran,,,zenodo.org
zenodo.org/records/13980989,record 13980989 (10.5281/zenodo.13980989); paper_code.zip md5:cb1179ee7118c51beec091eaf71373f6,MIT,permissive,Zenodo record metadata license.id='mit-license'; archive LICENSE read as MIT,paper_code.zip!/src/labtools/LAPACK/source/disnan.f,852,,,no_umat_entry,"Fortran, but it declares no SUBROUTINE UMAT",abaqus fortran,,,zenodo.org
zenodo.org/records/13980989,record 13980989 (10.5281/zenodo.13980989); paper_code.zip md5:cb1179ee7118c51beec091eaf71373f6,MIT,permissive,Zenodo record metadata license.id='mit-license'; archive LICENSE read as MIT,paper_code.zip!/src/labtools/LAPACK/source/dlae2.f,3375,,,no_umat_entry,"Fortran, but it declares no SUBROUTINE UMAT",abaqus fortran,,,zenodo.org
zenodo.org/records/13980989,record 13980989 (10.5281/zenodo.13980989); paper_code.zip md5:cb1179ee7118c51beec091eaf71373f6,MIT,permissive,Zenodo record metadata license.id='mit-license'; archive LICENSE read as MIT,paper_code.zip!/src/labtools/LAPACK/source/dlaev2.f,4612,,,no_umat_entry,"Fortran, but it declares no SUBROUTINE UMAT",abaqus fortran,,,zenodo.org
zenodo.org/records/13980989,record 13980989 (10.5281/zenodo.13980989); paper_code.zip md5:cb1179ee7118c51beec091eaf71373f6,MIT,permissive,Zenodo record metadata license.id='mit-license'; archive LICENSE read as MIT,paper_code.zip!/src/labtools/LAPACK/source/dlaisnan.f,1328,,,no_umat_entry,"Fortran, but it declares no SUBROUTINE UMAT",abaqus fortran,,,zenodo.org
zenodo.org/records/13980989,record 13980989 (10.5281/zenodo.13980989); paper_code.zip md5:cb1179ee7118c51beec091eaf71373f6,MIT,permissive,Zenodo record metadata license.id='mit-license'; archive LICENSE read as MIT,paper_code.zip!/src/labtools/LAPACK/source/dlamch.f,5361,,,no_umat_entry,"Fortran, but it declares no SUBROUTINE UMAT",abaqus fortran,,,zenodo.org
zenodo.org/records/13980989,record 13980989 (10.5281/zenodo.13980989); paper_code.zip md5:cb1179ee7118c51beec091eaf71373f6,MIT,permissive,Zenodo record metadata license.id='mit-license'; archive LICENSE read as MIT,paper_code.zip!/src/labtools/LAPACK/source/dlanst.f,3662,,,no_umat_entry,"Fortran, but it declares no SUBROUTINE UMAT",abaqus fortran,,,zenodo.org
zenodo.org/records/13980989,record 13980989 (10.5281/zenodo.13980989); paper_code.zip md5:cb1179ee7118c51beec091eaf71373f6,MIT,permissive,Zenodo record metadata license.id='mit-license'; archive LICENSE read as MIT,paper_code.zip!/src/labtools/LAPACK/source/dlansy.f,5566,,,no_umat_entry,"Fortran, but it declares no SUBROUTINE UMAT",abaqus fortran,,,zenodo.org
zenodo.org/records/13980989,record 13980989 (10.5281/zenodo.13980989); paper_code.zip md5:cb1179ee7118c51beec091eaf71373f6,MIT,permissive,Zenodo record metadata license.id='mit-license'; archive LICENSE read as MIT,paper_code.zip!/src/labtools/LAPACK/source/dlapy2.f,1325,,,no_umat_entry,"Fortran, but it declares no SUBROUTINE UMAT",abaqus fortran,,,zenodo.org
zenodo.org/records/13980989,record 13980989 (10.5281/zenodo.13980989); paper_code.zip md5:cb1179ee7118c51beec091eaf71373f6,MIT,permissive,Zenodo record metadata license.id='mit-license'; archive LICENSE read as MIT,paper_code.zip!/src/labtools/LAPACK/source/dlarf.f,4560,,,no_umat_entry,"Fortran, but it declares no SUBROUTINE UMAT",abaqus fortran,,,zenodo.org
zenodo.org/records/13980989,record 13980989 (10.5281/zenodo.13980989); paper_code.zip md5:cb1179ee7118c51beec091eaf71373f6,MIT,permissive,Zenodo record metadata license.id='mit-license'; archive LICENSE read as MIT,paper_code.zip!/src/labtools/LAPACK/source/dlarfb.f,20866,,,no_umat_entry,"Fortran, but it declares no SUBROUTINE UMAT",abaqus fortran,,,zenodo.org
zenodo.org/records/13980989,record 13980989 (10.5281/zenodo.13980989); paper_code.zip md5:cb1179ee7118c51beec091eaf71373f6,MIT,permissive,Zenodo record metadata license.id='mit-license'; archive LICENSE read as MIT,paper_code.zip!/src/labtools/LAPACK/source/dlarfg.f,3574,,,no_umat_entry,"Fortran, but it declares no SUBROUTINE UMAT",abaqus fortran,,,zenodo.org
zenodo.org/records/13980989,record 13980989 (10.5281/zenodo.13980989); paper_code.zip md5:cb1179ee7118c51beec091eaf71373f6,MIT,permissive,Zenodo record metadata license.id='mit-license'; archive LICENSE read as MIT,paper_code.zip!/src/labtools/LAPACK/source/dlarft.f,8609,,,no_umat_entry,"Fortran, but it declares no SUBROUTINE UMAT",abaqus fortran,,,zenodo.org
zenodo.org/records/13980989,record 13980989 (10.5281/zenodo.13980989); paper_code.zip md5:cb1179ee7118c51beec091eaf71373f6,MIT,permissive,Zenodo record metadata license.id='mit-license'; archive LICENSE read as MIT,paper_code.zip!/src/labtools/LAPACK/source/dlartg.f,4147,,,no_umat_entry,"Fortran, but it declares no SUBROUTINE UMAT",abaqus fortran,,,zenodo.org
zenodo.org/records/13980989,record 13980989 (10.5281/zenodo.13980989); paper_code.zip md5:cb1179ee7118c51beec091eaf71373f6,MIT,permissive,Zenodo record metadata license.id='mit-license'; archive LICENSE read as MIT,paper_code.zip!/src/labtools/LAPACK/source/dlascl.f,8076,,,no_umat_entry,"Fortran, but it declares no SUBROUTINE UMAT",abaqus fortran,,,zenodo.org
zenodo.org/records/13980989,record 13980989 (10.5281/zenodo.13980989); paper_code.zip md5:cb1179ee7118c51beec091eaf71373f6,MIT,permissive,Zenodo record metadata license.id='mit-license'; archive LICENSE read as MIT,paper_code.zip!/src/labtools/LAPACK/source/dlaset.f,3246,,,no_umat_entry,"Fortran, but it declares no SUBROUTINE UMAT",abaqus fortran,,,zenodo.org
zenodo.org/records/13980989,record 13980989 (10.5281/zenodo.13980989); paper_code.zip md5:cb1179ee7118c51beec091eaf71373f6,MIT,permissive,Zenodo record metadata license.id='mit-license'; archive LICENSE read as MIT,paper_code.zip!/src/labtools/LAPACK/source/dlasr.f,13410,,,no_umat_entry,"Fortran, but it declares no SUBROUTINE UMAT",abaqus fortran,,,zenodo.org
zenodo.org/records/13980989,record 13980989 (10.5281/zenodo.13980989); paper_code.zip md5:cb1179ee7118c51beec091eaf71373f6,MIT,permissive,Zenodo record metadata license.id='mit-license'; archive LICENSE read as MIT,paper_code.zip!/src/labtools/LAPACK/source/dlasrt.f,6460,,,no_umat_entry,"Fortran, but it declares no SUBROUTINE UMAT",abaqus fortran,,,zenodo.org
zenodo.org/records/13980989,record 13980989 (10.5281/zenodo.13980989); paper_code.zip md5:cb1179ee7118c51beec091eaf71373f6,MIT,permissive,Zenodo record metadata license.id='mit-license'; archive LICENSE read as MIT,paper_code.zip!/src/labtools/LAPACK/source/dlassq.f,2706,,,no_umat_entry,"Fortran, but it declares no SUBROUTINE UMAT",abaqus fortran,,,zenodo.org
zenodo.org/records/13980989,record 13980989 (10.5281/zenodo.13980989); paper_code.zip md5:cb1179ee7118c51beec091eaf71373f6,MIT,permissive,Zenodo record metadata license.id='mit-license'; archive LICENSE read as MIT,paper_code.zip!/src/labtools/LAPACK/source/dlaswp.f,5000,,,no_umat_entry,"Fortran, but it declares no SUBROUTINE UMAT",abaqus fortran,,,zenodo.org
zenodo.org/records/13980989,record 13980989 (10.5281/zenodo.13980989); paper_code.zip md5:cb1179ee7118c51beec091eaf71373f6,MIT,permissive,Zenodo record metadata license.id='mit-license'; archive LICENSE read as MIT,paper_code.zip!/src/labtools/LAPACK/source/dlatrd.f,10068,,,no_umat_entry,"Fortran, but it declares no SUBROUTINE UMAT",abaqus fortran,,,zenodo.org
zenodo.org/records/13980989,record 13980989 (10.5281/zenodo.13980989); paper_code.zip md5:cb1179ee7118c51beec091eaf71373f6,MIT,permissive,Zenodo record metadata license.id='mit-license'; archive LICENSE read as MIT,paper_code.zip!/src/labtools/LAPACK/source/dorg2l.f,3539,,,no_umat_entry,"Fortran, but it declares no SUBROUTINE UMAT",abaqus fortran,,,zenodo.org
zenodo.org/records/13980989,record 13980989 (10.5281/zenodo.13980989); paper_code.zip md5:cb1179ee7118c51beec091eaf71373f6,MIT,permissive,Zenodo record metadata license.id='mit-license'; archive LICENSE read as MIT,paper_code.zip!/src/labtools/LAPACK/source/dorg2r.f,3549,,,no_umat_entry,"Fortran, but it declares no SUBROUTINE UMAT",abaqus fortran,,,zenodo.org
zenodo.org/records/13980989,record 13980989 (10.5281/zenodo.13980989); paper_code.zip md5:cb1179ee7118c51beec091eaf71373f6,MIT,permissive,Zenodo record metadata license.id='mit-license'; archive LICENSE read as MIT,paper_code.zip!/src/labtools/LAPACK/source/dorgql.f,6595,,,no_umat_entry,"Fortran, but it declares no SUBROUTINE UMAT",abaqus fortran,,,zenodo.org
zenodo.org/records/13980989,record 13980989 (10.5281/zenodo.13980989); paper_code.zip md5:cb1179ee7118c51beec091eaf71373f6,MIT,permissive,Zenodo record metadata license.id='mit-license'; archive LICENSE read as MIT,paper_code.zip!/src/labtools/LAPACK/source/dorgqr.f,6469,,,no_umat_entry,"Fortran, but it declares no SUBROUTINE UMAT",abaqus fortran,,,zenodo.org
zenodo.org/records/13980989,record 13980989 (10.5281/zenodo.13980989); paper_code.zip md5:cb1179ee7118c51beec091eaf71373f6,MIT,permissive,Zenodo record metadata license.id='mit-license'; archive LICENSE read as MIT,paper_code.zip!/src/labtools/LAPACK/source/dorgtr.f,5435,,,no_umat_entry,"Fortran, but it declares no SUBROUTINE UMAT",abaqus fortran,,,zenodo.org
zenodo.org/records/13980989,record 13980989 (10.5281/zenodo.13980989); paper_code.zip md5:cb1179ee7118c51beec091eaf71373f6,MIT,permissive,Zenodo record metadata license.id='mit-license'; archive LICENSE read as MIT,paper_code.zip!/src/labtools/LAPACK/source/dsteqr.f,14150,,,no_umat_entry,"Fortran, but it declares no SUBROUTINE UMAT",abaqus fortran,,,zenodo.org
zenodo.org/records/13980989,record 13980989 (10.5281/zenodo.13980989); paper_code.zip md5:cb1179ee7118c51beec091eaf71373f6,MIT,permissive,Zenodo record metadata license.id='mit-license'; archive LICENSE read as MIT,paper_code.zip!/src/labtools/LAPACK/source/dsterf.f,9424,,,no_umat_entry,"Fortran, but it declares no SUBROUTINE UMAT",abaqus fortran,,,zenodo.org
zenodo.org/records/13980989,record 13980989 (10.5281/zenodo.13980989); paper_code.zip md5:cb1179ee7118c51beec091eaf71373f6,MIT,permissive,Zenodo record metadata license.id='mit-license'; archive LICENSE read as MIT,paper_code.zip!/src/labtools/LAPACK/source/dsyev.f,6751,,,no_umat_entry,"Fortran, but it declares no SUBROUTINE UMAT",abaqus fortran,,,zenodo.org
zenodo.org/records/13980989,record 13980989 (10.5281/zenodo.13980989); paper_code.zip md5:cb1179ee7118c51beec091eaf71373f6,MIT,permissive,Zenodo record metadata license.id='mit-license'; archive LICENSE read as MIT,paper_code.zip!/src/labtools/LAPACK/source/dsytd2.f,8121,,,no_umat_entry,"Fortran, but it declares no SUBROUTINE UMAT",abaqus fortran,,,zenodo.org
zenodo.org/records/13980989,record 13980989 (10.5281/zenodo.13980989); paper_code.zip md5:cb1179ee7118c51beec091eaf71373f6,MIT,permissive,Zenodo record metadata license.id='mit-license'; archive LICENSE read as MIT,paper_code.zip!/src/labtools/LAPACK/source/dsytrd.f,9744,,,no_umat_entry,"Fortran, but it declares no SUBROUTINE UMAT",abaqus fortran,,,zenodo.org
zenodo.org/records/13980989,record 13980989 (10.5281/zenodo.13980989); paper_code.zip md5:cb1179ee7118c51beec091eaf71373f6,MIT,permissive,Zenodo record metadata license.id='mit-license'; archive LICENSE read as MIT,paper_code.zip!/src/labtools/LAPACK/source/dtrtrs.f,6480,,,no_umat_entry,"Fortran, but it declares no SUBROUTINE UMAT",abaqus fortran,,,zenodo.org
zenodo.org/records/13980989,record 13980989 (10.5281/zenodo.13980989); paper_code.zip md5:cb1179ee7118c51beec091eaf71373f6,MIT,permissive,Zenodo record metadata license.id='mit-license'; archive LICENSE read as MIT,paper_code.zip!/src/labtools/LAPACK/source/ieeeck.f,4646,,,no_umat_entry,"Fortran, but it declares no SUBROUTINE UMAT",abaqus fortran,,,zenodo.org
zenodo.org/records/13980989,record 13980989 (10.5281/zenodo.13980989); paper_code.zip md5:cb1179ee7118c51beec091eaf71373f6,MIT,permissive,Zenodo record metadata license.id='mit-license'; archive LICENSE read as MIT,paper_code.zip!/src/labtools/LAPACK/source/iladlc.f,3026,,,no_umat_entry,"Fortran, but it declares no SUBROUTINE UMAT",abaqus fortran,,,zenodo.org
zenodo.org/records/13980989,record 13980989 (10.5281/zenodo.13980989); paper_code.zip md5:cb1179ee7118c51beec091eaf71373f6,MIT,permissive,Zenodo record metadata license.id='mit-license'; archive LICENSE read as MIT,paper_code.zip!/src/labtools/LAPACK/source/iladlr.f,3080,,,no_umat_entry,"Fortran, but it declares no SUBROUTINE UMAT",abaqus fortran,,,zenodo.org
zenodo.org/records/13980989,record 13980989 (10.5281/zenodo.13980989); paper_code.zip md5:cb1179ee7118c51beec091eaf71373f6,MIT,permissive,Zenodo record metadata license.id='mit-license'; archive LICENSE read as MIT,paper_code.zip!/src/labtools/LAPACK/source/ilaenv.f,18436,,,no_umat_entry,"Fortran, but it declares no SUBROUTINE UMAT",abaqus fortran,,,zenodo.org
zenodo.org/records/13980989,record 13980989 (10.5281/zenodo.13980989); paper_code.zip md5:cb1179ee7118c51beec091eaf71373f6,MIT,permissive,Zenodo record metadata license.id='mit-license'; archive LICENSE read as MIT,paper_code.zip!/src/labtools/LAPACK/source/iparmq.f,11640,,,no_umat_entry,"Fortran, but it declares no SUBROUTINE UMAT",abaqus fortran,,,zenodo.org
zenodo.org/records/13980989,record 13980989 (10.5281/zenodo.13980989); paper_code.zip md5:cb1179ee7118c51beec091eaf71373f6,MIT,permissive,Zenodo record metadata license.id='mit-license'; archive LICENSE read as MIT,paper_code.zip!/src/labtools/MATH/machar.f,10873,,,no_umat_entry,"Fortran, but it declares no SUBROUTINE UMAT",abaqus fortran,,,zenodo.org
zenodo.org/records/13980989,record 13980989 (10.5281/zenodo.13980989); paper_code.zip md5:cb1179ee7118c51beec091eaf71373f6,MIT,permissive,Zenodo record metadata license.id='mit-license'; archive LICENSE read as MIT,paper_code.zip!/src/labtools/MATH/source/main.f,743,,,no_umat_entry,"Fortran, but it declares no SUBROUTINE UMAT",abaqus fortran,,,zenodo.org
zenodo.org/records/13980989,record 13980989 (10.5281/zenodo.13980989); paper_code.zip md5:cb1179ee7118c51beec091eaf71373f6,MIT,permissive,Zenodo record metadata license.id='mit-license'; archive LICENSE read as MIT,paper_code.zip!/src/labtools/MATH/source/mod_math.f,1383,,,no_umat_entry,"Fortran, but it declares no SUBROUTINE UMAT",abaqus fortran,,,zenodo.org
zenodo.org/records/13980989,record 13980989 (10.5281/zenodo.13980989); paper_code.zip md5:cb1179ee7118c51beec091eaf71373f6,MIT,permissive,Zenodo record metadata license.id='mit-license'; archive LICENSE read as MIT,paper_code.zip!/src/labtools/MATH/source/mod_num.f,3202,,,no_umat_entry,"Fortran, but it declares no SUBROUTINE UMAT",abaqus fortran,,,zenodo.org
zenodo.org/records/13980989,record 13980989 (10.5281/zenodo.13980989); paper_code.zip md5:cb1179ee7118c51beec091eaf71373f6,MIT,permissive,Zenodo record metadata license.id='mit-license'; archive LICENSE read as MIT,paper_code.zip!/src/labtools/MATH/source/mod_tensor.f,129496,,,no_umat_entry,"Fortran, but it declares no SUBROUTINE UMAT",abaqus fortran,,,zenodo.org
zenodo.org/records/13980989,record 13980989 (10.5281/zenodo.13980989); paper_code.zip md5:cb1179ee7118c51beec091eaf71373f6,MIT,permissive,Zenodo record metadata license.id='mit-license'; archive LICENSE read as MIT,paper_code.zip!/src/labtools/UMAT/source/mod_crystal.f,11863,,,no_umat_entry,"Fortran, but it declares no SUBROUTINE UMAT",abaqus fortran,,,zenodo.org
zenodo.org/records/13980989,record 13980989 (10.5281/zenodo.13980989); paper_code.zip md5:cb1179ee7118c51beec091eaf71373f6,MIT,permissive,Zenodo record metadata license.id='mit-license'; archive LICENSE read as MIT,paper_code.zip!/src/labtools/UMAT/source/mod_impl.f,30040,,,no_umat_entry,"Fortran, but it declares no SUBROUTINE UMAT",abaqus fortran,,,zenodo.org
zenodo.org/records/13980989,record 13980989 (10.5281/zenodo.13980989); paper_code.zip md5:cb1179ee7118c51beec091eaf71373f6,MIT,permissive,Zenodo record metadata license.id='mit-license'; archive LICENSE read as MIT,paper_code.zip!/src/labtools/UMAT/source/mod_integ.f,17272,,,no_umat_entry,"Fortran, but it declares no SUBROUTINE UMAT",abaqus fortran,,,zenodo.org
zenodo.org/records/13980989,record 13980989 (10.5281/zenodo.13980989); paper_code.zip md5:cb1179ee7118c51beec091eaf71373f6,MIT,permissive,Zenodo record metadata license.id='mit-license'; archive LICENSE read as MIT,paper_code.zip!/src/labtools/UMAT/source/mod_stiff.f,22745,,,no_umat_entry,"Fortran, but it declares no SUBROUTINE UMAT",abaqus fortran,,,zenodo.org
zenodo.org/records/13980989,record 13980989 (10.5281/zenodo.13980989); paper_code.zip md5:cb1179ee7118c51beec091eaf71373f6,MIT,permissive,Zenodo record metadata license.id='mit-license'; archive LICENSE read as MIT,paper_code.zip!/src/labtools/UMAT/source/mod_umat.f,39073,,,no_umat_entry,"Fortran, but it declares no SUBROUTINE UMAT",abaqus fortran,,,zenodo.org
zenodo.org/records/13980989,record 13980989 (10.5281/zenodo.13980989); paper_code.zip md5:cb1179ee7118c51beec091eaf71373f6,MIT,permissive,Zenodo record metadata license.id='mit-license'; archive LICENSE read as MIT,paper_code.zip!/src/labtools/UMAT/source/sdchaboX.f,42500,,,no_umat_entry,"Fortran, but it declares no SUBROUTINE UMAT",abaqus fortran,,,zenodo.org
zenodo.org/records/13980989,record 13980989 (10.5281/zenodo.13980989); paper_code.zip md5:cb1179ee7118c51beec091eaf71373f6,MIT,permissive,Zenodo record metadata license.id='mit-license'; archive LICENSE read as MIT,paper_code.zip!/src/labtools/UMAT/source/sdcrcry.f,151928,,,no_umat_entry,"Fortran, but it declares no SUBROUTINE UMAT",abaqus fortran,,,zenodo.org
zenodo.org/records/13980989,record 13980989 (10.5281/zenodo.13980989); paper_code.zip md5:cb1179ee7118c51beec091eaf71373f6,MIT,permissive,Zenodo record metadata license.id='mit-license'; archive LICENSE read as MIT,paper_code.zip!/src/labtools/UMAT/source/sdvini.f,300,,,no_umat_entry,"Fortran, but it declares no SUBROUTINE UMAT",abaqus fortran,,,zenodo.org
zenodo.org/records/13980989,record 13980989 (10.5281/zenodo.13980989); paper_code.zip md5:cb1179ee7118c51beec091eaf71373f6,MIT,permissive,Zenodo record metadata license.id='mit-license'; archive LICENSE read as MIT,paper_code.zip!/src/labtools/UMAT/source/uexternaldb.f,3914,,,no_umat_entry,"Fortran, but it declares no SUBROUTINE UMAT",abaqus fortran,,,zenodo.org
zenodo.org/records/13980989,record 13980989 (10.5281/zenodo.13980989); paper_code.zip md5:cb1179ee7118c51beec091eaf71373f6,MIT,permissive,Zenodo record metadata license.id='mit-license'; archive LICENSE read as MIT,paper_code.zip!/src/labtools/UMAT/source/umatAba.f,5497,57975b84dc9e2973186e7c29de9d81fef9bf2198dc98de1e8f0431df05ac0108,72d84c2e550861cb186cad3b894b914a6163674d45cbebd0b9e350358dd1f838,duplicate_within_search,the same implementation as an earlier hit,abaqus fortran,,,zenodo.org
zenodo.org/records/13980989,record 13980989 (10.5281/zenodo.13980989); paper_code.zip md5:cb1179ee7118c51beec091eaf71373f6,MIT,permissive,Zenodo record metadata license.id='mit-license'; archive LICENSE read as MIT,paper_code.zip!/src/linela/umat/src/umat_linear_elastic.f,1344,c05e33844d879470a0fb051b60dd7baa25487f2da20c27be976c81e2aa229be7,4a7a3d473b7864205ef41ed0ae385b5f1b8e398eaa8f024dbe7c186f248f2380,already_known,the same implementation as discovery_cache/BAMresearch__fenics-constitutive/examples/umat/src/umat_linear_elastic.f,abaqus fortran,,,zenodo.org
zenodo.org/records/13980989,record 13980989 (10.5281/zenodo.13980989); paper_code.zip md5:cb1179ee7118c51beec091eaf71373f6,MIT,permissive,Zenodo record metadata license.id='mit-license'; archive LICENSE read as MIT,paper_code.zip!/src/polycrystal/abaqus2022/umatAba.f,5497,57975b84dc9e2973186e7c29de9d81fef9bf2198dc98de1e8f0431df05ac0108,72d84c2e550861cb186cad3b894b914a6163674d45cbebd0b9e350358dd1f838,duplicate_within_search,the same implementation as an earlier hit,abaqus fortran,,,zenodo.org
zenodo.org/records/7071049,,CC-BY-4.0,,Zenodo record metadata license.id='cc-by-4.0',,0,,,licence_incompatible,"cc-by-4.0 (CC-BY-4.0) is outside D-2's list; recorded, not fetched; licence: {'id': 'cc-by-4.0'}",abaqus fortran,,,zenodo.org
zenodo.org/records/10697022,,CC-BY-4.0,,Zenodo record metadata license.id='cc-by-4.0',,0,,,licence_incompatible,"cc-by-4.0 (CC-BY-4.0) is outside D-2's list; recorded, not fetched; licence: {'id': 'cc-by-4.0'}",abaqus fortran,,,zenodo.org
zenodo.org/records/20280518,,CC-BY-4.0,,Zenodo record metadata license.id='cc-by-4.0',,0,,,licence_incompatible,"cc-by-4.0 (CC-BY-4.0) is outside D-2's list; recorded, not fetched; licence: {'id': 'cc-by-4.0'}",abaqus fortran,,,zenodo.org
zenodo.org/records/17058561,record 17058561 (10.5281/zenodo.17058561); VUMAT.zip md5:5ac3d5b71098a862abca166b9f957899,MIT,permissive,Zenodo record metadata license.id='mit-license',VUMAT.zip,0,,,licence_metadata_only,metadata says MIT but the archive's licence file(s) are absent give None; D-2 needs a licence FILE; nothing cached,umat crystal plasticity,,,zenodo.org
zenodo.org/records/17058561,record 17058561 (10.5281/zenodo.17058561); Scripts.zip md5:b62cdebe2bd2705f2f489702f2659ad9,MIT,permissive,Zenodo record metadata license.id='mit-license',Scripts.zip,0,,,licence_metadata_only,metadata says MIT but the archive's licence file(s) are absent give None; D-2 needs a licence FILE; nothing cached,umat crystal plasticity,,,zenodo.org
zenodo.org/records/17058561,record 17058561 (10.5281/zenodo.17058561); Data.zip md5:e896f99c39d5b7e1f345323c3b817329,MIT,permissive,Zenodo record metadata license.id='mit-license',Data.zip,0,,,not_examined,21205240753 bytes exceeds the 300000000 cap,umat crystal plasticity,,,zenodo.org
zenodo.org/records/21869496,,CC-BY-SA-4.0,,Zenodo record metadata license.id='cc-by-sa-4.0',,0,,,licence_incompatible,"cc-by-sa-4.0 (CC-BY-SA-4.0) is outside D-2's list; recorded, not fetched; licence: {'id': 'cc-by-sa-4.0'}",umat crystal plasticity,,,zenodo.org
zenodo.org/records/19185340,,CC-BY-4.0,,Zenodo record metadata license.id='cc-by-4.0',,0,,,licence_incompatible,"cc-by-4.0 (CC-BY-4.0) is outside D-2's list; recorded, not fetched; licence: {'id': 'cc-by-4.0'}",umat damage,,,zenodo.org
zenodo.org/records/19254511,,CC-BY-4.0,,Zenodo record metadata license.id='cc-by-4.0',,0,,,licence_incompatible,"cc-by-4.0 (CC-BY-4.0) is outside D-2's list; recorded, not fetched; licence: {'id': 'cc-by-4.0'}",umat damage,,,zenodo.org
zenodo.org/records/6903647,,CC-BY-4.0,,Zenodo record metadata license.id='cc-by-4.0',,0,,,licence_incompatible,"cc-by-4.0 (CC-BY-4.0) is outside D-2's list; recorded, not fetched; licence: {'id': 'cc-by-4.0'}",umat damage,,,zenodo.org
zenodo.org/records/18808158,,CC-BY-4.0,,Zenodo record metadata license.id='cc-by-4.0',,0,,,licence_incompatible,"cc-by-4.0 (CC-BY-4.0) is outside D-2's list; recorded, not fetched; licence: {'id': 'cc-by-4.0'}",umat phase-field,,,zenodo.org
zenodo.org/records/6406798,,CC-BY-4.0,,Zenodo record metadata license.id='cc-by-4.0',,0,,,licence_incompatible,"cc-by-4.0 (CC-BY-4.0) is outside D-2's list; recorded, not fetched; licence: {'id': 'cc-by-4.0'}",umat viscoelastic,,,zenodo.org
zenodo.org/records/13735908,,CC-BY-4.0,,Zenodo record metadata license.id='cc-by-4.0',,0,,,licence_incompatible,"cc-by-4.0 (CC-BY-4.0) is outside D-2's list; recorded, not fetched; licence: {'id': 'cc-by-4.0'}",umat viscoelastic,,,zenodo.org
zenodo.org/records/22087404,,CC-BY-4.0,,Zenodo record metadata license.id='cc-by-4.0',,0,,,licence_incompatible,"cc-by-4.0 (CC-BY-4.0) is outside D-2's list; recorded, not fetched; licence: {'id': 'cc-by-4.0'}","""abaqus"" constitutive model implementation",,,zenodo.org
zenodo.org/records/3967803,record 3967803 (10.5281/zenodo.3967803); MARQUESSv1.0.zip md5:90258a1f15fde09afc90e1482cf3289c,MIT,permissive,Zenodo record metadata license.id='mit-license',MARQUESSv1.0.zip,0,,,licence_metadata_only,metadata says MIT but the archive's licence file(s) are absent give None; D-2 needs a licence FILE; nothing cached,"""abaqus"" constitutive model implementation",,,zenodo.org
zenodo.org/records/21780760,,CC-BY-4.0,,Zenodo record metadata license.id='cc-by-4.0',,0,,,licence_incompatible,"cc-by-4.0 (CC-BY-4.0) is outside D-2's list; recorded, not fetched; licence: {'id': 'cc-by-4.0'}","""abaqus"" constitutive model implementation",,,zenodo.org
zenodo.org/records/19089515,,CC-BY-4.0,,Zenodo record metadata license.id='cc-by-4.0',,0,,,licence_incompatible,"cc-by-4.0 (CC-BY-4.0) is outside D-2's list; recorded, not fetched; licence: {'id': 'cc-by-4.0'}","""abaqus"" constitutive model implementation",,,zenodo.org
zenodo.org/records/10649167,,CC-BY-4.0,,Zenodo record metadata license.id='cc-by-4.0',,0,,,licence_incompatible,"cc-by-4.0 (CC-BY-4.0) is outside D-2's list; recorded, not fetched; licence: {'id': 'cc-by-4.0'}","""abaqus"" constitutive model implementation",,,zenodo.org
zenodo.org/records/3678262,,CC-BY-4.0,,Zenodo record metadata license.id='cc-by-4.0',,0,,,licence_incompatible,"cc-by-4.0 (CC-BY-4.0) is outside D-2's list; recorded, not fetched; licence: {'id': 'cc-by-4.0'}","""abaqus"" constitutive model implementation",,,zenodo.org
zenodo.org/records/18790007,record 18790007 (10.5281/zenodo.18790007); keisuke58/Tmcmc202601-v2.0.0-paper.zip md5:5822ae48fe5ab753adf7f40356db1d48,MIT,permissive,Zenodo record metadata license.id='mit-license',keisuke58/Tmcmc202601-v2.0.0-paper.zip,0,,,not_examined,597772509 bytes exceeds the 300000000 cap,"""abaqus"" constitutive model implementation",,,zenodo.org
zenodo.org/records/6340197,,other-open,,Zenodo record metadata license.id='other-open',,0,,,licence_incompatible,"other-open (unmapped) is outside D-2's list; recorded, not fetched; licence: {'id': 'other-open'}","""abaqus"" constitutive model implementation",,,zenodo.org
zenodo.org/records/15659181,,CC-BY-4.0,,Zenodo record metadata license.id='cc-by-4.0',,0,,,licence_incompatible,"cc-by-4.0 (CC-BY-4.0) is outside D-2's list; recorded, not fetched; licence: {'id': 'cc-by-4.0'}",Abaqus Standard user material,,,zenodo.org
zenodo.org/records/7024651,,CC-BY-4.0,,Zenodo record metadata license.id='cc-by-4.0',,0,,,licence_incompatible,"cc-by-4.0 (CC-BY-4.0) is outside D-2's list; recorded, not fetched; licence: {'id': 'cc-by-4.0'}",Abaqus Standard user material,,,zenodo.org
zenodo.org/records/4052341,,CC-BY-4.0,,Zenodo record metadata license.id='cc-by-4.0',,0,,,licence_incompatible,"cc-by-4.0 (CC-BY-4.0) is outside D-2's list; recorded, not fetched; licence: {'id': 'cc-by-4.0'}",user-defined material model Abaqus Fortran,,,zenodo.org
zenodo.org/records/13952158,,,,Zenodo record declares no licence,,0,,,licence_absent,the record declares no licence; nothing fetched,user-defined material model Abaqus Fortran,,,zenodo.org
zenodo.org/records/11190094,,CC-BY-NC-4.0,,Zenodo record metadata license.id='cc-by-nc-4.0',,0,,,licence_incompatible,"cc-by-nc-4.0 (CC-BY-NC-4.0) is outside D-2's list; recorded, not fetched; licence: {'id': 'cc-by-nc-4.0'}",elastoplastic UMAT,,,zenodo.org
zenodo.org/records/5497912,,CC-BY-4.0,,Zenodo record metadata license.id='cc-by-4.0',,0,,,licence_incompatible,"cc-by-4.0 (CC-BY-4.0) is outside D-2's list; recorded, not fetched; licence: {'id': 'cc-by-4.0'}",crystal plasticity abaqus,,,zenodo.org
zenodo.org/records/3603836,,CC-BY-4.0,,Zenodo record metadata license.id='cc-by-4.0',,0,,,licence_incompatible,"cc-by-4.0 (CC-BY-4.0) is outside D-2's list; recorded, not fetched; licence: {'id': 'cc-by-4.0'}",cohesive zone UMAT,,,zenodo.org
zenodo.org/records/4419526,record 4419526 (10.5281/zenodo.4419526); UGW_Composite_Beams.zip md5:63b34a176c7335e9b98cc9b4d7f9c1e3,MIT,permissive,Zenodo record metadata license.id='mit-license',UGW_Composite_Beams.zip,0,,,licence_metadata_only,metadata says MIT but the archive's licence file(s) are absent give None; D-2 needs a licence FILE; nothing cached,composite damage UMAT abaqus,,,zenodo.org
zenodo.org/records/8221491,,other-open,,Zenodo record metadata license.id='other-open',,0,,,licence_incompatible,"other-open (unmapped) is outside D-2's list; recorded, not fetched; licence: {'id': 'other-open'}",composite damage UMAT abaqus,,,zenodo.org
zenodo.org/records/13682798,,CC-BY-4.0,,Zenodo record metadata license.id='cc-by-4.0',,0,,,licence_incompatible,"cc-by-4.0 (CC-BY-4.0) is outside D-2's list; recorded, not fetched; licence: {'id': 'cc-by-4.0'}",gradient damage abaqus UMAT,,,zenodo.org
zenodo.org/records/18355528,,CC-BY-4.0,,Zenodo record metadata license.id='cc-by-4.0',,0,,,licence_incompatible,"cc-by-4.0 (CC-BY-4.0) is outside D-2's list; recorded, not fetched; licence: {'id': 'cc-by-4.0'}",phase field fracture abaqus UMAT,,,zenodo.org
zenodo.org/records/19350125,,CC-BY-4.0,,Zenodo record metadata license.id='cc-by-4.0',,0,,,licence_incompatible,"cc-by-4.0 (CC-BY-4.0) is outside D-2's list; recorded, not fetched; licence: {'id': 'cc-by-4.0'}",hyperelastic Abaqus subroutine,,,zenodo.org
zenodo.org/records/16936031,,CC-BY-4.0,,Zenodo record metadata license.id='cc-by-4.0',,0,,,licence_incompatible,"cc-by-4.0 (CC-BY-4.0) is outside D-2's list; recorded, not fetched; licence: {'id': 'cc-by-4.0'}",soil constitutive model Abaqus UMAT,,,zenodo.org
zenodo.org/records/14898594,,CC-BY-4.0,,Zenodo record metadata license.id='cc-by-4.0',,0,,,licence_incompatible,"cc-by-4.0 (CC-BY-4.0) is outside D-2's list; recorded, not fetched; licence: {'id': 'cc-by-4.0'}",shape memory alloy UMAT,,,zenodo.org
sourceforge.net/p/abumpack/svn,svn:r233,BSD-2-Clause,,"head/LICENSE at r233 read and classified (two numbered clauses, no endorsement clause)",abcg1.f,20026,d94511e23ceb30aaa844c156fc52c448551b91b2d245da6a87c6708595635b89,42116553ed5f8d1c1c5beb99723d984cc4b61c01976a8d4afc86efac4ea2386a,candidate,,web search / zenodo link,,,sourceforge.net
sourceforge.net/p/abumpack/svn,svn:r233,BSD-2-Clause,,"head/LICENSE at r233 read and classified (two numbered clauses, no endorsement clause)",tests/gtn/gtn-st-dl.f,23267,90557fdc1105c8be77e19fb387f25ad3a4cd683b3a47c7d8beeb234f31a587eb,15f14134da5383dd2c3d1bc7b05c112ba27a15540b0b795fc3d313e598f49cd4,candidate,,web search / zenodo link,,,sourceforge.net
sourceforge.net/p/abumpack/svn,svn:r233,BSD-2-Clause,,"head/LICENSE at r233 read and classified (two numbered clauses, no endorsement clause)",tests/gtn/gtn-st-lm.f,14884,2330b7ed9ba7fd5e80ca877df991e551b20aed51e29b2228962732582da5ccf4,89b10c9be61227b1df61caf8070dc9178732166358b9e40a119cae8c7f54830e,candidate,,web search / zenodo link,,,sourceforge.net
sourceforge.net/p/abumpack/svn,svn:r233,BSD-2-Clause,,"head/LICENSE at r233 read and classified (two numbered clauses, no endorsement clause)",tests/pl_iso/pl-is-st.f,24048,c6ecc16892046d2bd55108ad381668ace93ebd5633452647a0956749a97e7b6b,2fd377b4d696597f2bc2b1e57b4b56c000d664e436af97ec5a348576c43ea685,candidate,,web search / zenodo link,,,sourceforge.net
sourceforge.net/p/abumpack/svn,svn:r233,BSD-2-Clause,,"head/LICENSE at r233 read and classified (two numbered clauses, no endorsement clause)",tests/elastic/el-st.f,9165,9137848ef86b89c228305b59fffef945626df20f1424a43b052bec5a1b9c3a07,ca0dd8c23e590e98abc00c44151b3de23f554df2c487c0bfe01eb7d667ac1cd4,candidate,,web search / zenodo link,,,sourceforge.net
cfietek/Damage-Modeling-in-Metal-Additive-Manufacturing-Process-Simulations,bc6a90a9dcc6a5e57a4b212437a2c86114066ce4,MIT,,LICENSE.md (SPDX MIT via the GitHub licence API),UMAT-JC-C-T-Damage.for,18789,49b9a5643aa48cdc701a82379e6621e026bcd797e4c05f0e974f717522de5b14,4633bc8655da8c41577247550d5dce90fc45c920ab56ff936461b6773e6305f0,candidate,,web search / zenodo link,,,github.com
