repository,commit,license_spdx,license_class,license_evidence,path,bytes,content_sha256,code_only_sha256,outcome,reason,found_by,cached_as,decks,round,scout_decision,scout_reason
Jamal-dev/thesis_material,,,,no LICENSE file detected by the GitHub API,,0,,,licence_absent,"no licence is declared, so nothing may be redistributed from it; a repository without a LICENSE file is refused, not assumed permissive; recorded and not fetched",fam_oth_neo_hookean,,,round1_family_queries,,
geralfhuetter/MonolithFE2,,,,License present but neither GitHub nor a text match identified a licence,,0,,,licence_absent,"no licence is declared, so nothing may be redistributed from it; a repository without a LICENSE file is refused, not assumed permissive; recorded and not fetched",aba_param_include,,,round1_family_queries,,
happyhappysyr/Phase_field_ductile,,,,no LICENSE file detected by the GitHub API,,0,,,licence_absent,"no licence is declared, so nothing may be redistributed from it; a repository without a LICENSE file is refused, not assumed permissive; recorded and not fetched",umat_extension_for,,,round1_family_queries,,
earthexploration/test_zoopt_abaqus_new,,,,no LICENSE file detected by the GitHub API,,0,,,licence_absent,"no licence is declared, so nothing may be redistributed from it; a repository without a LICENSE file is refused, not assumed permissive; recorded and not fetched",fam_dmg_damage,,,round1_family_queries,,
rpizziol/exploring-exploiting-index,,,,no LICENSE file detected by the GitHub API,,0,,,licence_absent,"no licence is declared, so nothing may be redistributed from it; a repository without a LICENSE file is refused, not assumed permissive; recorded and not fetched",fam_plast_von_mises,,,round1_family_queries,,
aitsc/WSIM,,,,no LICENSE file detected by the GitHub API,,0,,,licence_absent,"no licence is declared, so nothing may be redistributed from it; a repository without a LICENSE file is refused, not assumed permissive; recorded and not fetched",umat_extension_txt,,,round1_family_queries,,
Houlin2018/slCBM,,,,no LICENSE file detected by the GitHub API,,0,,,licence_absent,"no licence is declared, so nothing may be redistributed from it; a repository without a LICENSE file is refused, not assumed permissive; recorded and not fetched",umat_extension_for,,,round1_family_queries,,
TRAFOLO/elmerfem,,GPL-2.0,permissive,LICENSE.md (SPDX GPL-2.0 inferred from the licence text; GitHub's API reported no identifier for this file),,0,,,licence_incompatible,GPL-2.0 is outside the set this project may redistribute; recorded and not fetched,umat_extension_f90,,,round1_family_queries,,
kun-Jiang/MultiphysicsAtrophyFCModeling,,,,no LICENSE file detected by the GitHub API,,0,,,licence_absent,"no licence is declared, so nothing may be redistributed from it; a repository without a LICENSE file is refused, not assumed permissive; recorded and not fetched",subroutine_umat_fortran,,,round1_family_queries,,
zagl/ccx-user,,GPL-2.0,permissive,LICENSE (SPDX GPL-2.0 via the GitHub licence API),,0,,,licence_incompatible,GPL-2.0 is outside the set this project may redistribute; recorded and not fetched,fam_plast_plastic_strain,,,round1_family_queries,,
JaimeCernuda/abaqus-scripting,,,,no LICENSE file detected by the GitHub API,,0,,,licence_absent,"no licence is declared, so nothing may be redistributed from it; a repository without a LICENSE file is refused, not assumed permissive; recorded and not fetched",fam_dmg_damage,,,round1_family_queries,,
mholla/hitchhikers-guide-to-abaqus,,,,no LICENSE file detected by the GitHub API,,0,,,licence_absent,"no licence is declared, so nothing may be redistributed from it; a repository without a LICENSE file is refused, not assumed permissive; recorded and not fetched",fam_le_orthotropic,,,round1_family_queries,,
theCoMMaNDlab/JMBBM_GWI_Model,,,,no LICENSE file detected by the GitHub API,,0,,,licence_absent,"no licence is declared, so nothing may be redistributed from it; a repository without a LICENSE file is refused, not assumed permissive; recorded and not fetched",subroutine_umat_fortran,,,round1_family_queries,,
zhangsiacheng-ops/GraduationThesis,,,,no LICENSE file detected by the GitHub API,,0,,,licence_absent,"no licence is declared, so nothing may be redistributed from it; a repository without a LICENSE file is refused, not assumed permissive; recorded and not fetched",fam_plast_von_mises,,,round1_family_queries,,
zhfzzz/CPFEM-1,,,,no LICENSE file detected by the GitHub API,,0,,,licence_absent,"no licence is declared, so nothing may be redistributed from it; a repository without a LICENSE file is refused, not assumed permissive; recorded and not fetched",fam_cp_slip,,,round1_family_queries,,
ReachOptimum/mlpcp-interp-num,83fd1fded867993632f4d186375c25c30b0442ec,MIT,permissive,LICENSE (SPDX MIT via the GitHub licence API),abaqus/UMMDp_FLC.f,283100,3217040335b42dc91291cac2c93a901fecf0ec88aa0834701fdae92ca3f971a1,5f5ed694e5b388461930391289a2da1f7c3069482c9f10e34f556d0c96f33ba8,already_known,"the same implementation as discovery_cache/ReachOptimum__mlpcp-interp-dic/abaqus/UMMDp_FLC.f, which this collection already counts",fam_plast_return_mapping,,,round1_family_queries,,
asroy/Kratos,,,,license.txt present but neither GitHub nor a text match identified a licence,,0,,,licence_absent,"no licence is declared, so nothing may be redistributed from it; a repository without a LICENSE file is refused, not assumed permissive; recorded and not fetched",fam_geo_soil,,,round1_family_queries,,
ignorantimt/Abaqus_subroutines,,,,no LICENSE file detected by the GitHub API,,0,,,licence_absent,"no licence is declared, so nothing may be redistributed from it; a repository without a LICENSE file is refused, not assumed permissive; recorded and not fetched",fam_plast_von_mises,,,round1_family_queries,,
laufogh/fe-large-displacement,da38fedd70f9413bf0d7f50ccb771299da07c2f5,MIT,permissive,LICENSE (SPDX MIT via the GitHub licence API),constitutive/hypoplasticity-staubach/HPP_Staubach_explicit.f,46446,9f4323d0e4d4b554e5042572678b1cf7e7f9a7d3aa49fb97d5f338577d668fe9,450ddc84171ac92f2ecb2e225df8595b4e15f76ea3ad7e683e6e1541abb0de02,already_known,"the same implementation as discovery_cache/patrickstaubach__abaqus-explicit/examples/_pile_driving/HPP_Staubach_explicit.f, which this collection already counts",fam_geo_soil,,,round1_family_queries,,
laufogh/fe-large-displacement,da38fedd70f9413bf0d7f50ccb771299da07c2f5,MIT,permissive,LICENSE (SPDX MIT via the GitHub licence API),constitutive/hypoplasticity-staubach/HPP_Staubach_explicit_noclamp.f,46381,59f440737fab59480878ccaa889574a4814ab4fd5056ef6658c28043f7865b94,a10364de325b2567058007aa6bce078a65747fc302c8497dd9abd3a2ce397a17,candidate,"distinct, licensed MIT (permissive), declares a UMAT entry point; not yet transformed or verified",fam_geo_soil,laufogh__fe-large-displacement/constitutive/hypoplasticity-staubach/HPP_Staubach_explicit_noclamp.f,,round1_family_queries,reject,near_duplicate: shingle Jaccard 1.00 to patrickstaubach abaqus-explicit HPP_Staubach_explicit.f already in discovery_cache (comment/clamp-only difference)
laufogh/fe-large-displacement,da38fedd70f9413bf0d7f50ccb771299da07c2f5,MIT,permissive,LICENSE (SPDX MIT via the GitHub licence API),constitutive/hypoplasticity-staubach/HPP_Staubach_implicit.f,64916,9b26c421a1c917585399d619f1362fec1fabe2b1f6ddbcf2257c7789710d1ce0,1dbec510205bbfde1b4f9e80388f2b5a61bab85581f352e041a27b9924107191,candidate,"distinct, licensed MIT (permissive), declares a UMAT entry point; not yet transformed or verified",fam_geo_soil,laufogh__fe-large-displacement/constitutive/hypoplasticity-staubach/HPP_Staubach_implicit.f,,round1_family_queries,accept,"concrete_geomaterial: hypoplasticity with intergranular strain (von Wolffersdorff/Niemunis), implicit UMAT; Jaccard 0.62 to the explicit version already cached. LICENCE: the subdirectory carries its own GPL-3.0 LICENSE + PROVENANCE.md stating the root MIT does NOT apply (upstream patrickstaubach/abaqus-explicit, tools.f by Niemunis); record GPL-3.0, not MIT. Companions call_implicit.f/tools.f/sdvini.f in the same dir. Constants: constants.txt (Ottawa F65 sand, 'adapted from Fasano Table 4'; nu marked '(assumed)') -> D-19 partial, assumed value does not count"
laufogh/fe-large-displacement,da38fedd70f9413bf0d7f50ccb771299da07c2f5,MIT,permissive,LICENSE (SPDX MIT via the GitHub licence API),constitutive/hypoplasticity-staubach/VUMAT_dry_Staubach.f,11170,,,no_umat_entry,declares a VUMAT and no UMAT; the explicit interface is out of scope,fam_geo_soil,,,round1_family_queries,,
laufogh/fe-large-displacement,da38fedd70f9413bf0d7f50ccb771299da07c2f5,MIT,permissive,LICENSE (SPDX MIT via the GitHub licence API),constitutive/hypoplasticity-staubach/VUMAT_HMC_Staubach_Abq2023.f,11601,,,no_umat_entry,declares a VUMAT and no UMAT; the explicit interface is out of scope,fam_geo_soil,,,round1_family_queries,,
laufogh/fe-large-displacement,da38fedd70f9413bf0d7f50ccb771299da07c2f5,MIT,permissive,LICENSE (SPDX MIT via the GitHub licence API),constitutive/hypoplasticity-staubach/call_explicit_dry.f,1335,,,no_umat_entry,"Fortran, but it declares no SUBROUTINE UMAT",fam_geo_soil,,,round1_family_queries,,
laufogh/fe-large-displacement,da38fedd70f9413bf0d7f50ccb771299da07c2f5,MIT,permissive,LICENSE (SPDX MIT via the GitHub licence API),constitutive/hypoplasticity-staubach/call_explicit_saturated.f,1444,,,no_umat_entry,"Fortran, but it declares no SUBROUTINE UMAT",fam_geo_soil,,,round1_family_queries,,
laufogh/fe-large-displacement,da38fedd70f9413bf0d7f50ccb771299da07c2f5,MIT,permissive,LICENSE (SPDX MIT via the GitHub licence API),constitutive/hypoplasticity-staubach/call_implicit.f,1255,,,no_umat_entry,"Fortran, but it declares no SUBROUTINE UMAT",fam_geo_soil,,,round1_family_queries,,
laufogh/fe-large-displacement,da38fedd70f9413bf0d7f50ccb771299da07c2f5,MIT,permissive,LICENSE (SPDX MIT via the GitHub licence API),constitutive/hypoplasticity-staubach/sdvini.f,3447,,,no_umat_entry,"Fortran, but it declares no SUBROUTINE UMAT",fam_geo_soil,,,round1_family_queries,,
laufogh/fe-large-displacement,da38fedd70f9413bf0d7f50ccb771299da07c2f5,MIT,permissive,LICENSE (SPDX MIT via the GitHub licence API),constitutive/hypoplasticity-staubach/tools.f,15854,,,no_umat_entry,"Fortran, but it declares no SUBROUTINE UMAT",fam_geo_soil,,,round1_family_queries,,
laufogh/fe-large-displacement,da38fedd70f9413bf0d7f50ccb771299da07c2f5,MIT,permissive,LICENSE (SPDX MIT via the GitHub licence API),constitutive/hypoplasticity-staubach/vuamp.f,2643,,,no_umat_entry,"Fortran, but it declares no SUBROUTINE UMAT",fam_geo_soil,,,round1_family_queries,,
laufogh/fe-large-displacement,da38fedd70f9413bf0d7f50ccb771299da07c2f5,MIT,permissive,LICENSE (SPDX MIT via the GitHub licence API),constitutive/hypoplasticity-staubach/vufield_parallel.f,54914,,,no_umat_entry,"Fortran, but it declares no SUBROUTINE UMAT",fam_geo_soil,,,round1_family_queries,,
laufogh/fe-large-displacement,da38fedd70f9413bf0d7f50ccb771299da07c2f5,MIT,permissive,LICENSE (SPDX MIT via the GitHub licence API),constitutive/hypoplasticity-staubach/vusdfld_parallel.f,19736,,,no_umat_entry,"Fortran, but it declares no SUBROUTINE UMAT",fam_geo_soil,,,round1_family_queries,,
laufogh/fe-large-displacement,da38fedd70f9413bf0d7f50ccb771299da07c2f5,MIT,permissive,LICENSE (SPDX MIT via the GitHub licence API),constitutive/mohr-coulomb-clausen/MohrCoulombAbaqus.for,71443,2d17a624e34046e2b98927225fb401906d4566020246830e18b215a5882b1079,112e25a0829ffb130ec92d9815d85c8f78af338326d815418dca234f23243131,candidate,"distinct, licensed MIT (permissive), declares a UMAT entry point; not yet transformed or verified",fam_geo_soil,laufogh__fe-large-displacement/constitutive/mohr-coulomb-clausen/MohrCoulombAbaqus.for,,round1_family_queries,reject,near_duplicate: shingle Jaccard 1.00 to an existing cached MohrCoulombAbaqus.for (Clausen)
laufogh/fe-large-displacement,da38fedd70f9413bf0d7f50ccb771299da07c2f5,MIT,permissive,LICENSE (SPDX MIT via the GitHub licence API),constitutive/mohr-coulomb-clausen/VUMAT_HMC_MohrCoulomb.f,12525,,,no_umat_entry,declares a VUMAT and no UMAT; the explicit interface is out of scope,fam_geo_soil,,,round1_family_queries,,
laufogh/fe-large-displacement,da38fedd70f9413bf0d7f50ccb771299da07c2f5,MIT,permissive,LICENSE (SPDX MIT via the GitHub licence API),constitutive/mohr-coulomb-clausen/VUMAT_MohrCoulomb.f,9426,,,no_umat_entry,declares a VUMAT and no UMAT; the explicit interface is out of scope,fam_geo_soil,,,round1_family_queries,,
laufogh/fe-large-displacement,da38fedd70f9413bf0d7f50ccb771299da07c2f5,MIT,permissive,LICENSE (SPDX MIT via the GitHub licence API),constitutive/mohr-coulomb-clausen/call_explicit.f,118,,,no_umat_entry,"Fortran, but it declares no SUBROUTINE UMAT",fam_geo_soil,,,round1_family_queries,,
laufogh/fe-large-displacement,da38fedd70f9413bf0d7f50ccb771299da07c2f5,MIT,permissive,LICENSE (SPDX MIT via the GitHub licence API),constitutive/mohr-coulomb-clausen/call_explicit_saturated.f,995,,,no_umat_entry,"Fortran, but it declares no SUBROUTINE UMAT",fam_geo_soil,,,round1_family_queries,,
laufogh/fe-large-displacement,da38fedd70f9413bf0d7f50ccb771299da07c2f5,MIT,permissive,LICENSE (SPDX MIT via the GitHub licence API),constitutive/mohr-coulomb-clausen/call_implicit.f,82,,,no_umat_entry,"Fortran, but it declares no SUBROUTINE UMAT",fam_geo_soil,,,round1_family_queries,,
laufogh/fe-large-displacement,da38fedd70f9413bf0d7f50ccb771299da07c2f5,MIT,permissive,LICENSE (SPDX MIT via the GitHub licence API),constitutive/mohr-coulomb-clausen/verification/driver.f90,5182,,,no_umat_entry,"Fortran, but it declares no SUBROUTINE UMAT",fam_geo_soil,,,round1_family_queries,,
laufogh/fe-large-displacement,da38fedd70f9413bf0d7f50ccb771299da07c2f5,MIT,permissive,LICENSE (SPDX MIT via the GitHub licence API),constitutive/mohr-coulomb-clausen/verification/driver2.f90,4962,,,no_umat_entry,"Fortran, but it declares no SUBROUTINE UMAT",fam_geo_soil,,,round1_family_queries,,
laufogh/fe-large-displacement,da38fedd70f9413bf0d7f50ccb771299da07c2f5,MIT,permissive,LICENSE (SPDX MIT via the GitHub licence API),constitutive/mohr-coulomb-clausen/verification/driver_sp.f90,4544,,,no_umat_entry,"Fortran, but it declares no SUBROUTINE UMAT",fam_geo_soil,,,round1_family_queries,,
jpsferreira/hyper-surrogate,7b48982f2545dec47708bf0a9a32f397f57224e5,MIT,permissive,LICENSE (SPDX MIT via the GitHub licence API),,0,,,no_fortran,its tree lists no Fortran file and no file the search matched,fam_oth_ogden,,,round1_family_queries,,
oofem/oofem,,LGPL-2.1,permissive,LICENSE (SPDX LGPL-2.1 via the GitHub licence API),,0,,,licence_incompatible,LGPL-2.1 is outside the set this project may redistribute; recorded and not fetched,subroutine_umat_ddsdde,,,round1_family_queries,,
theCoMMaNDlab/Crohns_motility,c70a58eec74084143f19a5a84d6d92a619b8187e,GPL-3.0,copyleft,LICENSE (SPDX GPL-3.0 via the GitHub licence API),simulation-files/sub1.f,15427,2f5e03198df99b99f85b621ad1959f221ec89061129fbfaf29321eb601c096a1,3cd25f68d21e258871182f67fd113b0f2ee6f7be4c9888e19f487de8d5c9cd51,candidate,"distinct, licensed GPL-3.0 (copyleft), declares a UMAT entry point; not yet transformed or verified",umat_signature_ddsdde_sse,theCoMMaNDlab__Crohns_motility/simulation-files/sub1.f,simulation-files/m1.inp;simulation-files/m2.inp;simulation-files/mesh.inp,round1_family_queries,accept,"growth: fibrosis-driven radial growth multiplier theta_h (STATEV 1) with fibre-reinforced passive law; UMATHT in the same file (coupled temp-displacement, fibrosis field via TEMP). Deck m1.inp: *USER MATERIAL CONSTANTS=6 '0.64, 29.66, 333.22, 0.69, 100.0, 1.0' with per-constant comments"
theCoMMaNDlab/Crohns_motility,c70a58eec74084143f19a5a84d6d92a619b8187e,GPL-3.0,copyleft,LICENSE (SPDX GPL-3.0 via the GitHub licence API),simulation-files/sub2.f,17547,2cc073b4924a20bdcbaf99511e8ec1325c20eceac5b5f7272442809a764800c1,823b0b52cedc9dd53d20e596bcc5693e23bfa60ea6f8b6dfceff758a14a3687f,candidate,"distinct, licensed GPL-3.0 (copyleft), declares a UMAT entry point; not yet transformed or verified",umat_signature_ddsdde_sse,theCoMMaNDlab__Crohns_motility/simulation-files/sub2.f,simulation-files/m1.inp;simulation-files/m2.inp;simulation-files/mesh.inp,round1_family_queries,accept,"other: electromechanical active-stress model (ICC potential via UMATHT); deck m2.inp CONSTANTS=21 contains 3 unfilled template placeholders <eta_mu>,<eta_T>,<eta_a> -> deck incomplete; Jaccard 0.31 to sub1"
williammora1984/UMAT_GTN,69a73295afdebb5e8003c058d9666375faf2fe38,MIT,permissive,LICENSE (SPDX MIT via the GitHub licence API),3_UMAT/UMAT_GTN_W.f,102737,ef6c08354c7f251e2bdd578acbd64a0d9b7fd969479dac472e88d9f6da2af5fe,2cdbc2734e7da4f9b1fb334ee911be4602da41bc9966fa206ad2724a0c3a42d6,candidate,"distinct, licensed MIT (permissive), declares a UMAT entry point; not yet transformed or verified",fam_plast_von_mises,williammora1984__UMAT_GTN/3_UMAT/UMAT_GTN_W.f,,round1_family_queries,accept,"rate_independent_plasticity: GTN porous plasticity (Aravas/Zhang algorithm); porosity enters the yield function -> plasticity by B3 rule 4. Deck 2_Test_Abaqus_input_files/Inp_GTN/test_ht_vol.inp CONSTANTS=13 (line contains '0.1. 0.3' typo -> one malformed token). Calls the DTIME timing intrinsic inside kGTN (harmless timing, but shadows argument name). Readme PDFs per test case"
williammora1984/UMAT_GTN,69a73295afdebb5e8003c058d9666375faf2fe38,MIT,permissive,LICENSE (SPDX MIT via the GitHub licence API),3_UMAT/UMAT_Rousse.f,57725,0b43981de0769d99cd4abb517c573642601864ac80a9957d5081e7c8db46565f,9443575838ecda9f7a8404edd4648092c3075be2004feca16295577d603cf103,candidate,"distinct, licensed MIT (permissive), declares a UMAT entry point; not yet transformed or verified",fam_plast_von_mises,williammora1984__UMAT_GTN/3_UMAT/UMAT_Rousse.f,,round1_family_queries,accept,"rate_independent_plasticity: Rousselier porous plasticity; 3 decks Inp_Rousselier/*.inp CONSTANTS=16 (210000., 0.3, ... hardening table). Contains UEXTERNALDB writing files via GETJOBNAME/GETOUTDIR (side effect)"
williammora1984/UMAT_GTN,69a73295afdebb5e8003c058d9666375faf2fe38,MIT,permissive,LICENSE (SPDX MIT via the GitHub licence API),1_Test_tensor_op/tensor_ope_module.for,37651,,,no_umat_entry,"Fortran, but it declares no SUBROUTINE UMAT",fam_plast_von_mises,,,round1_family_queries,,
williammora1984/UMAT_GTN,69a73295afdebb5e8003c058d9666375faf2fe38,MIT,permissive,LICENSE (SPDX MIT via the GitHub licence API),2_Test_Abaqus_input_files/Reference_data/test_uniax_tens_ht.for,6308,,,no_umat_entry,"Fortran, but it declares no SUBROUTINE UMAT",fam_plast_von_mises,,,round1_family_queries,,
williammora1984/UMAT_GTN,69a73295afdebb5e8003c058d9666375faf2fe38,MIT,permissive,LICENSE (SPDX MIT via the GitHub licence API),2_Test_Abaqus_input_files/Reference_data/test_uniax_tens_ps.for,5443,,,no_umat_entry,"Fortran, but it declares no SUBROUTINE UMAT",fam_plast_von_mises,,,round1_family_queries,,
williammora1984/UMAT_GTN,69a73295afdebb5e8003c058d9666375faf2fe38,MIT,permissive,LICENSE (SPDX MIT via the GitHub licence API),material_law_GTN.for,54540,,,no_umat_entry,"Fortran, but it declares no SUBROUTINE UMAT",fam_plast_von_mises,,,round1_family_queries,,
williammora1984/UMAT_GTN,69a73295afdebb5e8003c058d9666375faf2fe38,MIT,permissive,LICENSE (SPDX MIT via the GitHub licence API),tensor_ope_module.for,46692,,,no_umat_entry,"Fortran, but it declares no SUBROUTINE UMAT",fam_plast_von_mises,,,round1_family_queries,,
williammora1984/UMAT_GTN,69a73295afdebb5e8003c058d9666375faf2fe38,MIT,permissive,LICENSE (SPDX MIT via the GitHub licence API),test_1D_Strain_drive.for,12393,,,no_umat_entry,"Fortran, but it declares no SUBROUTINE UMAT",fam_plast_von_mises,,,round1_family_queries,,
williammora1984/UMAT_GTN,69a73295afdebb5e8003c058d9666375faf2fe38,MIT,permissive,LICENSE (SPDX MIT via the GitHub licence API),test_elas_be1.for,11531,,,no_umat_entry,"Fortran, but it declares no SUBROUTINE UMAT",fam_plast_von_mises,,,round1_family_queries,,
williammora1984/UMAT_GTN,69a73295afdebb5e8003c058d9666375faf2fe38,MIT,permissive,LICENSE (SPDX MIT via the GitHub licence API),test_elas_be2.for,11338,,,no_umat_entry,"Fortran, but it declares no SUBROUTINE UMAT",fam_plast_von_mises,,,round1_family_queries,,
williammora1984/UMAT_GTN,69a73295afdebb5e8003c058d9666375faf2fe38,MIT,permissive,LICENSE (SPDX MIT via the GitHub licence API),test_isochoric_tension3D.for,9022,,,no_umat_entry,"Fortran, but it declares no SUBROUTINE UMAT",fam_plast_von_mises,,,round1_family_queries,,
williammora1984/UMAT_GTN,69a73295afdebb5e8003c058d9666375faf2fe38,MIT,permissive,LICENSE (SPDX MIT via the GitHub licence API),test_isochoric_tensionPS.for,7462,,,no_umat_entry,"Fortran, but it declares no SUBROUTINE UMAT",fam_plast_von_mises,,,round1_family_queries,,
NicolasV15/CIRDC-Pro,,CC-BY-4.0,permissive,LICENSE (SPDX CC-BY-4.0 via the GitHub licence API),,0,,,licence_incompatible,CC-BY-4.0 is outside the set this project may redistribute; recorded and not fetched,fam_plast_von_mises,,,round1_family_queries,,
Prasannahegde23/UMAT-and-UMATHT-Implementation-for-Hydrogen-diffusion-under-Large-deformations-in-Abaqus,,,,no LICENSE file detected by the GitHub API,,0,,,licence_absent,"no licence is declared, so nothing may be redistributed from it; a repository without a LICENSE file is refused, not assumed permissive; recorded and not fetched",fam_plast_hardening,,,round1_family_queries,,
andreaswanninger/conservative_levelset-contact_line-curvature,,,,license.txt present but neither GitHub nor a text match identified a licence,,0,,,licence_absent,"no licence is declared, so nothing may be redistributed from it; a repository without a LICENSE file is refused, not assumed permissive; recorded and not fetched",fam_geo_soil,,,round1_family_queries,,
bessagroup/rvesimulator,df3de17e511e6469fc23c51f81f5e2668e391127,MIT,permissive,LICENSE (SPDX MIT via the GitHub licence API),src/rvesimulator/scriptbase/benchmark_abaqus_scripts/veni_mix_model.f,46347,1717e9dde3b2c45af16e7fb2452a763c57a14434ff99f4f489f5d1280625e797,917249e5fe9cf586f0e9825d94ea253c6fe1b1144373c0e914aaca7e1207b5d9,already_known,"the same implementation as discovery_cache/bessagroup__f3dasm_simulate/src/f3dasm_simulate/abaqus/scriptbase/benchmark_abaqus_scripts/veni_mix_model.f, which this collection already counts",fam_plast_return_mapping,,,round1_family_queries,,
bessagroup/rvesimulator,df3de17e511e6469fc23c51f81f5e2668e391127,MIT,permissive,LICENSE (SPDX MIT via the GitHub licence API),src/rvesimulator/scriptbase/benchmark_abaqus_scripts/vevp_leonov_model.f,32777,c0e8a1698dd1c96910351b7083b1fb5f4b4f7b32c26de8cef849dc5e683d6d44,da7402d5636992b48a591ee08bedbbf90f309789e00d1cadb1f29a9c4f87d990,already_known,"the same implementation as discovery_cache/bessagroup__f3dasm_simulate/src/f3dasm_simulate/abaqus/scriptbase/benchmark_abaqus_scripts/vevp_leonov_model.f, which this collection already counts",fam_plast_return_mapping,,,round1_family_queries,,
bessagroup/rvesimulator,df3de17e511e6469fc23c51f81f5e2668e391127,MIT,permissive,LICENSE (SPDX MIT via the GitHub licence API),src/rvesimulator/scriptbase/benchmark_abaqus_scripts/vp_leonov_model.f,20088,22d90ad02659932ba434e8818b143124b81a07bbc27803e8b6563e9ccfdca463,12dd2408c4ed12479be56b7b3fc188ec5d8fe62aed6eed3e41cc1ddfc4115a21,already_known,"the same implementation as discovery_cache/bessagroup__f3dasm_simulate/src/f3dasm_simulate/abaqus/scriptbase/benchmark_abaqus_scripts/vp_leonov_model.f, which this collection already counts",fam_plast_return_mapping,,,round1_family_queries,,
chwch9021/Kratos,,,,license.txt present but neither GitHub nor a text match identified a licence,,0,,,licence_absent,"no licence is declared, so nothing may be redistributed from it; a repository without a LICENSE file is refused, not assumed permissive; recorded and not fetched",fam_geo_soil,,,round1_family_queries,,
hugary1995/moose-gh-mining,,,,no LICENSE file detected by the GitHub API,,0,,,licence_absent,"no licence is declared, so nothing may be redistributed from it; a repository without a LICENSE file is refused, not assumed permissive; recorded and not fetched",fam_dmg_phase_field,,,round1_family_queries,,
joel-laudo/TE-skin-digital-twin,,,,no LICENSE file detected by the GitHub API,,0,,,licence_absent,"no licence is declared, so nothing may be redistributed from it; a repository without a LICENSE file is refused, not assumed permissive; recorded and not fetched",fam_oth_neohookean,,,round1_family_queries,,
mammad7495/Hill48-Voce-UMAT,,,,no LICENSE file detected by the GitHub API,,0,,,licence_absent,"no licence is declared, so nothing may be redistributed from it; a repository without a LICENSE file is refused, not assumed permissive; recorded and not fetched",fam_plast_return_mapping,,,round1_family_queries,,
vryy/kratos_bcn3,,,,license.txt present but neither GitHub nor a text match identified a licence,,0,,,licence_absent,"no licence is declared, so nothing may be redistributed from it; a repository without a LICENSE file is refused, not assumed permissive; recorded and not fetched",fam_geo_soil,,,round1_family_queries,,
ICAMS/Crystal_Plasticity_UMAT,d15c9206a3cee5a12469503f43b703bc25d8f235,AGPL-3.0,copyleft,LICENSE (SPDX AGPL-3.0 via the GitHub licence API),src-legacy/umat.f,15164,07d11a866241a6a6bb98d42f135b564a462e1a852e9a602b3fae965c103ec45a,7a1e4fbf23c6eaa5b4fd3135464ff0e3f4facb6f88aa872d4641361921da6213,candidate,"distinct, licensed AGPL-3.0 (copyleft), declares a UMAT entry point; not yet transformed or verified",fam_plast_plastic_strain,ICAMS__Crystal_Plasticity_UMAT/src-legacy/umat.f,examples/3-grain-model/3_grain_model.inp;examples/TMF-Blockmodel/TMF-block-x05.inp;examples/demo_6grain/demo_vox3375_gr6_pbc_strain_geom.inp;examples/demo_6grain/demo_vox3375_gr6_pbc_strain_mat.inp;examples/legacy/indentation/Displacement_5micron.inp;examples/legacy/indentation/Force_5micron.inp;examples/legacy/indentation/Nanoindentation_100.inp;examples/legacy/indentation/Nanoindentation_101.inp,round1_family_queries,reject,"licence_not_in_D2: AGPL-3.0 (LICENSE file at commit). D-2 enumerates MIT/BSD/Apache-2.0/GPL-3.0/LGPL-3.0; AGPL-3.0 is not listed -> needs a lead decision. High value if admitted: crystal plasticity, 49 decks"
ICAMS/Crystal_Plasticity_UMAT,d15c9206a3cee5a12469503f43b703bc25d8f235,AGPL-3.0,copyleft,LICENSE (SPDX AGPL-3.0 via the GitHub licence API),src/umat.f,28513,b0cfd65dab9f13c50c94a0bf6eb41e5e8cb12c9ba624da5c36d6600d330da8bf,441f18aa5f541ffb19cb4a7638cb72b52138e6a30e09e04e8201a7725bae0051,candidate,"distinct, licensed AGPL-3.0 (copyleft), declares a UMAT entry point; not yet transformed or verified",fam_plast_plastic_strain,ICAMS__Crystal_Plasticity_UMAT/src/umat.f,examples/3-grain-model/3_grain_model.inp;examples/TMF-Blockmodel/TMF-block-x05.inp;examples/demo_6grain/demo_vox3375_gr6_pbc_strain_geom.inp;examples/demo_6grain/demo_vox3375_gr6_pbc_strain_mat.inp;examples/legacy/indentation/Displacement_5micron.inp;examples/legacy/indentation/Force_5micron.inp;examples/legacy/indentation/Nanoindentation_100.inp;examples/legacy/indentation/Nanoindentation_101.inp,round1_family_queries,reject,"licence_not_in_D2: AGPL-3.0, as above (crystal plasticity, decks in examples/)"
ICAMS/Crystal_Plasticity_UMAT,d15c9206a3cee5a12469503f43b703bc25d8f235,AGPL-3.0,copyleft,LICENSE (SPDX AGPL-3.0 via the GitHub licence API),src-legacy/mod_alloys.f,65209,,,no_umat_entry,"Fortran, but it declares no SUBROUTINE UMAT",fam_plast_plastic_strain,,,round1_family_queries,,
ICAMS/Crystal_Plasticity_UMAT,d15c9206a3cee5a12469503f43b703bc25d8f235,AGPL-3.0,copyleft,LICENSE (SPDX AGPL-3.0 via the GitHub licence API),src-legacy/mod_gaussp.f,8319,,,no_umat_entry,"Fortran, but it declares no SUBROUTINE UMAT",fam_plast_plastic_strain,,,round1_family_queries,,
ICAMS/Crystal_Plasticity_UMAT,d15c9206a3cee5a12469503f43b703bc25d8f235,AGPL-3.0,copyleft,LICENSE (SPDX AGPL-3.0 via the GitHub licence API),src-legacy/mod_octree.f,10477,,,no_umat_entry,"Fortran, but it declares no SUBROUTINE UMAT",fam_plast_plastic_strain,,,round1_family_queries,,
ICAMS/Crystal_Plasticity_UMAT,d15c9206a3cee5a12469503f43b703bc25d8f235,AGPL-3.0,copyleft,LICENSE (SPDX AGPL-3.0 via the GitHub licence API),src-legacy/mod_smthgd.f,17438,,,no_umat_entry,"Fortran, but it declares no SUBROUTINE UMAT",fam_plast_plastic_strain,,,round1_family_queries,,
ICAMS/Crystal_Plasticity_UMAT,d15c9206a3cee5a12469503f43b703bc25d8f235,AGPL-3.0,copyleft,LICENSE (SPDX AGPL-3.0 via the GitHub licence API),src-legacy/mod_stress.f,35080,,,no_umat_entry,"Fortran, but it declares no SUBROUTINE UMAT",fam_plast_plastic_strain,,,round1_family_queries,,
ICAMS/Crystal_Plasticity_UMAT,d15c9206a3cee5a12469503f43b703bc25d8f235,AGPL-3.0,copyleft,LICENSE (SPDX AGPL-3.0 via the GitHub licence API),src-legacy/mod_wkcoup.f,53136,,,no_umat_entry,"Fortran, but it declares no SUBROUTINE UMAT",fam_plast_plastic_strain,,,round1_family_queries,,
ICAMS/Crystal_Plasticity_UMAT,d15c9206a3cee5a12469503f43b703bc25d8f235,AGPL-3.0,copyleft,LICENSE (SPDX AGPL-3.0 via the GitHub licence API),src-legacy/other_code.f,32217,,,no_umat_entry,"Fortran, but it declares no SUBROUTINE UMAT",fam_plast_plastic_strain,,,round1_family_queries,,
ICAMS/Crystal_Plasticity_UMAT,d15c9206a3cee5a12469503f43b703bc25d8f235,AGPL-3.0,copyleft,LICENSE (SPDX AGPL-3.0 via the GitHub licence API),src/mod_gaussp.f,13984,,,no_umat_entry,"Fortran, but it declares no SUBROUTINE UMAT",fam_plast_plastic_strain,,,round1_family_queries,,
ICAMS/Crystal_Plasticity_UMAT,d15c9206a3cee5a12469503f43b703bc25d8f235,AGPL-3.0,copyleft,LICENSE (SPDX AGPL-3.0 via the GitHub licence API),src/mod_material.f,59907,,,no_umat_entry,"Fortran, but it declares no SUBROUTINE UMAT",fam_plast_plastic_strain,,,round1_family_queries,,
ICAMS/Crystal_Plasticity_UMAT,d15c9206a3cee5a12469503f43b703bc25d8f235,AGPL-3.0,copyleft,LICENSE (SPDX AGPL-3.0 via the GitHub licence API),src/mod_octree.f,10705,,,no_umat_entry,"Fortran, but it declares no SUBROUTINE UMAT",fam_plast_plastic_strain,,,round1_family_queries,,
ICAMS/Crystal_Plasticity_UMAT,d15c9206a3cee5a12469503f43b703bc25d8f235,AGPL-3.0,copyleft,LICENSE (SPDX AGPL-3.0 via the GitHub licence API),src/mod_smthgd.f,17740,,,no_umat_entry,"Fortran, but it declares no SUBROUTINE UMAT",fam_plast_plastic_strain,,,round1_family_queries,,
ICAMS/Crystal_Plasticity_UMAT,d15c9206a3cee5a12469503f43b703bc25d8f235,AGPL-3.0,copyleft,LICENSE (SPDX AGPL-3.0 via the GitHub licence API),src/mod_stress.f,60107,,,no_umat_entry,"Fortran, but it declares no SUBROUTINE UMAT",fam_plast_plastic_strain,,,round1_family_queries,,
ICAMS/Crystal_Plasticity_UMAT,d15c9206a3cee5a12469503f43b703bc25d8f235,AGPL-3.0,copyleft,LICENSE (SPDX AGPL-3.0 via the GitHub licence API),src/mod_wkcoup.f,48781,,,no_umat_entry,"Fortran, but it declares no SUBROUTINE UMAT",fam_plast_plastic_strain,,,round1_family_queries,,
ICAMS/Crystal_Plasticity_UMAT,d15c9206a3cee5a12469503f43b703bc25d8f235,AGPL-3.0,copyleft,LICENSE (SPDX AGPL-3.0 via the GitHub licence API),src/other_code.f,31555,,,no_umat_entry,"Fortran, but it declares no SUBROUTINE UMAT",fam_plast_plastic_strain,,,round1_family_queries,,
ICAMS/Crystal_Plasticity_UMAT,d15c9206a3cee5a12469503f43b703bc25d8f235,AGPL-3.0,copyleft,LICENSE (SPDX AGPL-3.0 via the GitHub licence API),tests/unit/orientation_ownership.f90,1897,,,no_umat_entry,"Fortran, but it declares no SUBROUTINE UMAT",fam_plast_plastic_strain,,,round1_family_queries,,
ICAMS/Crystal_Plasticity_UMAT,d15c9206a3cee5a12469503f43b703bc25d8f235,AGPL-3.0,copyleft,LICENSE (SPDX AGPL-3.0 via the GitHub licence API),tests/unit/polar_standard_cases.f90,1935,,,no_umat_entry,"Fortran, but it declares no SUBROUTINE UMAT",fam_plast_plastic_strain,,,round1_family_queries,,
ICAMS/Crystal_Plasticity_UMAT,d15c9206a3cee5a12469503f43b703bc25d8f235,AGPL-3.0,copyleft,LICENSE (SPDX AGPL-3.0 via the GitHub licence API),tests/unit/thread_initialization.f90,1859,,,no_umat_entry,"Fortran, but it declares no SUBROUTINE UMAT",fam_plast_plastic_strain,,,round1_family_queries,,
ICAMS/Crystal_Plasticity_UMAT,d15c9206a3cee5a12469503f43b703bc25d8f235,AGPL-3.0,copyleft,LICENSE (SPDX AGPL-3.0 via the GitHub licence API),tests/unit/umat_fake_driver.f90,10185,,,no_umat_entry,"Fortran, but it declares no SUBROUTINE UMAT",fam_plast_plastic_strain,,,round1_family_queries,,
githubgrasp/cdpm2,,,,no LICENSE file detected by the GitHub API,,0,,,licence_absent,"no licence is declared, so nothing may be redistributed from it; a repository without a LICENSE file is refused, not assumed permissive; recorded and not fetched",fam_plast_hardening,,,round1_family_queries,,
keisuke58/Tmcmc202601,40ec73b98b576d08b5c437a53017d984920939d1,MIT,permissive,LICENSE (SPDX MIT via the GitHub licence API),FEM/umat_biofilm_visco.f,13533,07149bc6609f00c2bed8dd9bfe509689c31070d86d9f5b7416eeefb223f37858,0b1073c23ef7909ca6b91d0554ab4d652a0b0f1508a356ae5b6115046bfd7eac,candidate,"distinct, licensed MIT (permissive), declares a UMAT entry point; not yet transformed or verified",fam_ve_viscoelastic,keisuke58__Tmcmc202601/FEM/umat_biofilm_visco.f,FEM/biofilm_3tooth.inp;FEM/biofilm_3tooth_commensal_static.inp;FEM/p23_biofilm_commensal_hobic.inp;FEM/p23_biofilm_commensal_static.inp;FEM/p23_biofilm_conformal.inp;FEM/p23_biofilm_dh_baseline.inp;FEM/p23_biofilm_dysbiotic_static.inp;FEM/p23_commensal_spatial_eigenstrain_nh.inp,round1_family_queries,accept,"growth: F = Fe Fv Fg biofilm (thermal-analogy growth), neo-Hookean/Mooney base; Jaccard 0.60 to the same author's keisuke58/pde-fem-biofilm umat_biofilm_visco.f already cached (revision, below the 0.85 near-duplicate threshold). Constants lead: FEM/FEM_README.md parameter table; 61 decks in tree, none cached with a *USER MATERIAL for this file"
keisuke58/Tmcmc202601,40ec73b98b576d08b5c437a53017d984920939d1,MIT,permissive,LICENSE (SPDX MIT via the GitHub licence API),FEM/usdfld_biofilm.f,1398,,,no_umat_entry,"Fortran, but it declares no SUBROUTINE UMAT",fam_ve_viscoelastic,,,round1_family_queries,,
nikolasibaUQ/analisis_algoritmos,,,,no LICENSE file detected by the GitHub API,,0,,,licence_absent,"no licence is declared, so nothing may be redistributed from it; a repository without a LICENSE file is refused, not assumed permissive; recorded and not fetched",fam_dmg_damage,,,round1_family_queries,,
qgyc98/ssf,,,,no LICENSE file detected by the GitHub API,,0,,,licence_absent,"no licence is declared, so nothing may be redistributed from it; a repository without a LICENSE file is refused, not assumed permissive; recorded and not fetched",fam_geo_soil,,,round1_family_queries,,
yangyLab/uelumat,,,,no LICENSE file detected by the GitHub API,,0,,,licence_absent,"no licence is declared, so nothing may be redistributed from it; a repository without a LICENSE file is refused, not assumed permissive; recorded and not fetched",fam_plast_return_mapping,,,round1_family_queries,,
yvanblanchard/CuringThermoSetWithCalculix,,,,no LICENSE file detected by the GitHub API,,0,,,licence_absent,"no licence is declared, so nothing may be redistributed from it; a repository without a LICENSE file is refused, not assumed permissive; recorded and not fetched",fam_ve_viscoelastic,,,round1_family_queries,,
Ronakshoghi/MicroMecWorkflow,,,,no LICENSE file detected by the GitHub API,,0,,,licence_absent,"no licence is declared, so nothing may be redistributed from it; a repository without a LICENSE file is refused, not assumed permissive; recorded and not fetched",fam_cp_slip,,,round1_family_queries,,
Yazhuo-Liu/ME7201-ABAQUS-Voronoi,eed115d7a7e6719a6339be527db62b3f1e759086,MIT,permissive,LICENSE (SPDX MIT via the GitHub licence API),UMAT/huang.for,95026,30e87811a898485dc4a3ad7cff0639284e0c7b752bef2d4119b05165cfd52cd0,c2df41eed60163dfb6b29ac364c4450d517e2fe17b766cdd035972e07bd73204,already_known,"the same implementation as discovery_cache/RitioL__PolyFatigueCrackSim/workplace/huang_umat_97.for, which this collection already counts",fam_cp_schmid,,,round1_family_queries,,
aziccarelli/acz_source,c2694173f835ce8874e8c6cb63da9644c268371f,MIT,permissive,LICENSE (SPDX MIT inferred from the licence text; GitHub's API reported no identifier for this file),user_routines_umat.f,29586,48449dd8dbf6ddb61fb1700c448fc593776d6be13e343b584e670bbcfad9ac7c,d3ac7425706489e9e2c95df29e70fbd0588a702299344ced67417a3f4017660f,candidate,"distinct, licensed MIT (permissive), declares a UMAT entry point; not yet transformed or verified",fam_plast_return_mapping,aziccarelli__acz_source/user_routines_umat.f,,round1_family_queries,reject,"rehost_of_existing_model: WARP3D distribution umat (rhd) carrying the UVC plasticity model already in the corpus (ahartloper/UVC_MatMod, Jaccard 0.54); the ACZ damage is a post-processor written to STATEV after the stress update (does not degrade stress) and needs WARP3D module mod_damage_acz; no deck"
aziccarelli/acz_source,c2694173f835ce8874e8c6cb63da9644c268371f,MIT,permissive,LICENSE (SPDX MIT inferred from the licence text; GitHub's API reported no identifier for this file),adapt_check.f,8852,,,no_umat_entry,"Fortran, but it declares no SUBROUTINE UMAT",fam_plast_return_mapping,,,round1_family_queries,,
aziccarelli/acz_source,c2694173f835ce8874e8c6cb63da9644c268371f,MIT,permissive,LICENSE (SPDX MIT inferred from the licence text; GitHub's API reported no identifier for this file),addifv.f,16083,,,no_umat_entry,"Fortran, but it declares no SUBROUTINE UMAT",fam_plast_return_mapping,,,round1_family_queries,,
aziccarelli/acz_source,c2694173f835ce8874e8c6cb63da9644c268371f,MIT,permissive,LICENSE (SPDX MIT inferred from the licence text; GitHub's API reported no identifier for this file),addmas.f,2997,,,no_umat_entry,"Fortran, but it declares no SUBROUTINE UMAT",fam_plast_return_mapping,,,round1_family_queries,,
aziccarelli/acz_source,c2694173f835ce8874e8c6cb63da9644c268371f,MIT,permissive,LICENSE (SPDX MIT inferred from the licence text; GitHub's API reported no identifier for this file),allocate_damage.f,33253,,,no_umat_entry,"Fortran, but it declares no SUBROUTINE UMAT",fam_plast_return_mapping,,,round1_family_queries,,
aziccarelli/acz_source,c2694173f835ce8874e8c6cb63da9644c268371f,MIT,permissive,LICENSE (SPDX MIT inferred from the licence text; GitHub's API reported no identifier for this file),allocate_load.f,46514,,,no_umat_entry,"Fortran, but it declares no SUBROUTINE UMAT",fam_plast_return_mapping,,,round1_family_queries,,
aziccarelli/acz_source,c2694173f835ce8874e8c6cb63da9644c268371f,MIT,permissive,LICENSE (SPDX MIT inferred from the licence text; GitHub's API reported no identifier for this file),assemble_code.f,100413,,,no_umat_entry,"Fortran, but it declares no SUBROUTINE UMAT",fam_plast_return_mapping,,,round1_family_queries,,
aziccarelli/acz_source,c2694173f835ce8874e8c6cb63da9644c268371f,MIT,permissive,LICENSE (SPDX MIT inferred from the licence text; GitHub's API reported no identifier for this file),blcmp1.f,25758,,,no_umat_entry,"Fortran, but it declares no SUBROUTINE UMAT",fam_plast_return_mapping,,,round1_family_queries,,
aziccarelli/acz_source,c2694173f835ce8874e8c6cb63da9644c268371f,MIT,permissive,LICENSE (SPDX MIT inferred from the licence text; GitHub's API reported no identifier for this file),bmod.f,16605,,,no_umat_entry,"Fortran, but it declares no SUBROUTINE UMAT",fam_plast_return_mapping,,,round1_family_queries,,
aziccarelli/acz_source,c2694173f835ce8874e8c6cb63da9644c268371f,MIT,permissive,LICENSE (SPDX MIT inferred from the licence text; GitHub's API reported no identifier for this file),chk_stp_reduce.f,11039,,,no_umat_entry,"Fortran, but it declares no SUBROUTINE UMAT",fam_plast_return_mapping,,,round1_family_queries,,
aziccarelli/acz_source,c2694173f835ce8874e8c6cb63da9644c268371f,MIT,permissive,LICENSE (SPDX MIT inferred from the licence text; GitHub's API reported no identifier for this file),chk_stp_reduce_cohes.f,25798,,,no_umat_entry,"Fortran, but it declares no SUBROUTINE UMAT",fam_plast_return_mapping,,,round1_family_queries,,
aziccarelli/acz_source,c2694173f835ce8874e8c6cb63da9644c268371f,MIT,permissive,LICENSE (SPDX MIT inferred from the licence text; GitHub's API reported no identifier for this file),chk_stp_reduce_ctoa.f,38434,,,no_umat_entry,"Fortran, but it declares no SUBROUTINE UMAT",fam_plast_return_mapping,,,round1_family_queries,,
aziccarelli/acz_source,c2694173f835ce8874e8c6cb63da9644c268371f,MIT,permissive,LICENSE (SPDX MIT inferred from the licence text; GitHub's API reported no identifier for this file),chk_stp_reduce_gurson.f,20299,,,no_umat_entry,"Fortran, but it declares no SUBROUTINE UMAT",fam_plast_return_mapping,,,round1_family_queries,,
aziccarelli/acz_source,c2694173f835ce8874e8c6cb63da9644c268371f,MIT,permissive,LICENSE (SPDX MIT inferred from the licence text; GitHub's API reported no identifier for this file),chk_stp_reduce_smcs.f,8544,,,no_umat_entry,"Fortran, but it declares no SUBROUTINE UMAT",fam_plast_return_mapping,,,round1_family_queries,,
aziccarelli/acz_source,c2694173f835ce8874e8c6cb63da9644c268371f,MIT,permissive,LICENSE (SPDX MIT inferred from the licence text; GitHub's API reported no identifier for this file),chkcrack.f,143815,,,no_umat_entry,"Fortran, but it declares no SUBROUTINE UMAT",fam_plast_return_mapping,,,round1_family_queries,,
aziccarelli/acz_source,c2694173f835ce8874e8c6cb63da9644c268371f,MIT,permissive,LICENSE (SPDX MIT inferred from the licence text; GitHub's API reported no identifier for this file),chkcrack_cohesive.f,67715,,,no_umat_entry,"Fortran, but it declares no SUBROUTINE UMAT",fam_plast_return_mapping,,,round1_family_queries,,
aziccarelli/acz_source,c2694173f835ce8874e8c6cb63da9644c268371f,MIT,permissive,LICENSE (SPDX MIT inferred from the licence text; GitHub's API reported no identifier for this file),chkcrack_ctoa.f,141232,,,no_umat_entry,"Fortran, but it declares no SUBROUTINE UMAT",fam_plast_return_mapping,,,round1_family_queries,,
aziccarelli/acz_source,c2694173f835ce8874e8c6cb63da9644c268371f,MIT,permissive,LICENSE (SPDX MIT inferred from the licence text; GitHub's API reported no identifier for this file),chkcrack_gurson.f,51148,,,no_umat_entry,"Fortran, but it declares no SUBROUTINE UMAT",fam_plast_return_mapping,,,round1_family_queries,,
aziccarelli/acz_source,c2694173f835ce8874e8c6cb63da9644c268371f,MIT,permissive,LICENSE (SPDX MIT inferred from the licence text; GitHub's API reported no identifier for this file),chkcrack_smcs.f,21606,,,no_umat_entry,"Fortran, but it declares no SUBROUTINE UMAT",fam_plast_return_mapping,,,round1_family_queries,,
aziccarelli/acz_source,c2694173f835ce8874e8c6cb63da9644c268371f,MIT,permissive,LICENSE (SPDX MIT inferred from the licence text; GitHub's API reported no identifier for this file),cmpmas.f,25090,,,no_umat_entry,"Fortran, but it declares no SUBROUTINE UMAT",fam_plast_return_mapping,,,round1_family_queries,,
aziccarelli/acz_source,c2694173f835ce8874e8c6cb63da9644c268371f,MIT,permissive,LICENSE (SPDX MIT inferred from the licence text; GitHub's API reported no identifier for this file),cohes_elem.f,101476,,,no_umat_entry,"Fortran, but it declares no SUBROUTINE UMAT",fam_plast_return_mapping,,,round1_family_queries,,
aziccarelli/acz_source,c2694173f835ce8874e8c6cb63da9644c268371f,MIT,permissive,LICENSE (SPDX MIT inferred from the licence text; GitHub's API reported no identifier for this file),comput.f,15568,,,no_umat_entry,"Fortran, but it declares no SUBROUTINE UMAT",fam_plast_return_mapping,,,round1_family_queries,,
aziccarelli/acz_source,c2694173f835ce8874e8c6cb63da9644c268371f,MIT,permissive,LICENSE (SPDX MIT inferred from the licence text; GitHub's API reported no identifier for this file),con_dump.f,9598,,,no_umat_entry,"Fortran, but it declares no SUBROUTINE UMAT",fam_plast_return_mapping,,,round1_family_queries,,
aziccarelli/acz_source,c2694173f835ce8874e8c6cb63da9644c268371f,MIT,permissive,LICENSE (SPDX MIT inferred from the licence text; GitHub's API reported no identifier for this file),contact.f,151141,,,no_umat_entry,"Fortran, but it declares no SUBROUTINE UMAT",fam_plast_return_mapping,,,round1_family_queries,,
aziccarelli/acz_source,c2694173f835ce8874e8c6cb63da9644c268371f,MIT,permissive,LICENSE (SPDX MIT inferred from the licence text; GitHub's API reported no identifier for this file),cpu_time.f,5184,,,no_umat_entry,"Fortran, but it declares no SUBROUTINE UMAT",fam_plast_return_mapping,,,round1_family_queries,,
aziccarelli/acz_source,c2694173f835ce8874e8c6cb63da9644c268371f,MIT,permissive,LICENSE (SPDX MIT inferred from the licence text; GitHub's API reported no identifier for this file),,0,,,not_examined,stopped after 25 files from this repository; 207 not read,fam_plast_return_mapping,,,round1_family_queries,,
cbgeo-archives/hpc-scripts,7c93308b0d67e6b5bbd4a0118edadffd01d771d7,MIT,permissive,LICENSE (SPDX MIT via the GitHub licence API),abaqus/wellbore.f,33082,1e58507fc5781fac517ec4f80b464383fb32fedb8e680dd0745fc3c38a2f0b38,ee4f8a027d4fb1b3a91de2226c1af1920c14762d0ee142ee57879a039ccc15de,candidate,"distinct, licensed MIT (permissive), declares a UMAT entry point; not yet transformed or verified",fam_geo_cam_clay,cbgeo-archives__hpc-scripts/abaqus/wellbore.f,abaqus/wellbore.inp,round1_family_queries,accept,concrete_geomaterial: Cambridge methane-hydrate critical-state model (Modified Cam-clay family) with SIGINI/UFIELD/UVARM/SDVINI in the same file; deck abaqus/wellbore.inp with *USER MATERIAL constants
chyg-code/appendix,,,,no LICENSE file detected by the GitHub API,,0,,,licence_absent,"no licence is declared, so nothing may be redistributed from it; a repository without a LICENSE file is refused, not assumed permissive; recorded and not fetched",fam_dmg_damage,,,round1_family_queries,,
fbraeu90/GR-Eye,,,,LICENSE.md present but neither GitHub nor a text match identified a licence,,0,,,licence_absent,"no licence is declared, so nothing may be redistributed from it; a repository without a LICENSE file is refused, not assumed permissive; recorded and not fetched",fam_oth_neo_hookean,,,round1_family_queries,,
irfancn/Abaqus-VUMAT-elastic_damage,273c697085abc8633fa95d339d97979890956fc4,MIT,permissive,LICENSE (SPDX MIT via the GitHub licence API),vumat_elastic_damage.for,3368,,,no_umat_entry,declares a VUMAT and no UMAT; the explicit interface is out of scope,umat_extension_for,,,round1_family_queries,,
latmarat/abaqus2vpsc,,,,no LICENSE file detected by the GitHub API,,0,,,licence_absent,"no licence is declared, so nothing may be redistributed from it; a repository without a LICENSE file is refused, not assumed permissive; recorded and not fetched",umat_extension_for,,,round1_family_queries,,
thelfer/MFrontGallery,4242086bcfb24f989e0955f2b89faadb87f8a437,LGPL-3.0,copyleft,LICENSE (SPDX LGPL-3.0 via the GitHub licence API),unit-tests/mfront-wrappers/fortran/umat/v2/umat2.f90,933,,,no_umat_entry,"Fortran, but it declares no SUBROUTINE UMAT",umat_extension_f90,,,round1_family_queries,,
thelfer/MFrontGallery,4242086bcfb24f989e0955f2b89faadb87f8a437,LGPL-3.0,copyleft,LICENSE (SPDX LGPL-3.0 via the GitHub licence API),materials/VanadiumAlloy/properties/VanadiumAlloy_ShearModulus_SRMA_TestFortran.f,216,,,no_umat_entry,"Fortran, but it declares no SUBROUTINE UMAT",umat_extension_f90,,,round1_family_queries,,
thelfer/MFrontGallery,4242086bcfb24f989e0955f2b89faadb87f8a437,LGPL-3.0,copyleft,LICENSE (SPDX LGPL-3.0 via the GitHub licence API),materials/VanadiumAlloy/properties/VanadiumAlloy_YoungModulus_SRMA_TestFortran.f,234,,,no_umat_entry,"Fortran, but it declares no SUBROUTINE UMAT",umat_extension_f90,,,round1_family_queries,,
thelfer/MFrontGallery,4242086bcfb24f989e0955f2b89faadb87f8a437,LGPL-3.0,copyleft,LICENSE (SPDX LGPL-3.0 via the GitHub licence API),unit-tests/mfront-wrappers/fortran/behaviours/elasticity.f95,2338,,,no_umat_entry,"Fortran, but it declares no SUBROUTINE UMAT",umat_extension_f90,,,round1_family_queries,,
thelfer/MFrontGallery,4242086bcfb24f989e0955f2b89faadb87f8a437,LGPL-3.0,copyleft,LICENSE (SPDX LGPL-3.0 via the GitHub licence API),unit-tests/mfront-wrappers/fortran/umat/v1/umat.f,2859,0fc49d061edf43f7ae3947ba9344b129474732f2fe3fecf3f8c50ef76980a8ef,78a3a46d01f3fc8777949b0a27ae728a98f0a85c4f4d571223a7bcbd55da223c,already_known,"the same implementation as discovery_cache/calculix__ccx_fff/src/umat.f, which this collection already counts",umat_extension_f90,,,round1_family_queries,,
tjdodwell/CosseratUEL,,,,no LICENSE file detected by the GitHub API,,0,,,licence_absent,"no licence is declared, so nothing may be redistributed from it; a repository without a LICENSE file is refused, not assumed permissive; recorded and not fetched",fam_oth_mooney,,,round1_family_queries,,
wjin33/DSID,,,,no LICENSE file detected by the GitHub API,,0,,,licence_absent,"no licence is declared, so nothing may be redistributed from it; a repository without a LICENSE file is refused, not assumed permissive; recorded and not fetched",fam_dmg_damage,,,round1_family_queries,,
Computational-Mechanics-Materials-Lab/SinglePointSimulator,f0c0a76b953124ca7c9e983d7da91a5931508c99,MIT,permissive,LICENSE (SPDX MIT via the GitHub licence API),examples/MODIFIED_JC.f,40937,57444964cc89a258dbbdd7e357eb4132abcfee2cba9f83c91ddac07ef7510b22,d0f6a355c7f0a68bcae0d3ea4318641cc737806cf011dccdd8cfc06419d174fb,candidate,"distinct, licensed MIT (permissive), declares a UMAT entry point; not yet transformed or verified",fam_plast_von_mises,Computational-Mechanics-Materials-Lab__SinglePointSimulator/examples/MODIFIED_JC.f,,round1_family_queries,accept,"other: modified Johnson-Cook thermo-viscoplastic with optional damage (dmgtype=props(14)) and EOS; ALE3D-style wrapper, DDSDDE hard-dimensioned (6,6) -> 3D only. D-19: example_input.toml at the pinned commit publishes the full props vector (dmgtype=0 -> damage off -> other/viscoplastic). No deck"
DreamBlooms/ChinaXiv-201601-to-202209,,CC-BY-4.0,permissive,LICENSE (SPDX CC-BY-4.0 via the GitHub licence API),,0,,,licence_incompatible,CC-BY-4.0 is outside the set this project may redistribute; recorded and not fetched,fam_plast_johnson_cook,,,round1_family_queries,,
FangruLinghu/PaperCode,,,,no LICENSE file detected by the GitHub API,,0,,,licence_absent,"no licence is declared, so nothing may be redistributed from it; a repository without a LICENSE file is refused, not assumed permissive; recorded and not fetched",fam_oth_neo_hookean,,,round1_family_queries,,
IADNGUYEN/CV-Parsing,,,,no LICENSE file detected by the GitHub API,,0,,,licence_absent,"no licence is declared, so nothing may be redistributed from it; a repository without a LICENSE file is refused, not assumed permissive; recorded and not fetched",umat_extension_txt,,,round1_family_queries,,
Johann-Cardenas/Need-for-Compute,,,,no LICENSE file detected by the GitHub API,,0,,,licence_absent,"no licence is declared, so nothing may be redistributed from it; a repository without a LICENSE file is refused, not assumed permissive; recorded and not fetched",fam_geo_soil,,,round1_family_queries,,
Krande/code-aster-copy,5f2556a0cb71bae14871734e76f2efba1e58d4af,GPL-3.0,copyleft,LICENSE (SPDX GPL-3.0 via the GitHub licence API),bibfor/comport/umatPrepareStrain.F90,3313,,,no_umat_entry,"Fortran, but it declares no SUBROUTINE UMAT",umat_extension_f90,,,round1_family_queries,,
Krande/code-aster-copy,5f2556a0cb71bae14871734e76f2efba1e58d4af,GPL-3.0,copyleft,LICENSE (SPDX GPL-3.0 via the GitHub licence API),astest/umat001a.f,7296,,,no_umat_entry,"Fortran, but it declares no SUBROUTINE UMAT",umat_extension_f90,,,round1_family_queries,,
Krande/code-aster-copy,5f2556a0cb71bae14871734e76f2efba1e58d4af,GPL-3.0,copyleft,LICENSE (SPDX GPL-3.0 via the GitHub licence API),astest/umat002a.f,7223,,,no_umat_entry,"Fortran, but it declares no SUBROUTINE UMAT",umat_extension_f90,,,round1_family_queries,,
Krande/code-aster-copy,5f2556a0cb71bae14871734e76f2efba1e58d4af,GPL-3.0,copyleft,LICENSE (SPDX GPL-3.0 via the GitHub licence API),bibfor/algeline/addMatrAsse.F90,3038,,,no_umat_entry,"Fortran, but it declares no SUBROUTINE UMAT",umat_extension_f90,,,round1_family_queries,,
Krande/code-aster-copy,5f2556a0cb71bae14871734e76f2efba1e58d4af,GPL-3.0,copyleft,LICENSE (SPDX GPL-3.0 via the GitHub licence API),bibfor/algeline/almulr.F90,2694,,,no_umat_entry,"Fortran, but it declares no SUBROUTINE UMAT",umat_extension_f90,,,round1_family_queries,,
Krande/code-aster-copy,5f2556a0cb71bae14871734e76f2efba1e58d4af,GPL-3.0,copyleft,LICENSE (SPDX GPL-3.0 via the GitHub licence API),bibfor/algeline/amdapt.F90,6352,,,no_umat_entry,"Fortran, but it declares no SUBROUTINE UMAT",umat_extension_f90,,,round1_family_queries,,
Krande/code-aster-copy,5f2556a0cb71bae14871734e76f2efba1e58d4af,GPL-3.0,copyleft,LICENSE (SPDX GPL-3.0 via the GitHub licence API),bibfor/algeline/amdbar.F90,55292,,,no_umat_entry,"Fortran, but it declares no SUBROUTINE UMAT",umat_extension_f90,,,round1_family_queries,,
Krande/code-aster-copy,5f2556a0cb71bae14871734e76f2efba1e58d4af,GPL-3.0,copyleft,LICENSE (SPDX GPL-3.0 via the GitHub licence API),bibfor/algeline/amogen.F90,5713,,,no_umat_entry,"Fortran, but it declares no SUBROUTINE UMAT",umat_extension_f90,,,round1_family_queries,,
Krande/code-aster-copy,5f2556a0cb71bae14871734e76f2efba1e58d4af,GPL-3.0,copyleft,LICENSE (SPDX GPL-3.0 via the GitHub licence API),bibfor/algeline/antisy.F90,1809,,,no_umat_entry,"Fortran, but it declares no SUBROUTINE UMAT",umat_extension_f90,,,round1_family_queries,,
Krande/code-aster-copy,5f2556a0cb71bae14871734e76f2efba1e58d4af,GPL-3.0,copyleft,LICENSE (SPDX GPL-3.0 via the GitHub licence API),bibfor/algeline/apchar.F90,8642,,,no_umat_entry,"Fortran, but it declares no SUBROUTINE UMAT",umat_extension_f90,,,round1_family_queries,,
Krande/code-aster-copy,5f2556a0cb71bae14871734e76f2efba1e58d4af,GPL-3.0,copyleft,LICENSE (SPDX GPL-3.0 via the GitHub licence API),bibfor/algeline/apm345.F90,5572,,,no_umat_entry,"Fortran, but it declares no SUBROUTINE UMAT",umat_extension_f90,,,round1_family_queries,,
Krande/code-aster-copy,5f2556a0cb71bae14871734e76f2efba1e58d4af,GPL-3.0,copyleft,LICENSE (SPDX GPL-3.0 via the GitHub licence API),bibfor/algeline/axial.F90,1484,,,no_umat_entry,"Fortran, but it declares no SUBROUTINE UMAT",umat_extension_f90,,,round1_family_queries,,
Krande/code-aster-copy,5f2556a0cb71bae14871734e76f2efba1e58d4af,GPL-3.0,copyleft,LICENSE (SPDX GPL-3.0 via the GitHub licence API),bibfor/algeline/bijmoc.F90,10597,,,no_umat_entry,"Fortran, but it declares no SUBROUTINE UMAT",umat_extension_f90,,,round1_family_queries,,
Krande/code-aster-copy,5f2556a0cb71bae14871734e76f2efba1e58d4af,GPL-3.0,copyleft,LICENSE (SPDX GPL-3.0 via the GitHub licence API),bibfor/algeline/bijsom.F90,5367,,,no_umat_entry,"Fortran, but it declares no SUBROUTINE UMAT",umat_extension_f90,,,round1_family_queries,,
Krande/code-aster-copy,5f2556a0cb71bae14871734e76f2efba1e58d4af,GPL-3.0,copyleft,LICENSE (SPDX GPL-3.0 via the GitHub licence API),bibfor/algeline/binomial.F90,4688,,,no_umat_entry,"Fortran, but it declares no SUBROUTINE UMAT",umat_extension_f90,,,round1_family_queries,,
Krande/code-aster-copy,5f2556a0cb71bae14871734e76f2efba1e58d4af,GPL-3.0,copyleft,LICENSE (SPDX GPL-3.0 via the GitHub licence API),bibfor/algeline/bmocca.F90,10789,,,no_umat_entry,"Fortran, but it declares no SUBROUTINE UMAT",umat_extension_f90,,,round1_family_queries,,
Krande/code-aster-copy,5f2556a0cb71bae14871734e76f2efba1e58d4af,GPL-3.0,copyleft,LICENSE (SPDX GPL-3.0 via the GitHub licence API),bibfor/algeline/bprime.F90,7451,,,no_umat_entry,"Fortran, but it declares no SUBROUTINE UMAT",umat_extension_f90,,,round1_family_queries,,
Krande/code-aster-copy,5f2556a0cb71bae14871734e76f2efba1e58d4af,GPL-3.0,copyleft,LICENSE (SPDX GPL-3.0 via the GitHub licence API),bibfor/algeline/cajgr2.F90,7156,,,no_umat_entry,"Fortran, but it declares no SUBROUTINE UMAT",umat_extension_f90,,,round1_family_queries,,
Krande/code-aster-copy,5f2556a0cb71bae14871734e76f2efba1e58d4af,GPL-3.0,copyleft,LICENSE (SPDX GPL-3.0 via the GitHub licence API),bibfor/algeline/caladj.F90,5019,,,no_umat_entry,"Fortran, but it declares no SUBROUTINE UMAT",umat_extension_f90,,,round1_family_queries,,
Krande/code-aster-copy,5f2556a0cb71bae14871734e76f2efba1e58d4af,GPL-3.0,copyleft,LICENSE (SPDX GPL-3.0 via the GitHub licence API),bibfor/algeline/calajt.F90,2324,,,no_umat_entry,"Fortran, but it declares no SUBROUTINE UMAT",umat_extension_f90,,,round1_family_queries,,
Krande/code-aster-copy,5f2556a0cb71bae14871734e76f2efba1e58d4af,GPL-3.0,copyleft,LICENSE (SPDX GPL-3.0 via the GitHub licence API),bibfor/algeline/calcdr.F90,5169,,,no_umat_entry,"Fortran, but it declares no SUBROUTINE UMAT",umat_extension_f90,,,round1_family_queries,,
Krande/code-aster-copy,5f2556a0cb71bae14871734e76f2efba1e58d4af,GPL-3.0,copyleft,LICENSE (SPDX GPL-3.0 via the GitHub licence API),bibfor/algeline/calcds.F90,4081,,,no_umat_entry,"Fortran, but it declares no SUBROUTINE UMAT",umat_extension_f90,,,round1_family_queries,,
Krande/code-aster-copy,5f2556a0cb71bae14871734e76f2efba1e58d4af,GPL-3.0,copyleft,LICENSE (SPDX GPL-3.0 via the GitHub licence API),bibfor/algeline/calcdy.F90,3706,,,no_umat_entry,"Fortran, but it declares no SUBROUTINE UMAT",umat_extension_f90,,,round1_family_queries,,
Krande/code-aster-copy,5f2556a0cb71bae14871734e76f2efba1e58d4af,GPL-3.0,copyleft,LICENSE (SPDX GPL-3.0 via the GitHub licence API),bibfor/algeline/calcg.F90,3508,,,no_umat_entry,"Fortran, but it declares no SUBROUTINE UMAT",umat_extension_f90,,,round1_family_queries,,
Krande/code-aster-copy,5f2556a0cb71bae14871734e76f2efba1e58d4af,GPL-3.0,copyleft,LICENSE (SPDX GPL-3.0 via the GitHub licence API),bibfor/algeline/calcj0.F90,2867,,,no_umat_entry,"Fortran, but it declares no SUBROUTINE UMAT",umat_extension_f90,,,round1_family_queries,,
Krande/code-aster-copy,5f2556a0cb71bae14871734e76f2efba1e58d4af,GPL-3.0,copyleft,LICENSE (SPDX GPL-3.0 via the GitHub licence API),,0,,,not_examined,stopped after 25 files from this repository; 8037 not read,umat_extension_f90,,,round1_family_queries,,
Shibanuma-Lab/Effective-element-size-concept-EFM-2026,,,,no LICENSE file detected by the GitHub API,,0,,,licence_absent,"no licence is declared, so nothing may be redistributed from it; a repository without a LICENSE file is refused, not assumed permissive; recorded and not fetched",fam_plast_von_mises,,,round1_family_queries,,
TengTongSEU/Phase-field-coupled-cohesive,,,,no LICENSE file detected by the GitHub API,,0,,,licence_absent,"no licence is declared, so nothing may be redistributed from it; a repository without a LICENSE file is refused, not assumed permissive; recorded and not fetched",fam_dmg_damage,,,round1_family_queries,,
WaveHello/Anura3D-Info,,,,no LICENSE file detected by the GitHub API,,0,,,licence_absent,"no licence is declared, so nothing may be redistributed from it; a repository without a LICENSE file is refused, not assumed permissive; recorded and not fetched",fam_geo_mohr,,,round1_family_queries,,
XJTU-Zhou-group/ABAQUS_UMAT_U3Si2SW,,,,no LICENSE file detected by the GitHub API,,0,,,licence_absent,"no licence is declared, so nothing may be redistributed from it; a repository without a LICENSE file is refused, not assumed permissive; recorded and not fetched",fam_ve_prony,,,round1_family_queries,,
abuganza/NN_aniso_UMAT,19229f264aff2763a8ff0e109f160c91210d8ba4,GPL-3.0,copyleft,LICENSE (SPDX GPL-3.0 via the GitHub licence API),UMAT/NN_UMAT_Expansion.f,21631,249d4fd781febb3c1e80664c777d7eb63cae1f210fe36feab4ef37f9de36aa4b,c74424786d58558dab3194c622e6ae12481dde5883f794a7b67acce314232ad2,candidate,"distinct, licensed GPL-3.0 (copyleft), declares a UMAT entry point; not yet transformed or verified",fam_oth_holzapfel,abuganza__NN_aniso_UMAT/UMAT/NN_UMAT_Expansion.f,UMAT/expansion_S111S1_xys.inp;UMAT/shear_S111S1_GOH.inp;UMAT/shear_S111S1_xys.inp;UMAT/square_expander.inp;UMAT/torsion_S111S1_GOH.inp;UMAT/torsion_S111S1_xys.inp;UMAT/uniaxial_S111S1_xys.inp,round1_family_queries,reject,near_duplicate_within_search: Jaccard 0.94 to NN_UMAT_Vahid.f in the same repository
abuganza/NN_aniso_UMAT,19229f264aff2763a8ff0e109f160c91210d8ba4,GPL-3.0,copyleft,LICENSE (SPDX GPL-3.0 via the GitHub licence API),UMAT/NN_UMAT_Vahid.f,20540,6dae6246b0ca733c92564abc9ab398064d85fba462c17b1d2be3874377441b70,2cef89770a32588805013da5872e06984f57c0d902070ea312fe8ee2b75a9fb4,candidate,"distinct, licensed GPL-3.0 (copyleft), declares a UMAT entry point; not yet transformed or verified",fam_oth_holzapfel,abuganza__NN_aniso_UMAT/UMAT/NN_UMAT_Vahid.f,UMAT/expansion_S111S1_xys.inp;UMAT/shear_S111S1_GOH.inp;UMAT/shear_S111S1_xys.inp;UMAT/square_expander.inp;UMAT/torsion_S111S1_GOH.inp;UMAT/torsion_S111S1_xys.inp;UMAT/uniaxial_S111S1_xys.inp,round1_family_queries,accept,other: neural-network anisotropic hyperelastic UMAT (weights/biases read from PROPS) -> hyperelasticity/other; GPL-3.0 LICENSE file at the pinned commit (unlike abuganza repos under D-1). Decks UMAT/*_S111S1_*.inp with *USER MATERIAL constants (network weights). USDFLD and SDVINI in the same file
adamzhen/STAR-Simulator,,,,no LICENSE file detected by the GitHub API,,0,,,licence_absent,"no licence is declared, so nothing may be redistributed from it; a repository without a LICENSE file is refused, not assumed permissive; recorded and not fetched",fam_plast_return_mapping,,,round1_family_queries,,
artorg-unibe-ch/STT_algorithm_new,,,,no LICENSE file detected by the GitHub API,,0,,,licence_absent,"no licence is declared, so nothing may be redistributed from it; a repository without a LICENSE file is refused, not assumed permissive; recorded and not fetched",fam_le_orthotropic,,,round1_family_queries,,
artorg-unibe-ch/UMAT-ViscoElastoPlastic,,CC-BY-4.0,permissive,LICENSE (SPDX CC-BY-4.0 via the GitHub licence API),,0,,,licence_incompatible,CC-BY-4.0 is outside the set this project may redistribute; recorded and not fetched,fam_dmg_damage,,,round1_family_queries,,
davidchan-emtelligent/word2vec,,,,no LICENSE file detected by the GitHub API,,0,,,licence_absent,"no licence is declared, so nothing may be redistributed from it; a repository without a LICENSE file is refused, not assumed permissive; recorded and not fetched",umat_extension_txt,,,round1_family_queries,,
feltner515/COBRA,,LGPL-2.1,permissive,LICENSE (SPDX LGPL-2.1 via the GitHub licence API),,0,,,licence_incompatible,LGPL-2.1 is outside the set this project may redistribute; recorded and not fetched,fam_oth_neo_hookean,,,round1_family_queries,,
haiiliin/abqcy,794c988d355dfe3e9851a27ae68a9c571b8c7c7a,MIT,permissive,LICENSE (SPDX MIT via the GitHub licence API),,0,,,no_fortran,its tree lists no Fortran file and no file the search matched,ddsdde_statev_nprops,,,round1_family_queries,,
jmanthony3/LUSE_ENGR851_ICME,60f27f5137246b48f69e3faa47330826d658ff4c,MIT,permissive,LICENSE (SPDX MIT via the GitHub licence API),3-DislocationMobilityToCrystalPlasticity/Files/umat_xtal.f,240783,8185131ca4b42da7082bd81ebac35a7133ddda45cf80b5add30809f50df269ad,7911aa2e5a7b522dee5df1a992d54b20de8a3f4dbc41545327ea3902ff87d6b4,candidate,"distinct, licensed MIT (permissive), declares a UMAT entry point; not yet transformed or verified",fam_cp_slip,jmanthony3__LUSE_ENGR851_ICME/3-DislocationMobilityToCrystalPlasticity/Files/umat_xtal.f,3-DislocationMobilityToCrystalPlasticity/Files/rve.single.inp,round1_family_queries,reject,"not_self_contained: SNL/MSU crystal plasticity; INCLUDE 'params_xtal.inc' absent from the repository, opens and reads crystal input files at run time that the repository does not publish; deck has CONSTANTS=2 dummy values; Jaccard 0.76 to damin225/short-crack-propagation-3d umat.f already cached; course repository"
jmanthony3/LUSE_ENGR851_ICME,60f27f5137246b48f69e3faa47330826d658ff4c,MIT,permissive,LICENSE (SPDX MIT via the GitHub licence API),1-ElectronicsToAtomistics/Files/evfit.f,52743,,,no_umat_entry,"Fortran, but it declares no SUBROUTINE UMAT",fam_cp_slip,,,round1_family_queries,,
jmanthony3/LUSE_ENGR851_ICME,60f27f5137246b48f69e3faa47330826d658ff4c,MIT,permissive,LICENSE (SPDX MIT via the GitHub licence API),2-AtomisticsToDislocationMobility/Files/Dislocation.f90,85420,,,no_umat_entry,"Fortran, but it declares no SUBROUTINE UMAT",fam_cp_slip,,,round1_family_queries,,
lhlong23/Phase_field_abaqus,,,,no LICENSE file detected by the GitHub API,,0,,,licence_absent,"no licence is declared, so nothing may be redistributed from it; a repository without a LICENSE file is refused, not assumed permissive; recorded and not fetched",fam_plast_von_mises,,,round1_family_queries,,
swayli94/AbaqusZBeamWingBox,ec0539df9f5939c8dae81b89898364eb3c586dd8,MIT,permissive,LICENSE (SPDX MIT via the GitHub licence API),,0,,,no_fortran,its tree lists no Fortran file and no file the search matched,fam_dmg_damage,,,round1_family_queries,,
tajtac/Anisotropic_NN_UMAT,,,,no LICENSE file detected by the GitHub API,,0,,,licence_absent,"no licence is declared, so nothing may be redistributed from it; a repository without a LICENSE file is refused, not assumed permissive; recorded and not fetched",fam_oth_holzapfel,,,round1_family_queries,,
tengzhang48/feacheap,,,,no LICENSE file detected by the GitHub API,,0,,,licence_absent,"no licence is declared, so nothing may be redistributed from it; a repository without a LICENSE file is refused, not assumed permissive; recorded and not fetched",aba_param_include,,,round1_family_queries,,
theCoMMaNDlab/BMMB24,a121d2a81a9caea330e9aad8a0791a4c6a99aaa8,GPL-3.0,copyleft,LICENSE (SPDX GPL-3.0 via the GitHub licence API),simulations/input files/umat_transverseIsotropicStretch.f,9203,b272b86748594fc15b4ba9de730abf5e10b97c528bdbbca0b903585a821c1ab5,306514650bcf571a22b88dbd8458eb1e23dfb74bd2d68622033c1d414cdea5e8,already_known,"the same implementation as discovery_cache/mholla__BMMB24/simulations/input files/umat_transverseIsotropicStretch.f, which this collection already counts",fam_le_isotropic_elastic,,,round1_family_queries,,
vnvlabs/moose,,LGPL-2.1,permissive,LICENSE (SPDX LGPL-2.1 via the GitHub licence API),,0,,,licence_incompatible,LGPL-2.1 is outside the set this project may redistribute; recorded and not fetched,fam_plast_hardening,,,round1_family_queries,,
xdbc/codeAster,292d95fe5afb9a516fbcac1c70afdb965f5cdfce,GPL-3.0,copyleft,LICENSE (SPDX GPL-3.0 via the GitHub licence API),bibfor/comport/umatPrepareStrain.F90,3317,,,no_umat_entry,"Fortran, but it declares no SUBROUTINE UMAT",umat_extension_f90,,,round1_family_queries,,
xdbc/codeAster,292d95fe5afb9a516fbcac1c70afdb965f5cdfce,GPL-3.0,copyleft,LICENSE (SPDX GPL-3.0 via the GitHub licence API),astest/umat001a.f,7300,,,no_umat_entry,"Fortran, but it declares no SUBROUTINE UMAT",umat_extension_f90,,,round1_family_queries,,
xdbc/codeAster,292d95fe5afb9a516fbcac1c70afdb965f5cdfce,GPL-3.0,copyleft,LICENSE (SPDX GPL-3.0 via the GitHub licence API),astest/umat002a.f,7227,,,no_umat_entry,"Fortran, but it declares no SUBROUTINE UMAT",umat_extension_f90,,,round1_family_queries,,
xdbc/codeAster,292d95fe5afb9a516fbcac1c70afdb965f5cdfce,GPL-3.0,copyleft,LICENSE (SPDX GPL-3.0 via the GitHub licence API),bibfor/algeline/addMatrAsse.F90,3042,,,no_umat_entry,"Fortran, but it declares no SUBROUTINE UMAT",umat_extension_f90,,,round1_family_queries,,
xdbc/codeAster,292d95fe5afb9a516fbcac1c70afdb965f5cdfce,GPL-3.0,copyleft,LICENSE (SPDX GPL-3.0 via the GitHub licence API),bibfor/algeline/almulr.F90,2698,,,no_umat_entry,"Fortran, but it declares no SUBROUTINE UMAT",umat_extension_f90,,,round1_family_queries,,
xdbc/codeAster,292d95fe5afb9a516fbcac1c70afdb965f5cdfce,GPL-3.0,copyleft,LICENSE (SPDX GPL-3.0 via the GitHub licence API),bibfor/algeline/amdapt.F90,6402,,,no_umat_entry,"Fortran, but it declares no SUBROUTINE UMAT",umat_extension_f90,,,round1_family_queries,,
xdbc/codeAster,292d95fe5afb9a516fbcac1c70afdb965f5cdfce,GPL-3.0,copyleft,LICENSE (SPDX GPL-3.0 via the GitHub licence API),bibfor/algeline/amdbar.F90,55342,,,no_umat_entry,"Fortran, but it declares no SUBROUTINE UMAT",umat_extension_f90,,,round1_family_queries,,
xdbc/codeAster,292d95fe5afb9a516fbcac1c70afdb965f5cdfce,GPL-3.0,copyleft,LICENSE (SPDX GPL-3.0 via the GitHub licence API),bibfor/algeline/amogen.F90,5717,,,no_umat_entry,"Fortran, but it declares no SUBROUTINE UMAT",umat_extension_f90,,,round1_family_queries,,
xdbc/codeAster,292d95fe5afb9a516fbcac1c70afdb965f5cdfce,GPL-3.0,copyleft,LICENSE (SPDX GPL-3.0 via the GitHub licence API),bibfor/algeline/antisy.F90,1813,,,no_umat_entry,"Fortran, but it declares no SUBROUTINE UMAT",umat_extension_f90,,,round1_family_queries,,
xdbc/codeAster,292d95fe5afb9a516fbcac1c70afdb965f5cdfce,GPL-3.0,copyleft,LICENSE (SPDX GPL-3.0 via the GitHub licence API),bibfor/algeline/apchar.F90,8692,,,no_umat_entry,"Fortran, but it declares no SUBROUTINE UMAT",umat_extension_f90,,,round1_family_queries,,
xdbc/codeAster,292d95fe5afb9a516fbcac1c70afdb965f5cdfce,GPL-3.0,copyleft,LICENSE (SPDX GPL-3.0 via the GitHub licence API),bibfor/algeline/apm345.F90,5622,,,no_umat_entry,"Fortran, but it declares no SUBROUTINE UMAT",umat_extension_f90,,,round1_family_queries,,
xdbc/codeAster,292d95fe5afb9a516fbcac1c70afdb965f5cdfce,GPL-3.0,copyleft,LICENSE (SPDX GPL-3.0 via the GitHub licence API),bibfor/algeline/axial.F90,1488,,,no_umat_entry,"Fortran, but it declares no SUBROUTINE UMAT",umat_extension_f90,,,round1_family_queries,,
xdbc/codeAster,292d95fe5afb9a516fbcac1c70afdb965f5cdfce,GPL-3.0,copyleft,LICENSE (SPDX GPL-3.0 via the GitHub licence API),bibfor/algeline/bijmoc.F90,10601,,,no_umat_entry,"Fortran, but it declares no SUBROUTINE UMAT",umat_extension_f90,,,round1_family_queries,,
xdbc/codeAster,292d95fe5afb9a516fbcac1c70afdb965f5cdfce,GPL-3.0,copyleft,LICENSE (SPDX GPL-3.0 via the GitHub licence API),bibfor/algeline/bijsom.F90,5371,,,no_umat_entry,"Fortran, but it declares no SUBROUTINE UMAT",umat_extension_f90,,,round1_family_queries,,
xdbc/codeAster,292d95fe5afb9a516fbcac1c70afdb965f5cdfce,GPL-3.0,copyleft,LICENSE (SPDX GPL-3.0 via the GitHub licence API),bibfor/algeline/binomial.F90,4692,,,no_umat_entry,"Fortran, but it declares no SUBROUTINE UMAT",umat_extension_f90,,,round1_family_queries,,
xdbc/codeAster,292d95fe5afb9a516fbcac1c70afdb965f5cdfce,GPL-3.0,copyleft,LICENSE (SPDX GPL-3.0 via the GitHub licence API),bibfor/algeline/bmocca.F90,10793,,,no_umat_entry,"Fortran, but it declares no SUBROUTINE UMAT",umat_extension_f90,,,round1_family_queries,,
xdbc/codeAster,292d95fe5afb9a516fbcac1c70afdb965f5cdfce,GPL-3.0,copyleft,LICENSE (SPDX GPL-3.0 via the GitHub licence API),bibfor/algeline/bprime.F90,7455,,,no_umat_entry,"Fortran, but it declares no SUBROUTINE UMAT",umat_extension_f90,,,round1_family_queries,,
xdbc/codeAster,292d95fe5afb9a516fbcac1c70afdb965f5cdfce,GPL-3.0,copyleft,LICENSE (SPDX GPL-3.0 via the GitHub licence API),bibfor/algeline/cajgr2.F90,7160,,,no_umat_entry,"Fortran, but it declares no SUBROUTINE UMAT",umat_extension_f90,,,round1_family_queries,,
xdbc/codeAster,292d95fe5afb9a516fbcac1c70afdb965f5cdfce,GPL-3.0,copyleft,LICENSE (SPDX GPL-3.0 via the GitHub licence API),bibfor/algeline/caladj.F90,5069,,,no_umat_entry,"Fortran, but it declares no SUBROUTINE UMAT",umat_extension_f90,,,round1_family_queries,,
xdbc/codeAster,292d95fe5afb9a516fbcac1c70afdb965f5cdfce,GPL-3.0,copyleft,LICENSE (SPDX GPL-3.0 via the GitHub licence API),bibfor/algeline/calajt.F90,2374,,,no_umat_entry,"Fortran, but it declares no SUBROUTINE UMAT",umat_extension_f90,,,round1_family_queries,,
xdbc/codeAster,292d95fe5afb9a516fbcac1c70afdb965f5cdfce,GPL-3.0,copyleft,LICENSE (SPDX GPL-3.0 via the GitHub licence API),bibfor/algeline/calcdr.F90,5173,,,no_umat_entry,"Fortran, but it declares no SUBROUTINE UMAT",umat_extension_f90,,,round1_family_queries,,
xdbc/codeAster,292d95fe5afb9a516fbcac1c70afdb965f5cdfce,GPL-3.0,copyleft,LICENSE (SPDX GPL-3.0 via the GitHub licence API),bibfor/algeline/calcds.F90,4085,,,no_umat_entry,"Fortran, but it declares no SUBROUTINE UMAT",umat_extension_f90,,,round1_family_queries,,
xdbc/codeAster,292d95fe5afb9a516fbcac1c70afdb965f5cdfce,GPL-3.0,copyleft,LICENSE (SPDX GPL-3.0 via the GitHub licence API),bibfor/algeline/calcdy.F90,3710,,,no_umat_entry,"Fortran, but it declares no SUBROUTINE UMAT",umat_extension_f90,,,round1_family_queries,,
xdbc/codeAster,292d95fe5afb9a516fbcac1c70afdb965f5cdfce,GPL-3.0,copyleft,LICENSE (SPDX GPL-3.0 via the GitHub licence API),bibfor/algeline/calcg.F90,3512,,,no_umat_entry,"Fortran, but it declares no SUBROUTINE UMAT",umat_extension_f90,,,round1_family_queries,,
xdbc/codeAster,292d95fe5afb9a516fbcac1c70afdb965f5cdfce,GPL-3.0,copyleft,LICENSE (SPDX GPL-3.0 via the GitHub licence API),bibfor/algeline/calcj0.F90,2871,,,no_umat_entry,"Fortran, but it declares no SUBROUTINE UMAT",umat_extension_f90,,,round1_family_queries,,
xdbc/codeAster,292d95fe5afb9a516fbcac1c70afdb965f5cdfce,GPL-3.0,copyleft,LICENSE (SPDX GPL-3.0 via the GitHub licence API),,0,,,not_examined,stopped after 25 files from this repository; 7940 not read,umat_extension_f90,,,round1_family_queries,,
xuzhiping/multiscale_winterschool_2021,,,,no LICENSE file detected by the GitHub API,,0,,,licence_absent,"no licence is declared, so nothing may be redistributed from it; a repository without a LICENSE file is refused, not assumed permissive; recorded and not fetched",umat_extension_f,,,round1_family_queries,,
yvanblanchard/ProgressiveFailureOfCompositesWithCalculix,,,,no LICENSE file detected by the GitHub API,,0,,,licence_absent,"no licence is declared, so nothing may be redistributed from it; a repository without a LICENSE file is refused, not assumed permissive; recorded and not fetched",fam_dmg_hashin,,,round1_family_queries,,
FatemeAhangari/CDM-UMAT-Subroutine,,,,no LICENSE file detected by the GitHub API,,0,,,licence_absent,"no licence is declared, so nothing may be redistributed from it; a repository without a LICENSE file is refused, not assumed permissive; recorded and not fetched",fam_dmg_damage,,,round1_family_queries,,
IDBIDO/caim,,,,no LICENSE file detected by the GitHub API,,0,,,licence_absent,"no licence is declared, so nothing may be redistributed from it; a repository without a LICENSE file is refused, not assumed permissive; recorded and not fetched",fam_dmg_damage,,,round1_family_queries,,
IllinoisRocstar/Rocstar-legacy,4fa69deac4fdaff6b20ed21012bf4089e97d6c37,MIT,permissive,LICENSE (SPDX MIT inferred from the licence text; GitHub's API reported no identifier for this file),Rocfrac/SourceIMP/Source/v3d8_me.f90,60953,,,no_umat_entry,"Fortran, but it declares no SUBROUTINE UMAT",aba_param_include,,,round1_family_queries,,
IllinoisRocstar/Rocstar-legacy,4fa69deac4fdaff6b20ed21012bf4089e97d6c37,MIT,permissive,LICENSE (SPDX MIT inferred from the licence text; GitHub's API reported no identifier for this file),Rocburn/01.burn_interface_data.f90,5163,,,no_umat_entry,"Fortran, but it declares no SUBROUTINE UMAT",aba_param_include,,,round1_family_queries,,
IllinoisRocstar/Rocstar-legacy,4fa69deac4fdaff6b20ed21012bf4089e97d6c37,MIT,permissive,LICENSE (SPDX MIT inferred from the licence text; GitHub's API reported no identifier for this file),Rocburn/Rocburn_APN/02.burn_APN_global_data.f90,2779,,,no_umat_entry,"Fortran, but it declares no SUBROUTINE UMAT",aba_param_include,,,round1_family_queries,,
IllinoisRocstar/Rocstar-legacy,4fa69deac4fdaff6b20ed21012bf4089e97d6c37,MIT,permissive,LICENSE (SPDX MIT inferred from the licence text; GitHub's API reported no identifier for this file),Rocburn/Rocburn_APN/APN_input_0d.f90,5555,,,no_umat_entry,"Fortran, but it declares no SUBROUTINE UMAT",aba_param_include,,,round1_family_queries,,
IllinoisRocstar/Rocstar-legacy,4fa69deac4fdaff6b20ed21012bf4089e97d6c37,MIT,permissive,LICENSE (SPDX MIT inferred from the licence text; GitHub's API reported no identifier for this file),Rocburn/Rocburn_APN/Rocburn_1D_APN.f90,7139,,,no_umat_entry,"Fortran, but it declares no SUBROUTINE UMAT",aba_param_include,,,round1_family_queries,,
IllinoisRocstar/Rocstar-legacy,4fa69deac4fdaff6b20ed21012bf4089e97d6c37,MIT,permissive,LICENSE (SPDX MIT inferred from the licence text; GitHub's API reported no identifier for this file),Rocburn/Rocburn_PY/Rocburn_py.f90,1940,,,no_umat_entry,"Fortran, but it declares no SUBROUTINE UMAT",aba_param_include,,,round1_family_queries,,
IllinoisRocstar/Rocstar-legacy,4fa69deac4fdaff6b20ed21012bf4089e97d6c37,MIT,permissive,LICENSE (SPDX MIT inferred from the licence text; GitHub's API reported no identifier for this file),Rocburn/Rocburn_PY/data_py.f90,9310,,,no_umat_entry,"Fortran, but it declares no SUBROUTINE UMAT",aba_param_include,,,round1_family_queries,,
IllinoisRocstar/Rocstar-legacy,4fa69deac4fdaff6b20ed21012bf4089e97d6c37,MIT,permissive,LICENSE (SPDX MIT inferred from the licence text; GitHub's API reported no identifier for this file),Rocburn/Rocburn_PY/init_py.f90,6157,,,no_umat_entry,"Fortran, but it declares no SUBROUTINE UMAT",aba_param_include,,,round1_family_queries,,
IllinoisRocstar/Rocstar-legacy,4fa69deac4fdaff6b20ed21012bf4089e97d6c37,MIT,permissive,LICENSE (SPDX MIT inferred from the licence text; GitHub's API reported no identifier for this file),Rocburn/Rocburn_PY/setup_py.f90,20505,,,no_umat_entry,"Fortran, but it declares no SUBROUTINE UMAT",aba_param_include,,,round1_family_queries,,
IllinoisRocstar/Rocstar-legacy,4fa69deac4fdaff6b20ed21012bf4089e97d6c37,MIT,permissive,LICENSE (SPDX MIT inferred from the licence text; GitHub's API reported no identifier for this file),Rocburn/Rocburn_PY/test/rocburn_2D.f90,3322,,,no_umat_entry,"Fortran, but it declares no SUBROUTINE UMAT",aba_param_include,,,round1_family_queries,,
IllinoisRocstar/Rocstar-legacy,4fa69deac4fdaff6b20ed21012bf4089e97d6c37,MIT,permissive,LICENSE (SPDX MIT inferred from the licence text; GitHub's API reported no identifier for this file),Rocburn/Rocburn_PY/update_py.f90,9776,,,no_umat_entry,"Fortran, but it declares no SUBROUTINE UMAT",aba_param_include,,,round1_family_queries,,
IllinoisRocstar/Rocstar-legacy,4fa69deac4fdaff6b20ed21012bf4089e97d6c37,MIT,permissive,LICENSE (SPDX MIT inferred from the licence text; GitHub's API reported no identifier for this file),Rocburn/Rocburn_ZN/02.burn_ZN_global_data.f90,3195,,,no_umat_entry,"Fortran, but it declares no SUBROUTINE UMAT",aba_param_include,,,round1_family_queries,,
IllinoisRocstar/Rocstar-legacy,4fa69deac4fdaff6b20ed21012bf4089e97d6c37,MIT,permissive,LICENSE (SPDX MIT inferred from the licence text; GitHub's API reported no identifier for this file),Rocburn/Rocburn_ZN/Rocburn_1D_ZN.f90,11971,,,no_umat_entry,"Fortran, but it declares no SUBROUTINE UMAT",aba_param_include,,,round1_family_queries,,
IllinoisRocstar/Rocstar-legacy,4fa69deac4fdaff6b20ed21012bf4089e97d6c37,MIT,permissive,LICENSE (SPDX MIT inferred from the licence text; GitHub's API reported no identifier for this file),Rocburn/Rocburn_ZN/ZN_burn_combustion.f,20449,,,no_umat_entry,"Fortran, but it declares no SUBROUTINE UMAT",aba_param_include,,,round1_family_queries,,
IllinoisRocstar/Rocstar-legacy,4fa69deac4fdaff6b20ed21012bf4089e97d6c37,MIT,permissive,LICENSE (SPDX MIT inferred from the licence text; GitHub's API reported no identifier for this file),Rocburn/Rocburn_ZN/ZN_calc_burning_rate.f90,19210,,,no_umat_entry,"Fortran, but it declares no SUBROUTINE UMAT",aba_param_include,,,round1_family_queries,,
IllinoisRocstar/Rocstar-legacy,4fa69deac4fdaff6b20ed21012bf4089e97d6c37,MIT,permissive,LICENSE (SPDX MIT inferred from the licence text; GitHub's API reported no identifier for this file),Rocburn/Rocburn_ZN/ZN_gen_grid.f90,4884,,,no_umat_entry,"Fortran, but it declares no SUBROUTINE UMAT",aba_param_include,,,round1_family_queries,,
IllinoisRocstar/Rocstar-legacy,4fa69deac4fdaff6b20ed21012bf4089e97d6c37,MIT,permissive,LICENSE (SPDX MIT inferred from the licence text; GitHub's API reported no identifier for this file),Rocburn/Rocburn_ZN/ZN_ignition_combustion.f,14370,,,no_umat_entry,"Fortran, but it declares no SUBROUTINE UMAT",aba_param_include,,,round1_family_queries,,
IllinoisRocstar/Rocstar-legacy,4fa69deac4fdaff6b20ed21012bf4089e97d6c37,MIT,permissive,LICENSE (SPDX MIT inferred from the licence text; GitHub's API reported no identifier for this file),Rocburn/Rocburn_ZN/ZN_input_0d.f90,6940,,,no_umat_entry,"Fortran, but it declares no SUBROUTINE UMAT",aba_param_include,,,round1_family_queries,,
IllinoisRocstar/Rocstar-legacy,4fa69deac4fdaff6b20ed21012bf4089e97d6c37,MIT,permissive,LICENSE (SPDX MIT inferred from the licence text; GitHub's API reported no identifier for this file),Rocburn/Rocburn_ZN/ZN_ssWSB.f90,15107,,,no_umat_entry,"Fortran, but it declares no SUBROUTINE UMAT",aba_param_include,,,round1_family_queries,,
IllinoisRocstar/Rocstar-legacy,4fa69deac4fdaff6b20ed21012bf4089e97d6c37,MIT,permissive,LICENSE (SPDX MIT inferred from the licence text; GitHub's API reported no identifier for this file),Rocburn/Rocburn_ZN/input_combustion.f,14881,,,no_umat_entry,"Fortran, but it declares no SUBROUTINE UMAT",aba_param_include,,,round1_family_queries,,
IllinoisRocstar/Rocstar-legacy,4fa69deac4fdaff6b20ed21012bf4089e97d6c37,MIT,permissive,LICENSE (SPDX MIT inferred from the licence text; GitHub's API reported no identifier for this file),Rocburn/Rocburn_load_module.f90,9068,,,no_umat_entry,"Fortran, but it declares no SUBROUTINE UMAT",aba_param_include,,,round1_family_queries,,
IllinoisRocstar/Rocstar-legacy,4fa69deac4fdaff6b20ed21012bf4089e97d6c37,MIT,permissive,LICENSE (SPDX MIT inferred from the licence text; GitHub's API reported no identifier for this file),Rocburn/calcdist.f90,1984,,,no_umat_entry,"Fortran, but it declares no SUBROUTINE UMAT",aba_param_include,,,round1_family_queries,,
IllinoisRocstar/Rocstar-legacy,4fa69deac4fdaff6b20ed21012bf4089e97d6c37,MIT,permissive,LICENSE (SPDX MIT inferred from the licence text; GitHub's API reported no identifier for this file),Rocburn/rocburn_2D.f90,23390,,,no_umat_entry,"Fortran, but it declares no SUBROUTINE UMAT",aba_param_include,,,round1_family_queries,,
IllinoisRocstar/Rocstar-legacy,4fa69deac4fdaff6b20ed21012bf4089e97d6c37,MIT,permissive,LICENSE (SPDX MIT inferred from the licence text; GitHub's API reported no identifier for this file),Roccom/Rocin/test/readsdv.f90,3307,,,no_umat_entry,"Fortran, but it declares no SUBROUTINE UMAT",aba_param_include,,,round1_family_queries,,
IllinoisRocstar/Rocstar-legacy,4fa69deac4fdaff6b20ed21012bf4089e97d6c37,MIT,permissive,LICENSE (SPDX MIT inferred from the licence text; GitHub's API reported no identifier for this file),Roccom/src/m_pointers.f90,2139,,,no_umat_entry,"Fortran, but it declares no SUBROUTINE UMAT",aba_param_include,,,round1_family_queries,,
IllinoisRocstar/Rocstar-legacy,4fa69deac4fdaff6b20ed21012bf4089e97d6c37,MIT,permissive,LICENSE (SPDX MIT inferred from the licence text; GitHub's API reported no identifier for this file),,0,,,not_examined,stopped after 25 files from this repository; 1650 not read,aba_param_include,,,round1_family_queries,,
IllinoisRocstar/RocstarBasement,4b2f8d84c1247884edfefbc350d1487583ffb158,MIT,permissive,LICENSE (SPDX MIT inferred from the licence text; GitHub's API reported no identifier for this file),Rocfrac/SourceIMP/Source/v3d8_me.f90,60953,,,no_umat_entry,"Fortran, but it declares no SUBROUTINE UMAT",aba_param_include,,,round1_family_queries,,
IllinoisRocstar/RocstarBasement,4b2f8d84c1247884edfefbc350d1487583ffb158,MIT,permissive,LICENSE (SPDX MIT inferred from the licence text; GitHub's API reported no identifier for this file),Rocburn/01.burn_interface_data.f90,5163,,,no_umat_entry,"Fortran, but it declares no SUBROUTINE UMAT",aba_param_include,,,round1_family_queries,,
IllinoisRocstar/RocstarBasement,4b2f8d84c1247884edfefbc350d1487583ffb158,MIT,permissive,LICENSE (SPDX MIT inferred from the licence text; GitHub's API reported no identifier for this file),Rocburn/Rocburn_APN/02.burn_APN_global_data.f90,2779,,,no_umat_entry,"Fortran, but it declares no SUBROUTINE UMAT",aba_param_include,,,round1_family_queries,,
IllinoisRocstar/RocstarBasement,4b2f8d84c1247884edfefbc350d1487583ffb158,MIT,permissive,LICENSE (SPDX MIT inferred from the licence text; GitHub's API reported no identifier for this file),Rocburn/Rocburn_APN/APN_input_0d.f90,5555,,,no_umat_entry,"Fortran, but it declares no SUBROUTINE UMAT",aba_param_include,,,round1_family_queries,,
IllinoisRocstar/RocstarBasement,4b2f8d84c1247884edfefbc350d1487583ffb158,MIT,permissive,LICENSE (SPDX MIT inferred from the licence text; GitHub's API reported no identifier for this file),Rocburn/Rocburn_APN/Rocburn_1D_APN.f90,7139,,,no_umat_entry,"Fortran, but it declares no SUBROUTINE UMAT",aba_param_include,,,round1_family_queries,,
IllinoisRocstar/RocstarBasement,4b2f8d84c1247884edfefbc350d1487583ffb158,MIT,permissive,LICENSE (SPDX MIT inferred from the licence text; GitHub's API reported no identifier for this file),Rocburn/Rocburn_PY/Rocburn_py.f90,1940,,,no_umat_entry,"Fortran, but it declares no SUBROUTINE UMAT",aba_param_include,,,round1_family_queries,,
IllinoisRocstar/RocstarBasement,4b2f8d84c1247884edfefbc350d1487583ffb158,MIT,permissive,LICENSE (SPDX MIT inferred from the licence text; GitHub's API reported no identifier for this file),Rocburn/Rocburn_PY/data_py.f90,9310,,,no_umat_entry,"Fortran, but it declares no SUBROUTINE UMAT",aba_param_include,,,round1_family_queries,,
IllinoisRocstar/RocstarBasement,4b2f8d84c1247884edfefbc350d1487583ffb158,MIT,permissive,LICENSE (SPDX MIT inferred from the licence text; GitHub's API reported no identifier for this file),Rocburn/Rocburn_PY/init_py.f90,6157,,,no_umat_entry,"Fortran, but it declares no SUBROUTINE UMAT",aba_param_include,,,round1_family_queries,,
IllinoisRocstar/RocstarBasement,4b2f8d84c1247884edfefbc350d1487583ffb158,MIT,permissive,LICENSE (SPDX MIT inferred from the licence text; GitHub's API reported no identifier for this file),Rocburn/Rocburn_PY/setup_py.f90,20511,,,no_umat_entry,"Fortran, but it declares no SUBROUTINE UMAT",aba_param_include,,,round1_family_queries,,
IllinoisRocstar/RocstarBasement,4b2f8d84c1247884edfefbc350d1487583ffb158,MIT,permissive,LICENSE (SPDX MIT inferred from the licence text; GitHub's API reported no identifier for this file),Rocburn/Rocburn_PY/test/rocburn_2D.f90,3322,,,no_umat_entry,"Fortran, but it declares no SUBROUTINE UMAT",aba_param_include,,,round1_family_queries,,
IllinoisRocstar/RocstarBasement,4b2f8d84c1247884edfefbc350d1487583ffb158,MIT,permissive,LICENSE (SPDX MIT inferred from the licence text; GitHub's API reported no identifier for this file),Rocburn/Rocburn_PY/update_py.f90,9776,,,no_umat_entry,"Fortran, but it declares no SUBROUTINE UMAT",aba_param_include,,,round1_family_queries,,
IllinoisRocstar/RocstarBasement,4b2f8d84c1247884edfefbc350d1487583ffb158,MIT,permissive,LICENSE (SPDX MIT inferred from the licence text; GitHub's API reported no identifier for this file),Rocburn/Rocburn_ZN/02.burn_ZN_global_data.f90,3195,,,no_umat_entry,"Fortran, but it declares no SUBROUTINE UMAT",aba_param_include,,,round1_family_queries,,
IllinoisRocstar/RocstarBasement,4b2f8d84c1247884edfefbc350d1487583ffb158,MIT,permissive,LICENSE (SPDX MIT inferred from the licence text; GitHub's API reported no identifier for this file),Rocburn/Rocburn_ZN/Rocburn_1D_ZN.f90,11971,,,no_umat_entry,"Fortran, but it declares no SUBROUTINE UMAT",aba_param_include,,,round1_family_queries,,
IllinoisRocstar/RocstarBasement,4b2f8d84c1247884edfefbc350d1487583ffb158,MIT,permissive,LICENSE (SPDX MIT inferred from the licence text; GitHub's API reported no identifier for this file),Rocburn/Rocburn_ZN/ZN_burn_combustion.f,20449,,,no_umat_entry,"Fortran, but it declares no SUBROUTINE UMAT",aba_param_include,,,round1_family_queries,,
IllinoisRocstar/RocstarBasement,4b2f8d84c1247884edfefbc350d1487583ffb158,MIT,permissive,LICENSE (SPDX MIT inferred from the licence text; GitHub's API reported no identifier for this file),Rocburn/Rocburn_ZN/ZN_calc_burning_rate.f90,19210,,,no_umat_entry,"Fortran, but it declares no SUBROUTINE UMAT",aba_param_include,,,round1_family_queries,,
IllinoisRocstar/RocstarBasement,4b2f8d84c1247884edfefbc350d1487583ffb158,MIT,permissive,LICENSE (SPDX MIT inferred from the licence text; GitHub's API reported no identifier for this file),Rocburn/Rocburn_ZN/ZN_gen_grid.f90,4884,,,no_umat_entry,"Fortran, but it declares no SUBROUTINE UMAT",aba_param_include,,,round1_family_queries,,
IllinoisRocstar/RocstarBasement,4b2f8d84c1247884edfefbc350d1487583ffb158,MIT,permissive,LICENSE (SPDX MIT inferred from the licence text; GitHub's API reported no identifier for this file),Rocburn/Rocburn_ZN/ZN_ignition_combustion.f,14370,,,no_umat_entry,"Fortran, but it declares no SUBROUTINE UMAT",aba_param_include,,,round1_family_queries,,
IllinoisRocstar/RocstarBasement,4b2f8d84c1247884edfefbc350d1487583ffb158,MIT,permissive,LICENSE (SPDX MIT inferred from the licence text; GitHub's API reported no identifier for this file),Rocburn/Rocburn_ZN/ZN_input_0d.f90,6940,,,no_umat_entry,"Fortran, but it declares no SUBROUTINE UMAT",aba_param_include,,,round1_family_queries,,
IllinoisRocstar/RocstarBasement,4b2f8d84c1247884edfefbc350d1487583ffb158,MIT,permissive,LICENSE (SPDX MIT inferred from the licence text; GitHub's API reported no identifier for this file),Rocburn/Rocburn_ZN/ZN_ssWSB.f90,15107,,,no_umat_entry,"Fortran, but it declares no SUBROUTINE UMAT",aba_param_include,,,round1_family_queries,,
IllinoisRocstar/RocstarBasement,4b2f8d84c1247884edfefbc350d1487583ffb158,MIT,permissive,LICENSE (SPDX MIT inferred from the licence text; GitHub's API reported no identifier for this file),Rocburn/Rocburn_ZN/input_combustion.f,14881,,,no_umat_entry,"Fortran, but it declares no SUBROUTINE UMAT",aba_param_include,,,round1_family_queries,,
IllinoisRocstar/RocstarBasement,4b2f8d84c1247884edfefbc350d1487583ffb158,MIT,permissive,LICENSE (SPDX MIT inferred from the licence text; GitHub's API reported no identifier for this file),Rocburn/Rocburn_load_module.f90,9068,,,no_umat_entry,"Fortran, but it declares no SUBROUTINE UMAT",aba_param_include,,,round1_family_queries,,
IllinoisRocstar/RocstarBasement,4b2f8d84c1247884edfefbc350d1487583ffb158,MIT,permissive,LICENSE (SPDX MIT inferred from the licence text; GitHub's API reported no identifier for this file),Rocburn/calcdist.f90,1984,,,no_umat_entry,"Fortran, but it declares no SUBROUTINE UMAT",aba_param_include,,,round1_family_queries,,
IllinoisRocstar/RocstarBasement,4b2f8d84c1247884edfefbc350d1487583ffb158,MIT,permissive,LICENSE (SPDX MIT inferred from the licence text; GitHub's API reported no identifier for this file),Rocburn/rocburn_2D.f90,23390,,,no_umat_entry,"Fortran, but it declares no SUBROUTINE UMAT",aba_param_include,,,round1_family_queries,,
IllinoisRocstar/RocstarBasement,4b2f8d84c1247884edfefbc350d1487583ffb158,MIT,permissive,LICENSE (SPDX MIT inferred from the licence text; GitHub's API reported no identifier for this file),Roccom/Rocin/test/readsdv.f90,3307,,,no_umat_entry,"Fortran, but it declares no SUBROUTINE UMAT",aba_param_include,,,round1_family_queries,,
IllinoisRocstar/RocstarBasement,4b2f8d84c1247884edfefbc350d1487583ffb158,MIT,permissive,LICENSE (SPDX MIT inferred from the licence text; GitHub's API reported no identifier for this file),Roccom/src/m_pointers.f90,2139,,,no_umat_entry,"Fortran, but it declares no SUBROUTINE UMAT",aba_param_include,,,round1_family_queries,,
IllinoisRocstar/RocstarBasement,4b2f8d84c1247884edfefbc350d1487583ffb158,MIT,permissive,LICENSE (SPDX MIT inferred from the licence text; GitHub's API reported no identifier for this file),,0,,,not_examined,stopped after 25 files from this repository; 1651 not read,aba_param_include,,,round1_family_queries,,
JensPfeifle/abaqus-usermat,,,,no LICENSE file detected by the GitHub API,,0,,,licence_absent,"no licence is declared, so nothing may be redistributed from it; a repository without a LICENSE file is refused, not assumed permissive; recorded and not fetched",umat_extension_f,,,round1_family_queries,,
Johann-Cardenas/ABQ-Scripting,,,,no LICENSE file detected by the GitHub API,,0,,,licence_absent,"no licence is declared, so nothing may be redistributed from it; a repository without a LICENSE file is refused, not assumed permissive; recorded and not fetched",fam_geo_soil,,,round1_family_queries,,
KratosMultiphysics/Documentation,,BSD-3-Clause,permissive,LICENSE (SPDX BSD-3-Clause via the GitHub licence API),,0,,,unreadable,contents could not be listed: tree_truncated: the tree listing for KratosMultiphysics/Documentation@0d89b1986f89 was truncated by the API; a full clone would be needed to enumerate it,fam_geo_hypoplastic,,,round1_family_queries,,
L-Quinteros/PiezoresistiveFractureAbaqus,,,,no LICENSE file detected by the GitHub API,,0,,,licence_absent,"no licence is declared, so nothing may be redistributed from it; a repository without a LICENSE file is refused, not assumed permissive; recorded and not fetched",fam_dmg_phase_field,,,round1_family_queries,,
NumSim-Stack/numsim-materials,c7900eca49202b805a79da40d69ffe498bd6df26,GPL-3.0,copyleft,LICENSE (SPDX GPL-3.0 via the GitHub licence API),,0,,,no_fortran,its tree lists no Fortran file and no file the search matched,ddsdde_statev_nprops,,,round1_family_queries,,
Pooja96234/xyzzy,,,,no LICENSE file detected by the GitHub API,,0,,,licence_absent,"no licence is declared, so nothing may be redistributed from it; a repository without a LICENSE file is refused, not assumed permissive; recorded and not fetched",fam_geo_drucker,,,round1_family_queries,,
Rainy-fall-end/welding_pred_nn,,,,no LICENSE file detected by the GitHub API,,0,,,licence_absent,"no licence is declared, so nothing may be redistributed from it; a repository without a LICENSE file is refused, not assumed permissive; recorded and not fetched",aba_param_include,,,round1_family_queries,,
Roger-YU2022/Hashin-Failure-criterion-VUMAT,,,,no LICENSE file detected by the GitHub API,,0,,,licence_absent,"no licence is declared, so nothing may be redistributed from it; a repository without a LICENSE file is refused, not assumed permissive; recorded and not fetched",aba_param_include,,,round1_family_queries,,
SerafeimBakalakos/SoilMechanicsHPC,ebc22253e97ab6476026f91159c8dde7dfe53f69,Apache-2.0,permissive,LICENSE.md (SPDX Apache-2.0 via the GitHub licence API),FEMElements/FEMElements/rMaterialVonMisesConsistent.f90,1333,,,no_umat_entry,"Fortran, but it declares no SUBROUTINE UMAT",umat_ddsdde_ntens,,,round1_family_queries,,
SerafeimBakalakos/SoilMechanicsHPC,ebc22253e97ab6476026f91159c8dde7dfe53f69,Apache-2.0,permissive,LICENSE.md (SPDX Apache-2.0 via the GitHub licence API),FEMElements/FEMElements/FEMElements.f90,307,,,no_umat_entry,"Fortran, but it declares no SUBROUTINE UMAT",umat_ddsdde_ntens,,,round1_family_queries,,
SerafeimBakalakos/SoilMechanicsHPC,ebc22253e97ab6476026f91159c8dde7dfe53f69,Apache-2.0,permissive,LICENSE.md (SPDX Apache-2.0 via the GitHub licence API),FEMElements/FEMElements/rElHexa20.f90,54185,,,no_umat_entry,"Fortran, but it declares no SUBROUTINE UMAT",umat_ddsdde_ntens,,,round1_family_queries,,
SerafeimBakalakos/SoilMechanicsHPC,ebc22253e97ab6476026f91159c8dde7dfe53f69,Apache-2.0,permissive,LICENSE.md (SPDX Apache-2.0 via the GitHub licence API),FEMElements/FEMElements/rElHexa20u8p.f90,27129,,,no_umat_entry,"Fortran, but it declares no SUBROUTINE UMAT",umat_ddsdde_ntens,,,round1_family_queries,,
SerafeimBakalakos/SoilMechanicsHPC,ebc22253e97ab6476026f91159c8dde7dfe53f69,Apache-2.0,permissive,LICENSE.md (SPDX Apache-2.0 via the GitHub licence API),FEMElements/FEMElements/rElHexa8.f90,29962,,,no_umat_entry,"Fortran, but it declares no SUBROUTINE UMAT",umat_ddsdde_ntens,,,round1_family_queries,,
SerafeimBakalakos/SoilMechanicsHPC,ebc22253e97ab6476026f91159c8dde7dfe53f69,Apache-2.0,permissive,LICENSE.md (SPDX Apache-2.0 via the GitHub licence API),FEMElements/FEMElements/rMaterialVonMises.f90,4330,,,no_umat_entry,"Fortran, but it declares no SUBROUTINE UMAT",umat_ddsdde_ntens,,,round1_family_queries,,
SerafeimBakalakos/SoilMechanicsHPC,ebc22253e97ab6476026f91159c8dde7dfe53f69,Apache-2.0,permissive,LICENSE.md (SPDX Apache-2.0 via the GitHub licence API),FEMElements/FEMElements/rMaterialVonMisesConsistentUMAT.for,4434,,,no_umat_entry,"Fortran, but it declares no SUBROUTINE UMAT",umat_ddsdde_ntens,,,round1_family_queries,,
SoftTissueBiomechanicsLab/No_Strings_Attached,,CC-BY-4.0,permissive,LICENSE-CC-BY.txt (SPDX CC-BY-4.0 via the GitHub licence API),,0,,,licence_incompatible,CC-BY-4.0 is outside the set this project may redistribute; recorded and not fetched,aba_param_include,,,round1_family_queries,,
SzMarton93/MOOSE,,LGPL-2.1,permissive,LICENSE (SPDX LGPL-2.1 via the GitHub licence API),,0,,,licence_incompatible,LGPL-2.1 is outside the set this project may redistribute; recorded and not fetched,fam_plast_hardening,,,round1_family_queries,,
TheoChristo/MSolve.Bio,be30f2fdfc8e800b9eafae91abf1c12307d87c4e,Apache-2.0,permissive,LICENSE.md (SPDX Apache-2.0 via the GitHub licence API),FEMElements/FEMElements/rMaterialVonMisesConsistent.f90,1333,,,no_umat_entry,"Fortran, but it declares no SUBROUTINE UMAT",umat_ddsdde_ntens,,,round1_family_queries,,
TheoChristo/MSolve.Bio,be30f2fdfc8e800b9eafae91abf1c12307d87c4e,Apache-2.0,permissive,LICENSE.md (SPDX Apache-2.0 via the GitHub licence API),FEMElements/FEMElements/FEMElements.f90,307,,,no_umat_entry,"Fortran, but it declares no SUBROUTINE UMAT",umat_ddsdde_ntens,,,round1_family_queries,,
TheoChristo/MSolve.Bio,be30f2fdfc8e800b9eafae91abf1c12307d87c4e,Apache-2.0,permissive,LICENSE.md (SPDX Apache-2.0 via the GitHub licence API),FEMElements/FEMElements/rElHexa20.f90,54185,,,no_umat_entry,"Fortran, but it declares no SUBROUTINE UMAT",umat_ddsdde_ntens,,,round1_family_queries,,
TheoChristo/MSolve.Bio,be30f2fdfc8e800b9eafae91abf1c12307d87c4e,Apache-2.0,permissive,LICENSE.md (SPDX Apache-2.0 via the GitHub licence API),FEMElements/FEMElements/rElHexa20u8p.f90,27129,,,no_umat_entry,"Fortran, but it declares no SUBROUTINE UMAT",umat_ddsdde_ntens,,,round1_family_queries,,
TheoChristo/MSolve.Bio,be30f2fdfc8e800b9eafae91abf1c12307d87c4e,Apache-2.0,permissive,LICENSE.md (SPDX Apache-2.0 via the GitHub licence API),FEMElements/FEMElements/rElHexa8.f90,29962,,,no_umat_entry,"Fortran, but it declares no SUBROUTINE UMAT",umat_ddsdde_ntens,,,round1_family_queries,,
TheoChristo/MSolve.Bio,be30f2fdfc8e800b9eafae91abf1c12307d87c4e,Apache-2.0,permissive,LICENSE.md (SPDX Apache-2.0 via the GitHub licence API),FEMElements/FEMElements/rMaterialVonMises.f90,4330,,,no_umat_entry,"Fortran, but it declares no SUBROUTINE UMAT",umat_ddsdde_ntens,,,round1_family_queries,,
TheoChristo/MSolve.Bio,be30f2fdfc8e800b9eafae91abf1c12307d87c4e,Apache-2.0,permissive,LICENSE.md (SPDX Apache-2.0 via the GitHub licence API),FEMElements/FEMElements/rMaterialVonMisesConsistentUMAT.for,4434,,,no_umat_entry,"Fortran, but it declares no SUBROUTINE UMAT",umat_ddsdde_ntens,,,round1_family_queries,,
TranNQ/An-ABAQUS-implementation-of-the-enhanced-local-damage-model-for-quasi-brittle-fracture,,,,no LICENSE file detected by the GitHub API,,0,,,licence_absent,"no licence is declared, so nothing may be redistributed from it; a repository without a LICENSE file is refused, not assumed permissive; recorded and not fetched",fam_plast_von_mises,,,round1_family_queries,,
XiLiKK/Abaqus-Phase-Field-Fatigue-UEL-Automation-Toolkit,,,,no LICENSE file detected by the GitHub API,,0,,,licence_absent,"no licence is declared, so nothing may be redistributed from it; a repository without a LICENSE file is refused, not assumed permissive; recorded and not fetched",fam_dmg_phase_field,,,round1_family_queries,,
YB-LIM/Steinberg-Guinan_VUMAT,e091d23663af07d344f5320fb198b665ba815f9f,MIT,permissive,LICENSE (SPDX MIT via the GitHub licence API),Model/Steinberg_Guinan_VUMAT.for,16763,,,no_umat_entry,declares a VUMAT and no UMAT; the explicit interface is out of scope,aba_param_include,,,round1_family_queries,,
YB-LIM/Van_der_Waals_UINTER,,,,no LICENSE file detected by the GitHub API,,0,,,licence_absent,"no licence is declared, so nothing may be redistributed from it; a repository without a LICENSE file is refused, not assumed permissive; recorded and not fetched",aba_param_include,,,round1_family_queries,,
adwardF/ABQnn,,,,no LICENSE file detected by the GitHub API,,0,,,licence_absent,"no licence is declared, so nothing may be redistributed from it; a repository without a LICENSE file is refused, not assumed permissive; recorded and not fetched",fam_oth_hyperelastic,,,round1_family_queries,,
apc-llc/moose,,LGPL-2.1,permissive,LICENSE (SPDX LGPL-2.1 via the GitHub licence API),,0,,,licence_incompatible,LGPL-2.1 is outside the set this project may redistribute; recorded and not fetched,fam_plast_hardening,,,round1_family_queries,,
aprilnovak/coupling-moose,,LGPL-2.1,permissive,LICENSE (SPDX LGPL-2.1 via the GitHub licence API),,0,,,licence_incompatible,LGPL-2.1 is outside the set this project may redistribute; recorded and not fetched,fam_plast_hardening,,,round1_family_queries,,
bertoldi-collab/aerodynamic-textile-metamaterials,8bec4dbbb0eb4cb93770bbbb8441446c374f7249,MIT,permissive,LICENSE (SPDX MIT via the GitHub licence API),simulation/subroutines/MPC_PBC_CYL_2.f,31277,,,no_umat_entry,"Fortran, but it declares no SUBROUTINE UMAT",aba_param_include,,,round1_family_queries,,
bertoldi-collab/aerodynamic-textile-metamaterials,8bec4dbbb0eb4cb93770bbbb8441446c374f7249,MIT,permissive,LICENSE (SPDX MIT via the GitHub licence API),simulation/subroutines/Matlab Derivations/MPC_equations.f,27450,,,no_umat_entry,"Fortran, but it declares no SUBROUTINE UMAT",aba_param_include,,,round1_family_queries,,
burakbayramli/books,,,,no LICENSE file detected by the GitHub API,,0,,,licence_absent,"no licence is declared, so nothing may be redistributed from it; a repository without a LICENSE file is refused, not assumed permissive; recorded and not fetched",fam_oth_gent,,,round1_family_queries,,
cheneyjin/welding_dflux_subroutine,639159d04897438b1874963606f8cb072c0aca77,Apache-2.0,permissive,LICENSE (SPDX Apache-2.0 via the GitHub licence API),,0,,,no_fortran,its tree lists no Fortran file and no file the search matched,aba_param_include,,,round1_family_queries,,
danielbi-ETHZ/learning_moose,,LGPL-2.1,permissive,LICENSE (SPDX LGPL-2.1 via the GitHub licence API),,0,,,licence_incompatible,LGPL-2.1 is outside the set this project may redistribute; recorded and not fetched,fam_plast_hardening,,,round1_family_queries,,
eivindhugaas/Abaverify_Example,,,,no LICENSE file detected by the GitHub API,,0,,,licence_absent,"no licence is declared, so nothing may be redistributed from it; a repository without a LICENSE file is refused, not assumed permissive; recorded and not fetched",fam_dmg_damage,,,round1_family_queries,,
ep-infosec/28_nasa_CompDam_DGD,,,,LICENSE.txt present but neither GitHub nor a text match identified a licence,,0,,,licence_absent,"no licence is declared, so nothing may be redistributed from it; a repository without a LICENSE file is refused, not assumed permissive; recorded and not fetched",fam_dmg_damage,,,round1_family_queries,,
fkfest/NECI_STABLE,6765ae0a46a3ccf189450dc516dd79ba0fb083d1,GPL-3.0,copyleft,LICENCE (SPDX GPL-3.0 via the GitHub licence API),src/LMat_class.F90,35255,,,no_umat_entry,"Fortran, but it declares no SUBROUTINE UMAT",umat_extension_f90,,,round1_family_queries,,
fkfest/NECI_STABLE,6765ae0a46a3ccf189450dc516dd79ba0fb083d1,GPL-3.0,copyleft,LICENCE (SPDX GPL-3.0 via the GitHub licence API),python/neci_guga.F90,2569,,,no_umat_entry,"Fortran, but it declares no SUBROUTINE UMAT",umat_extension_f90,,,round1_family_queries,,
fkfest/NECI_STABLE,6765ae0a46a3ccf189450dc516dd79ba0fb083d1,GPL-3.0,copyleft,LICENCE (SPDX GPL-3.0 via the GitHub licence API),src/Annihilation.F90,84564,,,no_umat_entry,"Fortran, but it declares no SUBROUTINE UMAT",umat_extension_f90,,,round1_family_queries,,
fkfest/NECI_STABLE,6765ae0a46a3ccf189450dc516dd79ba0fb083d1,GPL-3.0,copyleft,LICENCE (SPDX GPL-3.0 via the GitHub licence API),src/BitReps.F90,46767,,,no_umat_entry,"Fortran, but it declares no SUBROUTINE UMAT",umat_extension_f90,,,round1_family_queries,,
fkfest/NECI_STABLE,6765ae0a46a3ccf189450dc516dd79ba0fb083d1,GPL-3.0,copyleft,LICENCE (SPDX GPL-3.0 via the GitHub licence API),src/CAS_distribution_init.F90,24867,,,no_umat_entry,"Fortran, but it declares no SUBROUTINE UMAT",umat_extension_f90,,,round1_family_queries,,
fkfest/NECI_STABLE,6765ae0a46a3ccf189450dc516dd79ba0fb083d1,GPL-3.0,copyleft,LICENCE (SPDX GPL-3.0 via the GitHub licence API),src/CDF_sampling.fpp,4233,,,no_umat_entry,"Fortran, but it declares no SUBROUTINE UMAT",umat_extension_f90,,,round1_family_queries,,
fkfest/NECI_STABLE,6765ae0a46a3ccf189450dc516dd79ba0fb083d1,GPL-3.0,copyleft,LICENCE (SPDX GPL-3.0 via the GitHub licence API),src/CPMDData.F90,5253,,,no_umat_entry,"Fortran, but it declares no SUBROUTINE UMAT",umat_extension_f90,,,round1_family_queries,,
fkfest/NECI_STABLE,6765ae0a46a3ccf189450dc516dd79ba0fb083d1,GPL-3.0,copyleft,LICENCE (SPDX GPL-3.0 via the GitHub licence API),src/Calc.F90,215575,,,no_umat_entry,"Fortran, but it declares no SUBROUTINE UMAT",umat_extension_f90,,,round1_family_queries,,
fkfest/NECI_STABLE,6765ae0a46a3ccf189450dc516dd79ba0fb083d1,GPL-3.0,copyleft,LICENCE (SPDX GPL-3.0 via the GitHub licence API),src/CalcData.F90,29012,,,no_umat_entry,"Fortran, but it declares no SUBROUTINE UMAT",umat_extension_f90,,,round1_family_queries,,
fkfest/NECI_STABLE,6765ae0a46a3ccf189450dc516dd79ba0fb083d1,GPL-3.0,copyleft,LICENCE (SPDX GPL-3.0 via the GitHub licence API),src/DetBitOps.F90,39927,,,no_umat_entry,"Fortran, but it declares no SUBROUTINE UMAT",umat_extension_f90,,,round1_family_queries,,
fkfest/NECI_STABLE,6765ae0a46a3ccf189450dc516dd79ba0fb083d1,GPL-3.0,copyleft,LICENCE (SPDX GPL-3.0 via the GitHub licence API),src/DetCalc.F90,42644,,,no_umat_entry,"Fortran, but it declares no SUBROUTINE UMAT",umat_extension_f90,,,round1_family_queries,,
fkfest/NECI_STABLE,6765ae0a46a3ccf189450dc516dd79ba0fb083d1,GPL-3.0,copyleft,LICENCE (SPDX GPL-3.0 via the GitHub licence API),src/DetCalcData.F90,1869,,,no_umat_entry,"Fortran, but it declares no SUBROUTINE UMAT",umat_extension_f90,,,round1_family_queries,,
fkfest/NECI_STABLE,6765ae0a46a3ccf189450dc516dd79ba0fb083d1,GPL-3.0,copyleft,LICENCE (SPDX GPL-3.0 via the GitHub licence API),src/DeterminantData.F90,3386,,,no_umat_entry,"Fortran, but it declares no SUBROUTINE UMAT",umat_extension_f90,,,round1_family_queries,,
fkfest/NECI_STABLE,6765ae0a46a3ccf189450dc516dd79ba0fb083d1,GPL-3.0,copyleft,LICENCE (SPDX GPL-3.0 via the GitHub licence API),src/Determinants.F90,61988,,,no_umat_entry,"Fortran, but it declares no SUBROUTINE UMAT",umat_extension_f90,,,round1_family_queries,,
fkfest/NECI_STABLE,6765ae0a46a3ccf189450dc516dd79ba0fb083d1,GPL-3.0,copyleft,LICENCE (SPDX GPL-3.0 via the GitHub licence API),src/Determinants_impls.F90,8296,,,no_umat_entry,"Fortran, but it declares no SUBROUTINE UMAT",umat_extension_f90,,,round1_family_queries,,
fkfest/NECI_STABLE,6765ae0a46a3ccf189450dc516dd79ba0fb083d1,GPL-3.0,copyleft,LICENCE (SPDX GPL-3.0 via the GitHub licence API),src/ErrorAnalysis.F90,56357,,,no_umat_entry,"Fortran, but it declares no SUBROUTINE UMAT",umat_extension_f90,,,round1_family_queries,,
fkfest/NECI_STABLE,6765ae0a46a3ccf189450dc516dd79ba0fb083d1,GPL-3.0,copyleft,LICENCE (SPDX GPL-3.0 via the GitHub licence API),src/FciMCData.F90,32074,,,no_umat_entry,"Fortran, but it declares no SUBROUTINE UMAT",umat_extension_f90,,,round1_family_queries,,
fkfest/NECI_STABLE,6765ae0a46a3ccf189450dc516dd79ba0fb083d1,GPL-3.0,copyleft,LICENCE (SPDX GPL-3.0 via the GitHub licence API),src/FciMCLogging.F90,11661,,,no_umat_entry,"Fortran, but it declares no SUBROUTINE UMAT",umat_extension_f90,,,round1_family_queries,,
fkfest/NECI_STABLE,6765ae0a46a3ccf189450dc516dd79ba0fb083d1,GPL-3.0,copyleft,LICENCE (SPDX GPL-3.0 via the GitHub licence API),src/FciMCPar.F90,105585,,,no_umat_entry,"Fortran, but it declares no SUBROUTINE UMAT",umat_extension_f90,,,round1_family_queries,,
fkfest/NECI_STABLE,6765ae0a46a3ccf189450dc516dd79ba0fb083d1,GPL-3.0,copyleft,LICENCE (SPDX GPL-3.0 via the GitHub licence API),src/GAS/gasci.fpp,60953,,,no_umat_entry,"Fortran, but it declares no SUBROUTINE UMAT",umat_extension_f90,,,round1_family_queries,,
fkfest/NECI_STABLE,6765ae0a46a3ccf189450dc516dd79ba0fb083d1,GPL-3.0,copyleft,LICENCE (SPDX GPL-3.0 via the GitHub licence API),src/GAS/gasci_discarding.fpp,4471,,,no_umat_entry,"Fortran, but it declares no SUBROUTINE UMAT",umat_extension_f90,,,round1_family_queries,,
fkfest/NECI_STABLE,6765ae0a46a3ccf189450dc516dd79ba0fb083d1,GPL-3.0,copyleft,LICENCE (SPDX GPL-3.0 via the GitHub licence API),src/GAS/gasci_disconnected.fpp,26087,,,no_umat_entry,"Fortran, but it declares no SUBROUTINE UMAT",umat_extension_f90,,,round1_family_queries,,
fkfest/NECI_STABLE,6765ae0a46a3ccf189450dc516dd79ba0fb083d1,GPL-3.0,copyleft,LICENCE (SPDX GPL-3.0 via the GitHub licence API),src/GAS/gasci_on_the_fly_heat_bath.fpp,21495,,,no_umat_entry,"Fortran, but it declares no SUBROUTINE UMAT",umat_extension_f90,,,round1_family_queries,,
fkfest/NECI_STABLE,6765ae0a46a3ccf189450dc516dd79ba0fb083d1,GPL-3.0,copyleft,LICENCE (SPDX GPL-3.0 via the GitHub licence API),src/GAS/gasci_singles_main.fpp,15857,,,no_umat_entry,"Fortran, but it declares no SUBROUTINE UMAT",umat_extension_f90,,,round1_family_queries,,
fkfest/NECI_STABLE,6765ae0a46a3ccf189450dc516dd79ba0fb083d1,GPL-3.0,copyleft,LICENCE (SPDX GPL-3.0 via the GitHub licence API),src/GAS/gasci_supergroup_index.fpp,27534,,,no_umat_entry,"Fortran, but it declares no SUBROUTINE UMAT",umat_extension_f90,,,round1_family_queries,,
fkfest/NECI_STABLE,6765ae0a46a3ccf189450dc516dd79ba0fb083d1,GPL-3.0,copyleft,LICENCE (SPDX GPL-3.0 via the GitHub licence API),,0,,,not_examined,stopped after 25 files from this repository; 324 not read,umat_extension_f90,,,round1_family_queries,,
happyhappysyr/USDFLD_FGM,,,,no LICENSE file detected by the GitHub API,,0,,,licence_absent,"no licence is declared, so nothing may be redistributed from it; a repository without a LICENSE file is refused, not assumed permissive; recorded and not fetched",aba_param_include,,,round1_family_queries,,
hhupde/PSBFEM-Abaqus,,,,no LICENSE file detected by the GitHub API,,0,,,licence_absent,"no licence is declared, so nothing may be redistributed from it; a repository without a LICENSE file is refused, not assumed permissive; recorded and not fetched",aba_param_include,,,round1_family_queries,,
htn403/Hygro-Thermal-Poromechanics,,,,no LICENSE file detected by the GitHub API,,0,,,licence_absent,"no licence is declared, so nothing may be redistributed from it; a repository without a LICENSE file is refused, not assumed permissive; recorded and not fetched",fam_ve_viscoelastic,,,round1_family_queries,,
hyoungsuksuh/ABAQUS_NN,,,,no LICENSE file detected by the GitHub API,,0,,,licence_absent,"no licence is declared, so nothing may be redistributed from it; a repository without a LICENSE file is refused, not assumed permissive; recorded and not fetched",umat_extension_f,,,round1_family_queries,,
isChenXuan/AWI,,,,no LICENSE file detected by the GitHub API,,0,,,licence_absent,"no licence is declared, so nothing may be redistributed from it; a repository without a LICENSE file is refused, not assumed permissive; recorded and not fetched",aba_param_include,,,round1_family_queries,,
isaar/MSolve,606e86f31728f2ac0db0df94beebea784c9d143e,Apache-2.0,permissive,LICENSE (SPDX Apache-2.0 via the GitHub licence API),FEMElements/FEMElements/rMaterialVonMisesConsistent.f90,1333,,,no_umat_entry,"Fortran, but it declares no SUBROUTINE UMAT",umat_ddsdde_ntens,,,round1_family_queries,,
isaar/MSolve,606e86f31728f2ac0db0df94beebea784c9d143e,Apache-2.0,permissive,LICENSE (SPDX Apache-2.0 via the GitHub licence API),FEMElements/FEMElements/FEMElements.f90,307,,,no_umat_entry,"Fortran, but it declares no SUBROUTINE UMAT",umat_ddsdde_ntens,,,round1_family_queries,,
isaar/MSolve,606e86f31728f2ac0db0df94beebea784c9d143e,Apache-2.0,permissive,LICENSE (SPDX Apache-2.0 via the GitHub licence API),FEMElements/FEMElements/rElHexa20.f90,54185,,,no_umat_entry,"Fortran, but it declares no SUBROUTINE UMAT",umat_ddsdde_ntens,,,round1_family_queries,,
isaar/MSolve,606e86f31728f2ac0db0df94beebea784c9d143e,Apache-2.0,permissive,LICENSE (SPDX Apache-2.0 via the GitHub licence API),FEMElements/FEMElements/rElHexa20u8p.f90,27129,,,no_umat_entry,"Fortran, but it declares no SUBROUTINE UMAT",umat_ddsdde_ntens,,,round1_family_queries,,
isaar/MSolve,606e86f31728f2ac0db0df94beebea784c9d143e,Apache-2.0,permissive,LICENSE (SPDX Apache-2.0 via the GitHub licence API),FEMElements/FEMElements/rElHexa8.f90,29962,,,no_umat_entry,"Fortran, but it declares no SUBROUTINE UMAT",umat_ddsdde_ntens,,,round1_family_queries,,
isaar/MSolve,606e86f31728f2ac0db0df94beebea784c9d143e,Apache-2.0,permissive,LICENSE (SPDX Apache-2.0 via the GitHub licence API),FEMElements/FEMElements/rMaterialVonMises.f90,4330,,,no_umat_entry,"Fortran, but it declares no SUBROUTINE UMAT",umat_ddsdde_ntens,,,round1_family_queries,,
isaar/MSolve,606e86f31728f2ac0db0df94beebea784c9d143e,Apache-2.0,permissive,LICENSE (SPDX Apache-2.0 via the GitHub licence API),FEMElements/FEMElements/rMaterialVonMisesConsistentUMAT.for,4434,,,no_umat_entry,"Fortran, but it declares no SUBROUTINE UMAT",umat_ddsdde_ntens,,,round1_family_queries,,
jfgiraldoa/moose,,LGPL-2.1,permissive,LICENSE (SPDX LGPL-2.1 via the GitHub licence API),,0,,,licence_incompatible,LGPL-2.1 is outside the set this project may redistribute; recorded and not fetched,fam_plast_hardening,,,round1_family_queries,,
joel-laudo/YC-Fung-Predictive-TE,,,,no LICENSE file detected by the GitHub API,,0,,,licence_absent,"no licence is declared, so nothing may be redistributed from it; a repository without a LICENSE file is refused, not assumed permissive; recorded and not fetched",fam_oth_neohookean,,,round1_family_queries,,
kkiyama117/math,,,,no LICENSE file detected by the GitHub API,,0,,,licence_absent,"no licence is declared, so nothing may be redistributed from it; a repository without a LICENSE file is refused, not assumed permissive; recorded and not fetched",umat_extension_f90,,,round1_family_queries,,
kkodagali/Puck-Failure-Criteria,,,,no LICENSE file detected by the GitHub API,,0,,,licence_absent,"no licence is declared, so nothing may be redistributed from it; a repository without a LICENSE file is refused, not assumed permissive; recorded and not fetched",fam_dmg_damage,,,round1_family_queries,,
kranthibalusu/CrackGrowth,,,,no LICENSE file detected by the GitHub API,,0,,,licence_absent,"no licence is declared, so nothing may be redistributed from it; a repository without a LICENSE file is refused, not assumed permissive; recorded and not fetched",aba_param_include,,,round1_family_queries,,
liudss/hencky-jc-vumat,,,,no LICENSE file detected by the GitHub API,,0,,,licence_absent,"no licence is declared, so nothing may be redistributed from it; a repository without a LICENSE file is refused, not assumed permissive; recorded and not fetched",umat_extension_f90,,,round1_family_queries,,
mjhmilla/Millard2024VEXATMuscleLSDYNA,,,,no LICENSE file detected by the GitHub API,,0,,,licence_absent,"no licence is declared, so nothing may be redistributed from it; a repository without a LICENSE file is refused, not assumed permissive; recorded and not fetched",fam_ve_viscoelastic,,,round1_family_queries,,
peirlincklab/universalmatsubroutine,1654e58d524a80607dcac31a0e49d4e1c5d61b57,MIT,permissive,LICENSE (SPDX MIT inferred from the licence text; GitHub's API reported no identifier for this file),WORKSHOP/UANIuniversal.f,8934,,,no_umat_entry,"Fortran, but it declares no SUBROUTINE UMAT",aba_param_include,,,round1_family_queries,,
peirlincklab/universalmatsubroutine,1654e58d524a80607dcac31a0e49d4e1c5d61b57,MIT,permissive,LICENSE (SPDX MIT inferred from the licence text; GitHub's API reported no identifier for this file),APPLICATIONS/UANIuniversal.f,8934,,,no_umat_entry,"Fortran, but it declares no SUBROUTINE UMAT",aba_param_include,,,round1_family_queries,,
peirlincklab/universalmatsubroutine,1654e58d524a80607dcac31a0e49d4e1c5d61b57,MIT,permissive,LICENSE (SPDX MIT inferred from the licence text; GitHub's API reported no identifier for this file),SUBROUTINE/UANIuniversal.f,8934,,,no_umat_entry,"Fortran, but it declares no SUBROUTINE UMAT",aba_param_include,,,round1_family_queries,,
sYasman/Abaqus_and_ML,,,,no LICENSE file detected by the GitHub API,,0,,,licence_absent,"no licence is declared, so nothing may be redistributed from it; a repository without a LICENSE file is refused, not assumed permissive; recorded and not fetched",fam_dmg_damage,,,round1_family_queries,,
saifoaj/hede-inconel600,45fc0a7de0501fa8e72af26b61df2fedc7a68794,MIT,permissive,LICENSE (SPDX MIT via the GitHub licence API),simulation/usdfld.f,2694,,,no_umat_entry,"Fortran, but it declares no SUBROUTINE UMAT",aba_param_include,,,round1_family_queries,,
shuishengy/abaqus-umat-for-viscoelastcity,,,,no LICENSE file detected by the GitHub API,,0,,,licence_absent,"no licence is declared, so nothing may be redistributed from it; a repository without a LICENSE file is refused, not assumed permissive; recorded and not fetched",fam_ve_prony,,,round1_family_queries,,
synodriver/abaqus_subroutines,,,,no LICENSE file detected by the GitHub API,,0,,,licence_absent,"no licence is declared, so nothing may be redistributed from it; a repository without a LICENSE file is refused, not assumed permissive; recorded and not fetched",aba_param_include,,,round1_family_queries,,
tajtac/NODE_v2,,,,LICENSE present but neither GitHub nor a text match identified a licence,,0,,,licence_absent,"no licence is declared, so nothing may be redistributed from it; a repository without a LICENSE file is refused, not assumed permissive; recorded and not fetched",aba_param_include,,,round1_family_queries,,
tajtac/node_diffusion,,,,no LICENSE file detected by the GitHub API,,0,,,licence_absent,"no licence is declared, so nothing may be redistributed from it; a repository without a LICENSE file is refused, not assumed permissive; recorded and not fetched",aba_param_include,,,round1_family_queries,,
tgulikers/ABAQUS_ANN_constitutive_model,,,,no LICENSE file detected by the GitHub API,,0,,,licence_absent,"no licence is declared, so nothing may be redistributed from it; a repository without a LICENSE file is refused, not assumed permissive; recorded and not fetched",fam_dmg_damage,,,round1_family_queries,,
wjin33/Nonsmooth-yield-surface,,,,no LICENSE file detected by the GitHub API,,0,,,licence_absent,"no licence is declared, so nothing may be redistributed from it; a repository without a LICENSE file is refused, not assumed permissive; recorded and not fetched",fam_dmg_damage,,,round1_family_queries,,
ywytrew/pyaba,,,,no LICENSE file detected by the GitHub API,,0,,,licence_absent,"no licence is declared, so nothing may be redistributed from it; a repository without a LICENSE file is refused, not assumed permissive; recorded and not fetched",aba_param_include,,,round1_family_queries,,
10minuters/Abaqus-Subroutine-setup-help,,,,no LICENSE file detected by the GitHub API,,0,,,licence_absent,"no licence is declared, so nothing may be redistributed from it; a repository without a LICENSE file is refused, not assumed permissive; recorded and not fetched",frepo_abaqus_subroutine,,,round1_family_queries,,
130quinteros/abq_link_fortran,,,,no LICENSE file detected by the GitHub API,,0,,,licence_absent,"no licence is declared, so nothing may be redistributed from it; a repository without a LICENSE file is refused, not assumed permissive; recorded and not fetched",frepo_abaqus_subroutine,,,round1_family_queries,,
1721780603-cell/abaqus-codex-assistant,00780cdb1e3c8550e8e3052ba7ef20747adec1ca,MIT,permissive,LICENSE (SPDX MIT via the GitHub licence API),src/abaqus_codex/user_subroutines/dflux_wall.for,259,,,no_umat_entry,"Fortran, but it declares no SUBROUTINE UMAT",frepo_topic_abaqus,,,round1_family_queries,,
1721780603-cell/abaqus-codex-assistant,00780cdb1e3c8550e8e3052ba7ef20747adec1ca,MIT,permissive,LICENSE (SPDX MIT via the GitHub licence API),src/abaqus_codex/user_subroutines/disp_ramp.for,214,,,no_umat_entry,"Fortran, but it declares no SUBROUTINE UMAT",frepo_topic_abaqus,,,round1_family_queries,,
1721780603-cell/abaqus-codex-assistant,00780cdb1e3c8550e8e3052ba7ef20747adec1ca,MIT,permissive,LICENSE (SPDX MIT via the GitHub licence API),src/abaqus_codex/user_subroutines/film_wall.for,295,,,no_umat_entry,"Fortran, but it declares no SUBROUTINE UMAT",frepo_topic_abaqus,,,round1_family_queries,,
1721780603-cell/abaqus-codex-assistant,00780cdb1e3c8550e8e3052ba7ef20747adec1ca,MIT,permissive,LICENSE (SPDX MIT via the GitHub licence API),src/abaqus_codex/user_subroutines/hetval_heated_wall.for,288,,,no_umat_entry,"Fortran, but it declares no SUBROUTINE UMAT",frepo_topic_abaqus,,,round1_family_queries,,
1721780603-cell/abaqus-codex-assistant,00780cdb1e3c8550e8e3052ba7ef20747adec1ca,MIT,permissive,LICENSE (SPDX MIT via the GitHub licence API),src/abaqus_codex/user_subroutines/uexpan_thermal_bar.for,352,,,no_umat_entry,"Fortran, but it declares no SUBROUTINE UMAT",frepo_topic_abaqus,,,round1_family_queries,,
1721780603-cell/abaqus-codex-assistant,00780cdb1e3c8550e8e3052ba7ef20747adec1ca,MIT,permissive,LICENSE (SPDX MIT via the GitHub licence API),src/abaqus_codex/user_subroutines/usdfld_elastic.for,420,,,no_umat_entry,"Fortran, but it declares no SUBROUTINE UMAT",frepo_topic_abaqus,,,round1_family_queries,,
1721780603-cell/abaqus-codex-assistant,00780cdb1e3c8550e8e3052ba7ef20747adec1ca,MIT,permissive,LICENSE (SPDX MIT via the GitHub licence API),src/abaqus_codex/user_subroutines/uvarm_stress_ratio.for,584,,,no_umat_entry,"Fortran, but it declares no SUBROUTINE UMAT",frepo_topic_abaqus,,,round1_family_queries,,
28ToFuture2028-8-8/UMAT-WITH-ABAQUS,,,,no LICENSE file detected by the GitHub API,,0,,,licence_absent,"no licence is declared, so nothing may be redistributed from it; a repository without a LICENSE file is refused, not assumed permissive; recorded and not fetched",repo_umat_abaqus,,,round1_family_queries,,
338rajesh/MakeAbaqusInputFile.jl,9fdad7ebc4f9b2e470cb8a83549e48408eedcc98,MIT,permissive,LICENSE (SPDX MIT via the GitHub licence API),,0,,,no_fortran,its tree lists no Fortran file and no file the search matched,frepo_topic_abaqus,,,round1_family_queries,,
AMITBE624/3D_LIB_ECM-ReversiblePlating-Aging-Abaqus,,,,no LICENSE file detected by the GitHub API,,0,,,licence_absent,"no licence is declared, so nothing may be redistributed from it; a repository without a LICENSE file is refused, not assumed permissive; recorded and not fetched",frepo_abaqus_subroutine,,,round1_family_queries,,
AMPL-Gururaja/Fatigue-Damage-UMAT-Subroutine-for-Abaqus-,,,,no LICENSE file detected by the GitHub API,,0,,,licence_absent,"no licence is declared, so nothing may be redistributed from it; a repository without a LICENSE file is refused, not assumed permissive; recorded and not fetched",repo_umat_abaqus,,,round1_family_queries,,
ATAEngineering/abaqus,,,,no LICENSE file detected by the GitHub API,,0,,,licence_absent,"no licence is declared, so nothing may be redistributed from it; a repository without a LICENSE file is refused, not assumed permissive; recorded and not fetched",frepo_topic_abaqus,,,round1_family_queries,,
ATAEngineering/coupledAblation,,,,no LICENSE file detected by the GitHub API,,0,,,licence_absent,"no licence is declared, so nothing may be redistributed from it; a repository without a LICENSE file is refused, not assumed permissive; recorded and not fetched",frepo_topic_abaqus,,,round1_family_queries,,
ATAEngineering/linearFSI,,,,no LICENSE file detected by the GitHub API,,0,,,licence_absent,"no licence is declared, so nothing may be redistributed from it; a repository without a LICENSE file is refused, not assumed permissive; recorded and not fetched",frepo_topic_abaqus,,,round1_family_queries,,
Ahmetbasli/UMAT_H,,,,no LICENSE file detected by the GitHub API,,0,,,licence_absent,"no licence is declared, so nothing may be redistributed from it; a repository without a LICENSE file is refused, not assumed permissive; recorded and not fetched",frepo_umat_plasticity,,,round1_family_queries,,
AlexASafonov/Natural_Erosion,,,,no LICENSE file detected by the GitHub API,,0,,,licence_absent,"no licence is declared, so nothing may be redistributed from it; a repository without a LICENSE file is refused, not assumed permissive; recorded and not fetched",frepo_abaqus_subroutine,,,round1_family_queries,,
AlexASafonov/Pultrusion,,,,no LICENSE file detected by the GitHub API,,0,,,licence_absent,"no licence is declared, so nothing may be redistributed from it; a repository without a LICENSE file is refused, not assumed permissive; recorded and not fetched",frepo_abaqus_subroutine,,,round1_family_queries,,
AlexASafonov/TO_Aniso,,,,no LICENSE file detected by the GitHub API,,0,,,licence_absent,"no licence is declared, so nothing may be redistributed from it; a repository without a LICENSE file is refused, not assumed permissive; recorded and not fetched",frepo_abaqus_subroutine,,,round1_family_queries,,
AliSaeidiRad/ODB2ANY,92a31d88c2b53e721b366a4ebe5b905a0de1cc96,GPL-3.0,copyleft,LICENSE (SPDX GPL-3.0 via the GitHub licence API),,0,,,no_fortran,its tree lists no Fortran file and no file the search matched,frepo_topic_abaqus,,,round1_family_queries,,
AnShUl-2903/Implementation-of-GTN-Plasticity-Model-using-Abaqus-UMAT,,,,no LICENSE file detected by the GitHub API,,0,,,licence_absent,"no licence is declared, so nothing may be redistributed from it; a repository without a LICENSE file is refused, not assumed permissive; recorded and not fetched",repo_umat_abaqus,,,round1_family_queries,,
Anqi94/AbaqusUMAT,,,,no LICENSE file detected by the GitHub API,,0,,,licence_absent,"no licence is declared, so nothing may be redistributed from it; a repository without a LICENSE file is refused, not assumed permissive; recorded and not fetched",repo_umat_abaqus,,,round1_family_queries,,
ArtunaSmith/DislocationDensityVUMAT,,,,no LICENSE file detected by the GitHub API,,0,,,licence_absent,"no licence is declared, so nothing may be redistributed from it; a repository without a LICENSE file is refused, not assumed permissive; recorded and not fetched",frepo_abaqus_subroutine,,,round1_family_queries,,
BBurgarella/AbaqusUserFieldDamage,,,,no LICENSE file detected by the GitHub API,,0,,,licence_absent,"no licence is declared, so nothing may be redistributed from it; a repository without a LICENSE file is refused, not assumed permissive; recorded and not fetched",frepo_abaqus_subroutine,,,round1_family_queries,,
BeneStrahm/abqhelpers,,,,LICENSE present but neither GitHub nor a text match identified a licence,,0,,,licence_absent,"no licence is declared, so nothing may be redistributed from it; a repository without a LICENSE file is refused, not assumed permissive; recorded and not fetched",frepo_topic_abaqus,,,round1_family_queries,,
Benja-Martin/Abaqus_subroutine,,,,no LICENSE file detected by the GitHub API,,0,,,licence_absent,"no licence is declared, so nothing may be redistributed from it; a repository without a LICENSE file is refused, not assumed permissive; recorded and not fetched",frepo_abaqus_subroutine,,,round1_family_queries,,
CAEAssistant-Group/Abaqus-Aluminum-Bending-Ductile-Damage-3D,9a0f5b7204d95161d41ee57550cd6b8413256051,MIT,permissive,LICENSE (SPDX MIT via the GitHub licence API),,0,,,no_fortran,its tree lists no Fortran file and no file the search matched,frepo_abaqus_subroutine,,,round1_family_queries,,
CAEAssistant-Group/Abaqus-HASHIN-progressive-Damage-for-3D-continuum-composites-VUMAT-Subroutine-,032282b2e5d49b44f753642301bdfdb5b0470df2,MIT,permissive,LICENSE (SPDX MIT via the GitHub licence API),Hashin-3d-VUMAT-github.for,12686,,,no_umat_entry,declares a VUMAT and no UMAT; the explicit interface is out of scope,repo_topic_abaqus_fortran,,,round1_family_queries,,
CAEAssistant-Group/Abaqus-UMESHMOTION-SUBROUTINE,2667598e9964c577028a3bc0672dc14153aa1ac3,MIT,permissive,LICENSE (SPDX MIT via the GitHub licence API),UMESHMOTION.f,5608,,,no_umat_entry,"Fortran, but it declares no SUBROUTINE UMAT",repo_topic_abaqus_fortran,,,round1_family_queries,,
CAEAssistant-Group/Abaqus-USDFLD-Subroutine,895a9d3e1d57a34c05eb1953d96f66fd3fb1f1f2,MIT,permissive,LICENSE (SPDX MIT via the GitHub licence API),Abaqus_USDFLD_CODE.for,1694,,,no_umat_entry,"Fortran, but it declares no SUBROUTINE UMAT",repo_topic_abaqus_fortran,,,round1_family_queries,,
CAEAssistant-Group/Abaqus-VDFLUX-DFLUX-Subroutines-in-Fortran-Language-for-Welding-Simulation,728edcaa7a06aab1819d1f00f18ac6edd92814d0,MIT,permissive,LICENSE (SPDX MIT via the GitHub licence API),VDFLUX-Subroutine-Abaqus-Welding.for,2126,,,no_umat_entry,"Fortran, but it declares no SUBROUTINE UMAT",repo_topic_abaqus_fortran,,,round1_family_queries,,
CAEAssistant-Group/Abaqus-VUMAT-Isotropic-Elasticity-Isothermal-Suboutine,daace26e42fc3258873691025be9bdbcde930ea5,MIT,permissive,LICENSE (SPDX MIT via the GitHub licence API),VUMAT_Code.f,4076,,,no_umat_entry,declares a VUMAT and no UMAT; the explicit interface is out of scope,repo_umat_abaqus,,,round1_family_queries,,
CAEAssistant-Group/Abaqus-Welding-Simulation-Two-Pass-Arc-Welding,94856f9c1e4b35dfef9237254ff59937fc358536,MIT,permissive,LICENSE (SPDX MIT via the GitHub licence API),DFLUX_Goldak_Model.f,5181,,,no_umat_entry,"Fortran, but it declares no SUBROUTINE UMAT",repo_topic_abaqus_fortran,,,round1_family_queries,,
CAEAssistant-Group/Abaqus-failure-analysis-of-fiber-metal-laminates-FMLs-with-blunt-notches,9a77246c42da65eae71c6d5e699c34e53244b2cb,MIT,permissive,LICENSE (SPDX MIT via the GitHub licence API),,0,,,no_fortran,its tree lists no Fortran file and no file the search matched,frepo_topic_abaqus,,,round1_family_queries,,
CAEAssistant-Group/Disp-Fortran-Code-Abaqus-Subroutine,82320a283a27391cd7890fd404f9acb0ba0073bf,MIT,permissive,LICENSE (SPDX MIT via the GitHub licence API),DISPSUB.f,1267,,,no_umat_entry,"Fortran, but it declares no SUBROUTINE UMAT",repo_topic_abaqus_fortran,,,round1_family_queries,,
CAEAssistant-Group/Fatigue-induced-debonding-of-a-double-cantilever-beam-in-Abaqus,69a67fe2eac040d5d8fd2a40835f38ad1ae00694,MIT,permissive,LICENSE (SPDX MIT via the GitHub licence API),,0,,,no_fortran,its tree lists no Fortran file and no file the search matched,frepo_topic_abaqus,,,round1_family_queries,,
CAEAssistant-Group/Fretting-Fatigue-Failure-Simulation-with-Python-Scripting-in-Abaqus,bb25a7179a102eb614c22b81ae1624194f301753,MIT,permissive,LICENSE (SPDX MIT via the GitHub licence API),,0,,,no_fortran,its tree lists no Fortran file and no file the search matched,frepo_topic_abaqus,,,round1_family_queries,,
CAEAssistant-Group/abaqus-3D-Printing-additive-manufacturing,202b45e2a932f5d926aac064610677b06f141307,MIT,permissive,LICENSE (SPDX MIT via the GitHub licence API),Abaqus_3D_Print_Subroutine.for,3542,,,no_umat_entry,"Fortran, but it declares no SUBROUTINE UMAT",repo_topic_abaqus_fortran,,,round1_family_queries,,
CAEMaster/Subroutine,,,,no LICENSE file detected by the GitHub API,,0,,,licence_absent,"no licence is declared, so nothing may be redistributed from it; a repository without a LICENSE file is refused, not assumed permissive; recorded and not fetched",frepo_abaqus_subroutine,,,round1_family_queries,,
Clockmaker/octave-form,,Unlicense,permissive,LICENSE (SPDX Unlicense via the GitHub licence API),,0,,,licence_incompatible,Unlicense is outside the set this project may redistribute; recorded and not fetched,frepo_topic_abaqus,,,round1_family_queries,,
CohesiveLaws/Subroutines,,,,no LICENSE file detected by the GitHub API,,0,,,licence_absent,"no licence is declared, so nothing may be redistributed from it; a repository without a LICENSE file is refused, not assumed permissive; recorded and not fetched",frepo_abaqus_subroutine,,,round1_family_queries,,
CriticalSoilModels/csm-analysis,,,,no LICENSE file detected by the GitHub API,,0,,,licence_absent,"no licence is declared, so nothing may be redistributed from it; a repository without a LICENSE file is refused, not assumed permissive; recorded and not fetched",frepo_constitutive_fortran,,,round1_family_queries,,
CsatiZoltan/Abaqus,314963e1486339ab61f0b449c6f70eb95a189667,MIT,permissive,LICENSE (SPDX MIT via the GitHub licence API),,0,,,no_fortran,its tree lists no Fortran file and no file the search matched,frepo_topic_abaqus,,,round1_family_queries,,
Cyril-fr/blast-fragmentation-ai,,,,no LICENSE file detected by the GitHub API,,0,,,licence_absent,"no licence is declared, so nothing may be redistributed from it; a repository without a LICENSE file is refused, not assumed permissive; recorded and not fetched",repo_topic_umat,,,round1_family_queries,,
DevendraNagpure13/UMAT_Implicit_for-radial-return,,,,no LICENSE file detected by the GitHub API,,0,,,licence_absent,"no licence is declared, so nothing may be redistributed from it; a repository without a LICENSE file is refused, not assumed permissive; recorded and not fetched",repo_umat_abaqus,,,round1_family_queries,,
EngRenanBW/Abaqus_multiple_job_execution,,,,no LICENSE file detected by the GitHub API,,0,,,licence_absent,"no licence is declared, so nothing may be redistributed from it; a repository without a LICENSE file is refused, not assumed permissive; recorded and not fetched",frepo_topic_abaqus,,,round1_family_queries,,
EoinMcEvoy/Neo-Hooke-VUMAT,aae51a4c4ddec12ffa1231a791ebc9b231240ed4,MIT,permissive,LICENSE (SPDX MIT via the GitHub licence API),vumat_nh.for,7309,,,no_umat_entry,declares a VUMAT and no UMAT; the explicit interface is out of scope,frepo_abaqus_subroutine,,,round1_family_queries,,
EzxAN683/Implementation-of-Spatiotemporal-Non-Uniform-Loading-on-a-Cubic-Domain-via-ABAQUS-VDLOAD-Subroutine,,,,no LICENSE file detected by the GitHub API,,0,,,licence_absent,"no licence is declared, so nothing may be redistributed from it; a repository without a LICENSE file is refused, not assumed permissive; recorded and not fetched",frepo_abaqus_subroutine,,,round1_family_queries,,
FIT2082/28813952_RESEARCH_NOTEBOOK,,,,no LICENSE file detected by the GitHub API,,0,,,licence_absent,"no licence is declared, so nothing may be redistributed from it; a repository without a LICENSE file is refused, not assumed permissive; recorded and not fetched",repo_topic_umat,,,round1_family_queries,,
Farhad-Davaripour/FEA_Assisted_Agent,4986a96740c2989156b59eae98db6b029a9a2d67,MIT,permissive,LICENSE (SPDX MIT via the GitHub licence API),,0,,,no_fortran,its tree lists no Fortran file and no file the search matched,frepo_topic_abaqus,,,round1_family_queries,,
FatemeAhangari/PDA-3D-UMAT-Subroutine,,,,no LICENSE file detected by the GitHub API,,0,,,licence_absent,"no licence is declared, so nothing may be redistributed from it; a repository without a LICENSE file is refused, not assumed permissive; recorded and not fetched",frepo_umat_damage,,,round1_family_queries,,
Fisfzy/dsh-cae-agent,6b50742d3b9d25cca8535ea47ece85653fdc0a27,MIT,permissive,LICENSE (SPDX MIT via the GitHub licence API),,0,,,no_fortran,its tree lists no Fortran file and no file the search matched,frepo_topic_abaqus,,,round1_family_queries,,
GUT-Aachen/abaqus_subroutines_usci,061542c0c8875b91552b329ed14758753679ab3a,GPL-3.0,copyleft,LICENSE (SPDX GPL-3.0 via the GitHub licence API),subroutine_export.f,12339,,,no_umat_entry,"Fortran, but it declares no SUBROUTINE UMAT",repo_topic_abaqus_fortran,,,round1_family_queries,,
GUT-Aachen/universal_simulation_coupling_interface,0e86e760775dad93ef5f6ba7295808c427ce09c8,GPL-3.0,copyleft,LICENSE.md (SPDX GPL-3.0 via the GitHub licence API),samples/abaqus-pace3d_2d_sample/input/subroutine_export.f,11483,,,no_umat_entry,"Fortran, but it declares no SUBROUTINE UMAT",frepo_topic_abaqus,,,round1_family_queries,,
GUT-Aachen/universal_simulation_coupling_interface,0e86e760775dad93ef5f6ba7295808c427ce09c8,GPL-3.0,copyleft,LICENSE.md (SPDX GPL-3.0 via the GitHub licence API),samples/abaqus-self_subroutine_2d_sample/input/subroutine_export.f,11483,,,no_umat_entry,"Fortran, but it declares no SUBROUTINE UMAT",frepo_topic_abaqus,,,round1_family_queries,,
GaglianoLuca/Consitutive_Modelling,4b0d1e1493081c8f94cc7c050ee165173e8b9d7e,GPL-3.0,copyleft,LICENSE (SPDX GPL-3.0 via the GitHub licence API),Cohesive_Cam_Clay.f,19337,,,no_umat_entry,"Fortran, but it declares no SUBROUTINE UMAT",frepo_constitutive_fortran,,,round1_family_queries,,
GalacticLine/Abaqus2022-Python,45d58d67ecda85bf57aa025cf9f9519023b7fedc,GPL-3.0,copyleft,LICENSE (SPDX GPL-3.0 via the GitHub licence API),,0,,,no_fortran,its tree lists no Fortran file and no file the search matched,frepo_topic_abaqus,,,round1_family_queries,,
GuGuaTT/UVC-D_Material_Model,5695e956004bb9842ecfe0f8697da8d3f10db780,MIT,permissive,LICENSE (SPDX MIT via the GitHub licence API),Subroutines/UVCmultiaxial-D.for,12204,630f5884dd5b3710d1c95923edfa751194011fe5ca668dacf9a814a6d3d005cb,4bf6c164e7ed94cd9c650e1f42c137c54e6600d6cff4b001393becbf5e886cca,candidate,"distinct, licensed MIT (permissive), declares a UMAT entry point; not yet transformed or verified",frepo_abaqus_subroutine,GuGuaTT__UVC-D_Material_Model/Subroutines/UVCmultiaxial-D.for,,round1_family_queries,reject,"near_duplicate_derivative: Jaccard 0.87 to ahartloper/UVC_MatMod UVCmultiaxial.for (cached); the diff adds only a time-switched stiffness-proportional damping term ('D' = damping, not damage)"
GuGuaTT/UVC-D_Material_Model,5695e956004bb9842ecfe0f8697da8d3f10db780,MIT,permissive,LICENSE (SPDX MIT via the GitHub licence API),Subroutines/UVCplanestress-D.for,14766,cbe5d5aefa5f0427006de390141822e782f57ff5f5f0ec65237dd5e15dc1bda8,dab81e796ac6b9ae0f88a0a81f1dcc8d35b2a82479f4d5eec99ef26d8ce8536c,candidate,"distinct, licensed MIT (permissive), declares a UMAT entry point; not yet transformed or verified",frepo_abaqus_subroutine,GuGuaTT__UVC-D_Material_Model/Subroutines/UVCplanestress-D.for,,round1_family_queries,reject,"near_duplicate_derivative: Jaccard 0.89 to UVCplanestress.for (cached), same damping addition"
GuGuaTT/UVC-D_Material_Model,5695e956004bb9842ecfe0f8697da8d3f10db780,MIT,permissive,LICENSE (SPDX MIT via the GitHub licence API),Subroutines/UVCuniaxial-D.for,7076,49facd267317b78c9f16a3e632e5a06f67969f25dc47a79d1b3c6d87223f1587,60307bc64ac6b94fd947176921b24b07f9311c83bf4e3d1ee6302473fb6f1d00,candidate,"distinct, licensed MIT (permissive), declares a UMAT entry point; not yet transformed or verified",frepo_abaqus_subroutine,GuGuaTT__UVC-D_Material_Model/Subroutines/UVCuniaxial-D.for,,round1_family_queries,reject,"near_duplicate_derivative: Jaccard 0.83 to UVCuniaxial.for (cached); 34-line diff, same damping addition"
GzCode321/ABAQUS.Umatcode,,,,no LICENSE file detected by the GitHub API,,0,,,licence_absent,"no licence is declared, so nothing may be redistributed from it; a repository without a LICENSE file is refused, not assumed permissive; recorded and not fetched",repo_umat_abaqus,,,round1_family_queries,,
HAS-0612/Modified-HTC-Based-Equivalent-Strain-for-Enhanced-Local-Damage-Modeling-of-Quasi-Brittle-Materials,,,,no LICENSE file detected by the GitHub API,,0,,,licence_absent,"no licence is declared, so nothing may be redistributed from it; a repository without a LICENSE file is refused, not assumed permissive; recorded and not fetched",repo_umat_abaqus,,,round1_family_queries,,
HI-A-Q/ABAQUS-VUMAT-ELASTIC,,,,no LICENSE file detected by the GitHub API,,0,,,licence_absent,"no licence is declared, so nothing may be redistributed from it; a repository without a LICENSE file is refused, not assumed permissive; recorded and not fetched",frepo_abaqus_subroutine,,,round1_family_queries,,
HYWLab/phase-field-fracture-model,,,,no LICENSE file detected by the GitHub API,,0,,,licence_absent,"no licence is declared, so nothing may be redistributed from it; a repository without a LICENSE file is refused, not assumed permissive; recorded and not fetched",repo_topic_abaqus_fortran,,,round1_family_queries,,
Haibarakiku/abaqus-ml-skills,8c3429c823df15365bbe125edceacd7e5cc296ba,MIT,permissive,LICENSE (SPDX MIT via the GitHub licence API),,0,,,no_fortran,its tree lists no Fortran file and no file the search matched,frepo_topic_abaqus,,,round1_family_queries,,
IceTiki/cfst_builder,,,,no LICENSE file detected by the GitHub API,,0,,,licence_absent,"no licence is declared, so nothing may be redistributed from it; a repository without a LICENSE file is refused, not assumed permissive; recorded and not fetched",frepo_topic_abaqus,,,round1_family_queries,,
IulianPaunel/Mohr_Coulomb_Interface_Subroutine_UINTER,b87048a25eb664ddad4c281c8b20066e666cef07,MIT,permissive,LICENSE (SPDX MIT via the GitHub licence API),Additional_Subroutines/MC_VUINTERACTION.for,7713,,,no_umat_entry,"Fortran, but it declares no SUBROUTINE UMAT",frepo_abaqus_subroutine,,,round1_family_queries,,
IulianPaunel/Mohr_Coulomb_Interface_Subroutine_UINTER,b87048a25eb664ddad4c281c8b20066e666cef07,MIT,permissive,LICENSE (SPDX MIT via the GitHub licence API),Additional_Subroutines/UINTER_MC_CUTTOFF.for,12358,,,no_umat_entry,"Fortran, but it declares no SUBROUTINE UMAT",frepo_abaqus_subroutine,,,round1_family_queries,,
IulianPaunel/Mohr_Coulomb_Interface_Subroutine_UINTER,b87048a25eb664ddad4c281c8b20066e666cef07,MIT,permissive,LICENSE (SPDX MIT via the GitHub licence API),Anchor_Pullout/MC_FRIC.for,14280,,,no_umat_entry,"Fortran, but it declares no SUBROUTINE UMAT",frepo_abaqus_subroutine,,,round1_family_queries,,
IulianPaunel/Mohr_Coulomb_Interface_Subroutine_UINTER,b87048a25eb664ddad4c281c8b20066e666cef07,MIT,permissive,LICENSE (SPDX MIT via the GitHub licence API),Shear_Wall/UINTER_Mohr_Coulomb.for,61441,,,no_umat_entry,"Fortran, but it declares no SUBROUTINE UMAT",frepo_abaqus_subroutine,,,round1_family_queries,,
IulianPaunel/Mohr_Coulomb_Interface_Subroutine_UINTER,b87048a25eb664ddad4c281c8b20066e666cef07,MIT,permissive,LICENSE (SPDX MIT via the GitHub licence API),Tripplet_Shear/Tripplet_Shear_2D/UINTER_Mohr_Coulomb.for,61441,,,no_umat_entry,"Fortran, but it declares no SUBROUTINE UMAT",frepo_abaqus_subroutine,,,round1_family_queries,,
IulianPaunel/Mohr_Coulomb_Interface_Subroutine_UINTER,b87048a25eb664ddad4c281c8b20066e666cef07,MIT,permissive,LICENSE (SPDX MIT via the GitHub licence API),Tripplet_Shear/Tripplet_Shear_3D/UINTER_Mohr_Coulomb.for,61441,,,no_umat_entry,"Fortran, but it declares no SUBROUTINE UMAT",frepo_abaqus_subroutine,,,round1_family_queries,,
IulianPaunel/Mohr_Coulomb_Interface_Subroutine_UINTER,b87048a25eb664ddad4c281c8b20066e666cef07,MIT,permissive,LICENSE (SPDX MIT via the GitHub licence API),UINTER_Mohr_Coulomb.for,61441,,,no_umat_entry,"Fortran, but it declares no SUBROUTINE UMAT",frepo_abaqus_subroutine,,,round1_family_queries,,
Jachtabahn/abaqus,e55906aa2852211787cea0c31414887e6d73080b,MIT,permissive,LICENSE (SPDX MIT via the GitHub licence API),,0,,,no_fortran,its tree lists no Fortran file and no file the search matched,frepo_topic_abaqus,,,round1_family_queries,,
Jeanvit/UMatTest,,,,no LICENSE file detected by the GitHub API,,0,,,licence_absent,"no licence is declared, so nothing may be redistributed from it; a repository without a LICENSE file is refused, not assumed permissive; recorded and not fetched",repo_topic_umat,,,round1_family_queries,,
JohnCSu/Abq_2_ThirdPartyLibrary,8f7efe393c0d71e580fce886fdfad3a997be347b,MIT,permissive,LICENSE (SPDX MIT via the GitHub licence API),,0,,,no_fortran,its tree lists no Fortran file and no file the search matched,frepo_topic_abaqus,,,round1_family_queries,,
Khorashad/3D-Hashin-with-Exponential-Damage-Evolution,7d215eab8d144ad8b8f0c768e29f1769658a71b1,MIT,permissive,LICENSE (SPDX MIT via the GitHub licence API),,0,,,no_fortran,its tree lists no Fortran file and no file the search matched,frepo_topic_abaqus,,,round1_family_queries,,
Khorashad/3DHashin_VUMAT,,,,no LICENSE file detected by the GitHub API,,0,,,licence_absent,"no licence is declared, so nothing may be redistributed from it; a repository without a LICENSE file is refused, not assumed permissive; recorded and not fetched",repo_topic_abaqus_fortran,,,round1_family_queries,,
Krande/adapy,4fcf3f6bc83dbb8e8400b87c45d359988f10db3d,GPL-3.0,copyleft,LICENSE (SPDX GPL-3.0 via the GitHub licence API),,0,,,no_fortran,its tree lists no Fortran file and no file the search matched,frepo_topic_abaqus,,,round1_family_queries,,
LIWQ123123/DE-UMAT,,,,no LICENSE file detected by the GitHub API,,0,,,licence_absent,"no licence is declared, so nothing may be redistributed from it; a repository without a LICENSE file is refused, not assumed permissive; recorded and not fetched",frepo_umat_hyperelastic,,,round1_family_queries,,
LaobaiAi/Demolition-Simulator,,,,no LICENSE file detected by the GitHub API,,0,,,licence_absent,"no licence is declared, so nothing may be redistributed from it; a repository without a LICENSE file is refused, not assumed permissive; recorded and not fetched",frepo_topic_abaqus,,,round1_family_queries,,
Liu-renjie/Scientific-Figure-Exporter,2c943e1acf642a2dcc0d1cf7b7228f82808f6752,MIT,permissive,LICENSE (SPDX MIT via the GitHub licence API),,0,,,no_fortran,its tree lists no Fortran file and no file the search matched,frepo_topic_abaqus,,,round1_family_queries,,
MattE4/Abaqus_Plugin_Connection-Builder,07a5f551f9638bbe930b768cbf8eaad0ca616311,GPL-3.0,copyleft,LICENSE (SPDX GPL-3.0 via the GitHub licence API),,0,,,no_fortran,its tree lists no Fortran file and no file the search matched,frepo_topic_abaqus,,,round1_family_queries,,
MattE4/Abaqus_Plugin_Curve-Refinement,b0094a6ab8d02fda84f179f9342acd25f53cb899,GPL-3.0,copyleft,LICENSE (SPDX GPL-3.0 via the GitHub licence API),,0,,,no_fortran,its tree lists no Fortran file and no file the search matched,frepo_topic_abaqus,,,round1_family_queries,,
MattE4/Abaqus_Plugin_RP-Coupling-Builder,b6504e6995dcde2c06485039ceff6cea7f74ea18,GPL-3.0,copyleft,LICENSE (SPDX GPL-3.0 via the GitHub licence API),,0,,,no_fortran,its tree lists no Fortran file and no file the search matched,frepo_topic_abaqus,,,round1_family_queries,,
MattE4/Abaqus_Plugin_Recreate-Assembly,1a8b1a08cb1ed122f0b8a1fbff0647224b7417e0,GPL-3.0,copyleft,LICENSE (SPDX GPL-3.0 via the GitHub licence API),,0,,,no_fortran,its tree lists no Fortran file and no file the search matched,frepo_topic_abaqus,,,round1_family_queries,,
MattE4/Abaqus_Plugin_Remove-Instances,2776a0bad8ade49931ba4b0a5eb0613f489327d9,GPL-3.0,copyleft,LICENSE (SPDX GPL-3.0 via the GitHub licence API),,0,,,no_fortran,its tree lists no Fortran file and no file the search matched,frepo_topic_abaqus,,,round1_family_queries,,
MattE4/Abaqus_Plugin_SumRF,30fd9fc1bfcee4e353ebf93b5468fd04d939e2b0,GPL-3.0,copyleft,LICENSE (SPDX GPL-3.0 via the GitHub licence API),,0,,,no_fortran,its tree lists no Fortran file and no file the search matched,frepo_topic_abaqus,,,round1_family_queries,,
MattE4/Abaqus_Plugin_Surface-Force,ab83bd4a5dcd15239fbbca8cae41ac49a9dfd936,GPL-3.0,copyleft,LICENSE (SPDX GPL-3.0 via the GitHub licence API),,0,,,no_fortran,its tree lists no Fortran file and no file the search matched,frepo_topic_abaqus,,,round1_family_queries,,
MattE4/Abaqus_UVARM_equivalent_strain_subroutine_Solidworks,,,,no LICENSE file detected by the GitHub API,,0,,,licence_absent,"no licence is declared, so nothing may be redistributed from it; a repository without a LICENSE file is refused, not assumed permissive; recorded and not fetched",repo_topic_abaqus_fortran,,,round1_family_queries,,
MattE4/Abaqus_extract_min_max_curves,,,,no LICENSE file detected by the GitHub API,,0,,,licence_absent,"no licence is declared, so nothing may be redistributed from it; a repository without a LICENSE file is refused, not assumed permissive; recorded and not fetched",frepo_topic_abaqus,,,round1_family_queries,,
MattE4/Abaqus_live_batch,,,,no LICENSE file detected by the GitHub API,,0,,,licence_absent,"no licence is declared, so nothing may be redistributed from it; a repository without a LICENSE file is refused, not assumed permissive; recorded and not fetched",frepo_topic_abaqus,,,round1_family_queries,,
MattE4/Abaqus_path_from_nodeset,111fbd961e3677edc8b7f7f5a5580b9bceee440c,GPL-3.0,copyleft,LICENSE (SPDX GPL-3.0 via the GitHub licence API),,0,,,no_fortran,its tree lists no Fortran file and no file the search matched,frepo_topic_abaqus,,,round1_family_queries,,
MattE4/Abaqus_transfer_datum_planes,19a46878c37459735e0178789ddab2ecc2914032,GPL-3.0,copyleft,LICENSE (SPDX GPL-3.0 via the GitHub licence API),,0,,,no_fortran,its tree lists no Fortran file and no file the search matched,frepo_topic_abaqus,,,round1_family_queries,,
Mayakruha/ABAQUS-Import-of-transient-temp-through-UTEMP,,,,no LICENSE file detected by the GitHub API,,0,,,licence_absent,"no licence is declared, so nothing may be redistributed from it; a repository without a LICENSE file is refused, not assumed permissive; recorded and not fetched",frepo_abaqus_subroutine,,,round1_family_queries,,
MechMater-project/UMAT_finitestrain_viscoelasticity_withdamage,877284c74b8f190884d917c3a7841f97f6c32e56,GPL-3.0,copyleft,LICENSE (SPDX GPL-3.0 via the GitHub licence API),UMAT_visco_FGJD_2026.for,77497,aa5ba3a39c54256b81672739af280b65128b31b8efac6b3c2c4dc62c1b2412d4,b180fc8c37d014a9faf5c32c8aceb5ad9625ca81ac6b591c10ed7bb8c82397e9,candidate,"distinct, licensed GPL-3.0 (copyleft), declares a UMAT entry point; not yet transformed or verified",frepo_umat_damage,MechMater-project__UMAT_finitestrain_viscoelasticity_withdamage/UMAT_visco_FGJD_2026.for,DMAtorsionR.inp;DMAtorsionS.inp;cubeU.inp;cubeUH.inp;cube_pressure.inp;cube_pressureH.inp;cube_shear.inp;cube_shearH.inp,round1_family_queries,accept,"damage_phase_field: finite-strain viscoelasticity (Reese-Govindjee, after thealanjason) with W(I1,I2)+U(J) and a damage variable multiplying the stress ((1-DAM)); Jaccard 0.36 to the cached VISC_OGDEN_1EL.for. Decks cube*.inp, DMAtorsion*.inp with *USER MATERIAL constants; HowtoUse PDF"
MechMater-project/UMAT_finitestrain_viscoelasticity_withdamage,877284c74b8f190884d917c3a7841f97f6c32e56,GPL-3.0,copyleft,LICENSE (SPDX GPL-3.0 via the GitHub licence API),UMAT_visco_LDR_2026.for,80191,51b91f86bff68a6f43e925561081773f8bd0fa96e63772652d6a4c3e0a7a144f,4bbe2e93bf7e3e3cdb146790167e2a638b5d440f02a2d8afb418a67aa1f6d094,candidate,"distinct, licensed GPL-3.0 (copyleft), declares a UMAT entry point; not yet transformed or verified",frepo_umat_damage,MechMater-project__UMAT_finitestrain_viscoelasticity_withdamage/UMAT_visco_LDR_2026.for,DMAtorsionR.inp;DMAtorsionS.inp;cubeU.inp;cubeUH.inp;cube_pressure.inp;cube_pressureH.inp;cube_shear.inp;cube_shearH.inp,round1_family_queries,reject,near_duplicate_within_search: Jaccard 0.90 to UMAT_visco_FGJD_2026.for
MechMater-project/UMAT_finitestrain_viscoelasticity_withdamage,877284c74b8f190884d917c3a7841f97f6c32e56,GPL-3.0,copyleft,LICENSE (SPDX GPL-3.0 via the GitHub licence API),UMAT_viscohybrid_FGJD_2026.for,82257,4255e170ad0afc6152465e2d720da9f9600f01f1dc79ec3708ceec7d75757bd1,a38b03b29fc55ba6db161744a80918e0c3b0905ebbb62e04ca90e66e35331d35,candidate,"distinct, licensed GPL-3.0 (copyleft), declares a UMAT entry point; not yet transformed or verified",frepo_umat_damage,MechMater-project__UMAT_finitestrain_viscoelasticity_withdamage/UMAT_viscohybrid_FGJD_2026.for,DMAtorsionR.inp;DMAtorsionS.inp;cubeU.inp;cubeUH.inp;cube_pressure.inp;cube_pressureH.inp;cube_shear.inp;cube_shearH.inp,round1_family_queries,accept,damage_phase_field: hybrid-element version (Jaccard 0.78 to FGJD); decks *H.inp. Hybrid formulation may be unsupported by the harness -> may end 'unsupported'
MechMater-project/VUMAT_finitestrain_viscoelasticity,9adc80008b61f8a3b33d9282fbc317ee7fbefce9,GPL-3.0,copyleft,LICENSE (SPDX GPL-3.0 via the GitHub licence API),VUMAT_visco_DOJD.for,44983,,,no_umat_entry,declares a VUMAT and no UMAT; the explicit interface is out of scope,frepo_umat_viscoelastic,,,round1_family_queries,,
Mrdazzle11/Abaqus-subroutine,,,,no LICENSE file detected by the GitHub API,,0,,,licence_absent,"no licence is declared, so nothing may be redistributed from it; a repository without a LICENSE file is refused, not assumed permissive; recorded and not fetched",frepo_abaqus_subroutine,,,round1_family_queries,,
NM0ser/abaqus_python_batch,22254b59a4d293cdd719890f818f339af8a7f9f4,MIT,permissive,LICENSE (SPDX MIT via the GitHub licence API),,0,,,no_fortran,its tree lists no Fortran file and no file the search matched,frepo_topic_abaqus,,,round1_family_queries,,
NewtonXu/lattices,,,,no LICENSE file detected by the GitHub API,,0,,,licence_absent,"no licence is declared, so nothing may be redistributed from it; a repository without a LICENSE file is refused, not assumed permissive; recorded and not fetched",frepo_topic_abaqus,,,round1_family_queries,,
NitinNarayanaswamy/ccxpre,,GPL-2.0,permissive,LICENSE (SPDX GPL-2.0 via the GitHub licence API),,0,,,licence_incompatible,GPL-2.0 is outside the set this project may redistribute; recorded and not fetched,frepo_topic_abaqus,,,round1_family_queries,,
NotRealEngineering/VUSDFLD-subroutine-Abaqus,,,,no LICENSE file detected by the GitHub API,,0,,,licence_absent,"no licence is declared, so nothing may be redistributed from it; a repository without a LICENSE file is refused, not assumed permissive; recorded and not fetched",frepo_abaqus_subroutine,,,round1_family_queries,,
Numerically-Stable/read_mesh_abaqus,,,,no LICENSE file detected by the GitHub API,,0,,,licence_absent,"no licence is declared, so nothing may be redistributed from it; a repository without a LICENSE file is refused, not assumed permissive; recorded and not fetched",frepo_topic_abaqus,,,round1_family_queries,,
Olajide-Badejo/Uncertainty-Quantification-and-Surrogate-Modeling-in-FEM,d675ff74068492e90be2a2ea18fafabbf3f20ce3,MIT,permissive,LICENSE (SPDX MIT via the GitHub licence API),,0,,,no_fortran,its tree lists no Fortran file and no file the search matched,frepo_topic_abaqus,,,round1_family_queries,,
Oyvindwpetersen/abaqustools,8c6c17eddda360123ddc3639a21dbb89a9779d1b,GPL-3.0,copyleft,LICENSE (SPDX GPL-3.0 via the GitHub licence API),,0,,,no_fortran,its tree lists no Fortran file and no file the search matched,frepo_topic_abaqus,,,round1_family_queries,,
PatrykBala/CreatePartCylinderPlugin,,,,no LICENSE file detected by the GitHub API,,0,,,licence_absent,"no licence is declared, so nothing may be redistributed from it; a repository without a LICENSE file is refused, not assumed permissive; recorded and not fetched",frepo_topic_abaqus,,,round1_family_queries,,
PatrykBala/Hot-Forging-Plugin,,,,no LICENSE file detected by the GitHub API,,0,,,licence_absent,"no licence is declared, so nothing may be redistributed from it; a repository without a LICENSE file is refused, not assumed permissive; recorded and not fetched",frepo_topic_abaqus,,,round1_family_queries,,
PatrykBala/INP-to-MESH,,,,no LICENSE file detected by the GitHub API,,0,,,licence_absent,"no licence is declared, so nothing may be redistributed from it; a repository without a LICENSE file is refused, not assumed permissive; recorded and not fetched",frepo_topic_abaqus,,,round1_family_queries,,
Punit2510/abaqus-umat-cpp,,,,no LICENSE file detected by the GitHub API,,0,,,licence_absent,"no licence is declared, so nothing may be redistributed from it; a repository without a LICENSE file is refused, not assumed permissive; recorded and not fetched",repo_umat_abaqus,,,round1_family_queries,,
RexiJing/Fortran-to-CPP,,,,no LICENSE file detected by the GitHub API,,0,,,licence_absent,"no licence is declared, so nothing may be redistributed from it; a repository without a LICENSE file is refused, not assumed permissive; recorded and not fetched",repo_umat_abaqus,,,round1_family_queries,,
SUMIT1239/Abaqus-User-Element-Subroutine,,,,no LICENSE file detected by the GitHub API,,0,,,licence_absent,"no licence is declared, so nothing may be redistributed from it; a repository without a LICENSE file is refused, not assumed permissive; recorded and not fetched",frepo_abaqus_subroutine,,,round1_family_queries,,
SaeednHT/Useful-Fortran-Subroutines,,,,no LICENSE file detected by the GitHub API,,0,,,licence_absent,"no licence is declared, so nothing may be redistributed from it; a repository without a LICENSE file is refused, not assumed permissive; recorded and not fetched",repo_umat_abaqus,,,round1_family_queries,,
SamuraiTang/ABAQUS-inputdata-visualization,,,,no LICENSE file detected by the GitHub API,,0,,,licence_absent,"no licence is declared, so nothing may be redistributed from it; a repository without a LICENSE file is refused, not assumed permissive; recorded and not fetched",frepo_abaqus_subroutine,,,round1_family_queries,,
ShawnWolgu/SXCpp_UMAT,bb2e19869e934cafc8d6708e892a20ac2a97ca54,MIT,permissive,LICENSE (SPDX MIT via the GitHub licence API),,0,,,no_fortran,its tree lists no Fortran file and no file the search matched,repo_umat_abaqus,,,round1_family_queries,,
ShihaoTUD/ABAQUS_UMAT_Learing,,,,no LICENSE file detected by the GitHub API,,0,,,licence_absent,"no licence is declared, so nothing may be redistributed from it; a repository without a LICENSE file is refused, not assumed permissive; recorded and not fetched",repo_umat_abaqus,,,round1_family_queries,,
Sina-Taghizadeh/Abaqus_BCC_UnitCell,144f8ec2625db8782e8302578deafbb0d7923a43,GPL-3.0,copyleft,LICENSE (SPDX GPL-3.0 via the GitHub licence API),,0,,,no_fortran,its tree lists no Fortran file and no file the search matched,frepo_topic_abaqus,,,round1_family_queries,,
SmallScaleMechanicsLaboratory/UMAT_SXP,,,,no LICENSE file detected by the GitHub API,,0,,,licence_absent,"no licence is declared, so nothing may be redistributed from it; a repository without a LICENSE file is refused, not assumed permissive; recorded and not fetched",repo_umat_abaqus,,,round1_family_queries,,
Solid-Mechanics/Install-ABAQUS-on-Ubuntu,,,,no LICENSE file detected by the GitHub API,,0,,,licence_absent,"no licence is declared, so nothing may be redistributed from it; a repository without a LICENSE file is refused, not assumed permissive; recorded and not fetched",frepo_topic_abaqus,,,round1_family_queries,,
Solid-Mechanics/matplotlib-4-abaqus,1117070fb824210c217c564ac36e69112ce70501,MIT,permissive,LICENSE.md (SPDX MIT via the GitHub licence API),,0,,,no_fortran,its tree lists no Fortran file and no file the search matched,frepo_topic_abaqus,,,round1_family_queries,,
SpringNuance/Abaqus-Machine-Learning-Integration,,,,no LICENSE file detected by the GitHub API,,0,,,licence_absent,"no licence is declared, so nothing may be redistributed from it; a repository without a LICENSE file is refused, not assumed permissive; recorded and not fetched",frepo_abaqus_subroutine,,,round1_family_queries,,
SrivastavaResearchLab/Damage_Abq_LargeDef_2025,,,,no LICENSE file detected by the GitHub API,,0,,,licence_absent,"no licence is declared, so nothing may be redistributed from it; a repository without a LICENSE file is refused, not assumed permissive; recorded and not fetched",repo_abaqus_user_material,,,round1_family_queries,,
Standardsomind/abaqus-master,,,,no LICENSE file detected by the GitHub API,,0,,,licence_absent,"no licence is declared, so nothing may be redistributed from it; a repository without a LICENSE file is refused, not assumed permissive; recorded and not fetched",repo_umat_abaqus,,,round1_family_queries,,
SylwiaGargula/Multiscale-modeling,,,,no LICENSE file detected by the GitHub API,,0,,,licence_absent,"no licence is declared, so nothing may be redistributed from it; a repository without a LICENSE file is refused, not assumed permissive; recorded and not fetched",frepo_topic_abaqus,,,round1_family_queries,,
Taeyoung-GO/HCP_CPUMAT,,,,no LICENSE file detected by the GitHub API,,0,,,licence_absent,"no licence is declared, so nothing may be redistributed from it; a repository without a LICENSE file is refused, not assumed permissive; recorded and not fetched",repo_umat_abaqus,,,round1_family_queries,,
Tishkovmaxim/ABAQUS-Hydrogen-diffusion-with-traps,,,,no LICENSE file detected by the GitHub API,,0,,,licence_absent,"no licence is declared, so nothing may be redistributed from it; a repository without a LICENSE file is refused, not assumed permissive; recorded and not fetched",frepo_abaqus_subroutine,,,round1_family_queries,,
Tomsabay/abaqus_agent,925a8f80845b686b28d5072fe1fc34650b388d6a,AGPL-3.0,copyleft,LICENSE (SPDX AGPL-3.0 via the GitHub licence API),,0,,,no_fortran,its tree lists no Fortran file and no file the search matched,frepo_topic_abaqus,,,round1_family_queries,,
Tubakabura/ABAQUS-cpp-User-Subroutines,,,,no LICENSE file detected by the GitHub API,,0,,,licence_absent,"no licence is declared, so nothing may be redistributed from it; a repository without a LICENSE file is refused, not assumed permissive; recorded and not fetched",frepo_abaqus_subroutine,,,round1_family_queries,,
TutuBarry/abaqus-mcp-pro,74d5d7d30b74ca98c9e6901b3d4f61db1dc59eaa,MIT,permissive,LICENSE (SPDX MIT via the GitHub licence API),,0,,,no_fortran,its tree lists no Fortran file and no file the search matched,frepo_topic_abaqus,,,round1_family_queries,,
UCBoulder/tardigrade_abaqus_tools,44bb6fd1e0fb6b48e8c9ea137a9ebde81600cc29,BSD-3-Clause,permissive,LICENSE (SPDX BSD-3-Clause inferred from the licence text; GitHub's API reported no identifier for this file),,0,,,no_fortran,its tree lists no Fortran file and no file the search matched,frepo_abaqus_subroutine,,,round1_family_queries,,
Unlimited0424/ABAQUS_UMAT_GRASS-SST,,,,no LICENSE file detected by the GitHub API,,0,,,licence_absent,"no licence is declared, so nothing may be redistributed from it; a repository without a LICENSE file is refused, not assumed permissive; recorded and not fetched",repo_umat_abaqus,,,round1_family_queries,,
XJTU-Zhou-group/ABAQUS_UMAT_316ss_Zr4,,,,no LICENSE file detected by the GitHub API,,0,,,licence_absent,"no licence is declared, so nothing may be redistributed from it; a repository without a LICENSE file is refused, not assumed permissive; recorded and not fetched",repo_umat_abaqus,,,round1_family_queries,,
XJTU-Zhou-group/ABAQUS_UMAT_HSCcompVEVP,,,,no LICENSE file detected by the GitHub API,,0,,,licence_absent,"no licence is declared, so nothing may be redistributed from it; a repository without a LICENSE file is refused, not assumed permissive; recorded and not fetched",repo_umat_abaqus,,,round1_family_queries,,
XJTU-Zhou-group/ABAQUS_UMAT_HSCmultiscaleVEP,,,,no LICENSE file detected by the GitHub API,,0,,,licence_absent,"no licence is declared, so nothing may be redistributed from it; a repository without a LICENSE file is refused, not assumed permissive; recorded and not fetched",repo_umat_abaqus,,,round1_family_queries,,
XLiang123/Gradient-enhanced-damage-model,4be06d4f1b2e0ac7ba6158b9b52800d16b5b94ca,Apache-2.0,permissive,LICENSE (SPDX Apache-2.0 via the GitHub licence API),,0,,,no_fortran,its tree lists no Fortran file and no file the search matched,frepo_abaqus_subroutine,,,round1_family_queries,,
Xu-accout/A-UMAT-and-representative-case-for-FEM-of-ceramic-matrix-composites,,,,no LICENSE file detected by the GitHub API,,0,,,licence_absent,"no licence is declared, so nothing may be redistributed from it; a repository without a LICENSE file is refused, not assumed permissive; recorded and not fetched",frepo_umat_composite,,,round1_family_queries,,
YB-LIM/Powder_Metal_CREEP,055dea9278e119f44be11cdae433ed29986278dc,MIT,permissive,LICENSE (SPDX MIT via the GitHub licence API),Powder_Creep.for,4633,,,no_umat_entry,"Fortran, but it declares no SUBROUTINE UMAT",frepo_abaqus_subroutine,,,round1_family_queries,,
YX0824/CzmAbqUel,6caf1d6323e468c258adf46437c4e04779f22383,GPL-3.0,copyleft,LICENSE (SPDX GPL-3.0 via the GitHub licence API),TestDirectory/FDF.for,14438,,,no_umat_entry,"Fortran, but it declares no SUBROUTINE UMAT",frepo_abaqus_subroutine,,,round1_family_queries,,
YX0824/CzmAbqUel,6caf1d6323e468c258adf46437c4e04779f22383,GPL-3.0,copyleft,LICENSE (SPDX GPL-3.0 via the GitHub licence API),TestDirectory/FDF_3D.for,13929,,,no_umat_entry,"Fortran, but it declares no SUBROUTINE UMAT",frepo_abaqus_subroutine,,,round1_family_queries,,
YX0824/CzmAbqUel,6caf1d6323e468c258adf46437c4e04779f22383,GPL-3.0,copyleft,LICENSE (SPDX GPL-3.0 via the GitHub licence API),TestDirectory/FDF_Imp.for,15471,,,no_umat_entry,"Fortran, but it declares no SUBROUTINE UMAT",frepo_abaqus_subroutine,,,round1_family_queries,,
YX0824/CzmAbqUel,6caf1d6323e468c258adf46437c4e04779f22383,GPL-3.0,copyleft,LICENSE (SPDX GPL-3.0 via the GitHub licence API),TestDirectory/IDF.for,12511,,,no_umat_entry,"Fortran, but it declares no SUBROUTINE UMAT",frepo_abaqus_subroutine,,,round1_family_queries,,
YX0824/CzmAbqUel,6caf1d6323e468c258adf46437c4e04779f22383,GPL-3.0,copyleft,LICENSE (SPDX GPL-3.0 via the GitHub licence API),TestDirectory/IDF_3D.for,11931,,,no_umat_entry,"Fortran, but it declares no SUBROUTINE UMAT",frepo_abaqus_subroutine,,,round1_family_queries,,
YX0824/CzmAbqUel,6caf1d6323e468c258adf46437c4e04779f22383,GPL-3.0,copyleft,LICENSE (SPDX GPL-3.0 via the GitHub licence API),TestDirectory/udgcoh-uek-17.for,28917,,,no_umat_entry,"Fortran, but it declares no SUBROUTINE UMAT",frepo_abaqus_subroutine,,,round1_family_queries,,
YX0824/CzmAbqUel,6caf1d6323e468c258adf46437c4e04779f22383,GPL-3.0,copyleft,LICENSE (SPDX GPL-3.0 via the GitHub licence API),TestDirectory/ut-v4-r2.for,28905,,,no_umat_entry,"Fortran, but it declares no SUBROUTINE UMAT",frepo_abaqus_subroutine,,,round1_family_queries,,
Yazhuo-Liu/install-abaqus-on-ubuntu,e0fb1257815fd4d3cd5382aea2224245154f6a8c,MIT,permissive,LICENSE (SPDX MIT via the GitHub licence API),,0,,,no_fortran,its tree lists no Fortran file and no file the search matched,frepo_abaqus_subroutine,,,round1_family_queries,,
YininGuo/AIMs,0e762c043694e0ba74395bbda2f97f6ad1346c17,MIT,permissive,LICENSE (SPDX MIT via the GitHub licence API),abaqus-usdfld-tmax-irrev/src/usdfld_tmax_irrev.for,2118,,,no_umat_entry,"Fortran, but it declares no SUBROUTINE UMAT",frepo_abaqus_subroutine,,,round1_family_queries,,
YininGuo/AIMs,0e762c043694e0ba74395bbda2f97f6ad1346c17,MIT,permissive,LICENSE (SPDX MIT via the GitHub licence API),src/usdfld_tmax_irrev.for,2118,,,no_umat_entry,"Fortran, but it declares no SUBROUTINE UMAT",frepo_abaqus_subroutine,,,round1_family_queries,,
Yuzi727/vumat,,,,no LICENSE file detected by the GitHub API,,0,,,licence_absent,"no licence is declared, so nothing may be redistributed from it; a repository without a LICENSE file is refused, not assumed permissive; recorded and not fetched",frepo_abaqus_subroutine,,,round1_family_queries,,
ZhouChaunge/Auto-Abaqus-Agent-Research,5fe68b8890760cb4873be261923649b6c690f701,MIT,permissive,LICENSE (SPDX MIT via the GitHub licence API),,0,,,no_fortran,its tree lists no Fortran file and no file the search matched,frepo_topic_abaqus,,,round1_family_queries,,
ZhouChaunge/PMT-Traversal-in-Abauqs,,,,no LICENSE file detected by the GitHub API,,0,,,licence_absent,"no licence is declared, so nothing may be redistributed from it; a repository without a LICENSE file is refused, not assumed permissive; recorded and not fetched",repo_umat_abaqus,,,round1_family_queries,,
aNasiusA/umat-thesis-guide,b520759db2e2a86c47c5e5019a900c379b1cf1ed,MIT,permissive,LICENSE (SPDX MIT via the GitHub licence API),,0,,,no_fortran,its tree lists no Fortran file and no file the search matched,repo_topic_umat,,,round1_family_queries,,
aamir-dean/Numerical-Tangent-UMAT,,,,no LICENSE file detected by the GitHub API,,0,,,licence_absent,"no licence is declared, so nothing may be redistributed from it; a repository without a LICENSE file is refused, not assumed permissive; recorded and not fetched",repo_umat_abaqus,,,round1_family_queries,,
adityaagrawaltc100/ABAQUS-UMAT-Subroutine-using-FORTRAN,,,,no LICENSE file detected by the GitHub API,,0,,,licence_absent,"no licence is declared, so nothing may be redistributed from it; a repository without a LICENSE file is refused, not assumed permissive; recorded and not fetched",repo_umat_abaqus,,,round1_family_queries,,
adtzlr/felupe,6511c7c974a348d20c2872134dcba79d8b5eaf1a,GPL-3.0,copyleft,LICENSE (SPDX GPL-3.0 via the GitHub licence API),,0,,,no_fortran,its tree lists no Fortran file and no file the search matched,repo_topic_umat,,,round1_family_queries,,
ahojukka5/AbaqusReader.jl,b1858214c2189306e2403feef66ade84d0bddb05,MIT,permissive,LICENSE (SPDX MIT via the GitHub licence API),,0,,,no_fortran,its tree lists no Fortran file and no file the search matched,frepo_topic_abaqus,,,round1_family_queries,,
ajayan-achuthan/Abaqus-UMAT-Isotropic-Models,,,,no LICENSE file detected by the GitHub API,,0,,,licence_absent,"no licence is declared, so nothing may be redistributed from it; a repository without a LICENSE file is refused, not assumed permissive; recorded and not fetched",repo_umat_abaqus,,,round1_family_queries,,
andersresell/VUMAT-Hershey-MJC,,,,no LICENSE file detected by the GitHub API,,0,,,licence_absent,"no licence is declared, so nothing may be redistributed from it; a repository without a LICENSE file is refused, not assumed permissive; recorded and not fetched",frepo_abaqus_subroutine,,,round1_family_queries,,
bbanerjee/AdhesionSim,dae849deaaea95aa55c12e3dcb60c74853ee6cfb,MIT,permissive,LICENSE (SPDX MIT via the GitHub licence API),,0,,,no_fortran,its tree lists no Fortran file and no file the search matched,frepo_topic_abaqus,,,round1_family_queries,,
bbanerjee/SandwichSim,a07f4436cc82bec139782ade9c8eacb6d3bcc4a4,MIT,permissive,LICENSE (SPDX MIT via the GitHub licence API),,0,,,no_fortran,its tree lists no Fortran file and no file the search matched,frepo_topic_abaqus,,,round1_family_queries,,
behrouz-arash/finite-strain-vevp-composites,a1b08b02b34cbc262e5944475cbd95c350c54f0d,MIT,permissive,LICENSE (SPDX MIT via the GitHub licence API),,0,,,no_fortran,its tree lists no Fortran file and no file the search matched,repo_umat_abaqus,,,round1_family_queries,,
beingujjwalraj/Multiscale-Modelling-of-Material-Using-Machine-Learning,,,,no LICENSE file detected by the GitHub API,,0,,,licence_absent,"no licence is declared, so nothing may be redistributed from it; a repository without a LICENSE file is refused, not assumed permissive; recorded and not fetched",repo_umat_abaqus,,,round1_family_queries,,
betchx/abaqus_takeda,,,,no LICENSE file detected by the GitHub API,,0,,,licence_absent,"no licence is declared, so nothing may be redistributed from it; a repository without a LICENSE file is refused, not assumed permissive; recorded and not fetched",frepo_abaqus_subroutine,,,round1_family_queries,,
bibekanandadatta/Abaqus-UEL-Elasticity,ff15fd98605d437989ebd45a3b3f73df999f108e,BSD-3-Clause,permissive,LICENSE.md (SPDX BSD-3-Clause inferred from the licence text; GitHub's API reported no identifier for this file),dev/test_mech.for,9246,,,no_umat_entry,"Fortran, but it declares no SUBROUTINE UMAT",repo_topic_abaqus_fortran,,,round1_family_queries,,
bibekanandadatta/Abaqus-UEL-Elasticity,ff15fd98605d437989ebd45a3b3f73df999f108e,BSD-3-Clause,permissive,LICENSE.md (SPDX BSD-3-Clause inferred from the licence text; GitHub's API reported no identifier for this file),src/error_logging.for,7179,,,no_umat_entry,"Fortran, but it declares no SUBROUTINE UMAT",repo_topic_abaqus_fortran,,,round1_family_queries,,
bibekanandadatta/Abaqus-UEL-Elasticity,ff15fd98605d437989ebd45a3b3f73df999f108e,BSD-3-Clause,permissive,LICENSE.md (SPDX BSD-3-Clause inferred from the licence text; GitHub's API reported no identifier for this file),src/gauss_quadrature.for,12122,,,no_umat_entry,"Fortran, but it declares no SUBROUTINE UMAT",repo_topic_abaqus_fortran,,,round1_family_queries,,
bibekanandadatta/Abaqus-UEL-Elasticity,ff15fd98605d437989ebd45a3b3f73df999f108e,BSD-3-Clause,permissive,LICENSE.md (SPDX BSD-3-Clause inferred from the licence text; GitHub's API reported no identifier for this file),src/global_parameters.for,2111,,,no_umat_entry,"Fortran, but it declares no SUBROUTINE UMAT",repo_topic_abaqus_fortran,,,round1_family_queries,,
bibekanandadatta/Abaqus-UEL-Elasticity,ff15fd98605d437989ebd45a3b3f73df999f108e,BSD-3-Clause,permissive,LICENSE.md (SPDX BSD-3-Clause inferred from the licence text; GitHub's API reported no identifier for this file),src/lagrange_element.for,21894,,,no_umat_entry,"Fortran, but it declares no SUBROUTINE UMAT",repo_topic_abaqus_fortran,,,round1_family_queries,,
bibekanandadatta/Abaqus-UEL-Elasticity,ff15fd98605d437989ebd45a3b3f73df999f108e,BSD-3-Clause,permissive,LICENSE.md (SPDX BSD-3-Clause inferred from the licence text; GitHub's API reported no identifier for this file),src/linear_algebra.for,67600,,,no_umat_entry,"Fortran, but it declares no SUBROUTINE UMAT",repo_topic_abaqus_fortran,,,round1_family_queries,,
bibekanandadatta/Abaqus-UEL-Elasticity,ff15fd98605d437989ebd45a3b3f73df999f108e,BSD-3-Clause,permissive,LICENSE.md (SPDX BSD-3-Clause inferred from the licence text; GitHub's API reported no identifier for this file),src/nonlinear_solver.for,22945,,,no_umat_entry,"Fortran, but it declares no SUBROUTINE UMAT",repo_topic_abaqus_fortran,,,round1_family_queries,,
bibekanandadatta/Abaqus-UEL-Elasticity,ff15fd98605d437989ebd45a3b3f73df999f108e,BSD-3-Clause,permissive,LICENSE.md (SPDX BSD-3-Clause inferred from the licence text; GitHub's API reported no identifier for this file),src/post_processing.for,1295,,,no_umat_entry,"Fortran, but it declares no SUBROUTINE UMAT",repo_topic_abaqus_fortran,,,round1_family_queries,,
bibekanandadatta/Abaqus-UEL-Elasticity,ff15fd98605d437989ebd45a3b3f73df999f108e,BSD-3-Clause,permissive,LICENSE.md (SPDX BSD-3-Clause inferred from the licence text; GitHub's API reported no identifier for this file),src/solid_mechanics.for,13142,,,no_umat_entry,"Fortran, but it declares no SUBROUTINE UMAT",repo_topic_abaqus_fortran,,,round1_family_queries,,
bibekanandadatta/Abaqus-UEL-Elasticity,ff15fd98605d437989ebd45a3b3f73df999f108e,BSD-3-Clause,permissive,LICENSE.md (SPDX BSD-3-Clause inferred from the licence text; GitHub's API reported no identifier for this file),src/surface_integration.for,21449,,,no_umat_entry,"Fortran, but it declares no SUBROUTINE UMAT",repo_topic_abaqus_fortran,,,round1_family_queries,,
bibekanandadatta/Abaqus-UEL-Elasticity,ff15fd98605d437989ebd45a3b3f73df999f108e,BSD-3-Clause,permissive,LICENSE.md (SPDX BSD-3-Clause inferred from the licence text; GitHub's API reported no identifier for this file),src/uel_mech.for,33829,,,no_umat_entry,"Fortran, but it declares no SUBROUTINE UMAT",repo_topic_abaqus_fortran,,,round1_family_queries,,
bibekanandadatta/Abaqus-UEL-Hydrogel,b4d22b35c47df542008a856675aca6d061d4bb2d,BSD-3-Clause,permissive,LICENSE.md (SPDX BSD-3-Clause inferred from the licence text; GitHub's API reported no identifier for this file),dev/test_hydrogel.for,11944,,,no_umat_entry,"Fortran, but it declares no SUBROUTINE UMAT",repo_topic_abaqus_fortran,,,round1_family_queries,,
bibekanandadatta/Abaqus-UEL-Hydrogel,b4d22b35c47df542008a856675aca6d061d4bb2d,BSD-3-Clause,permissive,LICENSE.md (SPDX BSD-3-Clause inferred from the licence text; GitHub's API reported no identifier for this file),src/error_logging.for,7405,,,no_umat_entry,"Fortran, but it declares no SUBROUTINE UMAT",repo_topic_abaqus_fortran,,,round1_family_queries,,
bibekanandadatta/Abaqus-UEL-Hydrogel,b4d22b35c47df542008a856675aca6d061d4bb2d,BSD-3-Clause,permissive,LICENSE.md (SPDX BSD-3-Clause inferred from the licence text; GitHub's API reported no identifier for this file),src/gauss_quadrature.for,12557,,,no_umat_entry,"Fortran, but it declares no SUBROUTINE UMAT",repo_topic_abaqus_fortran,,,round1_family_queries,,
bibekanandadatta/Abaqus-UEL-Hydrogel,b4d22b35c47df542008a856675aca6d061d4bb2d,BSD-3-Clause,permissive,LICENSE.md (SPDX BSD-3-Clause inferred from the licence text; GitHub's API reported no identifier for this file),src/global_parameters.for,2152,,,no_umat_entry,"Fortran, but it declares no SUBROUTINE UMAT",repo_topic_abaqus_fortran,,,round1_family_queries,,
bibekanandadatta/Abaqus-UEL-Hydrogel,b4d22b35c47df542008a856675aca6d061d4bb2d,BSD-3-Clause,permissive,LICENSE.md (SPDX BSD-3-Clause inferred from the licence text; GitHub's API reported no identifier for this file),src/hydrogel_element.for,49663,,,no_umat_entry,"Fortran, but it declares no SUBROUTINE UMAT",repo_topic_abaqus_fortran,,,round1_family_queries,,
bibekanandadatta/Abaqus-UEL-Hydrogel,b4d22b35c47df542008a856675aca6d061d4bb2d,BSD-3-Clause,permissive,LICENSE.md (SPDX BSD-3-Clause inferred from the licence text; GitHub's API reported no identifier for this file),src/hydrogel_material.for,19713,,,no_umat_entry,"Fortran, but it declares no SUBROUTINE UMAT",repo_topic_abaqus_fortran,,,round1_family_queries,,
bibekanandadatta/Abaqus-UEL-Hydrogel,b4d22b35c47df542008a856675aca6d061d4bb2d,BSD-3-Clause,permissive,LICENSE.md (SPDX BSD-3-Clause inferred from the licence text; GitHub's API reported no identifier for this file),src/lagrange_element.for,22439,,,no_umat_entry,"Fortran, but it declares no SUBROUTINE UMAT",repo_topic_abaqus_fortran,,,round1_family_queries,,
bibekanandadatta/Abaqus-UEL-Hydrogel,b4d22b35c47df542008a856675aca6d061d4bb2d,BSD-3-Clause,permissive,LICENSE.md (SPDX BSD-3-Clause inferred from the licence text; GitHub's API reported no identifier for this file),src/linear_algebra.for,69885,,,no_umat_entry,"Fortran, but it declares no SUBROUTINE UMAT",repo_topic_abaqus_fortran,,,round1_family_queries,,
bibekanandadatta/Abaqus-UEL-Hydrogel,b4d22b35c47df542008a856675aca6d061d4bb2d,BSD-3-Clause,permissive,LICENSE.md (SPDX BSD-3-Clause inferred from the licence text; GitHub's API reported no identifier for this file),src/nonlinear_solver.for,23614,,,no_umat_entry,"Fortran, but it declares no SUBROUTINE UMAT",repo_topic_abaqus_fortran,,,round1_family_queries,,
bibekanandadatta/Abaqus-UEL-Hydrogel,b4d22b35c47df542008a856675aca6d061d4bb2d,BSD-3-Clause,permissive,LICENSE.md (SPDX BSD-3-Clause inferred from the licence text; GitHub's API reported no identifier for this file),src/post_processing.for,1319,,,no_umat_entry,"Fortran, but it declares no SUBROUTINE UMAT",repo_topic_abaqus_fortran,,,round1_family_queries,,
bibekanandadatta/Abaqus-UEL-Hydrogel,b4d22b35c47df542008a856675aca6d061d4bb2d,BSD-3-Clause,permissive,LICENSE.md (SPDX BSD-3-Clause inferred from the licence text; GitHub's API reported no identifier for this file),src/solid_mechanics.for,13523,,,no_umat_entry,"Fortran, but it declares no SUBROUTINE UMAT",repo_topic_abaqus_fortran,,,round1_family_queries,,
bibekanandadatta/Abaqus-UEL-Hydrogel,b4d22b35c47df542008a856675aca6d061d4bb2d,BSD-3-Clause,permissive,LICENSE.md (SPDX BSD-3-Clause inferred from the licence text; GitHub's API reported no identifier for this file),src/surface_integration.for,21785,,,no_umat_entry,"Fortran, but it declares no SUBROUTINE UMAT",repo_topic_abaqus_fortran,,,round1_family_queries,,
bibekanandadatta/Abaqus-UEL-Hydrogel,b4d22b35c47df542008a856675aca6d061d4bb2d,BSD-3-Clause,permissive,LICENSE.md (SPDX BSD-3-Clause inferred from the licence text; GitHub's API reported no identifier for this file),src/uel_hydrogel.for,19583,,,no_umat_entry,"Fortran, but it declares no SUBROUTINE UMAT",repo_topic_abaqus_fortran,,,round1_family_queries,,
bjorntsv/pyfemu,087dd70533ab823781256ddef19bef7c8f722c9e,MIT,permissive,LICENSE (SPDX MIT via the GitHub licence API),,0,,,no_fortran,its tree lists no Fortran file and no file the search matched,frepo_topic_abaqus,,,round1_family_queries,,
bloonyJ/Abaqus,,,,no LICENSE file detected by the GitHub API,,0,,,licence_absent,"no licence is declared, so nothing may be redistributed from it; a repository without a LICENSE file is refused, not assumed permissive; recorded and not fetched",frepo_topic_abaqus,,,round1_family_queries,,
bonjourbenjamin/umats,dad6bd1067a071f4604777fbff6bd3511282e518,GPL-3.0,copyleft,LICENSE (SPDX GPL-3.0 via the GitHub licence API),src/main.f90,1860,,,no_umat_entry,"Fortran, but it declares no SUBROUTINE UMAT",repo_umat_abaqus,,,round1_family_queries,,
bonjourbenjamin/umats,dad6bd1067a071f4604777fbff6bd3511282e518,GPL-3.0,copyleft,LICENSE (SPDX GPL-3.0 via the GitHub licence API),src/utils.f90,13798,,,no_umat_entry,"Fortran, but it declares no SUBROUTINE UMAT",repo_umat_abaqus,,,round1_family_queries,,
brightfrank1999/abaqus-umat,,,,no LICENSE file detected by the GitHub API,,0,,,licence_absent,"no licence is declared, so nothing may be redistributed from it; a repository without a LICENSE file is refused, not assumed permissive; recorded and not fetched",repo_umat_abaqus,,,round1_family_queries,,
c0sogi/AuxeticMOP-with-ABAQUS,190f6804bc2b4f5bae3de40e16518e2c2aaef1d3,MIT,permissive,LICENSE (SPDX MIT via the GitHub licence API),,0,,,no_fortran,its tree lists no Fortran file and no file the search matched,frepo_topic_abaqus,,,round1_family_queries,,
calculix/new_keywords,79fca2e06175a3faff04dd44debb8592c5f0e6d3,GPL-3.0,copyleft,LICENSE (SPDX GPL-3.0 via the GitHub licence API),,0,,,no_fortran,its tree lists no Fortran file and no file the search matched,frepo_topic_abaqus,,,round1_family_queries,,
calculix/unical1,,GPL-2.0,permissive,LICENSE (SPDX GPL-2.0 via the GitHub licence API),,0,,,licence_incompatible,GPL-2.0 is outside the set this project may redistribute; recorded and not fetched,frepo_topic_abaqus,,,round1_family_queries,,
cas91010491/Thermo-viscoelastic_ABAQUS,,,,no LICENSE file detected by the GitHub API,,0,,,licence_absent,"no licence is declared, so nothing may be redistributed from it; a repository without a LICENSE file is refused, not assumed permissive; recorded and not fetched",frepo_abaqus_subroutine,,,round1_family_queries,,
cecilemarche/UMATHT_Pennes,,,,LICENSE.md present but neither GitHub nor a text match identified a licence,,0,,,licence_absent,"no licence is declared, so nothing may be redistributed from it; a repository without a LICENSE file is refused, not assumed permissive; recorded and not fetched",repo_umat_abaqus,,,round1_family_queries,,
chintanp/python_abaqus,,,,no LICENSE file detected by the GitHub API,,0,,,licence_absent,"no licence is declared, so nothing may be redistributed from it; a repository without a LICENSE file is refused, not assumed permissive; recorded and not fetched",frepo_topic_abaqus,,,round1_family_queries,,
cmlztrk/cmlztrk,,,,no LICENSE file detected by the GitHub API,,0,,,licence_absent,"no licence is declared, so nothing may be redistributed from it; a repository without a LICENSE file is refused, not assumed permissive; recorded and not fetched",repo_topic_umat,,,round1_family_queries,,
codingDJ/ABAQUS,,,,no LICENSE file detected by the GitHub API,,0,,,licence_absent,"no licence is declared, so nothing may be redistributed from it; a repository without a LICENSE file is refused, not assumed permissive; recorded and not fetched",frepo_abaqus_subroutine,,,round1_family_queries,,
compas-dev/compas_fea,ab309418a91854d96765df28523d3fcb7aa28fde,MIT,permissive,LICENSE (SPDX MIT via the GitHub licence API),,0,,,no_fortran,its tree lists no Fortran file and no file the search matched,frepo_topic_abaqus,,,round1_family_queries,,
coppercentipedetram/abaqus,,,,no LICENSE file detected by the GitHub API,,0,,,licence_absent,"no licence is declared, so nothing may be redistributed from it; a repository without a LICENSE file is refused, not assumed permissive; recorded and not fetched",repo_umat_abaqus,,,round1_family_queries,,
costerwi/abacups,,,,no LICENSE file detected by the GitHub API,,0,,,licence_absent,"no licence is declared, so nothing may be redistributed from it; a repository without a LICENSE file is refused, not assumed permissive; recorded and not fetched",frepo_topic_abaqus,,,round1_family_queries,,
costerwi/abaqus-greenStrain,2b9aa9f522029b095ad5741d1aba4da0cbf7c702,MIT,permissive,LICENSE (SPDX MIT via the GitHub licence API),,0,,,no_fortran,its tree lists no Fortran file and no file the search matched,frepo_topic_abaqus,,,round1_family_queries,,
costerwi/abaqus-signed-mises,d5f3594798ab14a2e37fc8fd4907a6cdde6ae991,MIT,permissive,LICENSE (SPDX MIT via the GitHub licence API),,0,,,no_fortran,its tree lists no Fortran file and no file the search matched,frepo_topic_abaqus,,,round1_family_queries,,
costerwi/plugin-assemblyMod,8b346dc172a5b3138a8c996a3dd4f17d4c22a13a,MIT,permissive,license.md (SPDX MIT via the GitHub licence API),,0,,,no_fortran,its tree lists no Fortran file and no file the search matched,frepo_topic_abaqus,,,round1_family_queries,,
costerwi/plugin-displayGrouper,641abdd8bf707bf7f1f67c8170462d5e04512f2a,MIT,permissive,LICENSE (SPDX MIT via the GitHub licence API),,0,,,no_fortran,its tree lists no Fortran file and no file the search matched,frepo_topic_abaqus,,,round1_family_queries,,
costerwi/plugin-equivalent-strain,be8ed1bfa34f21b6e61960c0c9e2db855ea30197,MIT,permissive,LICENSE (SPDX MIT via the GitHub licence API),,0,,,no_fortran,its tree lists no Fortran file and no file the search matched,frepo_topic_abaqus,,,round1_family_queries,,
costerwi/plugin-halfPower,7f88a94c8ac259b9dd58908ed08d5c649b0fd2dd,MIT,permissive,LICENSE (SPDX MIT via the GitHub licence API),,0,,,no_fortran,its tree lists no Fortran file and no file the search matched,frepo_topic_abaqus,,,round1_family_queries,,
costerwi/plugin-headInjuryCriteria,91e226c708f76ad85b9ba5043f473a91121c4fa7,MIT,permissive,LICENSE (SPDX MIT via the GitHub licence API),,0,,,no_fortran,its tree lists no Fortran file and no file the search matched,frepo_topic_abaqus,,,round1_family_queries,,
costerwi/plugin-interpolateXY,2187b95801ae03249bc8eb389593f450d6a2fd84,MIT,permissive,LICENSE (SPDX MIT via the GitHub licence API),,0,,,no_fortran,its tree lists no Fortran file and no file the search matched,frepo_topic_abaqus,,,round1_family_queries,,
costerwi/plugin-legendKing,429e7d8598c19469cad008a47d27147cddbdfa58,MIT,permissive,license.md (SPDX MIT via the GitHub licence API),,0,,,no_fortran,its tree lists no Fortran file and no file the search matched,frepo_topic_abaqus,,,round1_family_queries,,
costerwi/plugin-messageWindow,7c275f9235ed4131c951ce25ad55c3e65d075738,MIT,permissive,LICENSE (SPDX MIT via the GitHub licence API),,0,,,no_fortran,its tree lists no Fortran file and no file the search matched,frepo_topic_abaqus,,,round1_family_queries,,
costerwi/plugin-setCurveRefinement,,,,no LICENSE file detected by the GitHub API,,0,,,licence_absent,"no licence is declared, so nothing may be redistributed from it; a repository without a LICENSE file is refused, not assumed permissive; recorded and not fetched",frepo_topic_abaqus,,,round1_family_queries,,
croxy-hash-ai/Plasticity-Modeling-Of-Material,,,,no LICENSE file detected by the GitHub API,,0,,,licence_absent,"no licence is declared, so nothing may be redistributed from it; a repository without a LICENSE file is refused, not assumed permissive; recorded and not fetched",frepo_abaqus_subroutine,,,round1_family_queries,,
ctpdu/User-subroutine,,,,no LICENSE file detected by the GitHub API,,0,,,licence_absent,"no licence is declared, so nothing may be redistributed from it; a repository without a LICENSE file is refused, not assumed permissive; recorded and not fetched",frepo_abaqus_subroutine,,,round1_family_queries,,
d-zo/abapys,8d4e0ddd6aed59351629c5c74e17e0e9c70de6c8,GPL-3.0,copyleft,LICENSE (SPDX GPL-3.0 via the GitHub licence API),,0,,,no_fortran,its tree lists no Fortran file and no file the search matched,frepo_topic_abaqus,,,round1_family_queries,,
denisnovokshanov/ABAQUS_subroutines,,,,no LICENSE file detected by the GitHub API,,0,,,licence_absent,"no licence is declared, so nothing may be redistributed from it; a repository without a LICENSE file is refused, not assumed permissive; recorded and not fetched",frepo_abaqus_subroutine,,,round1_family_queries,,
earthexploration/abaqus-user-subroutines,,,,no LICENSE file detected by the GitHub API,,0,,,licence_absent,"no licence is declared, so nothing may be redistributed from it; a repository without a LICENSE file is refused, not assumed permissive; recorded and not fetched",frepo_abaqus_subroutine,,,round1_family_queries,,
eleni198/ABAQUSnonlocal,2dc9417742e0367cce1fe0ee165afa1abae9d5ba,GPL-3.0,copyleft,LICENSE (SPDX GPL-3.0 via the GitHub licence API),nlmodule.f,3144,,,no_umat_entry,"Fortran, but it declares no SUBROUTINE UMAT",frepo_abaqus_subroutine,,,round1_family_queries,,
eleni198/ABAQUSnonlocal,2dc9417742e0367cce1fe0ee165afa1abae9d5ba,GPL-3.0,copyleft,LICENSE (SPDX GPL-3.0 via the GitHub licence API),uexternaldb03.f,5519,,,no_umat_entry,"Fortran, but it declares no SUBROUTINE UMAT",frepo_abaqus_subroutine,,,round1_family_queries,,
eleni198/ABAQUSnonlocal,2dc9417742e0367cce1fe0ee165afa1abae9d5ba,GPL-3.0,copyleft,LICENSE (SPDX GPL-3.0 via the GitHub licence API),urdfil03.f,4492,,,no_umat_entry,"Fortran, but it declares no SUBROUTINE UMAT",frepo_abaqus_subroutine,,,round1_family_queries,,
erfahadyaqoob-netizen/Abaqus-pressure-vessel-umat,,,,no LICENSE file detected by the GitHub API,,0,,,licence_absent,"no licence is declared, so nothing may be redistributed from it; a repository without a LICENSE file is refused, not assumed permissive; recorded and not fetched",repo_umat_abaqus,,,round1_family_queries,,
fredjones42/abaqus_inp,8deefdaeb54d5d9e43cbb9634c6278edaba0dcfc,Apache-2.0,permissive,LICENSE-APACHE (SPDX Apache-2.0 via the GitHub licence API),,0,,,no_fortran,its tree lists no Fortran file and no file the search matched,frepo_topic_abaqus,,,round1_family_queries,,
fun0730/abaqus-subroutine,,,,no LICENSE file detected by the GitHub API,,0,,,licence_absent,"no licence is declared, so nothing may be redistributed from it; a repository without a LICENSE file is refused, not assumed permissive; recorded and not fetched",repo_umat_abaqus,,,round1_family_queries,,
gabrielayembila2-source/Gabriel-Ayembila-,,,,no LICENSE file detected by the GitHub API,,0,,,licence_absent,"no licence is declared, so nothing may be redistributed from it; a repository without a LICENSE file is refused, not assumed permissive; recorded and not fetched",repo_topic_umat,,,round1_family_queries,,
gfemuillinois/OpenDMUMAT,6750c1a82ebff53274ae119e551ed50f05fdd2bd,MIT,permissive,LICENSE (SPDX MIT inferred from the licence text; GitHub's API reported no identifier for this file),,0,,,no_fortran,its tree lists no Fortran file and no file the search matched,repo_umat_abaqus,,,round1_family_queries,,
gianmazz/UMATs-for-ABAQUS,,,,no LICENSE file detected by the GitHub API,,0,,,licence_absent,"no licence is declared, so nothing may be redistributed from it; a repository without a LICENSE file is refused, not assumed permissive; recorded and not fetched",repo_umat_abaqus,,,round1_family_queries,,
goutianos/abaqus-cohesive-law-subroutines,,,,no LICENSE file detected by the GitHub API,,0,,,licence_absent,"no licence is declared, so nothing may be redistributed from it; a repository without a LICENSE file is refused, not assumed permissive; recorded and not fetched",frepo_abaqus_subroutine,,,round1_family_queries,,
guptas15/Ni-based_Superalloy_CP_model,,,,no LICENSE file detected by the GitHub API,,0,,,licence_absent,"no licence is declared, so nothing may be redistributed from it; a repository without a LICENSE file is refused, not assumed permissive; recorded and not fetched",repo_umat_abaqus,,,round1_family_queries,,
haiiliin/abaqus-subroutine-debugging,411a58336764f2dd606fa59fb98c77c3b171f5be,MIT,permissive,LICENSE (SPDX MIT via the GitHub licence API),,0,,,no_fortran,its tree lists no Fortran file and no file the search matched,frepo_abaqus_subroutine,,,round1_family_queries,,
haiiliin/abqpy,30e03f3bfd82f03a129f544eba06ace842a929bc,MIT,permissive,LICENSE (SPDX MIT via the GitHub licence API),,0,,,no_fortran,its tree lists no Fortran file and no file the search matched,frepo_topic_abaqus,,,round1_family_queries,,
haiiliin/pyabaqus,ac102b854857961d957f35f5a0ac5f305193c5c8,MIT,permissive,LICENSE (SPDX MIT via the GitHub licence API),,0,,,no_fortran,its tree lists no Fortran file and no file the search matched,frepo_topic_abaqus,,,round1_family_queries,,
haoliulin281/abaqus,,,,no LICENSE file detected by the GitHub API,,0,,,licence_absent,"no licence is declared, so nothing may be redistributed from it; a repository without a LICENSE file is refused, not assumed permissive; recorded and not fetched",repo_umat_abaqus,,,round1_family_queries,,
haoming-luo/agentfem,596faaf610e43c8c436d8bb57b710d5630ba1f79,Apache-2.0,permissive,LICENSE (SPDX Apache-2.0 via the GitHub licence API),,0,,,no_fortran,its tree lists no Fortran file and no file the search matched,frepo_topic_abaqus,,,round1_family_queries,,
haoytchn/FEA_Tutorials,2e295fbd18aa3c259114d21ead868193e239d995,Apache-2.0,permissive,LICENSE (SPDX Apache-2.0 via the GitHub licence API),,0,,,no_fortran,its tree lists no Fortran file and no file the search matched,frepo_topic_abaqus,,,round1_family_queries,,
happyhappysyr/B.Sc._Project,,,,no LICENSE file detected by the GitHub API,,0,,,licence_absent,"no licence is declared, so nothing may be redistributed from it; a repository without a LICENSE file is refused, not assumed permissive; recorded and not fetched",frepo_abaqus_subroutine,,,round1_family_queries,,
happyhappysyr/MyAbaqusSubroutine1,,,,no LICENSE file detected by the GitHub API,,0,,,licence_absent,"no licence is declared, so nothing may be redistributed from it; a repository without a LICENSE file is refused, not assumed permissive; recorded and not fetched",frepo_abaqus_subroutine,,,round1_family_queries,,
happyhappysyr/abaqus-job-runner,,,,no LICENSE file detected by the GitHub API,,0,,,licence_absent,"no licence is declared, so nothing may be redistributed from it; a repository without a LICENSE file is refused, not assumed permissive; recorded and not fetched",frepo_abaqus_subroutine,,,round1_family_queries,,
hasan28742/2D-UEL-abaqus-Subroutine,,,,no LICENSE file detected by the GitHub API,,0,,,licence_absent,"no licence is declared, so nothing may be redistributed from it; a repository without a LICENSE file is refused, not assumed permissive; recorded and not fetched",frepo_abaqus_subroutine,,,round1_family_queries,,
hasan28742/Abaqus-UMAT-Subroutine,,,,no LICENSE file detected by the GitHub API,,0,,,licence_absent,"no licence is declared, so nothing may be redistributed from it; a repository without a LICENSE file is refused, not assumed permissive; recorded and not fetched",repo_umat_abaqus,,,round1_family_queries,,
heliphix/metal_foams,261c6341cafe04dacb67d373a86a9afe03e06b88,GPL-3.0,copyleft,LICENSE (SPDX GPL-3.0 via the GitHub licence API),,0,,,no_fortran,its tree lists no Fortran file and no file the search matched,frepo_topic_abaqus,,,round1_family_queries,,
herrriehm/BeautifulABQ,,CC0-1.0,permissive,LICENSE (SPDX CC0-1.0 via the GitHub licence API),,0,,,licence_incompatible,CC0-1.0 is outside the set this project may redistribute; recorded and not fetched,frepo_topic_abaqus,,,round1_family_queries,,
hpjeonGIT/ABAQUS_scripting,,,,no LICENSE file detected by the GitHub API,,0,,,licence_absent,"no licence is declared, so nothing may be redistributed from it; a repository without a LICENSE file is refused, not assumed permissive; recorded and not fetched",frepo_topic_abaqus,,,round1_family_queries,,
hpjeonGIT/Tips,,,,Find_lmutil_FLEXNET_license_status.txt present but neither GitHub nor a text match identified a licence,,0,,,licence_absent,"no licence is declared, so nothing may be redistributed from it; a repository without a LICENSE file is refused, not assumed permissive; recorded and not fetched",frepo_topic_abaqus,,,round1_family_queries,,
hpjeonGIT/training_slides,,,,no LICENSE file detected by the GitHub API,,0,,,licence_absent,"no licence is declared, so nothing may be redistributed from it; a repository without a LICENSE file is refused, not assumed permissive; recorded and not fetched",frepo_topic_abaqus,,,round1_family_queries,,
hsm-1120/abaqus_subroutines,,,,no LICENSE file detected by the GitHub API,,0,,,licence_absent,"no licence is declared, so nothing may be redistributed from it; a repository without a LICENSE file is refused, not assumed permissive; recorded and not fetched",frepo_abaqus_subroutine,,,round1_family_queries,,
huang-lihao/MetaLattice,43f07ef62f9fcf61bcf105015d204d2c80d9d767,MIT,permissive,LICENSE (SPDX MIT via the GitHub licence API),,0,,,no_fortran,its tree lists no Fortran file and no file the search matched,frepo_topic_abaqus,,,round1_family_queries,,
huang-lihao/lapack4abaqus,f3ee86b90484532c9477186309dcc72e49544bca,MIT,permissive,LICENSE (SPDX MIT via the GitHub licence API),,0,,,no_fortran,its tree lists no Fortran file and no file the search matched,frepo_abaqus_subroutine,,,round1_family_queries,,
huang-lihao/uel-libtorch,14761bb843ad8908e937f8f9b3129c51c2c24c4a,MIT,permissive,LICENSE (SPDX MIT via the GitHub licence API),,0,,,no_fortran,its tree lists no Fortran file and no file the search matched,frepo_abaqus_subroutine,,,round1_family_queries,,
iamroidev/quads,,,,no LICENSE file detected by the GitHub API,,0,,,licence_absent,"no licence is declared, so nothing may be redistributed from it; a repository without a LICENSE file is refused, not assumed permissive; recorded and not fetched",repo_topic_umat,,,round1_family_queries,,
idaholab/GranularFlowModels,,GPL-2.0,permissive,LICENSE (SPDX GPL-2.0 via the GitHub licence API),,0,,,licence_incompatible,GPL-2.0 is outside the set this project may redistribute; recorded and not fetched,repo_abaqus_user_material,,,round1_family_queries,,
imirzov/Install-Abaqus-2019-on-Ubuntu-18.04-LTS,,,,no LICENSE file detected by the GitHub API,,0,,,licence_absent,"no licence is declared, so nothing may be redistributed from it; a repository without a LICENSE file is refused, not assumed permissive; recorded and not fetched",frepo_topic_abaqus,,,round1_family_queries,,
irfa463/Hygro-dual-damage-CF-ONYX-UMAT,,,,no LICENSE file detected by the GitHub API,,0,,,licence_absent,"no licence is declared, so nothing may be redistributed from it; a repository without a LICENSE file is refused, not assumed permissive; recorded and not fetched",frepo_umat_damage,,,round1_family_queries,,
irfa463/Hygro-dual-damage-UMAT-CF-ONYX,,,,no LICENSE file detected by the GitHub API,,0,,,licence_absent,"no licence is declared, so nothing may be redistributed from it; a repository without a LICENSE file is refused, not assumed permissive; recorded and not fetched",frepo_umat_damage,,,round1_family_queries,,
irfa463/UMAT,,,,no LICENSE file detected by the GitHub API,,0,,,licence_absent,"no licence is declared, so nothing may be redistributed from it; a repository without a LICENSE file is refused, not assumed permissive; recorded and not fetched",frepo_umat_damage,,,round1_family_queries,,
irfa463/bootstrap-identifiability-,,,,no LICENSE file detected by the GitHub API,,0,,,licence_absent,"no licence is declared, so nothing may be redistributed from it; a repository without a LICENSE file is refused, not assumed permissive; recorded and not fetched",frepo_umat_damage,,,round1_family_queries,,
irfa463/hygro-dual-damage-UMAT,,,,LICENSE present but neither GitHub nor a text match identified a licence,,0,,,licence_absent,"no licence is declared, so nothing may be redistributed from it; a repository without a LICENSE file is refused, not assumed permissive; recorded and not fetched",repo_umat_abaqus,,,round1_family_queries,,
irfa463/irfa463,,,,no LICENSE file detected by the GitHub API,,0,,,licence_absent,"no licence is declared, so nothing may be redistributed from it; a repository without a LICENSE file is refused, not assumed permissive; recorded and not fetched",frepo_umat_damage,,,round1_family_queries,,
irfancn/Abaqus-VUMAT-viscoelastic,4090cc3910220698edffe4b61b3df3ebfbc18c70,MIT,permissive,LICENSE (SPDX MIT via the GitHub licence API),vumat_visco_voigt.for,4248,,,no_umat_entry,declares a VUMAT and no UMAT; the explicit interface is out of scope,frepo_abaqus_subroutine,,,round1_family_queries,,
irfanirfan166/umat,,,,no LICENSE file detected by the GitHub API,,0,,,licence_absent,"no licence is declared, so nothing may be redistributed from it; a repository without a LICENSE file is refused, not assumed permissive; recorded and not fetched",frepo_umat_viscoelastic,,,round1_family_queries,,
israelgarcia86/FFMcracking,54c5bec4950977e440ffcf6b8791bbd382aff97b,Apache-2.0,permissive,LICENSE (SPDX Apache-2.0 via the GitHub licence API),,0,,,no_fortran,its tree lists no Fortran file and no file the search matched,frepo_topic_abaqus,,,round1_family_queries,,
jakubgontarz/Abaqus-XFEM-subroutines,,,,no LICENSE file detected by the GitHub API,,0,,,licence_absent,"no licence is declared, so nothing may be redistributed from it; a repository without a LICENSE file is refused, not assumed permissive; recorded and not fetched",frepo_abaqus_subroutine,,,round1_family_queries,,
jenovencio/Fortran-Library-for-Material-Constitutive-Models,,,,no LICENSE file detected by the GitHub API,,0,,,licence_absent,"no licence is declared, so nothing may be redistributed from it; a repository without a LICENSE file is refused, not assumed permissive; recorded and not fetched",frepo_constitutive_fortran,,,round1_family_queries,,
jfriedlein/Logarithmic_Strain_Space-Fortran,,,,no LICENSE file detected by the GitHub API,,0,,,licence_absent,"no licence is declared, so nothing may be redistributed from it; a repository without a LICENSE file is refused, not assumed permissive; recorded and not fetched",repo_topic_umat,,,round1_family_queries,,
jfriedlein/insert_umat_utan_into_object_files_Fortran_LS-Dyna,,,,no LICENSE file detected by the GitHub API,,0,,,licence_absent,"no licence is declared, so nothing may be redistributed from it; a repository without a LICENSE file is refused, not assumed permissive; recorded and not fetched",repo_umat_subroutine,,,round1_family_queries,,
jiachenguoNU/UMAT_cpp,,,,no LICENSE file detected by the GitHub API,,0,,,licence_absent,"no licence is declared, so nothing may be redistributed from it; a repository without a LICENSE file is refused, not assumed permissive; recorded and not fetched",repo_umat_abaqus,,,round1_family_queries,,
jishiqing/abaqus-dflux,,,,no LICENSE file detected by the GitHub API,,0,,,licence_absent,"no licence is declared, so nothing may be redistributed from it; a repository without a LICENSE file is refused, not assumed permissive; recorded and not fetched",frepo_abaqus_subroutine,,,round1_family_queries,,
joeyjin78/Abaqus,,,,no LICENSE file detected by the GitHub API,,0,,,licence_absent,"no licence is declared, so nothing may be redistributed from it; a repository without a LICENSE file is refused, not assumed permissive; recorded and not fetched",frepo_abaqus_subroutine,,,round1_family_queries,,
jpcoding/Abaqus-inpVScodeExtension,c6f336e23774ec14a5f876d96a3b0c76e81b7d99,Apache-2.0,permissive,LICENSE (SPDX Apache-2.0 inferred from the licence text; GitHub's API reported no identifier for this file),,0,,,no_fortran,its tree lists no Fortran file and no file the search matched,frepo_topic_abaqus,,,round1_family_queries,,
jpsferreira/umat-material-explorer,,,,no LICENSE file detected by the GitHub API,,0,,,licence_absent,"no licence is declared, so nothing may be redistributed from it; a repository without a LICENSE file is refused, not assumed permissive; recorded and not fetched",frepo_umat_viscoelastic,,,round1_family_queries,,
junjieim/Subroutine-Toolkit,,,,no LICENSE file detected by the GitHub API,,0,,,licence_absent,"no licence is declared, so nothing may be redistributed from it; a repository without a LICENSE file is refused, not assumed permissive; recorded and not fetched",frepo_abaqus_subroutine,,,round1_family_queries,,
junzengx14/pantographe-mechanics-simulation,,,,no LICENSE file detected by the GitHub API,,0,,,licence_absent,"no licence is declared, so nothing may be redistributed from it; a repository without a LICENSE file is refused, not assumed permissive; recorded and not fetched",frepo_topic_abaqus,,,round1_family_queries,,
jzw0025/Abaqus-UMAT-Tutorial,,,,no LICENSE file detected by the GitHub API,,0,,,licence_absent,"no licence is declared, so nothing may be redistributed from it; a repository without a LICENSE file is refused, not assumed permissive; recorded and not fetched",repo_umat_abaqus,,,round1_family_queries,,
kariln/Predictions-of-thermal-fields-in-additive-manufacturing,,,,no LICENSE file detected by the GitHub API,,0,,,licence_absent,"no licence is declared, so nothing may be redistributed from it; a repository without a LICENSE file is refused, not assumed permissive; recorded and not fetched",frepo_topic_abaqus,,,round1_family_queries,,
kedarzc/Abaqus_fortran_subroutines,,,,no LICENSE file detected by the GitHub API,,0,,,licence_absent,"no licence is declared, so nothing may be redistributed from it; a repository without a LICENSE file is refused, not assumed permissive; recorded and not fetched",frepo_abaqus_subroutine,,,round1_family_queries,,
kycai/femssc,6cdd6226f701add64af03a36121a0499249b006d,MIT,permissive,LICENSE (SPDX MIT via the GitHub licence API),,0,,,no_fortran,its tree lists no Fortran file and no file the search matched,frepo_topic_abaqus,,,round1_family_queries,,
lanl/tardigrade-abaqus-tools,e38b67969ef34be8d05d218b185e5c352d1ffead,BSD-3-Clause,permissive,LICENSE (SPDX BSD-3-Clause inferred from the licence text; GitHub's API reported no identifier for this file),,0,,,no_fortran,its tree lists no Fortran file and no file the search matched,frepo_abaqus_subroutine,,,round1_family_queries,,
lbrassart/chemo-vp-efftemp,71f81d939b12e39461de7b79f6252ab0ac3cd33c,MIT,permissive,LICENSE (SPDX MIT via the GitHub licence API),UMAT.for,53339,f2743ac32181ce59d1ad80ad8a7e985ad3b48e39440ef6a4a1e973dfb53631f2,5595f7d8b8d6903a8692e782398ed45a21249975565ad7692a2c539f948e61b9,candidate,"distinct, licensed MIT (permissive), declares a UMAT entry point; not yet transformed or verified",frepo_abaqus_subroutine,lbrassart__chemo-vp-efftemp/UMAT.for,deformation.inp;degrad_defor.inp;degradation.inp,round1_family_queries,accept,"other: glassy-polymer viscoplasticity with hydrolytic degradation via an effective temperature (rate-dependent with yield -> other/viscoplastic); SDVINI in file; decks deformation.inp, degradation.inp, degrad_defor.inp"
lbrassart/chemo-vp-efftemp,71f81d939b12e39461de7b79f6252ab0ac3cd33c,MIT,permissive,LICENSE (SPDX MIT via the GitHub licence API),UMATHT.f,3155,,,no_umat_entry,"Fortran, but it declares no SUBROUTINE UMAT",frepo_abaqus_subroutine,,,round1_family_queries,,
lbrassart/chemo-vp-efftemp,71f81d939b12e39461de7b79f6252ab0ac3cd33c,MIT,permissive,LICENSE (SPDX MIT via the GitHub licence API),UMATHT_UMAT.for,54793,6e2ca5eb16c0433ee743eeead8e0f88ce6ca1f0b41bb1bf7fbacda61c8c52301,10a6b1b09df2a11c1e46735bb15c36bacbaa87458761f0cc781323b5e24b4075,candidate,"distinct, licensed MIT (permissive), declares a UMAT entry point; not yet transformed or verified",frepo_abaqus_subroutine,lbrassart__chemo-vp-efftemp/UMATHT_UMAT.for,deformation.inp;degrad_defor.inp;degradation.inp,round1_family_queries,reject,near_duplicate_within_search: Jaccard 0.85 to UMAT.for (coupled UMATHT variant)
lcharleux/argiope,55025cee9098f77920c513f14ced1dd983ceb966,GPL-3.0,copyleft,LICENSE (SPDX GPL-3.0 via the GitHub licence API),,0,,,no_fortran,its tree lists no Fortran file and no file the search matched,frepo_topic_abaqus,,,round1_family_queries,,
lcharleux/hardness,09553fc46bf88af7c5b89a0f7c1a78d17a09a77d,GPL-3.0,copyleft,LICENSE (SPDX GPL-3.0 via the GitHub licence API),,0,,,no_fortran,its tree lists no Fortran file and no file the search matched,frepo_topic_abaqus,,,round1_family_queries,,
lizheng619/abaqus_umat_Cplusplus_cpp,,,,no LICENSE file detected by the GitHub API,,0,,,licence_absent,"no licence is declared, so nothing may be redistributed from it; a repository without a LICENSE file is refused, not assumed permissive; recorded and not fetched",repo_umat_abaqus,,,round1_family_queries,,
llamm-de/tensor_tools,,LGPL-2.1,permissive,LICENSE.md (SPDX LGPL-2.1 via the GitHub licence API),,0,,,licence_incompatible,LGPL-2.1 is outside the set this project may redistribute; recorded and not fetched,repo_umat_abaqus,,,round1_family_queries,,
m-aryayi/Abaqus-Projects,,,,no LICENSE file detected by the GitHub API,,0,,,licence_absent,"no licence is declared, so nothing may be redistributed from it; a repository without a LICENSE file is refused, not assumed permissive; recorded and not fetched",frepo_abaqus_subroutine,,,round1_family_queries,,
marioruiarruda/Tsai-Wu_3D_UMAT,4b9d29618b345450ef3513f9a8d8be28bfa15b46,BSD-3-Clause,permissive,LICENSE (SPDX BSD-3-Clause via the GitHub licence API),,0,,,no_fortran,its tree lists no Fortran file and no file the search matched,frepo_umat_damage,,,round1_family_queries,,
marioruiarruda/UMAT_Debugger,23742d71ce716f2942409557d7a719035aa1dd15,BSD-3-Clause,permissive,LICENSE (SPDX BSD-3-Clause via the GitHub licence API),debugger.f90,2369,,,no_umat_entry,"Fortran, but it declares no SUBROUTINE UMAT",repo_umat_abaqus,,,round1_family_queries,,
materialsguy/Abaqus_Codes_Inverse_Parameter_Paper,566f36997de1b632781dfcaeb9cf19c54d1738f4,MIT,permissive,LICENSE (SPDX MIT inferred from the licence text; GitHub's API reported no identifier for this file),,0,,,no_fortran,its tree lists no Fortran file and no file the search matched,frepo_topic_abaqus,,,round1_family_queries,,
materialsguy/Buckling_Analysis_Laminated_Samples,9c825306fd5b1661412eaeddfbe074efd051e4e9,MIT,permissive,LICENSE (SPDX MIT inferred from the licence text; GitHub's API reported no identifier for this file),,0,,,no_fortran,its tree lists no Fortran file and no file the search matched,frepo_topic_abaqus,,,round1_family_queries,,
materialsguy/Predict_Nanoindentation_Tip_Wear,469b0b1fc99fec4669b10e85f06c6369354b8761,MIT,permissive,LICENSE (SPDX MIT inferred from the licence text; GitHub's API reported no identifier for this file),Codes/Abaqus_Indentation/2D/UMATPlasticity.f,4251,5bb356c27ae5edf6b26a34be4122d752e876863aa6386139ae934332d1415a84,f40f38f8866ad422a8ee71cd73dd3d0433cebe6d3aaad43c4eaf359735aa17fa,candidate,"distinct, licensed MIT (permissive), declares a UMAT entry point; not yet transformed or verified",frepo_topic_abaqus,materialsguy__Predict_Nanoindentation_Tip_Wear/Codes/Abaqus_Indentation/2D/UMATPlasticity.f,,round1_family_queries,accept,"rate_independent_plasticity: J2 power-law hardening radial return, 90 lines. Third-party author: E. Martinez-Paneda (header: 'distributed under a BSD license', cite EJM-A/Solids 77 103785); repo LICENSE MIT -> attribution to Martinez-Paneda required in THIRD_PARTY_NOTICES. D-19 lead: constants come from the repository's input dataset (start_2D_model.py reads E, nu, Sy, n from input_data columns 7-10)"
materialsguy/Predict_Nanoindentation_Tip_Wear,469b0b1fc99fec4669b10e85f06c6369354b8761,MIT,permissive,LICENSE (SPDX MIT inferred from the licence text; GitHub's API reported no identifier for this file),Codes/Abaqus_Indentation/3D/UMATPlasticity.f,4251,5bb356c27ae5edf6b26a34be4122d752e876863aa6386139ae934332d1415a84,f40f38f8866ad422a8ee71cd73dd3d0433cebe6d3aaad43c4eaf359735aa17fa,duplicate_within_search,the same implementation as an earlier hit,frepo_topic_abaqus,,,round1_family_queries,,
matthiasneuner/AbaqusFilFile-Translator,,MPL-2.0,permissive,LICENSE (SPDX MPL-2.0 via the GitHub licence API),,0,,,licence_incompatible,MPL-2.0 is outside the set this project may redistribute; recorded and not fetched,frepo_topic_abaqus,,,round1_family_queries,,
mattscar/abaqus_book,,,,no LICENSE file detected by the GitHub API,,0,,,licence_absent,"no licence is declared, so nothing may be redistributed from it; a repository without a LICENSE file is refused, not assumed permissive; recorded and not fetched",frepo_abaqus_subroutine,,,round1_family_queries,,
mauroarcidiacono/Abaqus-VUMAT-Johnson-Cook,3b8188dd14f810809246b05ded0aa53134b74dc5,MIT,permissive,LICENSE (SPDX MIT via the GitHub licence API),JC_VUMAT.for,17906,,,no_umat_entry,declares a VUMAT and no UMAT; the explicit interface is out of scope,repo_topic_abaqus_fortran,,,round1_family_queries,,
mauroarcidiacono/Abaqus-VUMAT-Johnson-Cook,3b8188dd14f810809246b05ded0aa53134b74dc5,MIT,permissive,LICENSE (SPDX MIT via the GitHub licence API),utils.for,4304,,,no_umat_entry,"Fortran, but it declares no SUBROUTINE UMAT",repo_topic_abaqus_fortran,,,round1_family_queries,,
maxyao2000/HUANG-S-UMAT-IN-CRYSTAL-PLASTICITY-,,,,no LICENSE file detected by the GitHub API,,0,,,licence_absent,"no licence is declared, so nothing may be redistributed from it; a repository without a LICENSE file is refused, not assumed permissive; recorded and not fetched",frepo_umat_plasticity,,,round1_family_queries,,
mcaire/umat_nlv_1d,,,,no LICENSE file detected by the GitHub API,,0,,,licence_absent,"no licence is declared, so nothing may be redistributed from it; a repository without a LICENSE file is refused, not assumed permissive; recorded and not fetched",frepo_umat_viscoelastic,,,round1_family_queries,,
mehdihbgi3/ABAQUS-Copv-Hashin-Damage,,,,no LICENSE file detected by the GitHub API,,0,,,licence_absent,"no licence is declared, so nothing may be redistributed from it; a repository without a LICENSE file is refused, not assumed permissive; recorded and not fetched",repo_umat_abaqus,,,round1_family_queries,,
mfkiwl/Abaqus-UEL-von-Mises-plasticity,,,,no LICENSE file detected by the GitHub API,,0,,,licence_absent,"no licence is declared, so nothing may be redistributed from it; a repository without a LICENSE file is refused, not assumed permissive; recorded and not fetched",frepo_abaqus_subroutine,,,round1_family_queries,,
michael-schw/Abaqus-UMAT-Cpp-Subroutine,cd14fb7e2287369c86a82f4e71e13fc229faad8c,MIT,permissive,LICENSE (SPDX MIT via the GitHub licence API),,0,,,no_fortran,its tree lists no Fortran file and no file the search matched,repo_umat_abaqus,,,round1_family_queries,,
midhun8629-sudo/Deep-Operator-Learning-for-Viscoelastic-Constitutive-Modeling-Neural-UMAT-,3e876030a2ad05a5d67ae56b5e6d9ae4d8dacd23,Apache-2.0,permissive,LICENSE (SPDX Apache-2.0 via the GitHub licence API),,0,,,no_fortran,its tree lists no Fortran file and no file the search matched,frepo_umat_viscoelastic,,,round1_family_queries,,
migueldiaslima/beso-topology-optimisation,1b843ad8a7c7ef9bce6d9648247bbf5975d01066,MIT,permissive,LICENSE (SPDX MIT via the GitHub licence API),,0,,,no_fortran,its tree lists no Fortran file and no file the search matched,frepo_topic_abaqus,,,round1_family_queries,,
mkhoshbin1/pyauxetic,680fd280565962db2baa12a15d5f6f77ccdffcab,AGPL-3.0,copyleft,LICENSE (SPDX AGPL-3.0 via the GitHub licence API),,0,,,no_fortran,its tree lists no Fortran file and no file the search matched,frepo_topic_abaqus,,,round1_family_queries,,
mlasenHUB/Python_Abaqus,,,,no LICENSE file detected by the GitHub API,,0,,,licence_absent,"no licence is declared, so nothing may be redistributed from it; a repository without a LICENSE file is refused, not assumed permissive; recorded and not fetched",frepo_topic_abaqus,,,round1_family_queries,,
mnavidghane/TRIP-Steel-CP-Twinning-Martensite-VUMAT,4b3448c9c9563dd4a7eb7862bb9e1647d87a711a,MIT,permissive,LICENSE (SPDX MIT via the GitHub licence API),vumat_trip_steel.for,31675,,,no_umat_entry,declares a VUMAT and no UMAT; the explicit interface is out of scope,repo_abaqus_user_material,,,round1_family_queries,,
mohade3rj/ABAQUS-subroutines,,,,no LICENSE file detected by the GitHub API,,0,,,licence_absent,"no licence is declared, so nothing may be redistributed from it; a repository without a LICENSE file is refused, not assumed permissive; recorded and not fetched",frepo_abaqus_subroutine,,,round1_family_queries,,
mouli-g/DFLUX_SUBROUTINE_1,,,,no LICENSE file detected by the GitHub API,,0,,,licence_absent,"no licence is declared, so nothing may be redistributed from it; a repository without a LICENSE file is refused, not assumed permissive; recorded and not fetched",frepo_abaqus_subroutine,,,round1_family_queries,,
mrcharva/UMAT_ABAQUS_growth,,,,no LICENSE file detected by the GitHub API,,0,,,licence_absent,"no licence is declared, so nothing may be redistributed from it; a repository without a LICENSE file is refused, not assumed permissive; recorded and not fetched",repo_umat_abaqus,,,round1_family_queries,,
mrettl/conforce,a4e3fa67d970f708dd48677a06a03c4071280a43,MIT,permissive,LICENSE.txt (SPDX MIT via the GitHub licence API),,0,,,no_fortran,its tree lists no Fortran file and no file the search matched,frepo_topic_abaqus,,,round1_family_queries,,
musfick-alam/RCC_Builder_Plugin,583ba8e67a4f2e868c0c3328ebed8bcb4a25265f,MIT,permissive,LICENSE (SPDX MIT via the GitHub licence API),,0,,,no_fortran,its tree lists no Fortran file and no file the search matched,frepo_topic_abaqus,,,round1_family_queries,,
mwierszycki/Abaqus-in-Apptainer-Singularity-container,,GPL-2.0,permissive,LICENSE (SPDX GPL-2.0 via the GitHub licence API),,0,,,licence_incompatible,GPL-2.0 is outside the set this project may redistribute; recorded and not fetched,frepo_topic_abaqus,,,round1_family_queries,,
mwierszycki/abaqus_le_linux_wine,,GPL-2.0,permissive,LICENSE (SPDX GPL-2.0 via the GitHub licence API),,0,,,licence_incompatible,GPL-2.0 is outside the set this project may redistribute; recorded and not fetched,frepo_topic_abaqus,,,round1_family_queries,,
mwierszycki/abaqus_parameter_property_tables,,GPL-2.0,permissive,LICENSE (SPDX GPL-2.0 via the GitHub licence API),,0,,,licence_incompatible,GPL-2.0 is outside the set this project may redistribute; recorded and not fetched,repo_topic_abaqus_fortran,,,round1_family_queries,,
mwierszycki/event_series_abaqus,,GPL-2.0,permissive,LICENSE (SPDX GPL-2.0 via the GitHub licence API),,0,,,licence_incompatible,GPL-2.0 is outside the set this project may redistribute; recorded and not fetched,repo_topic_abaqus_fortran,,,round1_family_queries,,
mwierszycki/flexnet_systemd_service,,,,no LICENSE file detected by the GitHub API,,0,,,licence_absent,"no licence is declared, so nothing may be redistributed from it; a repository without a LICENSE file is refused, not assumed permissive; recorded and not fetched",frepo_topic_abaqus,,,round1_family_queries,,
mwierszycki/gdb_for_abaqus,,GPL-2.0,permissive,LICENSE (SPDX GPL-2.0 via the GitHub licence API),,0,,,licence_incompatible,GPL-2.0 is outside the set this project may redistribute; recorded and not fetched,frepo_abaqus_subroutine,,,round1_family_queries,,
mwierszycki/gfortran_for_abaqus,,,,no LICENSE file detected by the GitHub API,,0,,,licence_absent,"no licence is declared, so nothing may be redistributed from it; a repository without a LICENSE file is refused, not assumed permissive; recorded and not fetched",frepo_topic_abaqus,,,round1_family_queries,,
mwierszycki/openmpi-abaqus,,,,no LICENSE file detected by the GitHub API,,0,,,licence_absent,"no licence is declared, so nothing may be redistributed from it; a repository without a LICENSE file is refused, not assumed permissive; recorded and not fetched",frepo_topic_abaqus,,,round1_family_queries,,
nilamparmar8888/moving-heat-flux-abaqus,,,,no LICENSE file detected by the GitHub API,,0,,,licence_absent,"no licence is declared, so nothing may be redistributed from it; a repository without a LICENSE file is refused, not assumed permissive; recorded and not fetched",frepo_abaqus_subroutine,,,round1_family_queries,,
nunobbrandao/UMAT-aging-viscoelasticity,,,,no LICENSE file detected by the GitHub API,,0,,,licence_absent,"no licence is declared, so nothing may be redistributed from it; a repository without a LICENSE file is refused, not assumed permissive; recorded and not fetched",repo_umat_abaqus,,,round1_family_queries,,
nusyzb/NN-Constitutive-Surrogate-with-Umat,,,,no LICENSE file detected by the GitHub API,,0,,,licence_absent,"no licence is declared, so nothing may be redistributed from it; a repository without a LICENSE file is refused, not assumed permissive; recorded and not fetched",repo_umat_abaqus,,,round1_family_queries,,
opaseta/UMAT-Subroutine-to-simulate-cell-cell-adhesions-following-a-Catch-bond-law-,,,,no LICENSE file detected by the GitHub API,,0,,,licence_absent,"no licence is declared, so nothing may be redistributed from it; a repository without a LICENSE file is refused, not assumed permissive; recorded and not fetched",repo_umat_abaqus,,,round1_family_queries,,
ozgunnn/Abaqus-mdb-odb,,,,no LICENSE file detected by the GitHub API,,0,,,licence_absent,"no licence is declared, so nothing may be redistributed from it; a repository without a LICENSE file is refused, not assumed permissive; recorded and not fetched",frepo_topic_abaqus,,,round1_family_queries,,
pamiesx/UHYPER_Lopez-Pamies,4a2e3fc2b60bba89f7af9992079a0ccd720330d7,GPL-3.0,copyleft,LICENSE (SPDX GPL-3.0 via the GitHub licence API),UHYPER_Lopez-Pamies.f,6243,,,no_umat_entry,"Fortran, but it declares no SUBROUTINE UMAT",frepo_abaqus_subroutine,,,round1_family_queries,,
pamiesx/UHYPER_Lopez-Pamies,4a2e3fc2b60bba89f7af9992079a0ccd720330d7,GPL-3.0,copyleft,LICENSE (SPDX GPL-3.0 via the GitHub licence API),UHYPER_Lopez-Pamies.for,6246,,,no_umat_entry,"Fortran, but it declares no SUBROUTINE UMAT",frepo_abaqus_subroutine,,,round1_family_queries,,
paramesh-md/Abaqus_subroutines,,,,no LICENSE file detected by the GitHub API,,0,,,licence_absent,"no licence is declared, so nothing may be redistributed from it; a repository without a LICENSE file is refused, not assumed permissive; recorded and not fetched",frepo_abaqus_subroutine,,,round1_family_queries,,
pedrobleme/tribocorrosion_simulation_files,bec858d898d57aa145ab633e11ba585cf5af5087,MIT,permissive,LICENSE (SPDX MIT via the GitHub licence API),vumat.for,65296,,,no_umat_entry,declares a VUMAT and no UMAT; the explicit interface is out of scope,frepo_abaqus_subroutine,,,round1_family_queries,,
qd-cae/awesome-CAE,,,,no LICENSE file detected by the GitHub API,,0,,,licence_absent,"no licence is declared, so nothing may be redistributed from it; a repository without a LICENSE file is refused, not assumed permissive; recorded and not fetched",frepo_topic_abaqus,,,round1_family_queries,,
qiaoqdq/ABAQUS-subroutine,,,,no LICENSE file detected by the GitHub API,,0,,,licence_absent,"no licence is declared, so nothing may be redistributed from it; a repository without a LICENSE file is refused, not assumed permissive; recorded and not fetched",frepo_abaqus_subroutine,,,round1_family_queries,,
quanghuynh1806/1st-Project,,,,no LICENSE file detected by the GitHub API,,0,,,licence_absent,"no licence is declared, so nothing may be redistributed from it; a repository without a LICENSE file is refused, not assumed permissive; recorded and not fetched",frepo_umat_hyperelastic,,,round1_family_queries,,
quinoqg/Abaqus-Subroutines,,,,no LICENSE file detected by the GitHub API,,0,,,licence_absent,"no licence is declared, so nothing may be redistributed from it; a repository without a LICENSE file is refused, not assumed permissive; recorded and not fetched",frepo_abaqus_subroutine,,,round1_family_queries,,
rorlandoc/abaqus_cpp_usubs,366541bb110c3edc0fc76efbd7cff29cb986740f,MIT,permissive,LICENSE (SPDX MIT via the GitHub licence API),,0,,,no_fortran,its tree lists no Fortran file and no file the search matched,repo_umat_abaqus,,,round1_family_queries,,
rubsal/PhD_Abaqus_subroutines,7bb4f2fdf8b89c57865144919bbcf7bb37299198,MIT,permissive,LICENSE (SPDX MIT via the GitHub licence API),VUMAT.f,24491,,,no_umat_entry,declares a VUMAT and no UMAT; the explicit interface is out of scope,frepo_abaqus_subroutine,,,round1_family_queries,,
rubsal/PhD_Abaqus_subroutines,7bb4f2fdf8b89c57865144919bbcf7bb37299198,MIT,permissive,LICENSE (SPDX MIT via the GitHub licence API),materialroutine.f,19147,,,no_umat_entry,"Fortran, but it declares no SUBROUTINE UMAT",frepo_abaqus_subroutine,,,round1_family_queries,,
rutger-kok/composite_cdm_ap_ply,,LGPL-2.1,permissive,LICENSE (SPDX LGPL-2.1 via the GitHub licence API),,0,,,licence_incompatible,LGPL-2.1 is outside the set this project may redistribute; recorded and not fetched,frepo_abaqus_subroutine,,,round1_family_queries,,
rutger-kok/composite_cdm_tan,,LGPL-2.1,permissive,LICENSE (SPDX LGPL-2.1 via the GitHub licence API),,0,,,licence_incompatible,LGPL-2.1 is outside the set this project may redistribute; recorded and not fetched,repo_topic_abaqus_fortran,,,round1_family_queries,,
rutwikg/abaqus-mcp,8e63cf6dd15c2c7b8356abe685002ab9f1e98337,AGPL-3.0,copyleft,LICENSE (SPDX AGPL-3.0 via the GitHub licence API),,0,,,no_fortran,its tree lists no Fortran file and no file the search matched,frepo_topic_abaqus,,,round1_family_queries,,
saeed9456/Carbon-Fiber-Reinforced-Composites-Abaqus,,,,no LICENSE file detected by the GitHub API,,0,,,licence_absent,"no licence is declared, so nothing may be redistributed from it; a repository without a LICENSE file is refused, not assumed permissive; recorded and not fetched",frepo_abaqus_subroutine,,,round1_family_queries,,
saeed9456/Combined-Johnson-Cook-Constitutive-Material-Model-for-Failure-Analysis-in-WAAM-of-Metals,,,,no LICENSE file detected by the GitHub API,,0,,,licence_absent,"no licence is declared, so nothing may be redistributed from it; a repository without a LICENSE file is refused, not assumed permissive; recorded and not fetched",repo_umat_abaqus,,,round1_family_queries,,
saeed9456/Transient-Heat-Transfer-Simulation-of-Wire-Arc-Additive-Manufacturing-Using-Abaqus-User-Subroutines,,,,no LICENSE file detected by the GitHub API,,0,,,licence_absent,"no licence is declared, so nothing may be redistributed from it; a repository without a LICENSE file is refused, not assumed permissive; recorded and not fetched",frepo_abaqus_subroutine,,,round1_family_queries,,
sagerag/isotropicElasticityUMAT,,,,no LICENSE file detected by the GitHub API,,0,,,licence_absent,"no licence is declared, so nothing may be redistributed from it; a repository without a LICENSE file is refused, not assumed permissive; recorded and not fetched",repo_umat_abaqus,,,round1_family_queries,,
seven777f/InsertCohesive,,,,no LICENSE file detected by the GitHub API,,0,,,licence_absent,"no licence is declared, so nothing may be redistributed from it; a repository without a LICENSE file is refused, not assumed permissive; recorded and not fetched",frepo_topic_abaqus,,,round1_family_queries,,
shahid9430/3DHashinUMAT,,,,no LICENSE file detected by the GitHub API,,0,,,licence_absent,"no licence is declared, so nothing may be redistributed from it; a repository without a LICENSE file is refused, not assumed permissive; recorded and not fetched",repo_umat_abaqus,,,round1_family_queries,,
shahid9430/HashinUMAT,,,,no LICENSE file detected by the GitHub API,,0,,,licence_absent,"no licence is declared, so nothing may be redistributed from it; a repository without a LICENSE file is refused, not assumed permissive; recorded and not fetched",repo_umat_abaqus,,,round1_family_queries,,
shayansss/pmse,53a32c7b53ff5d2afbc7628b0c89ff56d32467af,MIT,permissive,LICENSE (SPDX MIT via the GitHub licence API),,0,,,no_fortran,its tree lists no Fortran file and no file the search matched,frepo_topic_abaqus,,,round1_family_queries,,
shsong2001/Abaqus_Subroutines-1,,,,no LICENSE file detected by the GitHub API,,0,,,licence_absent,"no licence is declared, so nothing may be redistributed from it; a repository without a LICENSE file is refused, not assumed permissive; recorded and not fetched",frepo_abaqus_subroutine,,,round1_family_queries,,
sihaoyu0215/LLM_Agent,,,,no LICENSE file detected by the GitHub API,,0,,,licence_absent,"no licence is declared, so nothing may be redistributed from it; a repository without a LICENSE file is refused, not assumed permissive; recorded and not fetched",repo_umat_abaqus,,,round1_family_queries,,
simulation-lab-xx/runabq,74d6b28492ca89cf400f376f1fb21515521f6e6d,MIT,permissive,LICENCE.md (SPDX MIT via the GitHub licence API),,0,,,no_fortran,its tree lists no Fortran file and no file the search matched,frepo_topic_abaqus,,,round1_family_queries,,
smrg-uob/PeriodicBoundaryCondition,b5f7a4c19f775c3070c549b5035fc59b652ba5c7,MIT,permissive,LICENSE (SPDX MIT via the GitHub licence API),,0,,,no_fortran,its tree lists no Fortran file and no file the search matched,frepo_topic_abaqus,,,round1_family_queries,,
smrg-uob/int_defects,4ac2700ad54c10df665b53ca18b0ed39d542f09b,MIT,permissive,LICENSE.txt (SPDX MIT inferred from the licence text; GitHub's API reported no identifier for this file),,0,,,no_fortran,its tree lists no Fortran file and no file the search matched,frepo_topic_abaqus,,,round1_family_queries,,
sparlund/new_abaqus,,,,no LICENSE file detected by the GitHub API,,0,,,licence_absent,"no licence is declared, so nothing may be redistributed from it; a repository without a LICENSE file is refused, not assumed permissive; recorded and not fetched",frepo_topic_abaqus,,,round1_family_queries,,
subhodeepbakshi/Ball-Plate-Impact-Simulation-AbaqusCAE,,CC0-1.0,permissive,LICENSE (SPDX CC0-1.0 via the GitHub licence API),,0,,,licence_incompatible,CC0-1.0 is outside the set this project may redistribute; recorded and not fetched,frepo_topic_abaqus,,,round1_family_queries,,
sunnyerteit/Abaqus_contact_force_output,,,,no LICENSE file detected by the GitHub API,,0,,,licence_absent,"no licence is declared, so nothing may be redistributed from it; a repository without a LICENSE file is refused, not assumed permissive; recorded and not fetched",frepo_topic_abaqus,,,round1_family_queries,,
sunnyerteit/abaqus_aqua_tutorial,,,,no LICENSE file detected by the GitHub API,,0,,,licence_absent,"no licence is declared, so nothing may be redistributed from it; a repository without a LICENSE file is refused, not assumed permissive; recorded and not fetched",frepo_topic_abaqus,,,round1_family_queries,,
sunnyerteit/crackDesignStudy,,,,no LICENSE file detected by the GitHub API,,0,,,licence_absent,"no licence is declared, so nothing may be redistributed from it; a repository without a LICENSE file is refused, not assumed permissive; recorded and not fetched",frepo_topic_abaqus,,,round1_family_queries,,
sunnyerteit/pressure_field_clustering,,,,no LICENSE file detected by the GitHub API,,0,,,licence_absent,"no licence is declared, so nothing may be redistributed from it; a repository without a LICENSE file is refused, not assumed permissive; recorded and not fetched",frepo_topic_abaqus,,,round1_family_queries,,
superdurszlak/SubroutineTest,043b3004097d2d5b7c51fa5cb48618aa862e64a3,MIT,permissive,LICENSE (SPDX MIT via the GitHub licence API),models/example_Johnson_Cook/subroutine.for,3054,,,no_umat_entry,"Fortran, but it declares no SUBROUTINE UMAT",frepo_abaqus_subroutine,,,round1_family_queries,,
superdurszlak/SubroutineTest,043b3004097d2d5b7c51fa5cb48618aa862e64a3,MIT,permissive,LICENSE (SPDX MIT via the GitHub licence API),models/example_Khan_Huang_Liang/subroutine.for,3707,,,no_umat_entry,"Fortran, but it declares no SUBROUTINE UMAT",frepo_abaqus_subroutine,,,round1_family_queries,,
superdurszlak/SubroutineTest,043b3004097d2d5b7c51fa5cb48618aa862e64a3,MIT,permissive,LICENSE (SPDX MIT via the GitHub licence API),models/example_Modified_Johnson_Cook/subroutine.for,3629,,,no_umat_entry,"Fortran, but it declares no SUBROUTINE UMAT",frepo_abaqus_subroutine,,,round1_family_queries,,
superdurszlak/SubroutineTest,043b3004097d2d5b7c51fa5cb48618aa862e64a3,MIT,permissive,LICENSE (SPDX MIT via the GitHub licence API),models/example_Zerilli_Armstrong_BCC/subroutine.for,2792,,,no_umat_entry,"Fortran, but it declares no SUBROUTINE UMAT",frepo_abaqus_subroutine,,,round1_family_queries,,
superdurszlak/SubroutineTest,043b3004097d2d5b7c51fa5cb48618aa862e64a3,MIT,permissive,LICENSE (SPDX MIT via the GitHub licence API),models/example_Zerilli_Armstrong_FCC/subroutine.for,2727,,,no_umat_entry,"Fortran, but it declares no SUBROUTINE UMAT",frepo_abaqus_subroutine,,,round1_family_queries,,
svd-ai-lab/sim-cli,b7318cc3abbe50e4d5b61cebdb4e63e3231580b5,Apache-2.0,permissive,LICENSE (SPDX Apache-2.0 via the GitHub licence API),,0,,,no_fortran,its tree lists no Fortran file and no file the search matched,frepo_topic_abaqus,,,round1_family_queries,,
svd-ai-lab/sim-plugin-abaqus,4118f73841245dc7890f9d526da8d7415e455d98,Apache-2.0,permissive,LICENSE (SPDX Apache-2.0 via the GitHub licence API),,0,,,no_fortran,its tree lists no Fortran file and no file the search matched,frepo_topic_abaqus,,,round1_family_queries,,
tawsif-mahmood/VUAMP,,,,no LICENSE file detected by the GitHub API,,0,,,licence_absent,"no licence is declared, so nothing may be redistributed from it; a repository without a LICENSE file is refused, not assumed permissive; recorded and not fetched",frepo_abaqus_subroutine,,,round1_family_queries,,
techtocore/Abaqus-Voronoi-cell-FEM,,,,no LICENSE file detected by the GitHub API,,0,,,licence_absent,"no licence is declared, so nothing may be redistributed from it; a repository without a LICENSE file is refused, not assumed permissive; recorded and not fetched",frepo_topic_abaqus,,,round1_family_queries,,
test1card/femis-skill,ceff46782f8379425162f7de42a46312f07704a5,Apache-2.0,permissive,LICENSE (SPDX Apache-2.0 via the GitHub licence API),,0,,,no_fortran,its tree lists no Fortran file and no file the search matched,frepo_topic_abaqus,,,round1_family_queries,,
thanhph111/prosthetic-foot-design,9c303c54949feb09126e4d67ba2f6de0d88f22a2,MIT,permissive,LICENSE (SPDX MIT via the GitHub licence API),,0,,,no_fortran,its tree lists no Fortran file and no file the search matched,frepo_topic_abaqus,,,round1_family_queries,,
thatliuyang/Abaqus-subroutine-for-composites-progressive-failure-analysis-,bb81bec7991026f84cffb6db0b9da6b857b65be6,MIT,permissive,LICENSE (SPDX MIT via the GitHub licence API),Test suite/test_puck.f90,41917,,,no_umat_entry,"Fortran, but it declares no SUBROUTINE UMAT",frepo_abaqus_subroutine,,,round1_family_queries,,
thatliuyang/Abaqus-subroutine-for-composites-progressive-failure-analysis-,bb81bec7991026f84cffb6db0b9da6b857b65be6,MIT,permissive,LICENSE (SPDX MIT via the GitHub licence API),UMAT_comp_failure.for,48202,ff346d3a91b3aa42ab39ca2234f6224530d85487926f3ef3945d2f49b8c29534,05f1b9b8838c3367a3de83841ee3a1c01062e0c52cac866e91b85d89273f0127,candidate,"distinct, licensed MIT (permissive), declares a UMAT entry point; not yet transformed or verified",frepo_abaqus_subroutine,thatliuyang__Abaqus-subroutine-for-composites-progressive-failure-analysis-/UMAT_comp_failure.for,,round1_family_queries,accept,"damage_phase_field: PDALAC progressive damage of laminated composites (Puck/Hashin-type failure, stiffness degradation via dmg in ortho3D), 3D only. Provenance: originally A. Khallouf (TUM software-lab project), modified by BTU Cottbus; repo LICENSE MIT -- original author's licence not stated (Vera to check). D-19 lead: 'Test suite/test_puck.f90' publishes a constant set (Xt=2000, Xc=1200, Yt=50, ..., E11=135000 MPa). No deck"
tin7/Implementation-Code-Aster-User-Subroutines-for-Viscoplasticity-of-316-Stainless-Steel-and-Zircaloy-4,,,,no LICENSE file detected by the GitHub API,,0,,,licence_absent,"no licence is declared, so nothing may be redistributed from it; a repository without a LICENSE file is refused, not assumed permissive; recorded and not fetched",frepo_abaqus_subroutine,,,round1_family_queries,,
tomflint22/Double-ellipsoidal-conical-DEC--Heat-Source-Model,4464843619ac73d267f52e491fb235c4e139cdb1,GPL-3.0,copyleft,LICENSE (SPDX GPL-3.0 via the GitHub licence API),DEC.f,11698,,,no_umat_entry,"Fortran, but it declares no SUBROUTINE UMAT",frepo_abaqus_subroutine,,,round1_family_queries,,
tomoki-nagata/Abaqus-subroutine-set-up-instruction,,,,no LICENSE file detected by the GitHub API,,0,,,licence_absent,"no licence is declared, so nothing may be redistributed from it; a repository without a LICENSE file is refused, not assumed permissive; recorded and not fetched",frepo_abaqus_subroutine,,,round1_family_queries,,
trcarvalho87/UMATs-ABAQUS,,,,no LICENSE file detected by the GitHub API,,0,,,licence_absent,"no licence is declared, so nothing may be redistributed from it; a repository without a LICENSE file is refused, not assumed permissive; recorded and not fetched",repo_umat_abaqus,,,round1_family_queries,,
tripathianu/HDPE-Damage-Constitutive-Model-,,,,no LICENSE file detected by the GitHub API,,0,,,licence_absent,"no licence is declared, so nothing may be redistributed from it; a repository without a LICENSE file is refused, not assumed permissive; recorded and not fetched",frepo_constitutive_fortran,,,round1_family_queries,,
trungnnguyen/ABAQUS_UMAT,,,,no LICENSE file detected by the GitHub API,,0,,,licence_absent,"no licence is declared, so nothing may be redistributed from it; a repository without a LICENSE file is refused, not assumed permissive; recorded and not fetched",repo_umat_abaqus,,,round1_family_queries,,
tufailmab/Abaqus-Batch-Submit-Job,04934a9faeaf11f161f647de736b7ba75b8b6015,MIT,permissive,LICENSE.md (SPDX MIT via the GitHub licence API),,0,,,no_fortran,its tree lists no Fortran file and no file the search matched,frepo_topic_abaqus,,,round1_family_queries,,
tufailmab/Abaqus-MultiInp-OneFor,4b07b57c479e8a038b2bc482420e382dc27b503a,MIT,permissive,LICENSE (SPDX MIT via the GitHub licence API),,0,,,no_fortran,its tree lists no Fortran file and no file the search matched,repo_umat_abaqus,,,round1_family_queries,,
tufailmab/Abaqus-OneInp-MultiFor,4435aa77b5df91f2b1e391285c2f2b3053f56e87,MIT,permissive,LICENSE (SPDX MIT via the GitHub licence API),,0,,,no_fortran,its tree lists no Fortran file and no file the search matched,repo_umat_abaqus,,,round1_family_queries,,
tufailmab/Abaqus-Sensor-Data-Extractor,19029e867ddfabc9392dbc1ae2cf5d57818e72d2,MIT,permissive,LICENSE (SPDX MIT via the GitHub licence API),,0,,,no_fortran,its tree lists no Fortran file and no file the search matched,frepo_topic_abaqus,,,round1_family_queries,,
tufailmab/Hysteresis-Analyzer,6d10db89658ad04e3f7ee7928b9d6b83bd3a9885,MIT,permissive,LICENSE (SPDX MIT via the GitHub licence API),,0,,,no_fortran,its tree lists no Fortran file and no file the search matched,frepo_topic_abaqus,,,round1_family_queries,,
tufailmab/MazarCDP-UMAT-Property-Generator-EC2-MC2010,a89d7320ece05ecd74f7a6c32fcc6458652e25b4,MIT,permissive,LICENSE (SPDX MIT via the GitHub licence API),,0,,,no_fortran,its tree lists no Fortran file and no file the search matched,repo_umat_abaqus,,,round1_family_queries,,
tufailmab/Node-Data-From-Odb,f40c93af351134e879faacb4860c6af1d5423b2e,MIT,permissive,LICENSE (SPDX MIT via the GitHub licence API),,0,,,no_fortran,its tree lists no Fortran file and no file the search matched,frepo_topic_abaqus,,,round1_family_queries,,
tufailmab/Soft-Actuator-Geom-Wrapping,5c61dfdc72c5e14b2d520bf297a8d81980960a9a,MIT,permissive,LICENSE.md (SPDX MIT via the GitHub licence API),,0,,,no_fortran,its tree lists no Fortran file and no file the search matched,frepo_topic_abaqus,,,round1_family_queries,,
victorlefevre/UHYPER_Lefevre_Lopez-Pamies,f53aed5b89f9355eb57f2fa607b4cd554e694985,GPL-3.0,copyleft,LICENSE (SPDX GPL-3.0 via the GitHub licence API),UHYPER_Lefevre_Lopez-Pamies.f,13198,,,no_umat_entry,"Fortran, but it declares no SUBROUTINE UMAT",frepo_abaqus_subroutine,,,round1_family_queries,,
victorlefevre/UHYPER_Lefevre_Lopez-Pamies,f53aed5b89f9355eb57f2fa607b4cd554e694985,GPL-3.0,copyleft,LICENSE (SPDX GPL-3.0 via the GitHub licence API),UHYPER_Lefevre_Lopez-Pamies.for,13215,,,no_umat_entry,"Fortran, but it declares no SUBROUTINE UMAT",frepo_abaqus_subroutine,,,round1_family_queries,,
victorlefevre/UHYPER_Lefevre_Lopez-Pamies_Liquid_inclusions,8e3f98c071e09a89719e6211669f4eb758d50587,GPL-3.0,copyleft,LICENSE (SPDX GPL-3.0 via the GitHub licence API),UHYPER_Lefevre_Lopez-Pamies_Liquid_inclusions.f,11490,,,no_umat_entry,"Fortran, but it declares no SUBROUTINE UMAT",frepo_abaqus_subroutine,,,round1_family_queries,,
victorlefevre/UHYPER_Lefevre_Lopez-Pamies_Liquid_inclusions,8e3f98c071e09a89719e6211669f4eb758d50587,GPL-3.0,copyleft,LICENSE (SPDX GPL-3.0 via the GitHub licence API),UHYPER_Lefevre_Lopez-Pamies_Liquid_inclusions.for,11504,,,no_umat_entry,"Fortran, but it declares no SUBROUTINE UMAT",frepo_abaqus_subroutine,,,round1_family_queries,,
victorlefevre/UHYPER_Shrimali_Lefevre_Lopez-Pamies,56301cdd7bde7e7ad4979761d2abf6666f7c0533,GPL-3.0,copyleft,LICENSE (SPDX GPL-3.0 via the GitHub licence API),UHYPER_Shrimali_Lefevre_Lopez-Pamies.f,14530,,,no_umat_entry,"Fortran, but it declares no SUBROUTINE UMAT",repo_topic_abaqus_fortran,,,round1_family_queries,,
victorlefevre/UHYPER_Shrimali_Lefevre_Lopez-Pamies,56301cdd7bde7e7ad4979761d2abf6666f7c0533,GPL-3.0,copyleft,LICENSE (SPDX GPL-3.0 via the GitHub licence API),UHYPER_Shrimali_Lefevre_Lopez-Pamies.for,14530,,,no_umat_entry,"Fortran, but it declares no SUBROUTINE UMAT",repo_topic_abaqus_fortran,,,round1_family_queries,,
vineethravi2310/Cuntze-2D-UMAT-Subroutine,,,,no LICENSE file detected by the GitHub API,,0,,,licence_absent,"no licence is declared, so nothing may be redistributed from it; a repository without a LICENSE file is refused, not assumed permissive; recorded and not fetched",repo_umat_abaqus,,,round1_family_queries,,
vineethravi2310/Daimler-Camanho-2D-UMAT-Subroutine,,,,no LICENSE file detected by the GitHub API,,0,,,licence_absent,"no licence is declared, so nothing may be redistributed from it; a repository without a LICENSE file is refused, not assumed permissive; recorded and not fetched",repo_umat_abaqus,,,round1_family_queries,,
vineethravi2310/Puck-2D-UMAT-Subroutine,,,,no LICENSE file detected by the GitHub API,,0,,,licence_absent,"no licence is declared, so nothing may be redistributed from it; a repository without a LICENSE file is refused, not assumed permissive; recorded and not fetched",repo_umat_abaqus,,,round1_family_queries,,
vis-florum/Abaqus-Plugins,624eeba4ffedc46691595c5a3ad896dc8a039428,Apache-2.0,permissive,LICENSE (SPDX Apache-2.0 via the GitHub licence API),,0,,,no_fortran,its tree lists no Fortran file and no file the search matched,frepo_topic_abaqus,,,round1_family_queries,,
vivelakorea/PERHEX,8bd1e7023b48c38e8dd048f2ad5282b368d1d70b,MIT,permissive,LICENSE (SPDX MIT inferred from the licence text; GitHub's API reported no identifier for this file),oxford-patch/dbtrace.f,11477,,,no_umat_entry,"Fortran, but it declares no SUBROUTINE UMAT",repo_umat_abaqus,,,round1_family_queries,,
weili9999/phasefield-dhc,42e7d189652900b983f3ca9f2362453d8683fafe,BSD-3-Clause,permissive,LICENSE (SPDX BSD-3-Clause via the GitHub licence API),,0,,,no_fortran,its tree lists no Fortran file and no file the search matched,repo_umat_abaqus,,,round1_family_queries,,
xizou/NIPGD,66a0db9bc029a69cf84a1c13eac14dec4e7642a5,GPL-3.0,copyleft,LICENSE (SPDX GPL-3.0 via the GitHub licence API),,0,,,no_fortran,its tree lists no Fortran file and no file the search matched,frepo_topic_abaqus,,,round1_family_queries,,
xusjtuer/abaqus_to_paraview,,,,no LICENSE file detected by the GitHub API,,0,,,licence_absent,"no licence is declared, so nothing may be redistributed from it; a repository without a LICENSE file is refused, not assumed permissive; recorded and not fetched",frepo_topic_abaqus,,,round1_family_queries,,
xvchujin/umat-skill,,,,no LICENSE file detected by the GitHub API,,0,,,licence_absent,"no licence is declared, so nothing may be redistributed from it; a repository without a LICENSE file is refused, not assumed permissive; recorded and not fetched",repo_umat_abaqus,,,round1_family_queries,,
yaletidevendra/3D-Hashin-VUMAT-Implementation-Fortran-,,,,no LICENSE file detected by the GitHub API,,0,,,licence_absent,"no licence is declared, so nothing may be redistributed from it; a repository without a LICENSE file is refused, not assumed permissive; recorded and not fetched",frepo_user_material,,,round1_family_queries,,
yongle-manchester/SSPT,,,,no LICENSE file detected by the GitHub API,,0,,,licence_absent,"no licence is declared, so nothing may be redistributed from it; a repository without a LICENSE file is refused, not assumed permissive; recorded and not fetched",frepo_abaqus_subroutine,,,round1_family_queries,,
yunduan082/-Abaqus-UMAT-,,,,no LICENSE file detected by the GitHub API,,0,,,licence_absent,"no licence is declared, so nothing may be redistributed from it; a repository without a LICENSE file is refused, not assumed permissive; recorded and not fetched",repo_umat_abaqus,,,round1_family_queries,,
yunduan082/VUSDFLD-subroutine-Abaqus,,,,no LICENSE file detected by the GitHub API,,0,,,licence_absent,"no licence is declared, so nothing may be redistributed from it; a repository without a LICENSE file is refused, not assumed permissive; recorded and not fetched",frepo_abaqus_subroutine,,,round1_family_queries,,
yzhang951/CPFEM-VUMAT,,,,no LICENSE file detected by the GitHub API,,0,,,licence_absent,"no licence is declared, so nothing may be redistributed from it; a repository without a LICENSE file is refused, not assumed permissive; recorded and not fetched",repo_topic_abaqus_fortran,,,round1_family_queries,,
yzhang951/Strain-gradient-plasticity,,,,no LICENSE file detected by the GitHub API,,0,,,licence_absent,"no licence is declared, so nothing may be redistributed from it; a repository without a LICENSE file is refused, not assumed permissive; recorded and not fetched",repo_topic_abaqus_fortran,,,round1_family_queries,,
zhengjie94/FEM,,,,no LICENSE file detected by the GitHub API,,0,,,licence_absent,"no licence is declared, so nothing may be redistributed from it; a repository without a LICENSE file is refused, not assumed permissive; recorded and not fetched",repo_umat_abaqus,,,round1_family_queries,,
zhfzzz/Abaqus_Scripts-2,,,,no LICENSE file detected by the GitHub API,,0,,,licence_absent,"no licence is declared, so nothing may be redistributed from it; a repository without a LICENSE file is refused, not assumed permissive; recorded and not fetched",repo_umat_abaqus,,,round1_family_queries,,
zhirenruns/fgnh-cavity-inflation,,,,no LICENSE file detected by the GitHub API,,0,,,licence_absent,"no licence is declared, so nothing may be redistributed from it; a repository without a LICENSE file is refused, not assumed permissive; recorded and not fetched",frepo_abaqus_subroutine,,,round1_family_queries,,
zhw00747/PlasticityProject,,,,no LICENSE file detected by the GitHub API,,0,,,licence_absent,"no licence is declared, so nothing may be redistributed from it; a repository without a LICENSE file is refused, not assumed permissive; recorded and not fetched",frepo_abaqus_subroutine,,,round1_family_queries,,
zhy1186/abaqus_subroutine_forge,,,,no LICENSE file detected by the GitHub API,,0,,,licence_absent,"no licence is declared, so nothing may be redistributed from it; a repository without a LICENSE file is refused, not assumed permissive; recorded and not fetched",frepo_abaqus_subroutine,,,round1_family_queries,,
zjkl19/AbaqusPython,d9c72d15f8928f1938cee46a4b39e2c44b03b62f,MIT,permissive,LICENSE (SPDX MIT via the GitHub licence API),,0,,,no_fortran,its tree lists no Fortran file and no file the search matched,frepo_topic_abaqus,,,round1_family_queries,,
mrkearden/abaqus_umat,a17b506af8569ea7ce7b76875a091c8f86b82939,MIT,permissive,LICENSE.md (SPDX MIT via the GitHub licence API),ElasticSolve.F90,236954,7f85523db5196e0c339fff1fe83749165810f9bca6c907ad75aaf9159ff7d909,072ab29f2c4782af59b56e24c3389bb25c5ba2a606c728d9691363ff8e7d2a55,already_known,"the same implementation as discovery_cache/mrkearden__abaqus_umat/ElasticSolve.F90, which this collection already counts",capped_repo_pass,,,round1b_file_capped_repositories,,
mrkearden/abaqus_umat,a17b506af8569ea7ce7b76875a091c8f86b82939,MIT,permissive,LICENSE.md (SPDX MIT via the GitHub licence API),INPUT_FILES/UEL8_ECL_AXY.for,46174,adfe11a8783889c604fc584352778b6d1d2ecb8cfe97de109589bb82512b6eec,c44e434545ef44e243e7be0bc1de135c5eb67b7d08d5f5cc1393642d51a6733c,already_known,"the same implementation as discovery_cache/jgomezc1__ABAQUS-US/INPUT_FILES/UEL8_ECL_AXY.for, which this collection already counts",capped_repo_pass,,,round1b_file_capped_repositories,,
mrkearden/abaqus_umat,a17b506af8569ea7ce7b76875a091c8f86b82939,MIT,permissive,LICENSE.md (SPDX MIT via the GitHub licence API),PlasticSolve.F90,247501,f9476676ff544a0b059ae4e7c443798fb32a397eb989a72f40da4dc8acef7cf5,dec69ac3980d949bb588369248f7655fb4e2e1e270ba46072938311c1f73cff8,already_known,"the same implementation as discovery_cache/mrkearden__abaqus_umat/PlasticSolve.F90, which this collection already counts",capped_repo_pass,,,round1b_file_capped_repositories,,
mrkearden/abaqus_umat,a17b506af8569ea7ce7b76875a091c8f86b82939,MIT,permissive,LICENSE.md (SPDX MIT via the GitHub licence API),SAMPLE/UEL9_VPDCO.for,66219,110f713f249782382bf882becd4a9543a1b8d329987c0e912353a45618d881ff,3b4d56c411202b4e64532e3979ea720b5b7d605a70f95e1b6d631fe72423ba40,already_known,"the same implementation as discovery_cache/jgomezc1__ABAQUS-US/SAMPLE/UEL9_VPDCO.for, which this collection already counts",capped_repo_pass,,,round1b_file_capped_repositories,,
mrkearden/abaqus_umat,a17b506af8569ea7ce7b76875a091c8f86b82939,MIT,permissive,LICENSE.md (SPDX MIT via the GitHub licence API),UELS/UEL8_ECL.for,45194,e35e6aba4e958dcbe81f6220d0561ec4e14ccbf9860a901dcdec1016116bd44a,ba2412753181697e994249f938f0950ca851f8702b973ba09c4495f7edd07d55,already_known,"the same implementation as discovery_cache/jgomezc1__ABAQUS-US/UELS/UEL8_ECL.for, which this collection already counts",capped_repo_pass,,,round1b_file_capped_repositories,,
mrkearden/abaqus_umat,a17b506af8569ea7ce7b76875a091c8f86b82939,MIT,permissive,LICENSE.md (SPDX MIT via the GitHub licence API),UELS/UEL8_ECO.for,46010,6f633f05d329ab136ea277fe2e1f72eb535bb1d3fa7d46e3b5db383435e4ee57,b9cf6058aeae5161fc18058057a6af6d1811d9f918157ffdcc447adeb1bf6caf,already_known,"the same implementation as discovery_cache/jgomezc1__ABAQUS-US/UELS/UEL8_ECO.for, which this collection already counts",capped_repo_pass,,,round1b_file_capped_repositories,,
mrkearden/abaqus_umat,a17b506af8569ea7ce7b76875a091c8f86b82939,MIT,permissive,LICENSE.md (SPDX MIT via the GitHub licence API),UELS/UEL8_PCLI.for,50078,e414fea5cd6f0c9d07956557019162fb9c4c85a41d95bcf9f942180521c3603a,eb4ebe0975c73a1d0908fddce825e8af8e079ebfc377f58ca5ce0c19d579f689,already_known,"the same implementation as discovery_cache/jgomezc1__ABAQUS-US/UELS/UEL8_PCLI.for, which this collection already counts",capped_repo_pass,,,round1b_file_capped_repositories,,
mrkearden/abaqus_umat,a17b506af8569ea7ce7b76875a091c8f86b82939,MIT,permissive,LICENSE.md (SPDX MIT via the GitHub licence API),UELS/UEL8_PCLI_R.for,47010,2318905c7ce2d7fb2271eb94043c69646c6f47ce2e8f95f257deb4ae5f75c960,4b2c9ceebf30947bfe20085a7edb9331f93e40e8b7fa12561991c82b98963196,already_known,"the same implementation as discovery_cache/jgomezc1__ABAQUS-US/UELS/UEL8_PCLI_R.for, which this collection already counts",capped_repo_pass,,,round1b_file_capped_repositories,,
mrkearden/abaqus_umat,a17b506af8569ea7ce7b76875a091c8f86b82939,MIT,permissive,LICENSE.md (SPDX MIT via the GitHub licence API),UELS/UEL8_PCLK.for,53715,744fdfa5ccddfa74e12b46ab2178d736b33d548fed310ee8d256d2a30d0b0d41,eb08c4d6fd37f49758ab5fd9298a3c3a1849f7bc3ec5b9f3b0eac6ce77ef494e,already_known,"the same implementation as discovery_cache/jgomezc1__ABAQUS-US/UELS/UEL8_PCLK.for, which this collection already counts",capped_repo_pass,,,round1b_file_capped_repositories,,
mrkearden/abaqus_umat,a17b506af8569ea7ce7b76875a091c8f86b82939,MIT,permissive,LICENSE.md (SPDX MIT via the GitHub licence API),UELS/UEL8_PCOI.for,57884,b01651b9d5f62d37399feb4052cc7c3fad69cc876af4633ee2f8af85343396f9,3db782b44f96b32724177e52215e64d2b6bd164840eb9c3d0c1219d16c79e2e8,already_known,"the same implementation as discovery_cache/jgomezc1__ABAQUS-US/UELS/UEL8_PCOI.for, which this collection already counts",capped_repo_pass,,,round1b_file_capped_repositories,,
mrkearden/abaqus_umat,a17b506af8569ea7ce7b76875a091c8f86b82939,MIT,permissive,LICENSE.md (SPDX MIT via the GitHub licence API),UELS/UEL8_PCOR.for,54353,d9b28b5e6fce1392e82c03a790673402e7f13031dbc46307d083d93d7a848f6e,bbd6a3ab8b056ac2f972a65814f697f3904078c9dccc7367448acd09927842be,already_known,"the same implementation as discovery_cache/jgomezc1__ABAQUS-US/UELS/UEL8_PCOR.for, which this collection already counts",capped_repo_pass,,,round1b_file_capped_repositories,,
mrkearden/abaqus_umat,a17b506af8569ea7ce7b76875a091c8f86b82939,MIT,permissive,LICENSE.md (SPDX MIT via the GitHub licence API),UELS/UEL8_PCOR_KIN.for,56364,2ac40761ea6b9f1ec8c650c13a0846f2c7b7006876ef17a36dd7629a356e6a0f,7743ba1423fbb2db9942b4670a781ba0aec460150d57cc3eec76cd4d6703b80c,already_known,"the same implementation as discovery_cache/jgomezc1__ABAQUS-US/UELS/UEL8_PCOR_KIN.for, which this collection already counts",capped_repo_pass,,,round1b_file_capped_repositories,,
mrkearden/abaqus_umat,a17b506af8569ea7ce7b76875a091c8f86b82939,MIT,permissive,LICENSE.md (SPDX MIT via the GitHub licence API),UELS/UEL8_VPDCL.for,56822,41614152c0acb199836c3c3ff099a74b0ab70a6a198cf70f0c3c2be90aaf2e5a,ae02f73d2049a47ae535c0b4a45dfb8821dcdac7ab54097ac8c9d2cd95dbb8af,already_known,"the same implementation as discovery_cache/jgomezc1__ABAQUS-US/UELS/UEL8_VPDCL.for, which this collection already counts",capped_repo_pass,,,round1b_file_capped_repositories,,
mrkearden/abaqus_umat,a17b506af8569ea7ce7b76875a091c8f86b82939,MIT,permissive,LICENSE.md (SPDX MIT via the GitHub licence API),UELS/UEL8_VPDCO.for,61586,66e955998b861d952931ab528f1d08c646ce26f3cdc977f88811cfdf670877d7,0a5c2ba5e3ac61f4b3b6cd76f262d3321042b451a5771a5b3c03b99b0dbb8d3d,already_known,"the same implementation as discovery_cache/jgomezc1__ABAQUS-US/UELS/UEL8_VPDCO.for, which this collection already counts",capped_repo_pass,,,round1b_file_capped_repositories,,
mrkearden/abaqus_umat,a17b506af8569ea7ce7b76875a091c8f86b82939,MIT,permissive,LICENSE.md (SPDX MIT via the GitHub licence API),UELS/UEL9_ECL.for,44604,08a5b5a981789f1b273e37316286debe0b62f8f7a9db637cce2433a7289426c0,2cfbf5f0e9ab58597f4c9d46d7efbce0c902687408dce058fc77bf3fbb528ebb,already_known,"the same implementation as discovery_cache/jgomezc1__ABAQUS-US/UELS/UEL9_ECL.for, which this collection already counts",capped_repo_pass,,,round1b_file_capped_repositories,,
mrkearden/abaqus_umat,a17b506af8569ea7ce7b76875a091c8f86b82939,MIT,permissive,LICENSE.md (SPDX MIT via the GitHub licence API),UELS/UEL9_ECO.for,43192,640838d7cd863b25af5e24742b8867b664d6fa80c781f72c566f38b70a1954c1,66eb39b9a213d03cd222a8c519e39aa6e8f56567bbe75c06ae96454b6f8f7689,already_known,"the same implementation as discovery_cache/jgomezc1__ABAQUS-US/UELS/UEL9_ECO.for, which this collection already counts",capped_repo_pass,,,round1b_file_capped_repositories,,
mrkearden/abaqus_umat,a17b506af8569ea7ce7b76875a091c8f86b82939,MIT,permissive,LICENSE.md (SPDX MIT via the GitHub licence API),UELS/UEL9_ECO_m.for,46440,bb7f2af0e51a53acd2f606300fd2b633311c28b56fb5ea7902ea7eba249435f4,0b3ead50e109477bf897a24f3338123b161dcda8453b940037a8939b57997b9a,already_known,"the same implementation as discovery_cache/jgomezc1__ABAQUS-US/UELS/UEL9_ECO_m.for, which this collection already counts",capped_repo_pass,,,round1b_file_capped_repositories,,
mrkearden/abaqus_umat,a17b506af8569ea7ce7b76875a091c8f86b82939,MIT,permissive,LICENSE.md (SPDX MIT via the GitHub licence API),UELS/UEL9_PCLI.for,51750,dca8d340ad5a3c1dcb8f75028c6e70caa6a4390a40217307209bc753de909e1e,99e60ac175ae8491665ad3b063a67f5babb7dd76802c7dd6f48f5a2ddf61c627,already_known,"the same implementation as discovery_cache/jgomezc1__ABAQUS-US/UELS/UEL9_PCLI.for, which this collection already counts",capped_repo_pass,,,round1b_file_capped_repositories,,
mrkearden/abaqus_umat,a17b506af8569ea7ce7b76875a091c8f86b82939,MIT,permissive,LICENSE.md (SPDX MIT via the GitHub licence API),UELS/UEL9_PCLI_R.for,47145,9afefa8b7426a22716951c8581177b87133baf4992198f546deb390ee95ab039,a0c676c60e2a1ca00d0da8a3f011b0c59cf5a06f442b09535b826dc0c674b556,already_known,"the same implementation as discovery_cache/jgomezc1__ABAQUS-US/UELS/UEL9_PCLI_R.for, which this collection already counts",capped_repo_pass,,,round1b_file_capped_repositories,,
mrkearden/abaqus_umat,a17b506af8569ea7ce7b76875a091c8f86b82939,MIT,permissive,LICENSE.md (SPDX MIT via the GitHub licence API),UELS/UEL9_PCLK.for,49674,5029430d65f91475831863ea1aacbfc01e12ed8cfd64794716b669ca89f26001,432e08b73e2e2103f2f976dfd5977ff690fc00b5c4f6ee96f4e1695aad988670,already_known,"the same implementation as discovery_cache/jgomezc1__ABAQUS-US/UELS/UEL9_PCLK.for, which this collection already counts",capped_repo_pass,,,round1b_file_capped_repositories,,
mrkearden/abaqus_umat,a17b506af8569ea7ce7b76875a091c8f86b82939,MIT,permissive,LICENSE.md (SPDX MIT via the GitHub licence API),UELS/UEL9_PCOI.for,58123,7ee299095efef014ba536fd35e53b78e6fa450769f9d052bdee07a9e922fc817,a27aee98c8de5d19ae9f5ee8e2d96ec78688c4393f50cef5f4285d97bcad8d23,already_known,"the same implementation as discovery_cache/jgomezc1__ABAQUS-US/UELS/UEL9_PCOI.for, which this collection already counts",capped_repo_pass,,,round1b_file_capped_repositories,,
mrkearden/abaqus_umat,a17b506af8569ea7ce7b76875a091c8f86b82939,MIT,permissive,LICENSE.md (SPDX MIT via the GitHub licence API),UELS/UEL9_PCON.for,55188,4ce08b10d7548652b702f8dde86ed64d07cd0041fcd4369a69fac79f061c1faf,a4cedf3d337e3016e09ccd1a8c8de680593151a5c97c8dc165e6e602994e4c4e,already_known,"the same implementation as discovery_cache/jgomezc1__ABAQUS-US/UELS/UEL9_PCON.for, which this collection already counts",capped_repo_pass,,,round1b_file_capped_repositories,,
mrkearden/abaqus_umat,a17b506af8569ea7ce7b76875a091c8f86b82939,MIT,permissive,LICENSE.md (SPDX MIT via the GitHub licence API),UELS/UEL9_PCOR.for,54705,b503eb14b514cabea30c5905f6d6e37a537da92c5a17c8e9657c7ace089c3b57,640b3c2fd679c6d75482a65e10e6c63ca59bd75960ccac47c67c48d2f61bcd17,already_known,"the same implementation as discovery_cache/jgomezc1__ABAQUS-US/UELS/UEL9_PCOR.for, which this collection already counts",capped_repo_pass,,,round1b_file_capped_repositories,,
mrkearden/abaqus_umat,a17b506af8569ea7ce7b76875a091c8f86b82939,MIT,permissive,LICENSE.md (SPDX MIT via the GitHub licence API),UELS/UEL9_PCOR_KIN.for,56293,1132a6aff254aa93d50959bf0d088fd33b5b0115882cffd542447131cb2a76dd,d5b99a74cec12d55604ca81294339641979f2d08146bfa373fda7c46885d8f77,already_known,"the same implementation as discovery_cache/jgomezc1__ABAQUS-US/UELS/UEL9_PCOR_KIN.for, which this collection already counts",capped_repo_pass,,,round1b_file_capped_repositories,,
mrkearden/abaqus_umat,a17b506af8569ea7ce7b76875a091c8f86b82939,MIT,permissive,LICENSE.md (SPDX MIT via the GitHub licence API),UELS/UEL9_VPDCL.for,59763,24f7828a4226c2817d59798389fe1b311127b715c0894639573f154effe3a926,e326ea554aafe157711fe188775c8c1998b7f854a2a3dbc1296a2fe3a0273585,already_known,"the same implementation as discovery_cache/HIT-FSW-314__abaqus/abaqus-umat/uel/UEL9_VPDCL.for, which this collection already counts",capped_repo_pass,,,round1b_file_capped_repositories,,
mrkearden/abaqus_umat,a17b506af8569ea7ce7b76875a091c8f86b82939,MIT,permissive,LICENSE.md (SPDX MIT via the GitHub licence API),UELS/UEL9_VPDCL_R.for,59972,9fcffc834f0d8ebf87172198d5e773a580b4a8af7466723988e29d783e7ace77,db00ed3f321491c8429bc664c74aaf554b3496e21ce0c8d28c61aabe7622d9f9,already_known,"the same implementation as discovery_cache/jgomezc1__ABAQUS-US/UELS/UEL9_VPDCL_R.for, which this collection already counts",capped_repo_pass,,,round1b_file_capped_repositories,,
mrkearden/abaqus_umat,a17b506af8569ea7ce7b76875a091c8f86b82939,MIT,permissive,LICENSE.md (SPDX MIT via the GitHub licence API),UELS/UEL9_VPDCO.for,66219,110f713f249782382bf882becd4a9543a1b8d329987c0e912353a45618d881ff,3b4d56c411202b4e64532e3979ea720b5b7d605a70f95e1b6d631fe72423ba40,already_known,"the same implementation as discovery_cache/jgomezc1__ABAQUS-US/SAMPLE/UEL9_VPDCO.for, which this collection already counts",capped_repo_pass,,,round1b_file_capped_repositories,,
mrkearden/abaqus_umat,a17b506af8569ea7ce7b76875a091c8f86b82939,MIT,permissive,LICENSE.md (SPDX MIT via the GitHub licence API),UMAT.F90,5868,2b794c151b0b182d5582b7ede9212682c616f05778a1d9ce8aa8701447628a3f,e0bbaff37680f96383424c6bf5a2601277ea90794db8b033b082c258f34d0d07,already_known,"the same implementation as discovery_cache/mrkearden__abaqus_umat/UMAT.F90, which this collection already counts",capped_repo_pass,,,round1b_file_capped_repositories,,
mrkearden/abaqus_umat,a17b506af8569ea7ce7b76875a091c8f86b82939,MIT,permissive,LICENSE.md (SPDX MIT via the GitHub licence API),UMAT/UMATLib.F90,36196,,,no_umat_entry,"Fortran, but it declares no SUBROUTINE UMAT",capped_repo_pass,,,round1b_file_capped_repositories,,
mrkearden/abaqus_umat,a17b506af8569ea7ce7b76875a091c8f86b82939,MIT,permissive,LICENSE.md (SPDX MIT via the GitHub licence API),UMAT/UMATLib_plastic.F90,43038,,,no_umat_entry,"Fortran, but it declares no SUBROUTINE UMAT",capped_repo_pass,,,round1b_file_capped_repositories,,
mrkearden/abaqus_umat,a17b506af8569ea7ce7b76875a091c8f86b82939,MIT,permissive,LICENSE.md (SPDX MIT via the GitHub licence API),UMATS/UMAT_ECL_TEMP.for,22743,21f634c3b0c235fa2bcfd4d25258aa86c7ad1d442e045e9bb4c639fd4c143a70,034efd0179cb84aaa9e066bdd4159522247918a4a3a48802a5a4930c795ec24f,already_known,"the same implementation as UMAT_ECL_TEMP, which this collection already counts",capped_repo_pass,,,round1b_file_capped_repositories,,
mrkearden/abaqus_umat,a17b506af8569ea7ce7b76875a091c8f86b82939,MIT,permissive,LICENSE.md (SPDX MIT via the GitHub licence API),UMATS/UMAT_ECO.for,3946,71f9361d6037a379075bd3b2c1b2d038422ea4eb502cff1a45da874376a67e7c,87ea3ae9e48b597f713023a2e3061173a77c45d0c562693067474feffba19018,already_known,"the same implementation as jgomezc1_UMAT_ECO, which this collection already counts",capped_repo_pass,,,round1b_file_capped_repositories,,
mrkearden/abaqus_umat,a17b506af8569ea7ce7b76875a091c8f86b82939,MIT,permissive,LICENSE.md (SPDX MIT via the GitHub licence API),UMATS/UMAT_HIN.for,55297,4db63af313cc9694fd57dcd1f8f0190b062ea7d78515cd70040f1202c9711a0b,f2b26ced1c7a17c18c3ca5687faf460ac15ff67bd9cc20d739de8aad61ae3b89,already_known,"the same implementation as UMAT_HIN, which this collection already counts",capped_repo_pass,,,round1b_file_capped_repositories,,
mrkearden/abaqus_umat,a17b506af8569ea7ce7b76875a091c8f86b82939,MIT,permissive,LICENSE.md (SPDX MIT via the GitHub licence API),UMATS/UMAT_NKH_1.02.for,28507,c8d5506060d4cd359adadb2ae7633f206e68db8da215c50f0a564e8bc57ce1d3,259fc3419802a8fca83c6b202f963703ceb5cc6f0705f082340e11f203b75f31,already_known,"the same implementation as UMAT_NKH_1.02, which this collection already counts",capped_repo_pass,,,round1b_file_capped_repositories,,
mrkearden/abaqus_umat,a17b506af8569ea7ce7b76875a091c8f86b82939,MIT,permissive,LICENSE.md (SPDX MIT via the GitHub licence API),UMATS/UMAT_PCL.for,31957,b29e21d6ddcd297011554ec012954df2d4fb1f3f314f466e1e4746f42c9fe720,b68b3e2fa9acd49c06ab6f89304cd8f7014307d143888e9fdaba329fdd84fa45,already_known,"the same implementation as UMAT_PCL, which this collection already counts",capped_repo_pass,,,round1b_file_capped_repositories,,
mrkearden/abaqus_umat,a17b506af8569ea7ce7b76875a091c8f86b82939,MIT,permissive,LICENSE.md (SPDX MIT via the GitHub licence API),UMATS/UMAT_PCLI.for,31274,54f8e6672bee8568295b695c397d75bb316b240997bed4a185b4acaa02568169,633d872bceeeebd0c496d67a7f337764fc9e3f3b6d6f523a7a15b025f752571d,already_known,"the same implementation as UMAT_PCLI, which this collection already counts",capped_repo_pass,,,round1b_file_capped_repositories,,
mrkearden/abaqus_umat,a17b506af8569ea7ce7b76875a091c8f86b82939,MIT,permissive,LICENSE.md (SPDX MIT via the GitHub licence API),UMATS/UMAT_PCLI_R.for,31226,3d96801660fe94a4de34b6ce745111a4f53a1e0f4a67b32cfb8d42dd33347b61,3848c18bbc5f211e96ac967419bbb76959db07a3b6b98c139ba66540912f6810,already_known,"the same implementation as UMAT_PCLI_R, which this collection already counts",capped_repo_pass,,,round1b_file_capped_repositories,,
mrkearden/abaqus_umat,a17b506af8569ea7ce7b76875a091c8f86b82939,MIT,permissive,LICENSE.md (SPDX MIT via the GitHub licence API),UMATS/UMAT_PCLK.for,28517,0deebd0de0d8def5a1054ec12fb1681a1c8765416d5ca3f175aa373ff5a34f3e,4e3f92dbb8385927da81cb6c4b8c0df25c72ddebb4b2d92c26a28ee2f0b55f8c,already_known,"the same implementation as UMAT_PCLK, which this collection already counts",capped_repo_pass,,,round1b_file_capped_repositories,,
mrkearden/abaqus_umat,a17b506af8569ea7ce7b76875a091c8f86b82939,MIT,permissive,LICENSE.md (SPDX MIT via the GitHub licence API),UMATS/UMAT_PCO.for,14183,45805b339f17514efe13c811a84cfa20df492aa13163d2374e0d7fcce7a49fa2,1a9460bb7ba6439809eb81867146e6c662ed4bd06c618762128f35a91d8f19b0,already_known,"the same implementation as UMAT_PCO, which this collection already counts",capped_repo_pass,,,round1b_file_capped_repositories,,
mrkearden/abaqus_umat,a17b506af8569ea7ce7b76875a091c8f86b82939,MIT,permissive,LICENSE.md (SPDX MIT via the GitHub licence API),UMATS/UMAT_VPDCL.for,23951,139355773a2819ed69e41500269dafb980214f0dd4b36d0ac7bbab0d1f91198e,6f50e1d3c278309312e8542d471cdc510250e4f46bd72ad1a52c5307c5d4048d,already_known,"the same implementation as UMAT_VPDCL, which this collection already counts",capped_repo_pass,,,round1b_file_capped_repositories,,
mrkearden/abaqus_umat,a17b506af8569ea7ce7b76875a091c8f86b82939,MIT,permissive,LICENSE.md (SPDX MIT via the GitHub licence API),UMATS/UMAT_VPDCL_R.for,38861,9ade2c446c729b35f25c59f030b60a1a673998bc131c8c4e0c476344b0694330,a5ebf99117cf2973cd41b1a67b4afd222a02a1c85a715f21e6f394ee23a6a18f,already_known,"the same implementation as UMAT_VPDCL_R, which this collection already counts",capped_repo_pass,,,round1b_file_capped_repositories,,
mrkearden/abaqus_umat,a17b506af8569ea7ce7b76875a091c8f86b82939,MIT,permissive,LICENSE.md (SPDX MIT via the GitHub licence API),UMATS/UMAT_VPDCO.for,21254,93ad6f56e259cd3b0044facbee2e3da7e93383f0737d9cb960b6e952032c33e6,c01530662162545d747ec2b2405941ce445624292fdfa4c3861eafcc360f282f,already_known,"the same implementation as UMAT_VPDCO, which this collection already counts",capped_repo_pass,,,round1b_file_capped_repositories,,
mrkearden/abaqus_umat,a17b506af8569ea7ce7b76875a091c8f86b82939,MIT,permissive,LICENSE.md (SPDX MIT via the GitHub licence API),UMAT_P_R.F90,24148,a4ed66d0bd02ff799d68f371f34c51c804590dcd85cfe1e2bd6db0d0efdc595c,e0667d98e878e9fadc8441b83e50891d9f9dd8ddd0a29c7803d1c6252c4ff4c2,already_known,"the same implementation as discovery_cache/mrkearden__abaqus_umat/UMAT_P_R.F90, which this collection already counts",capped_repo_pass,,,round1b_file_capped_repositories,,
jgomezc1/ABAQUS-US,54181407aa7aa23055e33d354d0b2a3abc266365,MIT,permissive,LICENSE.md (SPDX MIT via the GitHub licence API),INPUT_FILES/UEL8_ECL_AXY.for,46174,adfe11a8783889c604fc584352778b6d1d2ecb8cfe97de109589bb82512b6eec,c44e434545ef44e243e7be0bc1de135c5eb67b7d08d5f5cc1393642d51a6733c,already_known,"the same implementation as discovery_cache/jgomezc1__ABAQUS-US/INPUT_FILES/UEL8_ECL_AXY.for, which this collection already counts",capped_repo_pass,,,round1b_file_capped_repositories,,
jgomezc1/ABAQUS-US,54181407aa7aa23055e33d354d0b2a3abc266365,MIT,permissive,LICENSE.md (SPDX MIT via the GitHub licence API),SAMPLE/UEL9_VPDCO.for,66219,110f713f249782382bf882becd4a9543a1b8d329987c0e912353a45618d881ff,3b4d56c411202b4e64532e3979ea720b5b7d605a70f95e1b6d631fe72423ba40,already_known,"the same implementation as discovery_cache/jgomezc1__ABAQUS-US/SAMPLE/UEL9_VPDCO.for, which this collection already counts",capped_repo_pass,,,round1b_file_capped_repositories,,
jgomezc1/ABAQUS-US,54181407aa7aa23055e33d354d0b2a3abc266365,MIT,permissive,LICENSE.md (SPDX MIT via the GitHub licence API),UELS/UEL8_ECL.for,45194,e35e6aba4e958dcbe81f6220d0561ec4e14ccbf9860a901dcdec1016116bd44a,ba2412753181697e994249f938f0950ca851f8702b973ba09c4495f7edd07d55,already_known,"the same implementation as discovery_cache/jgomezc1__ABAQUS-US/UELS/UEL8_ECL.for, which this collection already counts",capped_repo_pass,,,round1b_file_capped_repositories,,
jgomezc1/ABAQUS-US,54181407aa7aa23055e33d354d0b2a3abc266365,MIT,permissive,LICENSE.md (SPDX MIT via the GitHub licence API),UELS/UEL8_ECO.for,46010,6f633f05d329ab136ea277fe2e1f72eb535bb1d3fa7d46e3b5db383435e4ee57,b9cf6058aeae5161fc18058057a6af6d1811d9f918157ffdcc447adeb1bf6caf,already_known,"the same implementation as discovery_cache/jgomezc1__ABAQUS-US/UELS/UEL8_ECO.for, which this collection already counts",capped_repo_pass,,,round1b_file_capped_repositories,,
jgomezc1/ABAQUS-US,54181407aa7aa23055e33d354d0b2a3abc266365,MIT,permissive,LICENSE.md (SPDX MIT via the GitHub licence API),UELS/UEL8_PCLI.for,50078,e414fea5cd6f0c9d07956557019162fb9c4c85a41d95bcf9f942180521c3603a,eb4ebe0975c73a1d0908fddce825e8af8e079ebfc377f58ca5ce0c19d579f689,already_known,"the same implementation as discovery_cache/jgomezc1__ABAQUS-US/UELS/UEL8_PCLI.for, which this collection already counts",capped_repo_pass,,,round1b_file_capped_repositories,,
jgomezc1/ABAQUS-US,54181407aa7aa23055e33d354d0b2a3abc266365,MIT,permissive,LICENSE.md (SPDX MIT via the GitHub licence API),UELS/UEL8_PCLI_R.for,47010,2318905c7ce2d7fb2271eb94043c69646c6f47ce2e8f95f257deb4ae5f75c960,4b2c9ceebf30947bfe20085a7edb9331f93e40e8b7fa12561991c82b98963196,already_known,"the same implementation as discovery_cache/jgomezc1__ABAQUS-US/UELS/UEL8_PCLI_R.for, which this collection already counts",capped_repo_pass,,,round1b_file_capped_repositories,,
jgomezc1/ABAQUS-US,54181407aa7aa23055e33d354d0b2a3abc266365,MIT,permissive,LICENSE.md (SPDX MIT via the GitHub licence API),UELS/UEL8_PCLK.for,53715,744fdfa5ccddfa74e12b46ab2178d736b33d548fed310ee8d256d2a30d0b0d41,eb08c4d6fd37f49758ab5fd9298a3c3a1849f7bc3ec5b9f3b0eac6ce77ef494e,already_known,"the same implementation as discovery_cache/jgomezc1__ABAQUS-US/UELS/UEL8_PCLK.for, which this collection already counts",capped_repo_pass,,,round1b_file_capped_repositories,,
jgomezc1/ABAQUS-US,54181407aa7aa23055e33d354d0b2a3abc266365,MIT,permissive,LICENSE.md (SPDX MIT via the GitHub licence API),UELS/UEL8_PCOI.for,57884,b01651b9d5f62d37399feb4052cc7c3fad69cc876af4633ee2f8af85343396f9,3db782b44f96b32724177e52215e64d2b6bd164840eb9c3d0c1219d16c79e2e8,already_known,"the same implementation as discovery_cache/jgomezc1__ABAQUS-US/UELS/UEL8_PCOI.for, which this collection already counts",capped_repo_pass,,,round1b_file_capped_repositories,,
jgomezc1/ABAQUS-US,54181407aa7aa23055e33d354d0b2a3abc266365,MIT,permissive,LICENSE.md (SPDX MIT via the GitHub licence API),UELS/UEL8_PCOR.for,54353,d9b28b5e6fce1392e82c03a790673402e7f13031dbc46307d083d93d7a848f6e,bbd6a3ab8b056ac2f972a65814f697f3904078c9dccc7367448acd09927842be,already_known,"the same implementation as discovery_cache/jgomezc1__ABAQUS-US/UELS/UEL8_PCOR.for, which this collection already counts",capped_repo_pass,,,round1b_file_capped_repositories,,
jgomezc1/ABAQUS-US,54181407aa7aa23055e33d354d0b2a3abc266365,MIT,permissive,LICENSE.md (SPDX MIT via the GitHub licence API),UELS/UEL8_PCOR_KIN.for,56364,2ac40761ea6b9f1ec8c650c13a0846f2c7b7006876ef17a36dd7629a356e6a0f,7743ba1423fbb2db9942b4670a781ba0aec460150d57cc3eec76cd4d6703b80c,already_known,"the same implementation as discovery_cache/jgomezc1__ABAQUS-US/UELS/UEL8_PCOR_KIN.for, which this collection already counts",capped_repo_pass,,,round1b_file_capped_repositories,,
jgomezc1/ABAQUS-US,54181407aa7aa23055e33d354d0b2a3abc266365,MIT,permissive,LICENSE.md (SPDX MIT via the GitHub licence API),UELS/UEL8_VPDCL.for,56822,41614152c0acb199836c3c3ff099a74b0ab70a6a198cf70f0c3c2be90aaf2e5a,ae02f73d2049a47ae535c0b4a45dfb8821dcdac7ab54097ac8c9d2cd95dbb8af,already_known,"the same implementation as discovery_cache/jgomezc1__ABAQUS-US/UELS/UEL8_VPDCL.for, which this collection already counts",capped_repo_pass,,,round1b_file_capped_repositories,,
jgomezc1/ABAQUS-US,54181407aa7aa23055e33d354d0b2a3abc266365,MIT,permissive,LICENSE.md (SPDX MIT via the GitHub licence API),UELS/UEL8_VPDCO.for,61586,66e955998b861d952931ab528f1d08c646ce26f3cdc977f88811cfdf670877d7,0a5c2ba5e3ac61f4b3b6cd76f262d3321042b451a5771a5b3c03b99b0dbb8d3d,already_known,"the same implementation as discovery_cache/jgomezc1__ABAQUS-US/UELS/UEL8_VPDCO.for, which this collection already counts",capped_repo_pass,,,round1b_file_capped_repositories,,
jgomezc1/ABAQUS-US,54181407aa7aa23055e33d354d0b2a3abc266365,MIT,permissive,LICENSE.md (SPDX MIT via the GitHub licence API),UELS/UEL9_ECL.for,44604,08a5b5a981789f1b273e37316286debe0b62f8f7a9db637cce2433a7289426c0,2cfbf5f0e9ab58597f4c9d46d7efbce0c902687408dce058fc77bf3fbb528ebb,already_known,"the same implementation as discovery_cache/jgomezc1__ABAQUS-US/UELS/UEL9_ECL.for, which this collection already counts",capped_repo_pass,,,round1b_file_capped_repositories,,
jgomezc1/ABAQUS-US,54181407aa7aa23055e33d354d0b2a3abc266365,MIT,permissive,LICENSE.md (SPDX MIT via the GitHub licence API),UELS/UEL9_ECO.for,43192,640838d7cd863b25af5e24742b8867b664d6fa80c781f72c566f38b70a1954c1,66eb39b9a213d03cd222a8c519e39aa6e8f56567bbe75c06ae96454b6f8f7689,already_known,"the same implementation as discovery_cache/jgomezc1__ABAQUS-US/UELS/UEL9_ECO.for, which this collection already counts",capped_repo_pass,,,round1b_file_capped_repositories,,
jgomezc1/ABAQUS-US,54181407aa7aa23055e33d354d0b2a3abc266365,MIT,permissive,LICENSE.md (SPDX MIT via the GitHub licence API),UELS/UEL9_ECO_m.for,46440,bb7f2af0e51a53acd2f606300fd2b633311c28b56fb5ea7902ea7eba249435f4,0b3ead50e109477bf897a24f3338123b161dcda8453b940037a8939b57997b9a,already_known,"the same implementation as discovery_cache/jgomezc1__ABAQUS-US/UELS/UEL9_ECO_m.for, which this collection already counts",capped_repo_pass,,,round1b_file_capped_repositories,,
jgomezc1/ABAQUS-US,54181407aa7aa23055e33d354d0b2a3abc266365,MIT,permissive,LICENSE.md (SPDX MIT via the GitHub licence API),UELS/UEL9_PCLI.for,51750,dca8d340ad5a3c1dcb8f75028c6e70caa6a4390a40217307209bc753de909e1e,99e60ac175ae8491665ad3b063a67f5babb7dd76802c7dd6f48f5a2ddf61c627,already_known,"the same implementation as discovery_cache/jgomezc1__ABAQUS-US/UELS/UEL9_PCLI.for, which this collection already counts",capped_repo_pass,,,round1b_file_capped_repositories,,
jgomezc1/ABAQUS-US,54181407aa7aa23055e33d354d0b2a3abc266365,MIT,permissive,LICENSE.md (SPDX MIT via the GitHub licence API),UELS/UEL9_PCLI_R.for,47145,9afefa8b7426a22716951c8581177b87133baf4992198f546deb390ee95ab039,a0c676c60e2a1ca00d0da8a3f011b0c59cf5a06f442b09535b826dc0c674b556,already_known,"the same implementation as discovery_cache/jgomezc1__ABAQUS-US/UELS/UEL9_PCLI_R.for, which this collection already counts",capped_repo_pass,,,round1b_file_capped_repositories,,
jgomezc1/ABAQUS-US,54181407aa7aa23055e33d354d0b2a3abc266365,MIT,permissive,LICENSE.md (SPDX MIT via the GitHub licence API),UELS/UEL9_PCLK.for,49674,5029430d65f91475831863ea1aacbfc01e12ed8cfd64794716b669ca89f26001,432e08b73e2e2103f2f976dfd5977ff690fc00b5c4f6ee96f4e1695aad988670,already_known,"the same implementation as discovery_cache/jgomezc1__ABAQUS-US/UELS/UEL9_PCLK.for, which this collection already counts",capped_repo_pass,,,round1b_file_capped_repositories,,
jgomezc1/ABAQUS-US,54181407aa7aa23055e33d354d0b2a3abc266365,MIT,permissive,LICENSE.md (SPDX MIT via the GitHub licence API),UELS/UEL9_PCOI.for,58123,7ee299095efef014ba536fd35e53b78e6fa450769f9d052bdee07a9e922fc817,a27aee98c8de5d19ae9f5ee8e2d96ec78688c4393f50cef5f4285d97bcad8d23,already_known,"the same implementation as discovery_cache/jgomezc1__ABAQUS-US/UELS/UEL9_PCOI.for, which this collection already counts",capped_repo_pass,,,round1b_file_capped_repositories,,
jgomezc1/ABAQUS-US,54181407aa7aa23055e33d354d0b2a3abc266365,MIT,permissive,LICENSE.md (SPDX MIT via the GitHub licence API),UELS/UEL9_PCON.for,55188,4ce08b10d7548652b702f8dde86ed64d07cd0041fcd4369a69fac79f061c1faf,a4cedf3d337e3016e09ccd1a8c8de680593151a5c97c8dc165e6e602994e4c4e,already_known,"the same implementation as discovery_cache/jgomezc1__ABAQUS-US/UELS/UEL9_PCON.for, which this collection already counts",capped_repo_pass,,,round1b_file_capped_repositories,,
jgomezc1/ABAQUS-US,54181407aa7aa23055e33d354d0b2a3abc266365,MIT,permissive,LICENSE.md (SPDX MIT via the GitHub licence API),UELS/UEL9_PCOR.for,54705,b503eb14b514cabea30c5905f6d6e37a537da92c5a17c8e9657c7ace089c3b57,640b3c2fd679c6d75482a65e10e6c63ca59bd75960ccac47c67c48d2f61bcd17,already_known,"the same implementation as discovery_cache/jgomezc1__ABAQUS-US/UELS/UEL9_PCOR.for, which this collection already counts",capped_repo_pass,,,round1b_file_capped_repositories,,
jgomezc1/ABAQUS-US,54181407aa7aa23055e33d354d0b2a3abc266365,MIT,permissive,LICENSE.md (SPDX MIT via the GitHub licence API),UELS/UEL9_PCOR_KIN.for,56293,1132a6aff254aa93d50959bf0d088fd33b5b0115882cffd542447131cb2a76dd,d5b99a74cec12d55604ca81294339641979f2d08146bfa373fda7c46885d8f77,already_known,"the same implementation as discovery_cache/jgomezc1__ABAQUS-US/UELS/UEL9_PCOR_KIN.for, which this collection already counts",capped_repo_pass,,,round1b_file_capped_repositories,,
jgomezc1/ABAQUS-US,54181407aa7aa23055e33d354d0b2a3abc266365,MIT,permissive,LICENSE.md (SPDX MIT via the GitHub licence API),UELS/UEL9_VPDCL.for,59763,24f7828a4226c2817d59798389fe1b311127b715c0894639573f154effe3a926,e326ea554aafe157711fe188775c8c1998b7f854a2a3dbc1296a2fe3a0273585,already_known,"the same implementation as discovery_cache/HIT-FSW-314__abaqus/abaqus-umat/uel/UEL9_VPDCL.for, which this collection already counts",capped_repo_pass,,,round1b_file_capped_repositories,,
jgomezc1/ABAQUS-US,54181407aa7aa23055e33d354d0b2a3abc266365,MIT,permissive,LICENSE.md (SPDX MIT via the GitHub licence API),UELS/UEL9_VPDCL_R.for,59972,9fcffc834f0d8ebf87172198d5e773a580b4a8af7466723988e29d783e7ace77,db00ed3f321491c8429bc664c74aaf554b3496e21ce0c8d28c61aabe7622d9f9,already_known,"the same implementation as discovery_cache/jgomezc1__ABAQUS-US/UELS/UEL9_VPDCL_R.for, which this collection already counts",capped_repo_pass,,,round1b_file_capped_repositories,,
jgomezc1/ABAQUS-US,54181407aa7aa23055e33d354d0b2a3abc266365,MIT,permissive,LICENSE.md (SPDX MIT via the GitHub licence API),UELS/UEL9_VPDCO.for,66219,110f713f249782382bf882becd4a9543a1b8d329987c0e912353a45618d881ff,3b4d56c411202b4e64532e3979ea720b5b7d605a70f95e1b6d631fe72423ba40,already_known,"the same implementation as discovery_cache/jgomezc1__ABAQUS-US/SAMPLE/UEL9_VPDCO.for, which this collection already counts",capped_repo_pass,,,round1b_file_capped_repositories,,
jgomezc1/ABAQUS-US,54181407aa7aa23055e33d354d0b2a3abc266365,MIT,permissive,LICENSE.md (SPDX MIT via the GitHub licence API),UMATS/UMAT_ECL_TEMP.for,22743,21f634c3b0c235fa2bcfd4d25258aa86c7ad1d442e045e9bb4c639fd4c143a70,034efd0179cb84aaa9e066bdd4159522247918a4a3a48802a5a4930c795ec24f,already_known,"the same implementation as UMAT_ECL_TEMP, which this collection already counts",capped_repo_pass,,,round1b_file_capped_repositories,,
jgomezc1/ABAQUS-US,54181407aa7aa23055e33d354d0b2a3abc266365,MIT,permissive,LICENSE.md (SPDX MIT via the GitHub licence API),UMATS/UMAT_ECO.for,3946,71f9361d6037a379075bd3b2c1b2d038422ea4eb502cff1a45da874376a67e7c,87ea3ae9e48b597f713023a2e3061173a77c45d0c562693067474feffba19018,already_known,"the same implementation as jgomezc1_UMAT_ECO, which this collection already counts",capped_repo_pass,,,round1b_file_capped_repositories,,
jgomezc1/ABAQUS-US,54181407aa7aa23055e33d354d0b2a3abc266365,MIT,permissive,LICENSE.md (SPDX MIT via the GitHub licence API),UMATS/UMAT_HIN.for,55297,4db63af313cc9694fd57dcd1f8f0190b062ea7d78515cd70040f1202c9711a0b,f2b26ced1c7a17c18c3ca5687faf460ac15ff67bd9cc20d739de8aad61ae3b89,already_known,"the same implementation as UMAT_HIN, which this collection already counts",capped_repo_pass,,,round1b_file_capped_repositories,,
jgomezc1/ABAQUS-US,54181407aa7aa23055e33d354d0b2a3abc266365,MIT,permissive,LICENSE.md (SPDX MIT via the GitHub licence API),UMATS/UMAT_NKH_1.02.for,28507,c8d5506060d4cd359adadb2ae7633f206e68db8da215c50f0a564e8bc57ce1d3,259fc3419802a8fca83c6b202f963703ceb5cc6f0705f082340e11f203b75f31,already_known,"the same implementation as UMAT_NKH_1.02, which this collection already counts",capped_repo_pass,,,round1b_file_capped_repositories,,
jgomezc1/ABAQUS-US,54181407aa7aa23055e33d354d0b2a3abc266365,MIT,permissive,LICENSE.md (SPDX MIT via the GitHub licence API),UMATS/UMAT_PCL.for,31957,b29e21d6ddcd297011554ec012954df2d4fb1f3f314f466e1e4746f42c9fe720,b68b3e2fa9acd49c06ab6f89304cd8f7014307d143888e9fdaba329fdd84fa45,already_known,"the same implementation as UMAT_PCL, which this collection already counts",capped_repo_pass,,,round1b_file_capped_repositories,,
jgomezc1/ABAQUS-US,54181407aa7aa23055e33d354d0b2a3abc266365,MIT,permissive,LICENSE.md (SPDX MIT via the GitHub licence API),UMATS/UMAT_PCLI.for,31274,54f8e6672bee8568295b695c397d75bb316b240997bed4a185b4acaa02568169,633d872bceeeebd0c496d67a7f337764fc9e3f3b6d6f523a7a15b025f752571d,already_known,"the same implementation as UMAT_PCLI, which this collection already counts",capped_repo_pass,,,round1b_file_capped_repositories,,
jgomezc1/ABAQUS-US,54181407aa7aa23055e33d354d0b2a3abc266365,MIT,permissive,LICENSE.md (SPDX MIT via the GitHub licence API),UMATS/UMAT_PCLI_R.for,31226,3d96801660fe94a4de34b6ce745111a4f53a1e0f4a67b32cfb8d42dd33347b61,3848c18bbc5f211e96ac967419bbb76959db07a3b6b98c139ba66540912f6810,already_known,"the same implementation as UMAT_PCLI_R, which this collection already counts",capped_repo_pass,,,round1b_file_capped_repositories,,
jgomezc1/ABAQUS-US,54181407aa7aa23055e33d354d0b2a3abc266365,MIT,permissive,LICENSE.md (SPDX MIT via the GitHub licence API),UMATS/UMAT_PCLK.for,28517,0deebd0de0d8def5a1054ec12fb1681a1c8765416d5ca3f175aa373ff5a34f3e,4e3f92dbb8385927da81cb6c4b8c0df25c72ddebb4b2d92c26a28ee2f0b55f8c,already_known,"the same implementation as UMAT_PCLK, which this collection already counts",capped_repo_pass,,,round1b_file_capped_repositories,,
jgomezc1/ABAQUS-US,54181407aa7aa23055e33d354d0b2a3abc266365,MIT,permissive,LICENSE.md (SPDX MIT via the GitHub licence API),UMATS/UMAT_PCO.for,14183,45805b339f17514efe13c811a84cfa20df492aa13163d2374e0d7fcce7a49fa2,1a9460bb7ba6439809eb81867146e6c662ed4bd06c618762128f35a91d8f19b0,already_known,"the same implementation as UMAT_PCO, which this collection already counts",capped_repo_pass,,,round1b_file_capped_repositories,,
jgomezc1/ABAQUS-US,54181407aa7aa23055e33d354d0b2a3abc266365,MIT,permissive,LICENSE.md (SPDX MIT via the GitHub licence API),UMATS/UMAT_VPDCL.for,23951,139355773a2819ed69e41500269dafb980214f0dd4b36d0ac7bbab0d1f91198e,6f50e1d3c278309312e8542d471cdc510250e4f46bd72ad1a52c5307c5d4048d,already_known,"the same implementation as UMAT_VPDCL, which this collection already counts",capped_repo_pass,,,round1b_file_capped_repositories,,
jgomezc1/ABAQUS-US,54181407aa7aa23055e33d354d0b2a3abc266365,MIT,permissive,LICENSE.md (SPDX MIT via the GitHub licence API),UMATS/UMAT_VPDCL_R.for,38861,9ade2c446c729b35f25c59f030b60a1a673998bc131c8c4e0c476344b0694330,a5ebf99117cf2973cd41b1a67b4afd222a02a1c85a715f21e6f394ee23a6a18f,already_known,"the same implementation as UMAT_VPDCL_R, which this collection already counts",capped_repo_pass,,,round1b_file_capped_repositories,,
jgomezc1/ABAQUS-US,54181407aa7aa23055e33d354d0b2a3abc266365,MIT,permissive,LICENSE.md (SPDX MIT via the GitHub licence API),UMATS/UMAT_VPDCO.for,21254,93ad6f56e259cd3b0044facbee2e3da7e93383f0737d9cb960b6e952032c33e6,c01530662162545d747ec2b2405941ce445624292fdfa4c3861eafcc360f282f,already_known,"the same implementation as UMAT_VPDCO, which this collection already counts",capped_repo_pass,,,round1b_file_capped_repositories,,
HIT-FSW-314/abaqus,1ea6ba0b1e8d48363bb7ce5366b576be06dfa8d6,MIT,permissive,LICENSE (SPDX MIT via the GitHub licence API),abaqus-umat/inp/UEL8_ECL_AXY.for,44840,adfe11a8783889c604fc584352778b6d1d2ecb8cfe97de109589bb82512b6eec,c44e434545ef44e243e7be0bc1de135c5eb67b7d08d5f5cc1393642d51a6733c,already_known,"the same implementation as discovery_cache/jgomezc1__ABAQUS-US/INPUT_FILES/UEL8_ECL_AXY.for, which this collection already counts",capped_repo_pass,,,round1b_file_capped_repositories,,
HIT-FSW-314/abaqus,1ea6ba0b1e8d48363bb7ce5366b576be06dfa8d6,MIT,permissive,LICENSE (SPDX MIT via the GitHub licence API),abaqus-umat/others/UEL9_VPDCO.for,64383,110f713f249782382bf882becd4a9543a1b8d329987c0e912353a45618d881ff,3b4d56c411202b4e64532e3979ea720b5b7d605a70f95e1b6d631fe72423ba40,already_known,"the same implementation as discovery_cache/jgomezc1__ABAQUS-US/SAMPLE/UEL9_VPDCO.for, which this collection already counts",capped_repo_pass,,,round1b_file_capped_repositories,,
HIT-FSW-314/abaqus,1ea6ba0b1e8d48363bb7ce5366b576be06dfa8d6,MIT,permissive,LICENSE (SPDX MIT via the GitHub licence API),abaqus-umat/uel/UEL8_ECL.for,43894,e35e6aba4e958dcbe81f6220d0561ec4e14ccbf9860a901dcdec1016116bd44a,ba2412753181697e994249f938f0950ca851f8702b973ba09c4495f7edd07d55,already_known,"the same implementation as discovery_cache/jgomezc1__ABAQUS-US/UELS/UEL8_ECL.for, which this collection already counts",capped_repo_pass,,,round1b_file_capped_repositories,,
HIT-FSW-314/abaqus,1ea6ba0b1e8d48363bb7ce5366b576be06dfa8d6,MIT,permissive,LICENSE (SPDX MIT via the GitHub licence API),abaqus-umat/uel/UEL8_ECO.for,44731,6f633f05d329ab136ea277fe2e1f72eb535bb1d3fa7d46e3b5db383435e4ee57,b9cf6058aeae5161fc18058057a6af6d1811d9f918157ffdcc447adeb1bf6caf,already_known,"the same implementation as discovery_cache/jgomezc1__ABAQUS-US/UELS/UEL8_ECO.for, which this collection already counts",capped_repo_pass,,,round1b_file_capped_repositories,,
HIT-FSW-314/abaqus,1ea6ba0b1e8d48363bb7ce5366b576be06dfa8d6,MIT,permissive,LICENSE (SPDX MIT via the GitHub licence API),abaqus-umat/uel/UEL8_PCLI.for,48634,e414fea5cd6f0c9d07956557019162fb9c4c85a41d95bcf9f942180521c3603a,eb4ebe0975c73a1d0908fddce825e8af8e079ebfc377f58ca5ce0c19d579f689,already_known,"the same implementation as discovery_cache/jgomezc1__ABAQUS-US/UELS/UEL8_PCLI.for, which this collection already counts",capped_repo_pass,,,round1b_file_capped_repositories,,
HIT-FSW-314/abaqus,1ea6ba0b1e8d48363bb7ce5366b576be06dfa8d6,MIT,permissive,LICENSE (SPDX MIT via the GitHub licence API),abaqus-umat/uel/UEL8_PCLI_R.for,45671,2318905c7ce2d7fb2271eb94043c69646c6f47ce2e8f95f257deb4ae5f75c960,4b2c9ceebf30947bfe20085a7edb9331f93e40e8b7fa12561991c82b98963196,already_known,"the same implementation as discovery_cache/jgomezc1__ABAQUS-US/UELS/UEL8_PCLI_R.for, which this collection already counts",capped_repo_pass,,,round1b_file_capped_repositories,,
HIT-FSW-314/abaqus,1ea6ba0b1e8d48363bb7ce5366b576be06dfa8d6,MIT,permissive,LICENSE (SPDX MIT via the GitHub licence API),abaqus-umat/uel/UEL8_PCLK.for,52183,744fdfa5ccddfa74e12b46ab2178d736b33d548fed310ee8d256d2a30d0b0d41,eb08c4d6fd37f49758ab5fd9298a3c3a1849f7bc3ec5b9f3b0eac6ce77ef494e,already_known,"the same implementation as discovery_cache/jgomezc1__ABAQUS-US/UELS/UEL8_PCLK.for, which this collection already counts",capped_repo_pass,,,round1b_file_capped_repositories,,
HIT-FSW-314/abaqus,1ea6ba0b1e8d48363bb7ce5366b576be06dfa8d6,MIT,permissive,LICENSE (SPDX MIT via the GitHub licence API),abaqus-umat/uel/UEL8_PCOI.for,56241,b01651b9d5f62d37399feb4052cc7c3fad69cc876af4633ee2f8af85343396f9,3db782b44f96b32724177e52215e64d2b6bd164840eb9c3d0c1219d16c79e2e8,already_known,"the same implementation as discovery_cache/jgomezc1__ABAQUS-US/UELS/UEL8_PCOI.for, which this collection already counts",capped_repo_pass,,,round1b_file_capped_repositories,,
HIT-FSW-314/abaqus,1ea6ba0b1e8d48363bb7ce5366b576be06dfa8d6,MIT,permissive,LICENSE (SPDX MIT via the GitHub licence API),abaqus-umat/uel/UEL8_PCOR.for,52786,d9b28b5e6fce1392e82c03a790673402e7f13031dbc46307d083d93d7a848f6e,bbd6a3ab8b056ac2f972a65814f697f3904078c9dccc7367448acd09927842be,already_known,"the same implementation as discovery_cache/jgomezc1__ABAQUS-US/UELS/UEL8_PCOR.for, which this collection already counts",capped_repo_pass,,,round1b_file_capped_repositories,,
HIT-FSW-314/abaqus,1ea6ba0b1e8d48363bb7ce5366b576be06dfa8d6,MIT,permissive,LICENSE (SPDX MIT via the GitHub licence API),abaqus-umat/uel/UEL8_PCOR_KIN.for,54761,2ac40761ea6b9f1ec8c650c13a0846f2c7b7006876ef17a36dd7629a356e6a0f,7743ba1423fbb2db9942b4670a781ba0aec460150d57cc3eec76cd4d6703b80c,already_known,"the same implementation as discovery_cache/jgomezc1__ABAQUS-US/UELS/UEL8_PCOR_KIN.for, which this collection already counts",capped_repo_pass,,,round1b_file_capped_repositories,,
HIT-FSW-314/abaqus,1ea6ba0b1e8d48363bb7ce5366b576be06dfa8d6,MIT,permissive,LICENSE (SPDX MIT via the GitHub licence API),abaqus-umat/uel/UEL8_VPDCL.for,55172,41614152c0acb199836c3c3ff099a74b0ab70a6a198cf70f0c3c2be90aaf2e5a,ae02f73d2049a47ae535c0b4a45dfb8821dcdac7ab54097ac8c9d2cd95dbb8af,already_known,"the same implementation as discovery_cache/jgomezc1__ABAQUS-US/UELS/UEL8_VPDCL.for, which this collection already counts",capped_repo_pass,,,round1b_file_capped_repositories,,
HIT-FSW-314/abaqus,1ea6ba0b1e8d48363bb7ce5366b576be06dfa8d6,MIT,permissive,LICENSE (SPDX MIT via the GitHub licence API),abaqus-umat/uel/UEL8_VPDCO.for,59830,66e955998b861d952931ab528f1d08c646ce26f3cdc977f88811cfdf670877d7,0a5c2ba5e3ac61f4b3b6cd76f262d3321042b451a5771a5b3c03b99b0dbb8d3d,already_known,"the same implementation as discovery_cache/jgomezc1__ABAQUS-US/UELS/UEL8_VPDCO.for, which this collection already counts",capped_repo_pass,,,round1b_file_capped_repositories,,
HIT-FSW-314/abaqus,1ea6ba0b1e8d48363bb7ce5366b576be06dfa8d6,MIT,permissive,LICENSE (SPDX MIT via the GitHub licence API),abaqus-umat/uel/UEL9_ECL.for,43314,08a5b5a981789f1b273e37316286debe0b62f8f7a9db637cce2433a7289426c0,2cfbf5f0e9ab58597f4c9d46d7efbce0c902687408dce058fc77bf3fbb528ebb,already_known,"the same implementation as discovery_cache/jgomezc1__ABAQUS-US/UELS/UEL9_ECL.for, which this collection already counts",capped_repo_pass,,,round1b_file_capped_repositories,,
HIT-FSW-314/abaqus,1ea6ba0b1e8d48363bb7ce5366b576be06dfa8d6,MIT,permissive,LICENSE (SPDX MIT via the GitHub licence API),abaqus-umat/uel/UEL9_ECO.for,41971,640838d7cd863b25af5e24742b8867b664d6fa80c781f72c566f38b70a1954c1,66eb39b9a213d03cd222a8c519e39aa6e8f56567bbe75c06ae96454b6f8f7689,already_known,"the same implementation as discovery_cache/jgomezc1__ABAQUS-US/UELS/UEL9_ECO.for, which this collection already counts",capped_repo_pass,,,round1b_file_capped_repositories,,
HIT-FSW-314/abaqus,1ea6ba0b1e8d48363bb7ce5366b576be06dfa8d6,MIT,permissive,LICENSE (SPDX MIT via the GitHub licence API),abaqus-umat/uel/UEL9_ECO_m.for,45112,bb7f2af0e51a53acd2f606300fd2b633311c28b56fb5ea7902ea7eba249435f4,0b3ead50e109477bf897a24f3338123b161dcda8453b940037a8939b57997b9a,already_known,"the same implementation as discovery_cache/jgomezc1__ABAQUS-US/UELS/UEL9_ECO_m.for, which this collection already counts",capped_repo_pass,,,round1b_file_capped_repositories,,
HIT-FSW-314/abaqus,1ea6ba0b1e8d48363bb7ce5366b576be06dfa8d6,MIT,permissive,LICENSE (SPDX MIT via the GitHub licence API),abaqus-umat/uel/UEL9_PCLI.for,50279,dca8d340ad5a3c1dcb8f75028c6e70caa6a4390a40217307209bc753de909e1e,99e60ac175ae8491665ad3b063a67f5babb7dd76802c7dd6f48f5a2ddf61c627,already_known,"the same implementation as discovery_cache/jgomezc1__ABAQUS-US/UELS/UEL9_PCLI.for, which this collection already counts",capped_repo_pass,,,round1b_file_capped_repositories,,
HIT-FSW-314/abaqus,1ea6ba0b1e8d48363bb7ce5366b576be06dfa8d6,MIT,permissive,LICENSE (SPDX MIT via the GitHub licence API),abaqus-umat/uel/UEL9_PCLI_R.for,45792,9afefa8b7426a22716951c8581177b87133baf4992198f546deb390ee95ab039,a0c676c60e2a1ca00d0da8a3f011b0c59cf5a06f442b09535b826dc0c674b556,already_known,"the same implementation as discovery_cache/jgomezc1__ABAQUS-US/UELS/UEL9_PCLI_R.for, which this collection already counts",capped_repo_pass,,,round1b_file_capped_repositories,,
HIT-FSW-314/abaqus,1ea6ba0b1e8d48363bb7ce5366b576be06dfa8d6,MIT,permissive,LICENSE (SPDX MIT via the GitHub licence API),abaqus-umat/uel/UEL9_PCLK.for,48272,5029430d65f91475831863ea1aacbfc01e12ed8cfd64794716b669ca89f26001,432e08b73e2e2103f2f976dfd5977ff690fc00b5c4f6ee96f4e1695aad988670,already_known,"the same implementation as discovery_cache/jgomezc1__ABAQUS-US/UELS/UEL9_PCLK.for, which this collection already counts",capped_repo_pass,,,round1b_file_capped_repositories,,
HIT-FSW-314/abaqus,1ea6ba0b1e8d48363bb7ce5366b576be06dfa8d6,MIT,permissive,LICENSE (SPDX MIT via the GitHub licence API),abaqus-umat/uel/UEL9_PCOI.for,56479,7ee299095efef014ba536fd35e53b78e6fa450769f9d052bdee07a9e922fc817,a27aee98c8de5d19ae9f5ee8e2d96ec78688c4393f50cef5f4285d97bcad8d23,already_known,"the same implementation as discovery_cache/jgomezc1__ABAQUS-US/UELS/UEL9_PCOI.for, which this collection already counts",capped_repo_pass,,,round1b_file_capped_repositories,,
HIT-FSW-314/abaqus,1ea6ba0b1e8d48363bb7ce5366b576be06dfa8d6,MIT,permissive,LICENSE (SPDX MIT via the GitHub licence API),abaqus-umat/uel/UEL9_PCON.for,53589,4ce08b10d7548652b702f8dde86ed64d07cd0041fcd4369a69fac79f061c1faf,a4cedf3d337e3016e09ccd1a8c8de680593151a5c97c8dc165e6e602994e4c4e,already_known,"the same implementation as discovery_cache/jgomezc1__ABAQUS-US/UELS/UEL9_PCON.for, which this collection already counts",capped_repo_pass,,,round1b_file_capped_repositories,,
HIT-FSW-314/abaqus,1ea6ba0b1e8d48363bb7ce5366b576be06dfa8d6,MIT,permissive,LICENSE (SPDX MIT via the GitHub licence API),abaqus-umat/uel/UEL9_PCOR.for,53133,b503eb14b514cabea30c5905f6d6e37a537da92c5a17c8e9657c7ace089c3b57,640b3c2fd679c6d75482a65e10e6c63ca59bd75960ccac47c67c48d2f61bcd17,already_known,"the same implementation as discovery_cache/jgomezc1__ABAQUS-US/UELS/UEL9_PCOR.for, which this collection already counts",capped_repo_pass,,,round1b_file_capped_repositories,,
HIT-FSW-314/abaqus,1ea6ba0b1e8d48363bb7ce5366b576be06dfa8d6,MIT,permissive,LICENSE (SPDX MIT via the GitHub licence API),abaqus-umat/uel/UEL9_PCOR_KIN.for,54691,1132a6aff254aa93d50959bf0d088fd33b5b0115882cffd542447131cb2a76dd,d5b99a74cec12d55604ca81294339641979f2d08146bfa373fda7c46885d8f77,already_known,"the same implementation as discovery_cache/jgomezc1__ABAQUS-US/UELS/UEL9_PCOR_KIN.for, which this collection already counts",capped_repo_pass,,,round1b_file_capped_repositories,,
HIT-FSW-314/abaqus,1ea6ba0b1e8d48363bb7ce5366b576be06dfa8d6,MIT,permissive,LICENSE (SPDX MIT via the GitHub licence API),abaqus-umat/uel/UEL9_VPDCL.for,58067,24f7828a4226c2817d59798389fe1b311127b715c0894639573f154effe3a926,e326ea554aafe157711fe188775c8c1998b7f854a2a3dbc1296a2fe3a0273585,already_known,"the same implementation as discovery_cache/HIT-FSW-314__abaqus/abaqus-umat/uel/UEL9_VPDCL.for, which this collection already counts",capped_repo_pass,,,round1b_file_capped_repositories,,
HIT-FSW-314/abaqus,1ea6ba0b1e8d48363bb7ce5366b576be06dfa8d6,MIT,permissive,LICENSE (SPDX MIT via the GitHub licence API),abaqus-umat/uel/UEL9_VPDCL_R.for,58303,9fcffc834f0d8ebf87172198d5e773a580b4a8af7466723988e29d783e7ace77,db00ed3f321491c8429bc664c74aaf554b3496e21ce0c8d28c61aabe7622d9f9,already_known,"the same implementation as discovery_cache/jgomezc1__ABAQUS-US/UELS/UEL9_VPDCL_R.for, which this collection already counts",capped_repo_pass,,,round1b_file_capped_repositories,,
HIT-FSW-314/abaqus,1ea6ba0b1e8d48363bb7ce5366b576be06dfa8d6,MIT,permissive,LICENSE (SPDX MIT via the GitHub licence API),abaqus-umat/uel/UEL9_VPDCO.for,64383,110f713f249782382bf882becd4a9543a1b8d329987c0e912353a45618d881ff,3b4d56c411202b4e64532e3979ea720b5b7d605a70f95e1b6d631fe72423ba40,already_known,"the same implementation as discovery_cache/jgomezc1__ABAQUS-US/SAMPLE/UEL9_VPDCO.for, which this collection already counts",capped_repo_pass,,,round1b_file_capped_repositories,,
HIT-FSW-314/abaqus,1ea6ba0b1e8d48363bb7ce5366b576be06dfa8d6,MIT,permissive,LICENSE (SPDX MIT via the GitHub licence API),abaqus-umat/umat/UMAT_ECL_TEMP.for,22092,21f634c3b0c235fa2bcfd4d25258aa86c7ad1d442e045e9bb4c639fd4c143a70,034efd0179cb84aaa9e066bdd4159522247918a4a3a48802a5a4930c795ec24f,already_known,"the same implementation as UMAT_ECL_TEMP, which this collection already counts",capped_repo_pass,,,round1b_file_capped_repositories,,
HIT-FSW-314/abaqus,1ea6ba0b1e8d48363bb7ce5366b576be06dfa8d6,MIT,permissive,LICENSE (SPDX MIT via the GitHub licence API),abaqus-umat/umat/UMAT_ECO.for,3856,71f9361d6037a379075bd3b2c1b2d038422ea4eb502cff1a45da874376a67e7c,87ea3ae9e48b597f713023a2e3061173a77c45d0c562693067474feffba19018,already_known,"the same implementation as jgomezc1_UMAT_ECO, which this collection already counts",capped_repo_pass,,,round1b_file_capped_repositories,,
HIT-FSW-314/abaqus,1ea6ba0b1e8d48363bb7ce5366b576be06dfa8d6,MIT,permissive,LICENSE (SPDX MIT via the GitHub licence API),abaqus-umat/umat/UMAT_HIN.for,53742,4db63af313cc9694fd57dcd1f8f0190b062ea7d78515cd70040f1202c9711a0b,f2b26ced1c7a17c18c3ca5687faf460ac15ff67bd9cc20d739de8aad61ae3b89,already_known,"the same implementation as UMAT_HIN, which this collection already counts",capped_repo_pass,,,round1b_file_capped_repositories,,
HIT-FSW-314/abaqus,1ea6ba0b1e8d48363bb7ce5366b576be06dfa8d6,MIT,permissive,LICENSE (SPDX MIT via the GitHub licence API),abaqus-umat/umat/UMAT_NKH_1.02.for,27706,c8d5506060d4cd359adadb2ae7633f206e68db8da215c50f0a564e8bc57ce1d3,259fc3419802a8fca83c6b202f963703ceb5cc6f0705f082340e11f203b75f31,already_known,"the same implementation as UMAT_NKH_1.02, which this collection already counts",capped_repo_pass,,,round1b_file_capped_repositories,,
HIT-FSW-314/abaqus,1ea6ba0b1e8d48363bb7ce5366b576be06dfa8d6,MIT,permissive,LICENSE (SPDX MIT via the GitHub licence API),abaqus-umat/umat/UMAT_PCL.for,31008,b29e21d6ddcd297011554ec012954df2d4fb1f3f314f466e1e4746f42c9fe720,b68b3e2fa9acd49c06ab6f89304cd8f7014307d143888e9fdaba329fdd84fa45,already_known,"the same implementation as UMAT_PCL, which this collection already counts",capped_repo_pass,,,round1b_file_capped_repositories,,
HIT-FSW-314/abaqus,1ea6ba0b1e8d48363bb7ce5366b576be06dfa8d6,MIT,permissive,LICENSE (SPDX MIT via the GitHub licence API),abaqus-umat/umat/UMAT_PCLI.for,30370,54f8e6672bee8568295b695c397d75bb316b240997bed4a185b4acaa02568169,633d872bceeeebd0c496d67a7f337764fc9e3f3b6d6f523a7a15b025f752571d,already_known,"the same implementation as UMAT_PCLI, which this collection already counts",capped_repo_pass,,,round1b_file_capped_repositories,,
HIT-FSW-314/abaqus,1ea6ba0b1e8d48363bb7ce5366b576be06dfa8d6,MIT,permissive,LICENSE (SPDX MIT via the GitHub licence API),abaqus-umat/umat/UMAT_PCLI_R.for,30323,3d96801660fe94a4de34b6ce745111a4f53a1e0f4a67b32cfb8d42dd33347b61,3848c18bbc5f211e96ac967419bbb76959db07a3b6b98c139ba66540912f6810,already_known,"the same implementation as UMAT_PCLI_R, which this collection already counts",capped_repo_pass,,,round1b_file_capped_repositories,,
HIT-FSW-314/abaqus,1ea6ba0b1e8d48363bb7ce5366b576be06dfa8d6,MIT,permissive,LICENSE (SPDX MIT via the GitHub licence API),abaqus-umat/umat/UMAT_PCLK.for,27694,0deebd0de0d8def5a1054ec12fb1681a1c8765416d5ca3f175aa373ff5a34f3e,4e3f92dbb8385927da81cb6c4b8c0df25c72ddebb4b2d92c26a28ee2f0b55f8c,already_known,"the same implementation as UMAT_PCLK, which this collection already counts",capped_repo_pass,,,round1b_file_capped_repositories,,
HIT-FSW-314/abaqus,1ea6ba0b1e8d48363bb7ce5366b576be06dfa8d6,MIT,permissive,LICENSE (SPDX MIT via the GitHub licence API),abaqus-umat/umat/UMAT_PCO.for,13771,45805b339f17514efe13c811a84cfa20df492aa13163d2374e0d7fcce7a49fa2,1a9460bb7ba6439809eb81867146e6c662ed4bd06c618762128f35a91d8f19b0,already_known,"the same implementation as UMAT_PCO, which this collection already counts",capped_repo_pass,,,round1b_file_capped_repositories,,
HIT-FSW-314/abaqus,1ea6ba0b1e8d48363bb7ce5366b576be06dfa8d6,MIT,permissive,LICENSE (SPDX MIT via the GitHub licence API),abaqus-umat/umat/UMAT_VPDCL.for,23271,139355773a2819ed69e41500269dafb980214f0dd4b36d0ac7bbab0d1f91198e,6f50e1d3c278309312e8542d471cdc510250e4f46bd72ad1a52c5307c5d4048d,already_known,"the same implementation as UMAT_VPDCL, which this collection already counts",capped_repo_pass,,,round1b_file_capped_repositories,,
HIT-FSW-314/abaqus,1ea6ba0b1e8d48363bb7ce5366b576be06dfa8d6,MIT,permissive,LICENSE (SPDX MIT via the GitHub licence API),abaqus-umat/umat/UMAT_VPDCL_R.for,37783,9ade2c446c729b35f25c59f030b60a1a673998bc131c8c4e0c476344b0694330,a5ebf99117cf2973cd41b1a67b4afd222a02a1c85a715f21e6f394ee23a6a18f,already_known,"the same implementation as UMAT_VPDCL_R, which this collection already counts",capped_repo_pass,,,round1b_file_capped_repositories,,
HIT-FSW-314/abaqus,1ea6ba0b1e8d48363bb7ce5366b576be06dfa8d6,MIT,permissive,LICENSE (SPDX MIT via the GitHub licence API),abaqus-umat/umat/UMAT_VPDCO.for,20673,93ad6f56e259cd3b0044facbee2e3da7e93383f0737d9cb960b6e952032c33e6,c01530662162545d747ec2b2405941ce445624292fdfa4c3861eafcc360f282f,already_known,"the same implementation as UMAT_VPDCO, which this collection already counts",capped_repo_pass,,,round1b_file_capped_repositories,,
HIT-FSW-314/abaqus,1ea6ba0b1e8d48363bb7ce5366b576be06dfa8d6,MIT,permissive,LICENSE (SPDX MIT via the GitHub licence API),abaqus-udf/welding-dflux/double-ellipsoid-Tjoint-tilted.for,2022,,,no_umat_entry,"Fortran, but it declares no SUBROUTINE UMAT",capped_repo_pass,,,round1b_file_capped_repositories,,
HIT-FSW-314/abaqus,1ea6ba0b1e8d48363bb7ce5366b576be06dfa8d6,MIT,permissive,LICENSE (SPDX MIT via the GitHub licence API),,0,,,not_examined,stopped after 38 files from this repository; 7 not read,capped_repo_pass,,,round1b_file_capped_repositories,,
KnutAM/MaterialModels,50fce6ae965c711f2b1d9977470c368770b35572,MIT,permissive,LICENSE (SPDX MIT inferred from the licence text; GitHub's API reported no identifier for this file),models/CrystalPlasticity/src/taylor_model.f90,7146,89ca7cf359d2227e184264338364fc29868976d703eeb02ec4f8929693068412,d844c865a3f0c7d159bd1ac480e03579af9a8f38ac36bd6c667309fe72dfd7b5,already_known,"the same implementation as discovery_cache/KnutAM__MaterialModels/models/CrystalPlasticity/src/taylor_model.f90, which this collection already counts",capped_repo_pass,,,round1b_file_capped_repositories,,
KnutAM/MaterialModels,50fce6ae965c711f2b1d9977470c368770b35572,MIT,permissive,LICENSE (SPDX MIT inferred from the licence text; GitHub's API reported no identifier for this file),models/CrystalPlasticity/src/umat.f90,6589,,,no_umat_entry,"Fortran, but it declares no SUBROUTINE UMAT",capped_repo_pass,,,round1b_file_capped_repositories,,
KnutAM/MaterialModels,50fce6ae965c711f2b1d9977470c368770b35572,MIT,permissive,LICENSE (SPDX MIT inferred from the licence text; GitHub's API reported no identifier for this file),models/GenFiniteStrain/src/GeneralFiniteStrain.for,7282,d867af4f228c4692332907dd8954dc73da6506c38ae7c010966e6f17654edac3,bd65a3ceb3f626fa26246ad93a250cff122a11fa9eddb011064941754d5be8ee,already_known,"the same implementation as discovery_cache/KnutAM__MaterialModels/models/GenFiniteStrain/src/GeneralFiniteStrain.for, which this collection already counts",capped_repo_pass,,,round1b_file_capped_repositories,,
KnutAM/MaterialModels,50fce6ae965c711f2b1d9977470c368770b35572,MIT,permissive,LICENSE (SPDX MIT inferred from the licence text; GitHub's API reported no identifier for this file),models/GenSmallStrain/src/GeneralSmallStrain.f90,7207,be24c09f29a28088d03ca7cafefd423d82ea82f8edac2262ec9247a31ad3a367,01f6a51e5641a91454ba2bfa0ff281b5fca1dbc1c3fbd728246d5bd21018ce3d,already_known,"the same implementation as discovery_cache/KnutAM__MaterialModels/models/GenSmallStrain/src/GeneralSmallStrain.f90, which this collection already counts",capped_repo_pass,,,round1b_file_capped_repositories,,
KnutAM/MaterialModels,50fce6ae965c711f2b1d9977470c368770b35572,MIT,permissive,LICENSE (SPDX MIT inferred from the licence text; GitHub's API reported no identifier for this file),models/MM2021/src/umat.f90,6340,d317c2fd2e45039f6d691aa719a76cb68aad95b37b1bb302da80e0d480cc4b60,eec1d92425c75c3a33e76166278086b996363642426f160ae37d2384183cde23,already_known,"the same implementation as discovery_cache/KnutAM__MaterialModels/models/MM2021/src/umat.f90, which this collection already counts",capped_repo_pass,,,round1b_file_capped_repositories,,
KnutAM/MaterialModels,50fce6ae965c711f2b1d9977470c368770b35572,MIT,permissive,LICENSE (SPDX MIT inferred from the licence text; GitHub's API reported no identifier for this file),models/Qin2018/src/umat.f90,6336,749a0865f1efe6c4aee781112310cf3fedfce26777ad81ee12bfedf77d5850c7,b580b95746373e01f4708f5f9322a51b36872b4f20c80f121227a56490214ec4,already_known,"the same implementation as discovery_cache/KnutAM__MaterialModels/models/Qin2018/src/umat.f90, which this collection already counts",capped_repo_pass,,,round1b_file_capped_repositories,,
KnutAM/MaterialModels,50fce6ae965c711f2b1d9977470c368770b35572,MIT,permissive,LICENSE (SPDX MIT inferred from the licence text; GitHub's API reported no identifier for this file),models/Shi2014/src/umat.f90,6340,d317c2fd2e45039f6d691aa719a76cb68aad95b37b1bb302da80e0d480cc4b60,eec1d92425c75c3a33e76166278086b996363642426f160ae37d2384183cde23,already_known,"the same implementation as discovery_cache/KnutAM__MaterialModels/models/MM2021/src/umat.f90, which this collection already counts",capped_repo_pass,,,round1b_file_capped_repositories,,
KnutAM/MaterialModels,50fce6ae965c711f2b1d9977470c368770b35572,MIT,permissive,LICENSE (SPDX MIT inferred from the licence text; GitHub's API reported no identifier for this file),,0,,,not_examined,stopped after 7 files from this repository; 138 not read,capped_repo_pass,,,round1b_file_capped_repositories,,
adtzlr/ttb,767e55c0402771ed260746ce00c38fc0ffdc56f9,MIT,permissive,LICENSE (SPDX MIT via the GitHub licence API),docs/examples/Abaqus/umat_nh_ttb.f,4088,423b1441c2e5879e04242f2bd0e27a8089095f348068dd4e7f0406f2d8e18dd2,9eb8ac95c420c584d5b32153b47672946792c5f9afd9300d94d449e003ee2da5,already_known,"the same implementation as discovery_cache/adtzlr__ttb/docs/examples/Abaqus/umat_nh_ttb.f, which this collection already counts",capped_repo_pass,,,round1b_file_capped_repositories,,
adtzlr/ttb,767e55c0402771ed260746ce00c38fc0ffdc56f9,MIT,permissive,LICENSE (SPDX MIT via the GitHub licence API),docs/examples/Abaqus/umat_nh_ttb_simple.f,2356,49963bce259ca679736d7c9535fe3e402682e38813def79de9ae703d5a754e07,18ea0d53d703e0ce0d062b83af166a1056244fe83e88232f22a2ca4d67f0c1c8,already_known,"the same implementation as discovery_cache/adtzlr__ttb/docs/examples/Abaqus/umat_nh_ttb_simple.f, which this collection already counts",capped_repo_pass,,,round1b_file_capped_repositories,,
adtzlr/ttb,767e55c0402771ed260746ce00c38fc0ffdc56f9,MIT,permissive,LICENSE (SPDX MIT via the GitHub licence API),docs/examples/script_umat.f,2661,dda98f1bba457cd7b56beabd126e0e15de91b741ae619dea9c4d08fcd1ffc02d,fed8ffd1b36f0d8cb512df84912a1d8409635d852718ca112d3be6c4fc472835,already_known,"the same implementation as discovery_cache/adtzlr__ttb/docs/examples/script_umat.f, which this collection already counts",capped_repo_pass,,,round1b_file_capped_repositories,,
adtzlr/ttb,767e55c0402771ed260746ce00c38fc0ffdc56f9,MIT,permissive,LICENSE (SPDX MIT via the GitHub licence API),docs/examples/Marc/hypela2_nh_ttb.f,3565,,,no_umat_entry,"Fortran, but it declares no SUBROUTINE UMAT",capped_repo_pass,,,round1b_file_capped_repositories,,
adtzlr/ttb,767e55c0402771ed260746ce00c38fc0ffdc56f9,MIT,permissive,LICENSE (SPDX MIT via the GitHub licence API),docs/examples/Marc/hypela2_nh_ttb_simple.f,2346,,,no_umat_entry,"Fortran, but it declares no SUBROUTINE UMAT",capped_repo_pass,,,round1b_file_capped_repositories,,
adtzlr/ttb,767e55c0402771ed260746ce00c38fc0ffdc56f9,MIT,permissive,LICENSE (SPDX MIT via the GitHub licence API),,0,,,not_examined,stopped after 5 files from this repository; 33 not read,capped_repo_pass,,,round1b_file_capped_repositories,,
CriticalSoilModels/critical-soil-models,71aa203263f4a7671f4b07281ccd4c541833d064,GPL-3.0,copyleft,LICENSE (SPDX GPL-3.0 via the GitHub licence API),legacy/mohr_coulomb_sr/umat_mcsr_legacy.f90,14362,,,no_umat_entry,"Fortran, but it declares no SUBROUTINE UMAT",capped_repo_pass,,,round1b_file_capped_repositories,,
CriticalSoilModels/critical-soil-models,71aa203263f4a7671f4b07281ccd4c541833d064,GPL-3.0,copyleft,LICENSE (SPDX GPL-3.0 via the GitHub licence API),legacy/mohr_coulomb_ss/umat_mcss_legacy.f90,27222,,,no_umat_entry,"Fortran, but it declares no SUBROUTINE UMAT",capped_repo_pass,,,round1b_file_capped_repositories,,
CriticalSoilModels/critical-soil-models,71aa203263f4a7671f4b07281ccd4c541833d064,GPL-3.0,copyleft,LICENSE (SPDX GPL-3.0 via the GitHub licence API),legacy/pm4sand/umat.f90,243905,,,no_umat_entry,"Fortran, but it declares no SUBROUTINE UMAT",capped_repo_pass,,,round1b_file_capped_repositories,,
CriticalSoilModels/critical-soil-models,71aa203263f4a7671f4b07281ccd4c541833d064,GPL-3.0,copyleft,LICENSE (SPDX GPL-3.0 via the GitHub licence API),src/models/bingham/umat_bingham.f90,8598,4b0c355c994b12d5824779ab56bb193f9f024c979f039be7625f25fb6bdd388b,969e32c16255755a621083b2006aea29a70f9c79e9a547930147d13196976cfe,already_known,"the same implementation as discovery_cache/CriticalSoilModels__critical-soil-models/src/models/bingham/umat_bingham.f90, which this collection already counts",capped_repo_pass,,,round1b_file_capped_repositories,,
CriticalSoilModels/critical-soil-models,71aa203263f4a7671f4b07281ccd4c541833d064,GPL-3.0,copyleft,LICENSE (SPDX GPL-3.0 via the GitHub licence API),src/models/linear_elastic/umat_linear_elastic.f90,3666,,,no_umat_entry,"Fortran, but it declares no SUBROUTINE UMAT",capped_repo_pass,,,round1b_file_capped_repositories,,
CriticalSoilModels/critical-soil-models,71aa203263f4a7671f4b07281ccd4c541833d064,GPL-3.0,copyleft,LICENSE (SPDX GPL-3.0 via the GitHub licence API),src/models/mohr_coulomb_sr/umat_mcsr.f90,7944,,,no_umat_entry,"Fortran, but it declares no SUBROUTINE UMAT",capped_repo_pass,,,round1b_file_capped_repositories,,
CriticalSoilModels/critical-soil-models,71aa203263f4a7671f4b07281ccd4c541833d064,GPL-3.0,copyleft,LICENSE (SPDX GPL-3.0 via the GitHub licence API),src/models/mohr_coulomb_ss/umat_mcss.f90,9068,,,no_umat_entry,"Fortran, but it declares no SUBROUTINE UMAT",capped_repo_pass,,,round1b_file_capped_repositories,,
CriticalSoilModels/critical-soil-models,71aa203263f4a7671f4b07281ccd4c541833d064,GPL-3.0,copyleft,LICENSE (SPDX GPL-3.0 via the GitHub licence API),src/models/norsand/umat_norsand.f90,7877,,,no_umat_entry,"Fortran, but it declares no SUBROUTINE UMAT",capped_repo_pass,,,round1b_file_capped_repositories,,
CriticalSoilModels/critical-soil-models,71aa203263f4a7671f4b07281ccd4c541833d064,GPL-3.0,copyleft,LICENSE (SPDX GPL-3.0 via the GitHub licence API),src/umat.f90,5285,48485db61ef57ffea9bb5dde14411d03f8f8be5d724f1e7dc7dd3b257245536b,ac84e67b52680e0c9f26c276f293322ec21053ef9de85854d72ea3fa92b1ba0c,already_known,"the same implementation as discovery_cache/CriticalSoilModels__critical-soil-models/src/umat.f90, which this collection already counts",capped_repo_pass,,,round1b_file_capped_repositories,,
CriticalSoilModels/critical-soil-models,71aa203263f4a7671f4b07281ccd4c541833d064,GPL-3.0,copyleft,LICENSE (SPDX GPL-3.0 via the GitHub licence API),app/main.f90,145,,,no_umat_entry,"Fortran, but it declares no SUBROUTINE UMAT",capped_repo_pass,,,round1b_file_capped_repositories,,
CriticalSoilModels/critical-soil-models,71aa203263f4a7671f4b07281ccd4c541833d064,GPL-3.0,copyleft,LICENSE (SPDX GPL-3.0 via the GitHub licence API),,0,,,not_examined,stopped after 10 files from this repository; 60 not read,capped_repo_pass,,,round1b_file_capped_repositories,,
jpsferreira/UMAT-ABAQUS,e5ed4fbc58c08d11696614886326b7ae244bb72f,GPL-3.0,copyleft,LICENSE (SPDX GPL-3.0 via the GitHub licence API),src/_umat.for,13352,6b56c4226c14b08379fba6c96f99a0be30630e74e4406695444a5e75028617bd,16fdb808b951e6608913e38b57abdec8bbac9429207a90c197d40995de51534e,already_known,"the same implementation as discovery_cache/jpsferreira__UMAT-ABAQUS/src/_umat.for, which this collection already counts",capped_repo_pass,,,round1b_file_capped_repositories,,
jpsferreira/UMAT-ABAQUS,e5ed4fbc58c08d11696614886326b7ae244bb72f,GPL-3.0,copyleft,LICENSE (SPDX GPL-3.0 via the GitHub licence API),test_in_abaqus/umat_general.for,52824,7ee67f8607131a8fb96bea44bf44ecf9fef97abddaff74a162572b8f524ab0a4,cbbf3cfae183e5df13624fb92442918a2e78acbb5508b85f49d6d10e4926d916,already_known,"the same implementation as discovery_cache/jpsferreira__UMAT-ABAQUS/test_in_abaqus/umat_general.for, which this collection already counts",capped_repo_pass,,,round1b_file_capped_repositories,,
jpsferreira/UMAT-ABAQUS,e5ed4fbc58c08d11696614886326b7ae244bb72f,GPL-3.0,copyleft,LICENSE (SPDX GPL-3.0 via the GitHub licence API),umat_general.for,53155,54e1380ad872a3921093665c1b73996ad028bed8ee08f7091ef28ae9217d7bbd,d8d55070937a6beddc1df5b7ac2823dfcacc273a7e8be9e5be28ce21f7bc38fe,already_known,"the same implementation as discovery_cache/jpsferreira__UMAT-ABAQUS/umat_general.for, which this collection already counts",capped_repo_pass,,,round1b_file_capped_repositories,,
jpsferreira/UMAT-ABAQUS,e5ed4fbc58c08d11696614886326b7ae244bb72f,GPL-3.0,copyleft,LICENSE (SPDX GPL-3.0 via the GitHub licence API),main.f90,2355,,,no_umat_entry,"Fortran, but it declares no SUBROUTINE UMAT",capped_repo_pass,,,round1b_file_capped_repositories,,
jpsferreira/UMAT-ABAQUS,e5ed4fbc58c08d11696614886326b7ae244bb72f,GPL-3.0,copyleft,LICENSE (SPDX GPL-3.0 via the GitHub licence API),,0,,,not_examined,stopped after 4 files from this repository; 46 not read,capped_repo_pass,,,round1b_file_capped_repositories,,
zning8251-jpg/ufc-fem-kernel,d6097bf413b7ef90a1e065976590c54b44c47a8e,Apache-2.0,permissive,LICENSE (SPDX Apache-2.0 via the GitHub licence API),docs/02_Developer_Guide/Legacy_Adapters_Reference/Adapters/Material/Adapters/UMATHT_Adapter.f90,1500,,,no_umat_entry,"Fortran, but it declares no SUBROUTINE UMAT",capped_repo_pass,,,round1b_file_capped_repositories,,
zning8251-jpg/ufc-fem-kernel,d6097bf413b7ef90a1e065976590c54b44c47a8e,Apache-2.0,permissive,LICENSE (SPDX Apache-2.0 via the GitHub licence API),docs/02_Developer_Guide/Legacy_Adapters_Reference/Adapters/Material/Adapters/UMAT_Adapter.f90,2945,d24da5040646cd2b21978529573b8be148c3fd383a3490d3151dce3434bb3a8e,6e400f2b2822fd8f42cecdd258b8bbefef6e7c3a76abbade81f03cd05ec6a2ec,already_known,"the same implementation as discovery_cache/zning8251-jpg__ufc-fem-kernel/docs/02_Developer_Guide/Legacy_Adapters_Reference/Adapters/Material/Adapters/UMAT_Adapter.f90, which this collection already counts",capped_repo_pass,,,round1b_file_capped_repositories,,
zning8251-jpg/ufc-fem-kernel,d6097bf413b7ef90a1e065976590c54b44c47a8e,Apache-2.0,permissive,LICENSE (SPDX Apache-2.0 via the GitHub licence API),docs/02_Developer_Guide/Legacy_Adapters_Reference/Adapters/Material/UMATHT_Adapter.f90,8799,,,no_umat_entry,"Fortran, but it declares no SUBROUTINE UMAT",capped_repo_pass,,,round1b_file_capped_repositories,,
zning8251-jpg/ufc-fem-kernel,d6097bf413b7ef90a1e065976590c54b44c47a8e,Apache-2.0,permissive,LICENSE (SPDX Apache-2.0 via the GitHub licence API),docs/02_Developer_Guide/Legacy_Adapters_Reference/Adapters/Material/UMAT_Adapter.f90,11618,ae24b53542faa294a96793a4e5c16243a9472bd74d3a994bc66bc619f5081f5a,7344bbb494d44a0f122e5c9163350f037c00633c4cd6647f97902315e16ebc03,already_known,"the same implementation as discovery_cache/zning8251-jpg__ufc-fem-kernel/docs/02_Developer_Guide/Legacy_Adapters_Reference/Adapters/Material/UMAT_Adapter.f90, which this collection already counts",capped_repo_pass,,,round1b_file_capped_repositories,,
zning8251-jpg/ufc-fem-kernel,d6097bf413b7ef90a1e065976590c54b44c47a8e,Apache-2.0,permissive,LICENSE (SPDX Apache-2.0 via the GitHub licence API),tests/TEST_PH_Mat_UMAT.f90,19294,dcf7b7b53526efb62a14b98f82c35656033730c6ce1f4873e7623f58be2eeab0,0371d0397ce024249d9061bf62d010571b10c595ec66a2d800236990b62cd6e3,already_known,"the same implementation as discovery_cache/zning8251-jpg__ufc-fem-kernel/tests/TEST_PH_Mat_UMAT.f90, which this collection already counts",capped_repo_pass,,,round1b_file_capped_repositories,,
zning8251-jpg/ufc-fem-kernel,d6097bf413b7ef90a1e065976590c54b44c47a8e,Apache-2.0,permissive,LICENSE (SPDX Apache-2.0 via the GitHub licence API),ufc_core/L4_PH/Material/Contract/PH_Mat_Defn_UMAT_Bridge.f90,6447,,,no_umat_entry,"Fortran, but it declares no SUBROUTINE UMAT",capped_repo_pass,,,round1b_file_capped_repositories,,
zning8251-jpg/ufc-fem-kernel,d6097bf413b7ef90a1e065976590c54b44c47a8e,Apache-2.0,permissive,LICENSE (SPDX Apache-2.0 via the GitHub licence API),ufc_core/L6_AP/Input/Script/AP_InpScript_User.f90,16114,89a5ae712e5a5dc3591e4806237c626fd4d9a612324171c357cb985896e33370,938f788f1426a39a86f6d5ed8d89dd42c8f1e91258eedc9ebf80eeb9285f56cc,already_known,"the same implementation as discovery_cache/zning8251-jpg__ufc-fem-kernel/ufc_core/L6_AP/Input/Script/AP_InpScript_User.f90, which this collection already counts",capped_repo_pass,,,round1b_file_capped_repositories,,
zning8251-jpg/ufc-fem-kernel,d6097bf413b7ef90a1e065976590c54b44c47a8e,Apache-2.0,permissive,LICENSE (SPDX Apache-2.0 via the GitHub licence API),company_seed/kernel/src/L0_Global/FK_GlobalContainer_Def.f90,2734,,,no_umat_entry,"Fortran, but it declares no SUBROUTINE UMAT",capped_repo_pass,,,round1b_file_capped_repositories,,
zning8251-jpg/ufc-fem-kernel,d6097bf413b7ef90a1e065976590c54b44c47a8e,Apache-2.0,permissive,LICENSE (SPDX Apache-2.0 via the GitHub licence API),company_seed/kernel/src/L1_Infra/FK_IF_Base_DP.f90,944,,,no_umat_entry,"Fortran, but it declares no SUBROUTINE UMAT",capped_repo_pass,,,round1b_file_capped_repositories,,
zning8251-jpg/ufc-fem-kernel,d6097bf413b7ef90a1e065976590c54b44c47a8e,Apache-2.0,permissive,LICENSE (SPDX Apache-2.0 via the GitHub licence API),company_seed/kernel/src/L1_Infra/FK_IF_Base_Desc.f90,1487,,,no_umat_entry,"Fortran, but it declares no SUBROUTINE UMAT",capped_repo_pass,,,round1b_file_capped_repositories,,
zning8251-jpg/ufc-fem-kernel,d6097bf413b7ef90a1e065976590c54b44c47a8e,Apache-2.0,permissive,LICENSE (SPDX Apache-2.0 via the GitHub licence API),company_seed/kernel/src/L3_Model/FK_MD_Brg_L2.f90,1702,,,no_umat_entry,"Fortran, but it declares no SUBROUTINE UMAT",capped_repo_pass,,,round1b_file_capped_repositories,,
zning8251-jpg/ufc-fem-kernel,d6097bf413b7ef90a1e065976590c54b44c47a8e,Apache-2.0,permissive,LICENSE (SPDX Apache-2.0 via the GitHub licence API),company_seed/kernel/src/L3_Model/FK_MD_Mat_Elastic_Def.f90,2831,,,no_umat_entry,"Fortran, but it declares no SUBROUTINE UMAT",capped_repo_pass,,,round1b_file_capped_repositories,,
zning8251-jpg/ufc-fem-kernel,d6097bf413b7ef90a1e065976590c54b44c47a8e,Apache-2.0,permissive,LICENSE (SPDX Apache-2.0 via the GitHub licence API),company_seed/kernel/src/L4_Physics/FK_PH_Elem_Elastic_Core.f90,2515,,,no_umat_entry,"Fortran, but it declares no SUBROUTINE UMAT",capped_repo_pass,,,round1b_file_capped_repositories,,
zning8251-jpg/ufc-fem-kernel,d6097bf413b7ef90a1e065976590c54b44c47a8e,Apache-2.0,permissive,LICENSE (SPDX Apache-2.0 via the GitHub licence API),docs/02_Developer_Guide/Code_Templates/ElemGaussInt.f90,28081,,,no_umat_entry,"Fortran, but it declares no SUBROUTINE UMAT",capped_repo_pass,,,round1b_file_capped_repositories,,
zning8251-jpg/ufc-fem-kernel,d6097bf413b7ef90a1e065976590c54b44c47a8e,Apache-2.0,permissive,LICENSE (SPDX Apache-2.0 via the GitHub licence API),docs/02_Developer_Guide/Code_Templates/ElemLib.f90,58302,,,no_umat_entry,"Fortran, but it declares no SUBROUTINE UMAT",capped_repo_pass,,,round1b_file_capped_repositories,,
zning8251-jpg/ufc-fem-kernel,d6097bf413b7ef90a1e065976590c54b44c47a8e,Apache-2.0,permissive,LICENSE (SPDX Apache-2.0 via the GitHub licence API),,0,,,not_examined,stopped after 15 files from this repository; 1451 not read,capped_repo_pass,,,round1b_file_capped_repositories,,
Batmanabcdefg/ParaFEM-lite,bf353d506407cec184d3edfee48ef08caabc3e9a,BSD-3-Clause,permissive,LICENSE.md (SPDX BSD-3-Clause inferred from the licence text; GitHub's API reported no identifier for this file),src/programs/dev/xx15/francesc/umat_DP_primal_CPPM_def.f90,12333,a15cdf6ace140db8d7b371bb9c4ed2eef41f7e8b68d84c9f6b0090cdd6d1674e,56268ffcec7a1889eb689ac4804aacdde88439c6f97be278b2ec0ba06adf80e8,already_known,"the same implementation as discovery_cache/Batmanabcdefg__ParaFEM-lite/src/programs/dev/xx15/francesc/umat_DP_primal_CPPM_def.f90, which this collection already counts",capped_repo_pass,,,round1b_file_capped_repositories,,
Batmanabcdefg/ParaFEM-lite,bf353d506407cec184d3edfee48ef08caabc3e9a,BSD-3-Clause,permissive,LICENSE.md (SPDX BSD-3-Clause inferred from the licence text; GitHub's API reported no identifier for this file),src/programs/dev/xx15/plasticity_xx15.F90,42120,01814ce9052aeef9256b8d791b51c90be33dcf8d4ffe7447d29de01e0aaeeeea,49cc8bf0b8033c90827e4623f09c91e52d2ef43341801f60e49313bb765bf639,already_known,"the same implementation as discovery_cache/Batmanabcdefg__ParaFEM-lite/src/programs/dev/xx15/plasticity_xx15.F90, which this collection already counts",capped_repo_pass,,,round1b_file_capped_repositories,,
Batmanabcdefg/ParaFEM-lite,bf353d506407cec184d3edfee48ef08caabc3e9a,BSD-3-Clause,permissive,LICENSE.md (SPDX BSD-3-Clause inferred from the licence text; GitHub's API reported no identifier for this file),src/programs/dev/xx15/xx15_elastic.F90,43644,,,no_umat_entry,"Fortran, but it declares no SUBROUTINE UMAT",capped_repo_pass,,,round1b_file_capped_repositories,,
Batmanabcdefg/ParaFEM-lite,bf353d506407cec184d3edfee48ef08caabc3e9a,BSD-3-Clause,permissive,LICENSE.md (SPDX BSD-3-Clause inferred from the licence text; GitHub's API reported no identifier for this file),src/programs/dev/xx15/xx15_quadric_linear_hardening.F90,61175,,,no_umat_entry,"Fortran, but it declares no SUBROUTINE UMAT",capped_repo_pass,,,round1b_file_capped_repositories,,
Batmanabcdefg/ParaFEM-lite,bf353d506407cec184d3edfee48ef08caabc3e9a,BSD-3-Clause,permissive,LICENSE.md (SPDX BSD-3-Clause inferred from the licence text; GitHub's API reported no identifier for this file),src/programs/dev/xx15/xx15_vm_nonlinear_hardening.F90,53881,,,no_umat_entry,"Fortran, but it declares no SUBROUTINE UMAT",capped_repo_pass,,,round1b_file_capped_repositories,,
Batmanabcdefg/ParaFEM-lite,bf353d506407cec184d3edfee48ef08caabc3e9a,BSD-3-Clause,permissive,LICENSE.md (SPDX BSD-3-Clause inferred from the licence text; GitHub's API reported no identifier for this file),src/umats/dp/elasticity/elastic.f,2090,4247cb8cababce4bc3107832548e53152ac525f386ab2789874f3003a30786fb,9a39efab11f387da79efa48774a1b701dd557f3df83d54bb863ea1f9588f5a5b,already_known,"the same implementation as elastic, which this collection already counts",capped_repo_pass,,,round1b_file_capped_repositories,,
Batmanabcdefg/ParaFEM-lite,bf353d506407cec184d3edfee48ef08caabc3e9a,BSD-3-Clause,permissive,LICENSE.md (SPDX BSD-3-Clause inferred from the licence text; GitHub's API reported no identifier for this file),src/umats/dp/plasticity_exp/code_exp.f,7141,36a1dfff3a677385f0cf7f0ea83e3f8c1ad3ba857dec8d609f9b3e3d77717cc6,4f73bac4396627f54bf282e58e47b60b1b118c33eee0bc734a44577bc9f89ba4,already_known,"the same implementation as code_exp, which this collection already counts",capped_repo_pass,,,round1b_file_capped_repositories,,
Batmanabcdefg/ParaFEM-lite,bf353d506407cec184d3edfee48ef08caabc3e9a,BSD-3-Clause,permissive,LICENSE.md (SPDX BSD-3-Clause inferred from the licence text; GitHub's API reported no identifier for this file),src/umats/dp/plasticity_imp/code_imp.f,7458,115b8a1a36f7d243dd8507189188bb5f0540d194ab609d259d31df1f13ff931b,ea1fd87b58bc94303ed2ff46bbc77269e88b9af0401439ee21e4b84c2e0ce0f7,already_known,"the same implementation as code_imp, which this collection already counts",capped_repo_pass,,,round1b_file_capped_repositories,,
Batmanabcdefg/ParaFEM-lite,bf353d506407cec184d3edfee48ef08caabc3e9a,BSD-3-Clause,permissive,LICENSE.md (SPDX BSD-3-Clause inferred from the licence text; GitHub's API reported no identifier for this file),src/umats/dp/spin/spin_elas_def.f,10310,907817439df88169d5518c3cf670ad1a1e69ad50edaa7fe5506e2097b364e088,a6eba4e937d859c2d138709640a2b9242c86f5d3ed3b800d8ea07fa0c7e52573,already_known,"the same implementation as spin_elas_def, which this collection already counts",capped_repo_pass,,,round1b_file_capped_repositories,,
Batmanabcdefg/ParaFEM-lite,bf353d506407cec184d3edfee48ef08caabc3e9a,BSD-3-Clause,permissive,LICENSE.md (SPDX BSD-3-Clause inferred from the licence text; GitHub's API reported no identifier for this file),src/umats/dp/spin/spin_elastic.f,2109,ca870aa7a8089b9eef285bfadd7168a840327ff281fff6d9f0b2108bbf72d0aa,212efe140efdc369615fd606fd23ec7907be8463ac9059e28f9f441aff1b1150,already_known,"the same implementation as spin_elastic, which this collection already counts",capped_repo_pass,,,round1b_file_capped_repositories,,
Batmanabcdefg/ParaFEM-lite,bf353d506407cec184d3edfee48ef08caabc3e9a,BSD-3-Clause,permissive,LICENSE.md (SPDX BSD-3-Clause inferred from the licence text; GitHub's API reported no identifier for this file),src/umats/dp/visco/visco_beam.f,4817,da82aaf52243d20647765a0a21c5ca0721bf45df2d14fefb26c8d9acb94f7f29,5d06d437e6972174954e13c2c0cb9958a8898d8328f352b2e34fe6fa5baa2a11,already_known,"the same implementation as visco_imp, which this collection already counts",capped_repo_pass,,,round1b_file_capped_repositories,,
Batmanabcdefg/ParaFEM-lite,bf353d506407cec184d3edfee48ef08caabc3e9a,BSD-3-Clause,permissive,LICENSE.md (SPDX BSD-3-Clause inferred from the licence text; GitHub's API reported no identifier for this file),src/umats/dp/visco/visco_imp.f,4817,da82aaf52243d20647765a0a21c5ca0721bf45df2d14fefb26c8d9acb94f7f29,5d06d437e6972174954e13c2c0cb9958a8898d8328f352b2e34fe6fa5baa2a11,already_known,"the same implementation as visco_imp, which this collection already counts",capped_repo_pass,,,round1b_file_capped_repositories,,
Batmanabcdefg/ParaFEM-lite,bf353d506407cec184d3edfee48ef08caabc3e9a,BSD-3-Clause,permissive,LICENSE.md (SPDX BSD-3-Clause inferred from the licence text; GitHub's API reported no identifier for this file),src/umats/parafem/pf-elastic.f,3415,ba5009d2c3f2b74b3849eb3e73ab03e8f6b7085418386c1105a7d4cd1fb71378,7cde64933fec82c24c62d9ce202d99c066d2e35abd7be30dd7b8b37ac7e314b8,already_known,"the same implementation as discovery_cache/Batmanabcdefg__ParaFEM-lite/src/umats/parafem/pf-elastic.f, which this collection already counts",capped_repo_pass,,,round1b_file_capped_repositories,,
Batmanabcdefg/ParaFEM-lite,bf353d506407cec184d3edfee48ef08caabc3e9a,BSD-3-Clause,permissive,LICENSE.md (SPDX BSD-3-Clause inferred from the licence text; GitHub's API reported no identifier for this file),,0,,,not_examined,stopped after 13 files from this repository; 102 not read,capped_repo_pass,,,round1b_file_capped_repositories,,
Shi2oon/DIC2ABAQUS,851942fa1c388e06a7765ff9392fc16f03d5de27,MIT,permissive,LICENSE (SPDX MIT via the GitHub licence API),OXFORD-UMAT/Example - Polycrytal with PROPS/OXFORD-UMAT.f,18127,cbee7baf209504ad86abb52983de579c37e44c25747a4c98958fe25a9bf01605,82c9b46c429d2d38690d648b1cdb1956a46bb530976f5aad88aaee5bdb9e359d,already_known,"the same implementation as discovery_cache/Shi2oon__DIC2ABAQUS/OXFORD-UMAT/Example - Polycrytal with PROPS/OXFORD-UMAT.f, which this collection already counts",capped_repo_pass,,,round1b_file_capped_repositories,,
Shi2oon/DIC2ABAQUS,851942fa1c388e06a7765ff9392fc16f03d5de27,MIT,permissive,LICENSE (SPDX MIT via the GitHub licence API),OXFORD-UMAT/Example - Residual deformation/OXFORD-UMAT.f,9069,af2e3448f040dc4e9159c1bb252a3feaeb78ba1995ae78d9dae1eed87b9b559e,8fd17bbcbe4ab51369a427bd591afda81b6a77b1d8e2b4155787a1d192a33ec4,already_known,"the same implementation as discovery_cache/Shi2oon__DIC2ABAQUS/OXFORD-UMAT/Example - Residual deformation/OXFORD-UMAT.f, which this collection already counts",capped_repo_pass,,,round1b_file_capped_repositories,,
Shi2oon/DIC2ABAQUS,851942fa1c388e06a7765ff9392fc16f03d5de27,MIT,permissive,LICENSE (SPDX MIT via the GitHub licence API),OXFORD-UMAT/Example - Single crystal with material vox file/OXFORD-UMAT.f,18127,cbee7baf209504ad86abb52983de579c37e44c25747a4c98958fe25a9bf01605,82c9b46c429d2d38690d648b1cdb1956a46bb530976f5aad88aaee5bdb9e359d,already_known,"the same implementation as discovery_cache/Shi2oon__DIC2ABAQUS/OXFORD-UMAT/Example - Polycrytal with PROPS/OXFORD-UMAT.f, which this collection already counts",capped_repo_pass,,,round1b_file_capped_repositories,,
Shi2oon/DIC2ABAQUS,851942fa1c388e06a7765ff9392fc16f03d5de27,MIT,permissive,LICENSE (SPDX MIT via the GitHub licence API),OXFORD-UMAT/Examples/OXFORD-UMAT v2.6.3/OXFORD-UMAT.f,17966,b3b5f8e65f6bbee66c751089889cc7e2f864eea31820f4110f72ffda628831df,72f6b710c7218cedea5262f311d96e0877bf83e9211d967b2dabf04fad3b5ebb,already_known,"the same implementation as discovery_cache/Shi2oon__DIC2ABAQUS/OXFORD-UMAT/Examples/OXFORD-UMAT v2.6.3/OXFORD-UMAT.f, which this collection already counts",capped_repo_pass,,,round1b_file_capped_repositories,,
Shi2oon/DIC2ABAQUS,851942fa1c388e06a7765ff9392fc16f03d5de27,MIT,permissive,LICENSE (SPDX MIT via the GitHub licence API),OXFORD-UMAT/OXFORD-UMAT v2.26/OXFORD-UMAT.f,18198,7edd5c4eec8e42d7eae798c79d2f865a681b36a0f06a90e4bf5cd3a9c97dbd7e,bab0c4c4a9653b6f483697424efc006e1df91ccb33500a591595c77047226c89,already_known,"the same implementation as discovery_cache/Shi2oon__DIC2ABAQUS/OXFORD-UMAT/OXFORD-UMAT v2.26/OXFORD-UMAT.f, which this collection already counts",capped_repo_pass,,,round1b_file_capped_repositories,,
Shi2oon/DIC2ABAQUS,851942fa1c388e06a7765ff9392fc16f03d5de27,MIT,permissive,LICENSE (SPDX MIT via the GitHub licence API),OXFORD-UMAT/OXFORD-UMAT v3.1/OXFORD-UMAT.f,9115,8ea940ca4e7f1156854e37e89a840df2016cc4059fb7d2c17689fbcb3d421f47,0f1bdae96f40758d11ca6750248e1d2a1deb389e88b66ad90d33942356e793b9,already_known,"the same implementation as discovery_cache/Shi2oon__DIC2ABAQUS/OXFORD-UMAT/OXFORD-UMAT v3.1/OXFORD-UMAT.f, which this collection already counts",capped_repo_pass,,,round1b_file_capped_repositories,,
Shi2oon/DIC2ABAQUS,851942fa1c388e06a7765ff9392fc16f03d5de27,MIT,permissive,LICENSE (SPDX MIT via the GitHub licence API),OXFORD-UMAT/OXFORD-UMAT v3.1/v3.1-updates.txt,9233,,,no_umat_entry,"Fortran, but it declares no SUBROUTINE UMAT",capped_repo_pass,,,round1b_file_capped_repositories,,
Shi2oon/DIC2ABAQUS,851942fa1c388e06a7765ff9392fc16f03d5de27,MIT,permissive,LICENSE (SPDX MIT via the GitHub licence API),OXFORD-UMAT/OXFORD-UMAT v3.3/OXFORD-UMAT.f,10138,0456701cd3a0a6c515793f8a024972c399d38a35feb4d892d1086922fa35586a,ad165396e46ff15f6846fb218947359fd1a68adbec1976ae50632b3bbf5949f6,already_known,"the same implementation as discovery_cache/Shi2oon__DIC2ABAQUS/OXFORD-UMAT/OXFORD-UMAT v3.3/OXFORD-UMAT.f, which this collection already counts",capped_repo_pass,,,round1b_file_capped_repositories,,
Shi2oon/DIC2ABAQUS,851942fa1c388e06a7765ff9392fc16f03d5de27,MIT,permissive,LICENSE (SPDX MIT via the GitHub licence API),OXFORD-UMAT/OXFORD-UMAT v3.3/v3.3-updates.txt,10177,,,no_umat_entry,"Fortran, but it declares no SUBROUTINE UMAT",capped_repo_pass,,,round1b_file_capped_repositories,,
Shi2oon/DIC2ABAQUS,851942fa1c388e06a7765ff9392fc16f03d5de27,MIT,permissive,LICENSE (SPDX MIT via the GitHub licence API),OXFORD-UMAT/old version/umat.for,13732,cd7f7c0baa970cde5118ef35a69e4e77f3232cdff47ceed736dc6df33f9adf00,6fbb4c84dfc965bd756284da1d39165c9430e6a876767ef52e4c02a90907837f,already_known,"the same implementation as ngrilli_umat, which this collection already counts",capped_repo_pass,,,round1b_file_capped_repositories,,
Shi2oon/DIC2ABAQUS,851942fa1c388e06a7765ff9392fc16f03d5de27,MIT,permissive,LICENSE (SPDX MIT via the GitHub licence API),,0,,,not_examined,stopped after 10 files from this repository; 166 not read,capped_repo_pass,,,round1b_file_capped_repositories,,
ngrilli/Oxford_Crystal_Plasticity,85102ed35dc4592edc5fd4aaec542fa63e7162fd,MIT,permissive,LICENSE (SPDX MIT via the GitHub licence API),ExampleInputFiles/HCPnoTwin/umat.for,13724,0a9ed34e0a6813911002913571401a311bd3d08826ebec0e8169693f76513e1a,5fb2b615c31b0de097c21083c9bbfae5cc52a974c0d538b3ae185c065a51300f,already_known,"the same implementation as discovery_cache/ngrilli__Oxford_Crystal_Plasticity/ExampleInputFiles/HCPnoTwin/umat.for, which this collection already counts",capped_repo_pass,,,round1b_file_capped_repositories,,
ngrilli/Oxford_Crystal_Plasticity,85102ed35dc4592edc5fd4aaec542fa63e7162fd,MIT,permissive,LICENSE (SPDX MIT via the GitHub licence API),umat.for,14188,cd7f7c0baa970cde5118ef35a69e4e77f3232cdff47ceed736dc6df33f9adf00,6fbb4c84dfc965bd756284da1d39165c9430e6a876767ef52e4c02a90907837f,already_known,"the same implementation as ngrilli_umat, which this collection already counts",capped_repo_pass,,,round1b_file_capped_repositories,,
ngrilli/Oxford_Crystal_Plasticity,85102ed35dc4592edc5fd4aaec542fa63e7162fd,MIT,permissive,LICENSE (SPDX MIT via the GitHub licence API),,0,,,not_examined,stopped after 2 files from this repository; 48 not read,capped_repo_pass,,,round1b_file_capped_repositories,,
calculix/ccx_fff,7403c14a7470ef34775ce1f1bd23b82fc963db6e,GPL-3.0,copyleft,LICENSE (SPDX GPL-3.0 via the GitHub licence API),ccx_linux/src_fff/umat.f,3017,3db702fe3a6818b8b0dc211ab5747bfbb0c96605e4d8cf6e0ddbbeb8084d5ff3,c210b82d36e9b905a63ea3428fcd2d3fc9a2bfc1b19fadfc0a03656062115249,candidate,"distinct, licensed GPL-3.0 (copyleft), declares a UMAT entry point; not yet transformed or verified",capped_repo_pass,calculix__ccx_fff/ccx_linux/src_fff/umat.f,ccx_linux/SPOOLES.2.2/Eigen/drivers/fiddle.inp;ccx_linux/SPOOLES.2.2/Eigen/drivers/mtx10.inp;ccx_linux/SPOOLES.2.2/Eigen/drivers/mtx11.inp;ccx_linux/SPOOLES.2.2/Eigen/drivers/mtx3.inp;ccx_linux/SPOOLES.2.2/Eigen/drivers/mtx4.inp;ccx_linux/SPOOLES.2.2/Eigen/drivers/mtx5.inp;ccx_linux/SPOOLES.2.2/Eigen/drivers/mtx6.inp;ccx_linux/SPOOLES.2.2/Eigen/drivers/mtx7.inp,round1b_file_capped_repositories,reject,stub_and_file_licence: CalculiX empty UMAT template ('an ABAQUS umat routine can be inserted'); file header GPL version 2
calculix/ccx_fff,7403c14a7470ef34775ce1f1bd23b82fc963db6e,GPL-3.0,copyleft,LICENSE (SPDX GPL-3.0 via the GitHub licence API),ccx_linux/src_fff/umat_abaqus.f,14521,,,no_umat_entry,"Fortran, but it declares no SUBROUTINE UMAT",capped_repo_pass,,,round1b_file_capped_repositories,,
calculix/ccx_fff,7403c14a7470ef34775ce1f1bd23b82fc963db6e,GPL-3.0,copyleft,LICENSE (SPDX GPL-3.0 via the GitHub licence API),ccx_linux/src_fff/umat_abaqusnl.f,22820,,,no_umat_entry,"Fortran, but it declares no SUBROUTINE UMAT",capped_repo_pass,,,round1b_file_capped_repositories,,
calculix/ccx_fff,7403c14a7470ef34775ce1f1bd23b82fc963db6e,GPL-3.0,copyleft,LICENSE (SPDX GPL-3.0 via the GitHub licence API),ccx_linux/src_fff/umat_aniso_creep.f,41205,,,no_umat_entry,"Fortran, but it declares no SUBROUTINE UMAT",capped_repo_pass,,,round1b_file_capped_repositories,,
calculix/ccx_fff,7403c14a7470ef34775ce1f1bd23b82fc963db6e,GPL-3.0,copyleft,LICENSE (SPDX GPL-3.0 via the GitHub licence API),ccx_linux/src_fff/umat_aniso_plas.f,35614,,,no_umat_entry,"Fortran, but it declares no SUBROUTINE UMAT",capped_repo_pass,,,round1b_file_capped_repositories,,
calculix/ccx_fff,7403c14a7470ef34775ce1f1bd23b82fc963db6e,GPL-3.0,copyleft,LICENSE (SPDX GPL-3.0 via the GitHub licence API),ccx_linux/src_fff/umat_ciarlet_el.f,14195,,,no_umat_entry,"Fortran, but it declares no SUBROUTINE UMAT",capped_repo_pass,,,round1b_file_capped_repositories,,
calculix/ccx_fff,7403c14a7470ef34775ce1f1bd23b82fc963db6e,GPL-3.0,copyleft,LICENSE (SPDX GPL-3.0 via the GitHub licence API),ccx_linux/src_fff/umat_compression_only.f,22000,,,no_umat_entry,"Fortran, but it declares no SUBROUTINE UMAT",capped_repo_pass,,,round1b_file_capped_repositories,,
calculix/ccx_fff,7403c14a7470ef34775ce1f1bd23b82fc963db6e,GPL-3.0,copyleft,LICENSE (SPDX GPL-3.0 via the GitHub licence API),ccx_linux/src_fff/umat_elastic_fiber.f,14371,,,no_umat_entry,"Fortran, but it declares no SUBROUTINE UMAT",capped_repo_pass,,,round1b_file_capped_repositories,,
calculix/ccx_fff,7403c14a7470ef34775ce1f1bd23b82fc963db6e,GPL-3.0,copyleft,LICENSE (SPDX GPL-3.0 via the GitHub licence API),ccx_linux/src_fff/umat_ideal_gas.f,9103,,,no_umat_entry,"Fortran, but it declares no SUBROUTINE UMAT",capped_repo_pass,,,round1b_file_capped_repositories,,
calculix/ccx_fff,7403c14a7470ef34775ce1f1bd23b82fc963db6e,GPL-3.0,copyleft,LICENSE (SPDX GPL-3.0 via the GitHub licence API),ccx_linux/src_fff/umat_lin_el_corot.f,26636,,,no_umat_entry,"Fortran, but it declares no SUBROUTINE UMAT",capped_repo_pass,,,round1b_file_capped_repositories,,
calculix/ccx_fff,7403c14a7470ef34775ce1f1bd23b82fc963db6e,GPL-3.0,copyleft,LICENSE (SPDX GPL-3.0 via the GitHub licence API),ccx_linux/src_fff/umat_lin_iso_el.f,7880,,,no_umat_entry,"Fortran, but it declares no SUBROUTINE UMAT",capped_repo_pass,,,round1b_file_capped_repositories,,
calculix/ccx_fff,7403c14a7470ef34775ce1f1bd23b82fc963db6e,GPL-3.0,copyleft,LICENSE (SPDX GPL-3.0 via the GitHub licence API),ccx_linux/src_fff/umat_main.f,9434,,,no_umat_entry,"Fortran, but it declares no SUBROUTINE UMAT",capped_repo_pass,,,round1b_file_capped_repositories,,
calculix/ccx_fff,7403c14a7470ef34775ce1f1bd23b82fc963db6e,GPL-3.0,copyleft,LICENSE (SPDX GPL-3.0 via the GitHub licence API),ccx_linux/src_fff/umat_single_crystal.f,62907,,,no_umat_entry,"Fortran, but it declares no SUBROUTINE UMAT",capped_repo_pass,,,round1b_file_capped_repositories,,
calculix/ccx_fff,7403c14a7470ef34775ce1f1bd23b82fc963db6e,GPL-3.0,copyleft,LICENSE (SPDX GPL-3.0 via the GitHub licence API),ccx_linux/src_fff/umat_single_crystal_creep.f,55615,,,no_umat_entry,"Fortran, but it declares no SUBROUTINE UMAT",capped_repo_pass,,,round1b_file_capped_repositories,,
calculix/ccx_fff,7403c14a7470ef34775ce1f1bd23b82fc963db6e,GPL-3.0,copyleft,LICENSE (SPDX GPL-3.0 via the GitHub licence API),ccx_linux/src_fff/umat_tension_only.f,21956,,,no_umat_entry,"Fortran, but it declares no SUBROUTINE UMAT",capped_repo_pass,,,round1b_file_capped_repositories,,
calculix/ccx_fff,7403c14a7470ef34775ce1f1bd23b82fc963db6e,GPL-3.0,copyleft,LICENSE (SPDX GPL-3.0 via the GitHub licence API),ccx_linux/src_fff/umat_undo_nlgeom_lin_el.f,13292,,,no_umat_entry,"Fortran, but it declares no SUBROUTINE UMAT",capped_repo_pass,,,round1b_file_capped_repositories,,
calculix/ccx_fff,7403c14a7470ef34775ce1f1bd23b82fc963db6e,GPL-3.0,copyleft,LICENSE (SPDX GPL-3.0 via the GitHub licence API),ccx_linux/src_fff/umat_undo_nlgeom_lin_iso_el.f,13275,,,no_umat_entry,"Fortran, but it declares no SUBROUTINE UMAT",capped_repo_pass,,,round1b_file_capped_repositories,,
calculix/ccx_fff,7403c14a7470ef34775ce1f1bd23b82fc963db6e,GPL-3.0,copyleft,LICENSE (SPDX GPL-3.0 via the GitHub licence API),ccx_linux/src_fff/umat_user.f,7688,,,no_umat_entry,"Fortran, but it declares no SUBROUTINE UMAT",capped_repo_pass,,,round1b_file_capped_repositories,,
calculix/ccx_fff,7403c14a7470ef34775ce1f1bd23b82fc963db6e,GPL-3.0,copyleft,LICENSE (SPDX GPL-3.0 via the GitHub licence API),ccx_linux/src_fff/umatht.f,5912,,,no_umat_entry,"Fortran, but it declares no SUBROUTINE UMAT",capped_repo_pass,,,round1b_file_capped_repositories,,
calculix/ccx_fff,7403c14a7470ef34775ce1f1bd23b82fc963db6e,GPL-3.0,copyleft,LICENSE (SPDX GPL-3.0 via the GitHub licence API),src/umat.f,2859,bbed477befffecaf6b036d590f2bdbd9d2a5051249c6c4cafbe0fdb16bb275b6,78a3a46d01f3fc8777949b0a27ae728a98f0a85c4f4d571223a7bcbd55da223c,already_known,"the same implementation as discovery_cache/calculix__ccx_fff/src/umat.f, which this collection already counts",capped_repo_pass,,,round1b_file_capped_repositories,,
calculix/ccx_fff,7403c14a7470ef34775ce1f1bd23b82fc963db6e,GPL-3.0,copyleft,LICENSE (SPDX GPL-3.0 via the GitHub licence API),src/umat_abaqus.f,13403,,,no_umat_entry,"Fortran, but it declares no SUBROUTINE UMAT",capped_repo_pass,,,round1b_file_capped_repositories,,
calculix/ccx_fff,7403c14a7470ef34775ce1f1bd23b82fc963db6e,GPL-3.0,copyleft,LICENSE (SPDX GPL-3.0 via the GitHub licence API),src/umat_abaqusnl.f,21101,,,no_umat_entry,"Fortran, but it declares no SUBROUTINE UMAT",capped_repo_pass,,,round1b_file_capped_repositories,,
calculix/ccx_fff,7403c14a7470ef34775ce1f1bd23b82fc963db6e,GPL-3.0,copyleft,LICENSE (SPDX GPL-3.0 via the GitHub licence API),src/umat_aniso_creep.f,38531,,,no_umat_entry,"Fortran, but it declares no SUBROUTINE UMAT",capped_repo_pass,,,round1b_file_capped_repositories,,
calculix/ccx_fff,7403c14a7470ef34775ce1f1bd23b82fc963db6e,GPL-3.0,copyleft,LICENSE (SPDX GPL-3.0 via the GitHub licence API),src/umat_aniso_plas.f,33609,,,no_umat_entry,"Fortran, but it declares no SUBROUTINE UMAT",capped_repo_pass,,,round1b_file_capped_repositories,,
calculix/ccx_fff,7403c14a7470ef34775ce1f1bd23b82fc963db6e,GPL-3.0,copyleft,LICENSE (SPDX GPL-3.0 via the GitHub licence API),src/umat_ciarlet_el.f,13124,,,no_umat_entry,"Fortran, but it declares no SUBROUTINE UMAT",capped_repo_pass,,,round1b_file_capped_repositories,,
calculix/ccx_fff,7403c14a7470ef34775ce1f1bd23b82fc963db6e,GPL-3.0,copyleft,LICENSE (SPDX GPL-3.0 via the GitHub licence API),src/umat_compression_only.f,19428,,,no_umat_entry,"Fortran, but it declares no SUBROUTINE UMAT",capped_repo_pass,,,round1b_file_capped_repositories,,
calculix/ccx_fff,7403c14a7470ef34775ce1f1bd23b82fc963db6e,GPL-3.0,copyleft,LICENSE (SPDX GPL-3.0 via the GitHub licence API),src/umat_elastic_fiber.f,13375,,,no_umat_entry,"Fortran, but it declares no SUBROUTINE UMAT",capped_repo_pass,,,round1b_file_capped_repositories,,
calculix/ccx_fff,7403c14a7470ef34775ce1f1bd23b82fc963db6e,GPL-3.0,copyleft,LICENSE (SPDX GPL-3.0 via the GitHub licence API),src/umat_ideal_gas.f,8320,,,no_umat_entry,"Fortran, but it declares no SUBROUTINE UMAT",capped_repo_pass,,,round1b_file_capped_repositories,,
calculix/ccx_fff,7403c14a7470ef34775ce1f1bd23b82fc963db6e,GPL-3.0,copyleft,LICENSE (SPDX GPL-3.0 via the GitHub licence API),src/umat_lin_el_corot.f,23388,,,no_umat_entry,"Fortran, but it declares no SUBROUTINE UMAT",capped_repo_pass,,,round1b_file_capped_repositories,,
calculix/ccx_fff,7403c14a7470ef34775ce1f1bd23b82fc963db6e,GPL-3.0,copyleft,LICENSE (SPDX GPL-3.0 via the GitHub licence API),src/umat_lin_iso_el.f,7231,,,no_umat_entry,"Fortran, but it declares no SUBROUTINE UMAT",capped_repo_pass,,,round1b_file_capped_repositories,,
calculix/ccx_fff,7403c14a7470ef34775ce1f1bd23b82fc963db6e,GPL-3.0,copyleft,LICENSE (SPDX GPL-3.0 via the GitHub licence API),src/umat_main.f,9055,,,no_umat_entry,"Fortran, but it declares no SUBROUTINE UMAT",capped_repo_pass,,,round1b_file_capped_repositories,,
calculix/ccx_fff,7403c14a7470ef34775ce1f1bd23b82fc963db6e,GPL-3.0,copyleft,LICENSE (SPDX GPL-3.0 via the GitHub licence API),src/umat_single_crystal.f,60342,,,no_umat_entry,"Fortran, but it declares no SUBROUTINE UMAT",capped_repo_pass,,,round1b_file_capped_repositories,,
calculix/ccx_fff,7403c14a7470ef34775ce1f1bd23b82fc963db6e,GPL-3.0,copyleft,LICENSE (SPDX GPL-3.0 via the GitHub licence API),src/umat_single_crystal_creep.f,52910,,,no_umat_entry,"Fortran, but it declares no SUBROUTINE UMAT",capped_repo_pass,,,round1b_file_capped_repositories,,
calculix/ccx_fff,7403c14a7470ef34775ce1f1bd23b82fc963db6e,GPL-3.0,copyleft,LICENSE (SPDX GPL-3.0 via the GitHub licence API),src/umat_tension_only.f,19384,,,no_umat_entry,"Fortran, but it declares no SUBROUTINE UMAT",capped_repo_pass,,,round1b_file_capped_repositories,,
calculix/ccx_fff,7403c14a7470ef34775ce1f1bd23b82fc963db6e,GPL-3.0,copyleft,LICENSE (SPDX GPL-3.0 via the GitHub licence API),src/umat_undo_nlgeom_lin_el.f,11957,,,no_umat_entry,"Fortran, but it declares no SUBROUTINE UMAT",capped_repo_pass,,,round1b_file_capped_repositories,,
calculix/ccx_fff,7403c14a7470ef34775ce1f1bd23b82fc963db6e,GPL-3.0,copyleft,LICENSE (SPDX GPL-3.0 via the GitHub licence API),src/umat_undo_nlgeom_lin_iso_el.f,12136,,,no_umat_entry,"Fortran, but it declares no SUBROUTINE UMAT",capped_repo_pass,,,round1b_file_capped_repositories,,
calculix/ccx_fff,7403c14a7470ef34775ce1f1bd23b82fc963db6e,GPL-3.0,copyleft,LICENSE (SPDX GPL-3.0 via the GitHub licence API),src/umat_user.f,7003,,,no_umat_entry,"Fortran, but it declares no SUBROUTINE UMAT",capped_repo_pass,,,round1b_file_capped_repositories,,
calculix/ccx_fff,7403c14a7470ef34775ce1f1bd23b82fc963db6e,GPL-3.0,copyleft,LICENSE (SPDX GPL-3.0 via the GitHub licence API),src/umatht.f,5417,,,no_umat_entry,"Fortran, but it declares no SUBROUTINE UMAT",capped_repo_pass,,,round1b_file_capped_repositories,,
calculix/ccx_fff,7403c14a7470ef34775ce1f1bd23b82fc963db6e,GPL-3.0,copyleft,LICENSE (SPDX GPL-3.0 via the GitHub licence API),,0,,,not_examined,stopped after 38 files from this repository; 2720 not read,capped_repo_pass,,,round1b_file_capped_repositories,,
tengzhang48/abaqus_ufl,556dd6627985f1fe2291b58d2cf128ad3d1b1455,MIT,permissive,LICENSE (SPDX MIT via the GitHub licence API),examples/_template/template_umat.for,61908,eab41052941eb1c23765c40cd224be041cece66b62627cc98ed067f8c92c2b09,9f022abc833dcbb89877d255222b29d87426f21d9d54a5f3819a2b5cc4904a69,already_known,"the same implementation as discovery_cache/tengzhang48__abaqus_ufl/examples/_template/template_umat.for, which this collection already counts",capped_repo_pass,,,round1b_file_capped_repositories,,
tengzhang48/abaqus_ufl,556dd6627985f1fe2291b58d2cf128ad3d1b1455,MIT,permissive,LICENSE (SPDX MIT via the GitHub licence API),examples/neo_hookean_umat/neo_hookean_umat.for,52761,6b9e356f33615cc644b925d21b39a920c68169bf3b553e01cc3814059c9011fe,e2e810249b51bc4aa1140a49407976d17450086f816949bab8f7826363ec2276,already_known,"the same implementation as discovery_cache/tengzhang48__abaqus_ufl/examples/neo_hookean_umat/neo_hookean_umat.for, which this collection already counts",capped_repo_pass,,,round1b_file_capped_repositories,,
tengzhang48/abaqus_ufl,556dd6627985f1fe2291b58d2cf128ad3d1b1455,MIT,permissive,LICENSE (SPDX MIT via the GitHub licence API),examples/ogden_umat/ogden_umat.for,54635,43120c54e4240450527264321c74b08e891ed7466b9cd48ba864629869c0914e,3cd6279d479c69653d065bce7278607595a7173c142e4448ad9772bcb59280fe,already_known,"the same implementation as discovery_cache/tengzhang48__abaqus_ufl/examples/ogden_umat/ogden_umat.for, which this collection already counts",capped_repo_pass,,,round1b_file_capped_repositories,,
tengzhang48/abaqus_ufl,556dd6627985f1fe2291b58d2cf128ad3d1b1455,MIT,permissive,LICENSE (SPDX MIT via the GitHub licence API),examples/small_strain_j2_umat/small_strain_j2.for,64605,90c1730bf9276a22bae2e999231ea41bf5533837d3a6ae00b5bce050c79fd201,d3179169fb9fb7a3103d331da25e9c39bc1f33caf5fb4f319f0ef5ed1fa192cd,already_known,"the same implementation as discovery_cache/tengzhang48__abaqus_ufl/examples/small_strain_j2_umat/small_strain_j2.for, which this collection already counts",capped_repo_pass,,,round1b_file_capped_repositories,,
tengzhang48/abaqus_ufl,556dd6627985f1fe2291b58d2cf128ad3d1b1455,MIT,permissive,LICENSE (SPDX MIT via the GitHub licence API),examples/small_strain_viscoelastic_umat/small_strain_viscoelastic.for,65045,2086dec7ddb297907aebed5fa9162a746d833552ffa4827488b14d8510bf847c,7fd9d826248780f62dda0538aad5fa5b201ae9210b1da39f732884d74be7f733,already_known,"the same implementation as discovery_cache/tengzhang48__abaqus_ufl/examples/small_strain_viscoelastic_umat/small_strain_viscoelastic.for, which this collection already counts",capped_repo_pass,,,round1b_file_capped_repositories,,
tengzhang48/abaqus_ufl,556dd6627985f1fe2291b58d2cf128ad3d1b1455,MIT,permissive,LICENSE (SPDX MIT via the GitHub licence API),abaqus_ufl/generators/templates/cs_linalg.for,10338,,,no_umat_entry,"Fortran, but it declares no SUBROUTINE UMAT",capped_repo_pass,,,round1b_file_capped_repositories,,
tengzhang48/abaqus_ufl,556dd6627985f1fe2291b58d2cf128ad3d1b1455,MIT,permissive,LICENSE (SPDX MIT via the GitHub licence API),abaqus_ufl/generators/templates/cs_tangent_engine.for,8899,,,no_umat_entry,"Fortran, but it declares no SUBROUTINE UMAT",capped_repo_pass,,,round1b_file_capped_repositories,,
tengzhang48/abaqus_ufl,556dd6627985f1fe2291b58d2cf128ad3d1b1455,MIT,permissive,LICENSE (SPDX MIT via the GitHub licence API),,0,,,not_examined,stopped after 7 files from this repository; 31 not read,capped_repo_pass,,,round1b_file_capped_repositories,,
brizzer/elmerfem_piezo,,GPL-2.0,permissive,LICENSE.md (SPDX GPL-2.0 inferred from the licence text; GitHub's API reported no identifier for this file),,0,,,licence_incompatible,GPL-2.0 is outside the set this project may redistribute; recorded and not fetched,capped_repo_pass,,,round1b_file_capped_repositories,,
core-marine-dev/elmerfem,,GPL-2.0,permissive,LICENSE.md (SPDX GPL-2.0 inferred from the licence text; GitHub's API reported no identifier for this file),,0,,,licence_incompatible,GPL-2.0 is outside the set this project may redistribute; recorded and not fetched,capped_repo_pass,,,round1b_file_capped_repositories,,
ralic/Code_Aster,f603c149266e20185a4429766b6a9a10fe934f29,GPL-3.0,copyleft,LICENSE.txt (SPDX GPL-3.0 via the GitHub licence API),bibfor/algeline/almulr.F90,2793,,,no_umat_entry,"Fortran, but it declares no SUBROUTINE UMAT",capped_repo_pass,,,round1b_file_capped_repositories,,
ralic/Code_Aster,f603c149266e20185a4429766b6a9a10fe934f29,GPL-3.0,copyleft,LICENSE.txt (SPDX GPL-3.0 via the GitHub licence API),bibfor/algeline/amdapt.F90,6460,,,no_umat_entry,"Fortran, but it declares no SUBROUTINE UMAT",capped_repo_pass,,,round1b_file_capped_repositories,,
ralic/Code_Aster,f603c149266e20185a4429766b6a9a10fe934f29,GPL-3.0,copyleft,LICENSE.txt (SPDX GPL-3.0 via the GitHub licence API),bibfor/algeline/amdbar.F90,55630,,,no_umat_entry,"Fortran, but it declares no SUBROUTINE UMAT",capped_repo_pass,,,round1b_file_capped_repositories,,
ralic/Code_Aster,f603c149266e20185a4429766b6a9a10fe934f29,GPL-3.0,copyleft,LICENSE.txt (SPDX GPL-3.0 via the GitHub licence API),,0,,,not_examined,stopped after 3 files from this repository; 7840 not read,capped_repo_pass,,,round1b_file_capped_repositories,,
rhdodds/warp3d,13f53d31270a6b27bb313985bb90f30e3d1fcd45,MIT,permissive,LICENSE (SPDX MIT inferred from the licence text; GitHub's API reported no identifier for this file),src/user_routines_umat.f,47222,c138ff103764d83eee3b654e157ad22bf907b6c32ced1fd0e1f87cb730055383,59b317bc1ea9ded50d2a0d0173d86e94037af96b1db3543f00864d1c4ffb657a,already_known,"the same implementation as discovery_cache/rhdodds__warp3d/src/user_routines_umat.f, which this collection already counts",capped_repo_pass,,,round1b_file_capped_repositories,,
rhdodds/warp3d,13f53d31270a6b27bb313985bb90f30e3d1fcd45,MIT,permissive,LICENSE (SPDX MIT inferred from the licence text; GitHub's API reported no identifier for this file),,0,,,not_examined,stopped after 1 files from this repository; 349 not read,capped_repo_pass,,,round1b_file_capped_repositories,,
makkemal/NGIMASEM,d760d948a1215248a6d2ea8459e2db2505ce482d,GPL-3.0,copyleft,license.md (SPDX GPL-3.0 via the GitHub licence API),ccx_2.14src/src/umat.f,24179,a8ae65ab3f069fd8d3eb512b9c175ddf39fc77ac1bf0480b66dd7af5b7f4e2fd,4661631ae57fedcae1704d4f4bbca442cf657abd0e3fe500b2f8739a24222230,candidate,"distinct, licensed GPL-3.0 (copyleft), declares a UMAT entry point; not yet transformed or verified",capped_repo_pass,makkemal__NGIMASEM/ccx_2.14src/src/umat.f,,round1b_file_capped_repositories,reject,file_licence_gpl2: CalculiX-derived file whose header states GPL version 2 (D-2: GPL-2.0-only not permitted); Jaccard 0.75 to makkemal usermat.F already cached
makkemal/NGIMASEM,d760d948a1215248a6d2ea8459e2db2505ce482d,GPL-3.0,copyleft,license.md (SPDX GPL-3.0 via the GitHub licence API),ccx_2.14src/src/umat_abaqus.f,13401,,,no_umat_entry,"Fortran, but it declares no SUBROUTINE UMAT",capped_repo_pass,,,round1b_file_capped_repositories,,
makkemal/NGIMASEM,d760d948a1215248a6d2ea8459e2db2505ce482d,GPL-3.0,copyleft,license.md (SPDX GPL-3.0 via the GitHub licence API),ccx_2.14src/src/umat_abaqusnl.f,21054,,,no_umat_entry,"Fortran, but it declares no SUBROUTINE UMAT",capped_repo_pass,,,round1b_file_capped_repositories,,
makkemal/NGIMASEM,d760d948a1215248a6d2ea8459e2db2505ce482d,GPL-3.0,copyleft,license.md (SPDX GPL-3.0 via the GitHub licence API),ccx_2.14src/src/umat_aniso_creep.f,38523,,,no_umat_entry,"Fortran, but it declares no SUBROUTINE UMAT",capped_repo_pass,,,round1b_file_capped_repositories,,
makkemal/NGIMASEM,d760d948a1215248a6d2ea8459e2db2505ce482d,GPL-3.0,copyleft,license.md (SPDX GPL-3.0 via the GitHub licence API),ccx_2.14src/src/umat_aniso_plas.f,33604,,,no_umat_entry,"Fortran, but it declares no SUBROUTINE UMAT",capped_repo_pass,,,round1b_file_capped_repositories,,
makkemal/NGIMASEM,d760d948a1215248a6d2ea8459e2db2505ce482d,GPL-3.0,copyleft,license.md (SPDX GPL-3.0 via the GitHub licence API),ccx_2.14src/src/umat_ciarlet_el.f,12303,,,no_umat_entry,"Fortran, but it declares no SUBROUTINE UMAT",capped_repo_pass,,,round1b_file_capped_repositories,,
makkemal/NGIMASEM,d760d948a1215248a6d2ea8459e2db2505ce482d,GPL-3.0,copyleft,license.md (SPDX GPL-3.0 via the GitHub licence API),ccx_2.14src/src/umat_compression_only.f,17180,,,no_umat_entry,"Fortran, but it declares no SUBROUTINE UMAT",capped_repo_pass,,,round1b_file_capped_repositories,,
makkemal/NGIMASEM,d760d948a1215248a6d2ea8459e2db2505ce482d,GPL-3.0,copyleft,license.md (SPDX GPL-3.0 via the GitHub licence API),ccx_2.14src/src/umat_elastic_fiber.f,13373,,,no_umat_entry,"Fortran, but it declares no SUBROUTINE UMAT",capped_repo_pass,,,round1b_file_capped_repositories,,
makkemal/NGIMASEM,d760d948a1215248a6d2ea8459e2db2505ce482d,GPL-3.0,copyleft,license.md (SPDX GPL-3.0 via the GitHub licence API),ccx_2.14src/src/umat_ideal_gas.f,8318,,,no_umat_entry,"Fortran, but it declares no SUBROUTINE UMAT",capped_repo_pass,,,round1b_file_capped_repositories,,
makkemal/NGIMASEM,d760d948a1215248a6d2ea8459e2db2505ce482d,GPL-3.0,copyleft,license.md (SPDX GPL-3.0 via the GitHub licence API),ccx_2.14src/src/umat_lin_iso_el.f,7217,,,no_umat_entry,"Fortran, but it declares no SUBROUTINE UMAT",capped_repo_pass,,,round1b_file_capped_repositories,,
makkemal/NGIMASEM,d760d948a1215248a6d2ea8459e2db2505ce482d,GPL-3.0,copyleft,license.md (SPDX GPL-3.0 via the GitHub licence API),ccx_2.14src/src/umat_main.f,8233,,,no_umat_entry,"Fortran, but it declares no SUBROUTINE UMAT",capped_repo_pass,,,round1b_file_capped_repositories,,
makkemal/NGIMASEM,d760d948a1215248a6d2ea8459e2db2505ce482d,GPL-3.0,copyleft,license.md (SPDX GPL-3.0 via the GitHub licence API),ccx_2.14src/src/umat_single_crystal.f,60340,,,no_umat_entry,"Fortran, but it declares no SUBROUTINE UMAT",capped_repo_pass,,,round1b_file_capped_repositories,,
makkemal/NGIMASEM,d760d948a1215248a6d2ea8459e2db2505ce482d,GPL-3.0,copyleft,license.md (SPDX GPL-3.0 via the GitHub licence API),ccx_2.14src/src/umat_single_crystal_creep.f,52908,,,no_umat_entry,"Fortran, but it declares no SUBROUTINE UMAT",capped_repo_pass,,,round1b_file_capped_repositories,,
makkemal/NGIMASEM,d760d948a1215248a6d2ea8459e2db2505ce482d,GPL-3.0,copyleft,license.md (SPDX GPL-3.0 via the GitHub licence API),ccx_2.14src/src/umat_tension_only.f,17178,,,no_umat_entry,"Fortran, but it declares no SUBROUTINE UMAT",capped_repo_pass,,,round1b_file_capped_repositories,,
makkemal/NGIMASEM,d760d948a1215248a6d2ea8459e2db2505ce482d,GPL-3.0,copyleft,license.md (SPDX GPL-3.0 via the GitHub licence API),ccx_2.14src/src/umat_undo_nlgeom_lin_iso_el.f,11345,,,no_umat_entry,"Fortran, but it declares no SUBROUTINE UMAT",capped_repo_pass,,,round1b_file_capped_repositories,,
makkemal/NGIMASEM,d760d948a1215248a6d2ea8459e2db2505ce482d,GPL-3.0,copyleft,license.md (SPDX GPL-3.0 via the GitHub licence API),ccx_2.14src/src/umat_user.f,7000,,,no_umat_entry,"Fortran, but it declares no SUBROUTINE UMAT",capped_repo_pass,,,round1b_file_capped_repositories,,
makkemal/NGIMASEM,d760d948a1215248a6d2ea8459e2db2505ce482d,GPL-3.0,copyleft,license.md (SPDX GPL-3.0 via the GitHub licence API),ccx_2.14src/src/umatht.f,5417,,,no_umat_entry,"Fortran, but it declares no SUBROUTINE UMAT",capped_repo_pass,,,round1b_file_capped_repositories,,
makkemal/NGIMASEM,d760d948a1215248a6d2ea8459e2db2505ce482d,GPL-3.0,copyleft,license.md (SPDX GPL-3.0 via the GitHub licence API),umat.f,23992,062fb457c9fecfd7189f6966bc4d2dc9c455f89a09390b189df28a56840fd8a9,22590916f7094b431bf267cd847f4483a461370d0bf30a9c8c05565e6ab3f5d7,candidate,"distinct, licensed GPL-3.0 (copyleft), declares a UMAT entry point; not yet transformed or verified",capped_repo_pass,makkemal__NGIMASEM/umat.f,,round1b_file_capped_repositories,reject,file_licence_gpl2: same CalculiX GPL-2 header; Jaccard 0.88 to ccx_2.14src/src/umat.f
makkemal/NGIMASEM,d760d948a1215248a6d2ea8459e2db2505ce482d,GPL-3.0,copyleft,license.md (SPDX GPL-3.0 via the GitHub licence API),usermat.F,37670,aa48decca97715df192ac547fadef38e093d2cd6142b15edd77554487f40681e,86b4e56898282331db1905fde00194481d676172859532e0ee43b51a44dfa49f,already_known,"the same implementation as discovery_cache/makkemal__NGIMASEM/usermat.F, which this collection already counts",capped_repo_pass,,,round1b_file_capped_repositories,,
makkemal/NGIMASEM,d760d948a1215248a6d2ea8459e2db2505ce482d,GPL-3.0,copyleft,license.md (SPDX GPL-3.0 via the GitHub licence API),ccx_2.14src/src/absolute_relative.f,8953,,,no_umat_entry,"Fortran, but it declares no SUBROUTINE UMAT",capped_repo_pass,,,round1b_file_capped_repositories,,
makkemal/NGIMASEM,d760d948a1215248a6d2ea8459e2db2505ce482d,GPL-3.0,copyleft,license.md (SPDX GPL-3.0 via the GitHub licence API),ccx_2.14src/src/acctube.f,1865,,,no_umat_entry,"Fortran, but it declares no SUBROUTINE UMAT",capped_repo_pass,,,round1b_file_capped_repositories,,
makkemal/NGIMASEM,d760d948a1215248a6d2ea8459e2db2505ce482d,GPL-3.0,copyleft,license.md (SPDX GPL-3.0 via the GitHub licence API),,0,,,not_examined,stopped after 21 files from this repository; 789 not read,capped_repo_pass,,,round1b_file_capped_repositories,,
sanjayg0/feappv,e6897950aaca6166f4893bbe21d644c7af6150d7,BSD-3-Clause,permissive,LICENSE.txt (SPDX BSD-3-Clause via the GitHub licence API),user/umati0.f,1264,,,no_umat_entry,"Fortran, but it declares no SUBROUTINE UMAT",capped_repo_pass,,,round1b_file_capped_repositories,,
sanjayg0/feappv,e6897950aaca6166f4893bbe21d644c7af6150d7,BSD-3-Clause,permissive,LICENSE.txt (SPDX BSD-3-Clause via the GitHub licence API),user/umati1.f,1264,,,no_umat_entry,"Fortran, but it declares no SUBROUTINE UMAT",capped_repo_pass,,,round1b_file_capped_repositories,,
sanjayg0/feappv,e6897950aaca6166f4893bbe21d644c7af6150d7,BSD-3-Clause,permissive,LICENSE.txt (SPDX BSD-3-Clause via the GitHub licence API),user/umati2.f,1260,,,no_umat_entry,"Fortran, but it declares no SUBROUTINE UMAT",capped_repo_pass,,,round1b_file_capped_repositories,,
sanjayg0/feappv,e6897950aaca6166f4893bbe21d644c7af6150d7,BSD-3-Clause,permissive,LICENSE.txt (SPDX BSD-3-Clause via the GitHub licence API),user/umati3.f,1261,,,no_umat_entry,"Fortran, but it declares no SUBROUTINE UMAT",capped_repo_pass,,,round1b_file_capped_repositories,,
sanjayg0/feappv,e6897950aaca6166f4893bbe21d644c7af6150d7,BSD-3-Clause,permissive,LICENSE.txt (SPDX BSD-3-Clause via the GitHub licence API),user/umati4.f,1260,,,no_umat_entry,"Fortran, but it declares no SUBROUTINE UMAT",capped_repo_pass,,,round1b_file_capped_repositories,,
sanjayg0/feappv,e6897950aaca6166f4893bbe21d644c7af6150d7,BSD-3-Clause,permissive,LICENSE.txt (SPDX BSD-3-Clause via the GitHub licence API),user/umati5.f,1260,,,no_umat_entry,"Fortran, but it declares no SUBROUTINE UMAT",capped_repo_pass,,,round1b_file_capped_repositories,,
sanjayg0/feappv,e6897950aaca6166f4893bbe21d644c7af6150d7,BSD-3-Clause,permissive,LICENSE.txt (SPDX BSD-3-Clause via the GitHub licence API),user/umatl0.f,1793,,,no_umat_entry,"Fortran, but it declares no SUBROUTINE UMAT",capped_repo_pass,,,round1b_file_capped_repositories,,
sanjayg0/feappv,e6897950aaca6166f4893bbe21d644c7af6150d7,BSD-3-Clause,permissive,LICENSE.txt (SPDX BSD-3-Clause via the GitHub licence API),user/umatl1.f,1793,,,no_umat_entry,"Fortran, but it declares no SUBROUTINE UMAT",capped_repo_pass,,,round1b_file_capped_repositories,,
sanjayg0/feappv,e6897950aaca6166f4893bbe21d644c7af6150d7,BSD-3-Clause,permissive,LICENSE.txt (SPDX BSD-3-Clause via the GitHub licence API),user/umatl2.f,1793,,,no_umat_entry,"Fortran, but it declares no SUBROUTINE UMAT",capped_repo_pass,,,round1b_file_capped_repositories,,
sanjayg0/feappv,e6897950aaca6166f4893bbe21d644c7af6150d7,BSD-3-Clause,permissive,LICENSE.txt (SPDX BSD-3-Clause via the GitHub licence API),user/umatl3.f,1793,,,no_umat_entry,"Fortran, but it declares no SUBROUTINE UMAT",capped_repo_pass,,,round1b_file_capped_repositories,,
sanjayg0/feappv,e6897950aaca6166f4893bbe21d644c7af6150d7,BSD-3-Clause,permissive,LICENSE.txt (SPDX BSD-3-Clause via the GitHub licence API),user/umatl4.f,1793,,,no_umat_entry,"Fortran, but it declares no SUBROUTINE UMAT",capped_repo_pass,,,round1b_file_capped_repositories,,
sanjayg0/feappv,e6897950aaca6166f4893bbe21d644c7af6150d7,BSD-3-Clause,permissive,LICENSE.txt (SPDX BSD-3-Clause via the GitHub licence API),user/umatl5.f,1793,,,no_umat_entry,"Fortran, but it declares no SUBROUTINE UMAT",capped_repo_pass,,,round1b_file_capped_repositories,,
sanjayg0/feappv,e6897950aaca6166f4893bbe21d644c7af6150d7,BSD-3-Clause,permissive,LICENSE.txt (SPDX BSD-3-Clause via the GitHub licence API),,0,,,not_examined,stopped after 12 files from this repository; 774 not read,capped_repo_pass,,,round1b_file_capped_repositories,,
ElmerCSC/elmerfem,,GPL-2.0,permissive,LICENSE.md (SPDX GPL-2.0 inferred from the licence text; GitHub's API reported no identifier for this file),,0,,,licence_incompatible,GPL-2.0 is outside the set this project may redistribute; recorded and not fetched,capped_repo_pass,,,round1b_file_capped_repositories,,
bennifuchs/TsaiWu-Fortran,a111ca1717adfbbaf3e9e34f4189a441e16441b8,MIT,permissive,LICENSE (SPDX MIT via the GitHub licence API),abaqus-umat-interface.f90,6434,c5e7702accda2caed5cde95ac81f5283a7c41503ba39a01a3dc34a25c01b6b5d,1f3d91179307c917016374e7794786fd3934bbc120d901b50384d98559b1c525,already_known,"the same implementation as discovery_cache/bennifuchs__TsaiWu-Fortran/abaqus-umat-interface.f90, which this collection already counts",capped_repo_pass,,,round1b_file_capped_repositories,,
bennifuchs/TsaiWu-Fortran,a111ca1717adfbbaf3e9e34f4189a441e16441b8,MIT,permissive,LICENSE (SPDX MIT via the GitHub licence API),return_mapping/stress_update.f90,26066,,,no_umat_entry,"Fortran, but it declares no SUBROUTINE UMAT",capped_repo_pass,,,round1b_file_capped_repositories,,
bennifuchs/TsaiWu-Fortran,a111ca1717adfbbaf3e9e34f4189a441e16441b8,MIT,permissive,LICENSE (SPDX MIT via the GitHub licence API),umat.f90,220153,0e4e6d183a24b15d1f46813ce2acbe532aa7cd5047870bf70bde55a5c96f9624,c95c429dd95afb5a0b0788195dab2f4dc6828d4b5debd6601d829c65fc30a378,already_known,"the same implementation as discovery_cache/bennifuchs__TsaiWu-Fortran/umat.f90, which this collection already counts",capped_repo_pass,,,round1b_file_capped_repositories,,
bennifuchs/TsaiWu-Fortran,a111ca1717adfbbaf3e9e34f4189a441e16441b8,MIT,permissive,LICENSE (SPDX MIT via the GitHub licence API),,0,,,not_examined,stopped after 3 files from this repository; 28 not read,capped_repo_pass,,,round1b_file_capped_repositories,,
peer-open-source/xara,13cc747ffaab23ebea4debaa60268699e358105d,BSD-2-Clause,permissive,LICENSE.txt (SPDX BSD-2-Clause via the GitHub licence API),SRC/domain/peri/umat.for,1430,c48ee1d9846bd7d0d460d5d8e5467ae3b1ec44c46150a5b054368ae920463dee,c27fbd7e90ebb4126e0f3c81f68c4534feb04f7bba7963e6b0ac475d4aa72421,already_known,"the same implementation as discovery_cache/peer-open-source__xara/SRC/domain/peri/umat.for, which this collection already counts",capped_repo_pass,,,round1b_file_capped_repositories,,
peer-open-source/xara,13cc747ffaab23ebea4debaa60268699e358105d,BSD-2-Clause,permissive,LICENSE.txt (SPDX BSD-2-Clause via the GitHub licence API),,0,,,not_examined,stopped after 1 files from this repository; 569 not read,capped_repo_pass,,,round1b_file_capped_repositories,,
DataAnalyticsEngineering/UMAT_2scale_LSDYNA,64b8f1c22a952077fe9dadf33431f72e92b59b3b,BSD-3-Clause,permissive,license (SPDX BSD-3-Clause inferred from the licence text; GitHub's API reported no identifier for this file),repo_files/patch_files/dyn21umats.f.patch,4089,,,no_umat_entry,"Fortran, but it declares no SUBROUTINE UMAT",capped_repo_pass,,,round1b_file_capped_repositories,,
DataAnalyticsEngineering/UMAT_2scale_LSDYNA,64b8f1c22a952077fe9dadf33431f72e92b59b3b,BSD-3-Clause,permissive,license (SPDX BSD-3-Clause inferred from the licence text; GitHub's API reported no identifier for this file),repo_files/patch_files/dyn21umatv.f.patch,21766,,,no_umat_entry,"Fortran, but it declares no SUBROUTINE UMAT",capped_repo_pass,,,round1b_file_capped_repositories,,
DataAnalyticsEngineering/UMAT_2scale_LSDYNA,64b8f1c22a952077fe9dadf33431f72e92b59b3b,BSD-3-Clause,permissive,license (SPDX BSD-3-Clause inferred from the licence text; GitHub's API reported no identifier for this file),repo_files/umat/umat_elastic_43_13.F90,4603,,,no_umat_entry,"Fortran, but it declares no SUBROUTINE UMAT",capped_repo_pass,,,round1b_file_capped_repositories,,
DataAnalyticsEngineering/UMAT_2scale_LSDYNA,64b8f1c22a952077fe9dadf33431f72e92b59b3b,BSD-3-Clause,permissive,license (SPDX BSD-3-Clause inferred from the licence text; GitHub's API reported no identifier for this file),repo_files/umat/umat_elastic_44_14.F90,10155,,,no_umat_entry,"Fortran, but it declares no SUBROUTINE UMAT",capped_repo_pass,,,round1b_file_capped_repositories,,
DataAnalyticsEngineering/UMAT_2scale_LSDYNA,64b8f1c22a952077fe9dadf33431f72e92b59b3b,BSD-3-Clause,permissive,license (SPDX BSD-3-Clause inferred from the licence text; GitHub's API reported no identifier for this file),repo_files/external_packages/example_forpy.F90,1276,,,no_umat_entry,"Fortran, but it declares no SUBROUTINE UMAT",capped_repo_pass,,,round1b_file_capped_repositories,,
DataAnalyticsEngineering/UMAT_2scale_LSDYNA,64b8f1c22a952077fe9dadf33431f72e92b59b3b,BSD-3-Clause,permissive,license (SPDX BSD-3-Clause inferred from the licence text; GitHub's API reported no identifier for this file),,0,,,not_examined,stopped after 5 files from this repository; 45 not read,capped_repo_pass,,,round1b_file_capped_repositories,,
JuDFTteam/JuKKR,2a47b06b4bf98fd8046fb7b2bfa0fe677e61359c,MIT,permissive,LICENSE.md (SPDX MIT inferred from the licence text; GitHub's API reported no identifier for this file),source/KKRimp/umatrix.f90,1256,,,no_umat_entry,"Fortran, but it declares no SUBROUTINE UMAT",capped_repo_pass,,,round1b_file_capped_repositories,,
JuDFTteam/JuKKR,2a47b06b4bf98fd8046fb7b2bfa0fe677e61359c,MIT,permissive,LICENSE.md (SPDX MIT inferred from the licence text; GitHub's API reported no identifier for this file),source/KKRsusc/SOURCE/umatrix.f90,772,,,no_umat_entry,"Fortran, but it declares no SUBROUTINE UMAT",capped_repo_pass,,,round1b_file_capped_repositories,,
JuDFTteam/JuKKR,2a47b06b4bf98fd8046fb7b2bfa0fe677e61359c,MIT,permissive,LICENSE.md (SPDX MIT inferred from the licence text; GitHub's API reported no identifier for this file),,0,,,not_examined,stopped after 2 files from this repository; 1826 not read,capped_repo_pass,,,round1b_file_capped_repositories,,
KnutAM/matmodfit,44f360e2d70654e5b95009fe35ca75ac584a6bec,MIT,permissive,LICENSE (SPDX MIT via the GitHub licence API),src/gen/umat_mod.f90,994,,,no_umat_entry,"Fortran, but it declares no SUBROUTINE UMAT",capped_repo_pass,,,round1b_file_capped_repositories,,
KnutAM/matmodfit,44f360e2d70654e5b95009fe35ca75ac584a6bec,MIT,permissive,LICENSE (SPDX MIT via the GitHub licence API),,0,,,not_examined,stopped after 1 files from this repository; 40 not read,capped_repo_pass,,,round1b_file_capped_repositories,,
ehmoussi/code_aster,34161d7955a653fc38bafe5de09903d3755dbba4,GPL-3.0,copyleft,LICENSE.txt (SPDX GPL-3.0 via the GitHub licence API),astest/umat001a.f,7300,,,no_umat_entry,"Fortran, but it declares no SUBROUTINE UMAT",capped_repo_pass,,,round1b_file_capped_repositories,,
ehmoussi/code_aster,34161d7955a653fc38bafe5de09903d3755dbba4,GPL-3.0,copyleft,LICENSE.txt (SPDX GPL-3.0 via the GitHub licence API),astest/umat002a.f,7227,,,no_umat_entry,"Fortran, but it declares no SUBROUTINE UMAT",capped_repo_pass,,,round1b_file_capped_repositories,,
ehmoussi/code_aster,34161d7955a653fc38bafe5de09903d3755dbba4,GPL-3.0,copyleft,LICENSE.txt (SPDX GPL-3.0 via the GitHub licence API),bibfor/comport/umatPrepareStrain.F90,2908,,,no_umat_entry,"Fortran, but it declares no SUBROUTINE UMAT",capped_repo_pass,,,round1b_file_capped_repositories,,
ehmoussi/code_aster,34161d7955a653fc38bafe5de09903d3755dbba4,GPL-3.0,copyleft,LICENSE.txt (SPDX GPL-3.0 via the GitHub licence API),bibfor/algeline/almulr.F90,2678,,,no_umat_entry,"Fortran, but it declares no SUBROUTINE UMAT",capped_repo_pass,,,round1b_file_capped_repositories,,
ehmoussi/code_aster,34161d7955a653fc38bafe5de09903d3755dbba4,GPL-3.0,copyleft,LICENSE.txt (SPDX GPL-3.0 via the GitHub licence API),bibfor/algeline/amdapt.F90,6418,,,no_umat_entry,"Fortran, but it declares no SUBROUTINE UMAT",capped_repo_pass,,,round1b_file_capped_repositories,,
ehmoussi/code_aster,34161d7955a653fc38bafe5de09903d3755dbba4,GPL-3.0,copyleft,LICENSE.txt (SPDX GPL-3.0 via the GitHub licence API),bibfor/algeline/amdbar.F90,55588,,,no_umat_entry,"Fortran, but it declares no SUBROUTINE UMAT",capped_repo_pass,,,round1b_file_capped_repositories,,
ehmoussi/code_aster,34161d7955a653fc38bafe5de09903d3755dbba4,GPL-3.0,copyleft,LICENSE.txt (SPDX GPL-3.0 via the GitHub licence API),bibfor/algeline/amogen.F90,5753,,,no_umat_entry,"Fortran, but it declares no SUBROUTINE UMAT",capped_repo_pass,,,round1b_file_capped_repositories,,
ehmoussi/code_aster,34161d7955a653fc38bafe5de09903d3755dbba4,GPL-3.0,copyleft,LICENSE.txt (SPDX GPL-3.0 via the GitHub licence API),,0,,,not_examined,stopped after 7 files from this repository; 8210 not read,capped_repo_pass,,,round1b_file_capped_repositories,,
sahmotaman/TMM-FE-Simulation,c6833805ae61ab79e13e82dd240ef8ad40290e35,GPL-3.0,copyleft,LICENSE (SPDX GPL-3.0 via the GitHub licence API),Abaqus User Material Subroutines/Abaqus Standard - UMAT/UMAT - Strain-based Return Mapping - Fully-Implicit/umat_subroutine.for,24267,401e00b00ceaf41780634e0a8419d8ed0cbd89280ce56906c4dc0fe8154c02c6,d5c6b807f0bc67591682035e2eede13250bd53d833a1956c122e1b92b5ac3805,already_known,"the same implementation as discovery_cache/sahmotaman__TMM-FE-Simulation/Abaqus User Material Subroutines/Abaqus Standard - UMAT/UMAT - Strain-based Return Mapping - Fully-Implicit/umat_subroutine.for, which this collection already counts",capped_repo_pass,,,round1b_file_capped_repositories,,
sahmotaman/TMM-FE-Simulation,c6833805ae61ab79e13e82dd240ef8ad40290e35,GPL-3.0,copyleft,LICENSE (SPDX GPL-3.0 via the GitHub licence API),Abaqus User Material Subroutines/Abaqus Standard - UMAT/UMAT - Strain-based Return Mapping - Semi-Implicit/umat_subroutine.for,22425,2bb2b74325fb924d47bee3e32d4d58abefbb057399616961796f43b2ee309b2c,767c8ec9cad9e99d87fff206b3f3017c5fd00d28538bd06bf2e1d3349126fb7f,already_known,"the same implementation as discovery_cache/sahmotaman__TMM-FE-Simulation/Abaqus User Material Subroutines/Abaqus Standard - UMAT/UMAT - Strain-based Return Mapping - Semi-Implicit/umat_subroutine.for, which this collection already counts",capped_repo_pass,,,round1b_file_capped_repositories,,
sahmotaman/TMM-FE-Simulation,c6833805ae61ab79e13e82dd240ef8ad40290e35,GPL-3.0,copyleft,LICENSE (SPDX GPL-3.0 via the GitHub licence API),Abaqus User Material Subroutines/Abaqus Standard - UMAT/UMAT - Stress-based Return Mapping - Fully-Implicit/umat_subroutine.for,22977,d9578e2879d7720f9bde032914cd8c2abc148f3d1d1c87af574634c55b1226e0,cba735ea49378754bab0bc367ec0ad6d664d8d40851ab22c33114075b062d92e,already_known,"the same implementation as discovery_cache/sahmotaman__TMM-FE-Simulation/Abaqus User Material Subroutines/Abaqus Standard - UMAT/UMAT - Stress-based Return Mapping - Fully-Implicit/umat_subroutine.for, which this collection already counts",capped_repo_pass,,,round1b_file_capped_repositories,,
sahmotaman/TMM-FE-Simulation,c6833805ae61ab79e13e82dd240ef8ad40290e35,GPL-3.0,copyleft,LICENSE (SPDX GPL-3.0 via the GitHub licence API),Abaqus User Material Subroutines/Abaqus Standard - UMAT/UMAT - Stress-based Return Mapping - Semi-Implicit/umat_subroutine.for,21549,cb75f07351f1baed630bc4d5fd701ad635fd3f3f4b0d89a78872d1ebd28d95ae,472e0304f266a24ae3e486363a18670c28d65ca7bb51c908788ca28706224b80,already_known,"the same implementation as discovery_cache/sahmotaman__TMM-FE-Simulation/Abaqus User Material Subroutines/Abaqus Standard - UMAT/UMAT - Stress-based Return Mapping - Semi-Implicit/umat_subroutine.for, which this collection already counts",capped_repo_pass,,,round1b_file_capped_repositories,,
sahmotaman/TMM-FE-Simulation,c6833805ae61ab79e13e82dd240ef8ad40290e35,GPL-3.0,copyleft,LICENSE (SPDX GPL-3.0 via the GitHub licence API),,0,,,not_examined,stopped after 4 files from this repository; 32 not read,capped_repo_pass,,,round1b_file_capped_repositories,,
FrontISTR/FrontISTR,cce239740f9ab8053998ea01d1563fd17a4b6949,MIT,permissive,License.txt (SPDX MIT via the GitHub licence API),fistr1/src/lib/user/umat.f90,2042,,,no_umat_entry,"Fortran, but it declares no SUBROUTINE UMAT",capped_repo_pass,,,round1b_file_capped_repositories,,
FrontISTR/FrontISTR,cce239740f9ab8053998ea01d1563fd17a4b6949,MIT,permissive,License.txt (SPDX MIT via the GitHub licence API),,0,,,not_examined,stopped after 1 files from this repository; 347 not read,capped_repo_pass,,,round1b_file_capped_repositories,,
aziccarelli/acz_source,c2694173f835ce8874e8c6cb63da9644c268371f,MIT,permissive,LICENSE (SPDX MIT inferred from the licence text; GitHub's API reported no identifier for this file),user_routines_umat.f,29586,48449dd8dbf6ddb61fb1700c448fc593776d6be13e343b584e670bbcfad9ac7c,d3ac7425706489e9e2c95df29e70fbd0588a702299344ced67417a3f4017660f,already_known,"the same implementation as staging_cache/aziccarelli__acz_source/user_routines_umat.f, which this collection already counts",capped_repo_pass,,,round1b_file_capped_repositories,,
aziccarelli/acz_source,c2694173f835ce8874e8c6cb63da9644c268371f,MIT,permissive,LICENSE (SPDX MIT inferred from the licence text; GitHub's API reported no identifier for this file),,0,,,not_examined,stopped after 1 files from this repository; 231 not read,capped_repo_pass,,,round1b_file_capped_repositories,,
Krande/code-aster-copy,5f2556a0cb71bae14871734e76f2efba1e58d4af,GPL-3.0,copyleft,LICENSE (SPDX GPL-3.0 via the GitHub licence API),astest/umat001a.f,7296,,,no_umat_entry,"Fortran, but it declares no SUBROUTINE UMAT",capped_repo_pass,,,round1b_file_capped_repositories,,
Krande/code-aster-copy,5f2556a0cb71bae14871734e76f2efba1e58d4af,GPL-3.0,copyleft,LICENSE (SPDX GPL-3.0 via the GitHub licence API),astest/umat002a.f,7223,,,no_umat_entry,"Fortran, but it declares no SUBROUTINE UMAT",capped_repo_pass,,,round1b_file_capped_repositories,,
Krande/code-aster-copy,5f2556a0cb71bae14871734e76f2efba1e58d4af,GPL-3.0,copyleft,LICENSE (SPDX GPL-3.0 via the GitHub licence API),bibfor/comport/umatPrepareStrain.F90,3313,,,no_umat_entry,"Fortran, but it declares no SUBROUTINE UMAT",capped_repo_pass,,,round1b_file_capped_repositories,,
Krande/code-aster-copy,5f2556a0cb71bae14871734e76f2efba1e58d4af,GPL-3.0,copyleft,LICENSE (SPDX GPL-3.0 via the GitHub licence API),bibfor/algeline/addMatrAsse.F90,3038,,,no_umat_entry,"Fortran, but it declares no SUBROUTINE UMAT",capped_repo_pass,,,round1b_file_capped_repositories,,
Krande/code-aster-copy,5f2556a0cb71bae14871734e76f2efba1e58d4af,GPL-3.0,copyleft,LICENSE (SPDX GPL-3.0 via the GitHub licence API),bibfor/algeline/almulr.F90,2694,,,no_umat_entry,"Fortran, but it declares no SUBROUTINE UMAT",capped_repo_pass,,,round1b_file_capped_repositories,,
Krande/code-aster-copy,5f2556a0cb71bae14871734e76f2efba1e58d4af,GPL-3.0,copyleft,LICENSE (SPDX GPL-3.0 via the GitHub licence API),bibfor/algeline/amdapt.F90,6352,,,no_umat_entry,"Fortran, but it declares no SUBROUTINE UMAT",capped_repo_pass,,,round1b_file_capped_repositories,,
Krande/code-aster-copy,5f2556a0cb71bae14871734e76f2efba1e58d4af,GPL-3.0,copyleft,LICENSE (SPDX GPL-3.0 via the GitHub licence API),bibfor/algeline/amdbar.F90,55292,,,no_umat_entry,"Fortran, but it declares no SUBROUTINE UMAT",capped_repo_pass,,,round1b_file_capped_repositories,,
Krande/code-aster-copy,5f2556a0cb71bae14871734e76f2efba1e58d4af,GPL-3.0,copyleft,LICENSE (SPDX GPL-3.0 via the GitHub licence API),,0,,,not_examined,stopped after 7 files from this repository; 8055 not read,capped_repo_pass,,,round1b_file_capped_repositories,,
xdbc/codeAster,292d95fe5afb9a516fbcac1c70afdb965f5cdfce,GPL-3.0,copyleft,LICENSE (SPDX GPL-3.0 via the GitHub licence API),astest/umat001a.f,7300,,,no_umat_entry,"Fortran, but it declares no SUBROUTINE UMAT",capped_repo_pass,,,round1b_file_capped_repositories,,
xdbc/codeAster,292d95fe5afb9a516fbcac1c70afdb965f5cdfce,GPL-3.0,copyleft,LICENSE (SPDX GPL-3.0 via the GitHub licence API),astest/umat002a.f,7227,,,no_umat_entry,"Fortran, but it declares no SUBROUTINE UMAT",capped_repo_pass,,,round1b_file_capped_repositories,,
xdbc/codeAster,292d95fe5afb9a516fbcac1c70afdb965f5cdfce,GPL-3.0,copyleft,LICENSE (SPDX GPL-3.0 via the GitHub licence API),bibfor/comport/umatPrepareStrain.F90,3317,,,no_umat_entry,"Fortran, but it declares no SUBROUTINE UMAT",capped_repo_pass,,,round1b_file_capped_repositories,,
xdbc/codeAster,292d95fe5afb9a516fbcac1c70afdb965f5cdfce,GPL-3.0,copyleft,LICENSE (SPDX GPL-3.0 via the GitHub licence API),bibfor/algeline/addMatrAsse.F90,3042,,,no_umat_entry,"Fortran, but it declares no SUBROUTINE UMAT",capped_repo_pass,,,round1b_file_capped_repositories,,
xdbc/codeAster,292d95fe5afb9a516fbcac1c70afdb965f5cdfce,GPL-3.0,copyleft,LICENSE (SPDX GPL-3.0 via the GitHub licence API),bibfor/algeline/almulr.F90,2698,,,no_umat_entry,"Fortran, but it declares no SUBROUTINE UMAT",capped_repo_pass,,,round1b_file_capped_repositories,,
xdbc/codeAster,292d95fe5afb9a516fbcac1c70afdb965f5cdfce,GPL-3.0,copyleft,LICENSE (SPDX GPL-3.0 via the GitHub licence API),bibfor/algeline/amdapt.F90,6402,,,no_umat_entry,"Fortran, but it declares no SUBROUTINE UMAT",capped_repo_pass,,,round1b_file_capped_repositories,,
xdbc/codeAster,292d95fe5afb9a516fbcac1c70afdb965f5cdfce,GPL-3.0,copyleft,LICENSE (SPDX GPL-3.0 via the GitHub licence API),bibfor/algeline/amdbar.F90,55342,,,no_umat_entry,"Fortran, but it declares no SUBROUTINE UMAT",capped_repo_pass,,,round1b_file_capped_repositories,,
xdbc/codeAster,292d95fe5afb9a516fbcac1c70afdb965f5cdfce,GPL-3.0,copyleft,LICENSE (SPDX GPL-3.0 via the GitHub licence API),,0,,,not_examined,stopped after 7 files from this repository; 7958 not read,capped_repo_pass,,,round1b_file_capped_repositories,,
fkfest/NECI_STABLE,6765ae0a46a3ccf189450dc516dd79ba0fb083d1,GPL-3.0,copyleft,LICENCE (SPDX GPL-3.0 via the GitHub licence API),src/LMat_class.F90,35255,,,no_umat_entry,"Fortran, but it declares no SUBROUTINE UMAT",capped_repo_pass,,,round1b_file_capped_repositories,,
fkfest/NECI_STABLE,6765ae0a46a3ccf189450dc516dd79ba0fb083d1,GPL-3.0,copyleft,LICENCE (SPDX GPL-3.0 via the GitHub licence API),,0,,,not_examined,stopped after 1 files from this repository; 348 not read,capped_repo_pass,,,round1b_file_capped_repositories,,
EngLPat/local-global-graph-transformer,dbb0ab14c048154321a5f18cfb9c61694077dd47,BSD-3-Clause,permissive,LICENSE (SPDX BSD-3-Clause via the GitHub licence API),,0,,,no_fortran,its tree lists no Fortran file and no file the search matched,deck_user_material,,,round2_size_partitioned_and_deck_first,,
nasa/CompDam_DGD,,,,LICENSE.txt present but neither GitHub nor a text match identified a licence,,0,,,licence_absent,"no licence is declared, so nothing may be redistributed from it; a repository without a LICENSE file is refused, not assumed permissive; recorded and not fetched",deck_user_material,,,round2_size_partitioned_and_deck_first,,
calculix/examples,,,,no LICENSE file detected by the GitHub API,,0,,,licence_absent,"no licence is declared, so nothing may be redistributed from it; a repository without a LICENSE file is refused, not assumed permissive; recorded and not fetched",deck_user_material,,,round2_size_partitioned_and_deck_first,,
meiannnnn/coe-final-project,,,,no LICENSE file detected by the GitHub API,,0,,,licence_absent,"no licence is declared, so nothing may be redistributed from it; a repository without a LICENSE file is refused, not assumed permissive; recorded and not fetched",deck_user_material,,,round2_size_partitioned_and_deck_first,,
hzhangolemiss/VUMAT-DSGZs,8dddc18d9545d91457c2209d636b47cc1fb06044,MIT,permissive,LICENSE (SPDX MIT via the GitHub licence API),VUMAT/FuncgDSGZ.f,10756,,,no_umat_entry,"Fortran, but it declares no SUBROUTINE UMAT",deck_user_material,,,round2_size_partitioned_and_deck_first,,
hzhangolemiss/VUMAT-DSGZs,8dddc18d9545d91457c2209d636b47cc1fb06044,MIT,permissive,LICENSE (SPDX MIT via the GitHub licence API),VUMAT/VUMAT-gDSGZ-SNRwBi.f,25133,,,no_umat_entry,declares a VUMAT and no UMAT; the explicit interface is out of scope,deck_user_material,,,round2_size_partitioned_and_deck_first,,
hzhangolemiss/VUMAT-DSGZs,8dddc18d9545d91457c2209d636b47cc1fb06044,MIT,permissive,LICENSE (SPDX MIT via the GitHub licence API),VUMAT/VUMAT-gDSGZ-SNRwBiNUM.f,22842,,,no_umat_entry,declares a VUMAT and no UMAT; the explicit interface is out of scope,deck_user_material,,,round2_size_partitioned_and_deck_first,,
hzhangolemiss/VUMAT-DSGZs,8dddc18d9545d91457c2209d636b47cc1fb06044,MIT,permissive,LICENSE (SPDX MIT via the GitHub licence API),VUMAT/VUMAT-mDSGZ-SNRwBiNUM.f,21793,,,no_umat_entry,declares a VUMAT and no UMAT; the explicit interface is out of scope,deck_user_material,,,round2_size_partitioned_and_deck_first,,
Konstantin8105/f4go,568775fd7b9b26ab28e653c9ccc8cc2fb7e1548c,MIT,permissive,LICENSE (SPDX MIT via the GitHub licence API),testdata/feappv-master/user/umati0.f,1264,,,no_umat_entry,"Fortran, but it declares no SUBROUTINE UMAT",size_<4000,,,round2_size_partitioned_and_deck_first,,
Konstantin8105/f4go,568775fd7b9b26ab28e653c9ccc8cc2fb7e1548c,MIT,permissive,LICENSE (SPDX MIT via the GitHub licence API),testdata/feappv-master/user/umati1.f,1264,,,no_umat_entry,"Fortran, but it declares no SUBROUTINE UMAT",size_<4000,,,round2_size_partitioned_and_deck_first,,
Konstantin8105/f4go,568775fd7b9b26ab28e653c9ccc8cc2fb7e1548c,MIT,permissive,LICENSE (SPDX MIT via the GitHub licence API),testdata/feappv-master/user/umati2.f,1260,,,no_umat_entry,"Fortran, but it declares no SUBROUTINE UMAT",size_<4000,,,round2_size_partitioned_and_deck_first,,
Konstantin8105/f4go,568775fd7b9b26ab28e653c9ccc8cc2fb7e1548c,MIT,permissive,LICENSE (SPDX MIT via the GitHub licence API),testdata/feappv-master/user/umati3.f,1261,,,no_umat_entry,"Fortran, but it declares no SUBROUTINE UMAT",size_<4000,,,round2_size_partitioned_and_deck_first,,
Konstantin8105/f4go,568775fd7b9b26ab28e653c9ccc8cc2fb7e1548c,MIT,permissive,LICENSE (SPDX MIT via the GitHub licence API),testdata/feappv-master/user/umati4.f,1260,,,no_umat_entry,"Fortran, but it declares no SUBROUTINE UMAT",size_<4000,,,round2_size_partitioned_and_deck_first,,
Konstantin8105/f4go,568775fd7b9b26ab28e653c9ccc8cc2fb7e1548c,MIT,permissive,LICENSE (SPDX MIT via the GitHub licence API),testdata/feappv-master/user/umati5.f,1260,,,no_umat_entry,"Fortran, but it declares no SUBROUTINE UMAT",size_<4000,,,round2_size_partitioned_and_deck_first,,
Konstantin8105/f4go,568775fd7b9b26ab28e653c9ccc8cc2fb7e1548c,MIT,permissive,LICENSE (SPDX MIT via the GitHub licence API),testdata/feappv-master/user/umatl0.f,1793,,,no_umat_entry,"Fortran, but it declares no SUBROUTINE UMAT",size_<4000,,,round2_size_partitioned_and_deck_first,,
Konstantin8105/f4go,568775fd7b9b26ab28e653c9ccc8cc2fb7e1548c,MIT,permissive,LICENSE (SPDX MIT via the GitHub licence API),testdata/feappv-master/user/umatl1.f,1793,,,no_umat_entry,"Fortran, but it declares no SUBROUTINE UMAT",size_<4000,,,round2_size_partitioned_and_deck_first,,
Konstantin8105/f4go,568775fd7b9b26ab28e653c9ccc8cc2fb7e1548c,MIT,permissive,LICENSE (SPDX MIT via the GitHub licence API),testdata/feappv-master/user/umatl2.f,1793,,,no_umat_entry,"Fortran, but it declares no SUBROUTINE UMAT",size_<4000,,,round2_size_partitioned_and_deck_first,,
Konstantin8105/f4go,568775fd7b9b26ab28e653c9ccc8cc2fb7e1548c,MIT,permissive,LICENSE (SPDX MIT via the GitHub licence API),testdata/feappv-master/user/umatl3.f,1793,,,no_umat_entry,"Fortran, but it declares no SUBROUTINE UMAT",size_<4000,,,round2_size_partitioned_and_deck_first,,
Konstantin8105/f4go,568775fd7b9b26ab28e653c9ccc8cc2fb7e1548c,MIT,permissive,LICENSE (SPDX MIT via the GitHub licence API),testdata/feappv-master/user/umatl4.f,1793,,,no_umat_entry,"Fortran, but it declares no SUBROUTINE UMAT",size_<4000,,,round2_size_partitioned_and_deck_first,,
Konstantin8105/f4go,568775fd7b9b26ab28e653c9ccc8cc2fb7e1548c,MIT,permissive,LICENSE (SPDX MIT via the GitHub licence API),testdata/feappv-master/user/umatl5.f,1793,,,no_umat_entry,"Fortran, but it declares no SUBROUTINE UMAT",size_<4000,,,round2_size_partitioned_and_deck_first,,
Konstantin8105/f4go,568775fd7b9b26ab28e653c9ccc8cc2fb7e1548c,MIT,permissive,LICENSE (SPDX MIT via the GitHub licence API),testdata/feappv-master/elements/frame/frame2d.f,50547,,,no_umat_entry,"Fortran, but it declares no SUBROUTINE UMAT",size_<4000,,,round2_size_partitioned_and_deck_first,,
Konstantin8105/f4go,568775fd7b9b26ab28e653c9ccc8cc2fb7e1548c,MIT,permissive,LICENSE (SPDX MIT via the GitHub licence API),testdata/feappv-master/elements/frame/frame3d.f,20498,,,no_umat_entry,"Fortran, but it declares no SUBROUTINE UMAT",size_<4000,,,round2_size_partitioned_and_deck_first,,
Konstantin8105/f4go,568775fd7b9b26ab28e653c9ccc8cc2fb7e1548c,MIT,permissive,LICENSE (SPDX MIT via the GitHub licence API),testdata/feappv-master/elements/frame/pointnd.f,2692,,,no_umat_entry,"Fortran, but it declares no SUBROUTINE UMAT",size_<4000,,,round2_size_partitioned_and_deck_first,,
Konstantin8105/f4go,568775fd7b9b26ab28e653c9ccc8cc2fb7e1548c,MIT,permissive,LICENSE (SPDX MIT via the GitHub licence API),testdata/feappv-master/elements/frame/trussnd.f,12783,,,no_umat_entry,"Fortran, but it declares no SUBROUTINE UMAT",size_<4000,,,round2_size_partitioned_and_deck_first,,
Konstantin8105/f4go,568775fd7b9b26ab28e653c9ccc8cc2fb7e1548c,MIT,permissive,LICENSE (SPDX MIT via the GitHub licence API),testdata/feappv-master/elements/material/material.f,102109,,,no_umat_entry,"Fortran, but it declares no SUBROUTINE UMAT",size_<4000,,,round2_size_partitioned_and_deck_first,,
Konstantin8105/f4go,568775fd7b9b26ab28e653c9ccc8cc2fb7e1548c,MIT,permissive,LICENSE (SPDX MIT via the GitHub licence API),testdata/feappv-master/elements/material/rvemat.f,1772,,,no_umat_entry,"Fortran, but it declares no SUBROUTINE UMAT",size_<4000,,,round2_size_partitioned_and_deck_first,,
Konstantin8105/f4go,568775fd7b9b26ab28e653c9ccc8cc2fb7e1548c,MIT,permissive,LICENSE (SPDX MIT via the GitHub licence API),testdata/feappv-master/elements/material/srvemat.f,1764,,,no_umat_entry,"Fortran, but it declares no SUBROUTINE UMAT",size_<4000,,,round2_size_partitioned_and_deck_first,,
Konstantin8105/f4go,568775fd7b9b26ab28e653c9ccc8cc2fb7e1548c,MIT,permissive,LICENSE (SPDX MIT via the GitHub licence API),testdata/feappv-master/elements/shells/membr3d.f,12564,,,no_umat_entry,"Fortran, but it declares no SUBROUTINE UMAT",size_<4000,,,round2_size_partitioned_and_deck_first,,
Konstantin8105/f4go,568775fd7b9b26ab28e653c9ccc8cc2fb7e1548c,MIT,permissive,LICENSE (SPDX MIT via the GitHub licence API),testdata/feappv-master/elements/shells/plate2d.f,45230,,,no_umat_entry,"Fortran, but it declares no SUBROUTINE UMAT",size_<4000,,,round2_size_partitioned_and_deck_first,,
Konstantin8105/f4go,568775fd7b9b26ab28e653c9ccc8cc2fb7e1548c,MIT,permissive,LICENSE (SPDX MIT via the GitHub licence API),testdata/feappv-master/elements/shells/shell2d.f,24131,,,no_umat_entry,"Fortran, but it declares no SUBROUTINE UMAT",size_<4000,,,round2_size_partitioned_and_deck_first,,
Konstantin8105/f4go,568775fd7b9b26ab28e653c9ccc8cc2fb7e1548c,MIT,permissive,LICENSE (SPDX MIT via the GitHub licence API),testdata/feappv-master/elements/shells/shell3d.f,59441,,,no_umat_entry,"Fortran, but it declares no SUBROUTINE UMAT",size_<4000,,,round2_size_partitioned_and_deck_first,,
Konstantin8105/f4go,568775fd7b9b26ab28e653c9ccc8cc2fb7e1548c,MIT,permissive,LICENSE (SPDX MIT via the GitHub licence API),testdata/feappv-master/elements/solid1d/bbar1s.f,4894,,,no_umat_entry,"Fortran, but it declares no SUBROUTINE UMAT",size_<4000,,,round2_size_partitioned_and_deck_first,,
Konstantin8105/f4go,568775fd7b9b26ab28e653c9ccc8cc2fb7e1548c,MIT,permissive,LICENSE (SPDX MIT via the GitHub licence API),testdata/feappv-master/elements/solid1d/interp1d.f,1192,,,no_umat_entry,"Fortran, but it declares no SUBROUTINE UMAT",size_<4000,,,round2_size_partitioned_and_deck_first,,
Konstantin8105/f4go,568775fd7b9b26ab28e653c9ccc8cc2fb7e1548c,MIT,permissive,LICENSE (SPDX MIT via the GitHub licence API),,0,,,not_examined,stopped after 25 files from this repository; 4172 not read,size_<4000,,,round2_size_partitioned_and_deck_first,,
PavelGld/Crystal-plasticity-basic-models,c7ef3939ebcdb406f4a93042bc2dce698250b4f7,Apache-2.0,permissive,LICENSE.txt (SPDX Apache-2.0 via the GitHub licence API),,0,,,no_fortran,its tree lists no Fortran file and no file the search matched,deck_user_material,,,round2_size_partitioned_and_deck_first,,
Dr-Ning-An/ebm-abaqus,eb9c1913bf418111b476c12ab0338115e07d6027,MIT,permissive,LICENSE (SPDX MIT via the GitHub licence API),ebm-am-demo/full-model/umatht_dflux.for,7313,,,no_umat_entry,"Fortran, but it declares no SUBROUTINE UMAT",size_4000..8000,,,round2_size_partitioned_and_deck_first,,
Dr-Ning-An/ebm-abaqus,eb9c1913bf418111b476c12ab0338115e07d6027,MIT,permissive,LICENSE (SPDX MIT via the GitHub licence API),ebm-am-demo/reduced-model/umatht_dflux.for,7629,,,no_umat_entry,"Fortran, but it declares no SUBROUTINE UMAT",size_4000..8000,,,round2_size_partitioned_and_deck_first,,
Dr-Ning-An/ebm-abaqus,eb9c1913bf418111b476c12ab0338115e07d6027,MIT,permissive,LICENSE (SPDX MIT via the GitHub licence API),powder-liquid-solid/Gaussian/umatht_dflux.for,7101,,,no_umat_entry,"Fortran, but it declares no SUBROUTINE UMAT",size_4000..8000,,,round2_size_partitioned_and_deck_first,,
Dr-Ning-An/ebm-abaqus,eb9c1913bf418111b476c12ab0338115e07d6027,MIT,permissive,LICENSE (SPDX MIT via the GitHub licence API),powder-liquid-solid/Goldak/dflux + umatht/umatht_dflux_goldak.for,7232,,,no_umat_entry,"Fortran, but it declares no SUBROUTINE UMAT",size_4000..8000,,,round2_size_partitioned_and_deck_first,,
Dr-Ning-An/ebm-abaqus,eb9c1913bf418111b476c12ab0338115e07d6027,MIT,permissive,LICENSE (SPDX MIT via the GitHub licence API),powder-liquid-solid/Goldak/umatht + am modeler/umatht_dflux.for,7101,,,no_umat_entry,"Fortran, but it declares no SUBROUTINE UMAT",size_4000..8000,,,round2_size_partitioned_and_deck_first,,
Dr-Ning-An/ebm-abaqus,eb9c1913bf418111b476c12ab0338115e07d6027,MIT,permissive,LICENSE (SPDX MIT via the GitHub licence API),solid-liquid-solid/dflux + umatht/umatht_verification.for,5518,,,no_umat_entry,"Fortran, but it declares no SUBROUTINE UMAT",size_4000..8000,,,round2_size_partitioned_and_deck_first,,
Dr-Ning-An/ebm-abaqus,eb9c1913bf418111b476c12ab0338115e07d6027,MIT,permissive,LICENSE (SPDX MIT via the GitHub licence API),solid-liquid-solid/dflux + abaqus gui/udflux_mmSI.for,898,,,no_umat_entry,"Fortran, but it declares no SUBROUTINE UMAT",size_4000..8000,,,round2_size_partitioned_and_deck_first,,
ep-infosec/28_nasa_abaverify,,,,LICENSE.txt present but neither GitHub nor a text match identified a licence,,0,,,licence_absent,"no licence is declared, so nothing may be redistributed from it; a repository without a LICENSE file is refused, not assumed permissive; recorded and not fetched",size_<4000,,,round2_size_partitioned_and_deck_first,,
nasa/abaverify,,,,LICENSE.txt present but neither GitHub nor a text match identified a licence,,0,,,licence_absent,"no licence is declared, so nothing may be redistributed from it; a repository without a LICENSE file is refused, not assumed permissive; recorded and not fetched",size_<4000,,,round2_size_partitioned_and_deck_first,,
Konstantin8105/inp,18f32872972904b4d7b0cfb9cd8cb9d324147aba,MIT,permissive,LICENSE (SPDX MIT via the GitHub licence API),testdata/opt1.f,1935,,,no_umat_entry,"Fortran, but it declares no SUBROUTINE UMAT",deck_user_material,,,round2_size_partitioned_and_deck_first,,
Konstantin8105/inp,18f32872972904b4d7b0cfb9cd8cb9d324147aba,MIT,permissive,LICENSE (SPDX MIT via the GitHub licence API),testdata/opt2.f,1070,,,no_umat_entry,"Fortran, but it declares no SUBROUTINE UMAT",deck_user_material,,,round2_size_partitioned_and_deck_first,,
IshaanDesai/two-scale-mechanics,dc06b82c6129b81aa7b70bce115a54413dfb3587,LGPL-3.0,copyleft,LICENSE (SPDX LGPL-3.0 via the GitHub licence API),meso-abaqus-crossply/VUMAT.f,8019,,,no_umat_entry,declares a VUMAT and no UMAT; the explicit interface is out of scope,deck_user_material,,,round2_size_partitioned_and_deck_first,,
IshaanDesai/two-scale-mechanics,dc06b82c6129b81aa7b70bce115a54413dfb3587,LGPL-3.0,copyleft,LICENSE (SPDX LGPL-3.0 via the GitHub licence API),meso-abaqus-crossply/VUMAT_ORIGINAL.f,4921,,,no_umat_entry,declares a VUMAT and no UMAT; the explicit interface is out of scope,deck_user_material,,,round2_size_partitioned_and_deck_first,,
IshaanDesai/two-scale-mechanics,dc06b82c6129b81aa7b70bce115a54413dfb3587,LGPL-3.0,copyleft,LICENSE (SPDX LGPL-3.0 via the GitHub licence API),meso-abaqus-crossply/VEXTERNALDB_AND_VUMAT.f,13603,,,no_umat_entry,declares a VUMAT and no UMAT; the explicit interface is out of scope,deck_user_material,,,round2_size_partitioned_and_deck_first,,
IshaanDesai/two-scale-mechanics,dc06b82c6129b81aa7b70bce115a54413dfb3587,LGPL-3.0,copyleft,LICENSE (SPDX LGPL-3.0 via the GitHub licence API),meso-abaqus-crossply/get_strains.f,2140,,,no_umat_entry,"Fortran, but it declares no SUBROUTINE UMAT",deck_user_material,,,round2_size_partitioned_and_deck_first,,
IshaanDesai/two-scale-mechanics,dc06b82c6129b81aa7b70bce115a54413dfb3587,LGPL-3.0,copyleft,LICENSE (SPDX LGPL-3.0 via the GitHub licence API),meso-abaqus-crossply/material_model.f,2106,,,no_umat_entry,"Fortran, but it declares no SUBROUTINE UMAT",deck_user_material,,,round2_size_partitioned_and_deck_first,,
JayZAalto/MachineLearningDuctileLocus,,,,no LICENSE file detected by the GitHub API,,0,,,licence_absent,"no licence is declared, so nothing may be redistributed from it; a repository without a LICENSE file is refused, not assumed permissive; recorded and not fetched",deck_user_material,,,round2_size_partitioned_and_deck_first,,
KianAghani/UEL,,,,no LICENSE file detected by the GitHub API,,0,,,licence_absent,"no licence is declared, so nothing may be redistributed from it; a repository without a LICENSE file is refused, not assumed permissive; recorded and not fetched",size_4000..8000,,,round2_size_partitioned_and_deck_first,,
MCM-QMUL/CDM_COMP,e952286cb36bd1e86dadd6e6688ea1bf0c4dbb41,MIT,permissive,LICENSE (SPDX MIT inferred from the licence text; GitHub's API reported no identifier for this file),CDM_HPC/Code/vumat.for,7016,,,no_umat_entry,declares a VUMAT and no UMAT; the explicit interface is out of scope,deck_user_material,,,round2_size_partitioned_and_deck_first,,
MCM-QMUL/CDM_COMP,e952286cb36bd1e86dadd6e6688ea1bf0c4dbb41,MIT,permissive,LICENSE (SPDX MIT inferred from the licence text; GitHub's API reported no identifier for this file),CDM_HPC/Code/k_biaxial.for,3786,,,no_umat_entry,"Fortran, but it declares no SUBROUTINE UMAT",deck_user_material,,,round2_size_partitioned_and_deck_first,,
MCM-QMUL/CDM_COMP,e952286cb36bd1e86dadd6e6688ea1bf0c4dbb41,MIT,permissive,LICENSE (SPDX MIT inferred from the licence text; GitHub's API reported no identifier for this file),CDM_HPC/Code/k_mf_analysis.for,1540,,,no_umat_entry,"Fortran, but it declares no SUBROUTINE UMAT",deck_user_material,,,round2_size_partitioned_and_deck_first,,
MCM-QMUL/CDM_COMP,e952286cb36bd1e86dadd6e6688ea1bf0c4dbb41,MIT,permissive,LICENSE (SPDX MIT inferred from the licence text; GitHub's API reported no identifier for this file),CDM_HPC/Code/k_utilities.for,2595,,,no_umat_entry,"Fortran, but it declares no SUBROUTINE UMAT",deck_user_material,,,round2_size_partitioned_and_deck_first,,
wr1/frd2vtu,278222ebac76d0b2793c04350c2f8dc60a854f64,MIT,permissive,LICENSE (SPDX MIT via the GitHub licence API),,0,,,no_fortran,its tree lists no Fortran file and no file the search matched,deck_user_material,,,round2_size_partitioned_and_deck_first,,
EralpDemir/Composite-Materials,,,,no LICENSE file detected by the GitHub API,,0,,,licence_absent,"no licence is declared, so nothing may be redistributed from it; a repository without a LICENSE file is refused, not assumed permissive; recorded and not fetched",size_4000..8000,,,round2_size_partitioned_and_deck_first,,
FrankHan/DAMASK,f69f941ebc9bd2666babc7783390efc7460dd84e,GPL-3.0-or-later,copyleft,LICENSE (SPDX GPL-3.0-or-later inferred from the licence text; GitHub's API reported no identifier for this file),code/DAMASK_abaqus_std.f,19445,4b3c856804ab9bb9acfc537a921f035478f64b151d4cffe3a760cc531eb17f10,fd5e0f05987771b25fbd22c595622dd910373cec37fd8e6b4bb84d408c46ad43,candidate,"distinct, licensed GPL-3.0-or-later (copyleft), declares a UMAT entry point; not yet transformed or verified",size_14000..25000,FrankHan__DAMASK/code/DAMASK_abaqus_std.f,examples/AbaqusStandard/Job_sx-px.inp,round2_size_partitioned_and_deck_first,reject,not_self_contained: DAMASK Abaqus interface: the UMAT forwards to the DAMASK library (CPFEM/materialpoint modules) built separately; not a self-contained UMAT
FrankHan/DAMASK,f69f941ebc9bd2666babc7783390efc7460dd84e,GPL-3.0-or-later,copyleft,LICENSE (SPDX GPL-3.0-or-later inferred from the licence text; GitHub's API reported no identifier for this file),code/CPFEM.f90,30294,,,no_umat_entry,"Fortran, but it declares no SUBROUTINE UMAT",size_14000..25000,,,round2_size_partitioned_and_deck_first,,
FrankHan/DAMASK,f69f941ebc9bd2666babc7783390efc7460dd84e,GPL-3.0-or-later,copyleft,LICENSE (SPDX GPL-3.0-or-later inferred from the licence text; GitHub's API reported no identifier for this file),code/CPFEM2.f90,13087,,,no_umat_entry,"Fortran, but it declares no SUBROUTINE UMAT",size_14000..25000,,,round2_size_partitioned_and_deck_first,,
FrankHan/DAMASK,f69f941ebc9bd2666babc7783390efc7460dd84e,GPL-3.0-or-later,copyleft,LICENSE (SPDX GPL-3.0-or-later inferred from the licence text; GitHub's API reported no identifier for this file),code/DAMASK_abaqus_exp.f,16681,,,no_umat_entry,declares a VUMAT and no UMAT; the explicit interface is out of scope,size_14000..25000,,,round2_size_partitioned_and_deck_first,,
FrankHan/DAMASK,f69f941ebc9bd2666babc7783390efc7460dd84e,GPL-3.0-or-later,copyleft,LICENSE (SPDX GPL-3.0-or-later inferred from the licence text; GitHub's API reported no identifier for this file),code/DAMASK_marc.f90,27777,,,no_umat_entry,"Fortran, but it declares no SUBROUTINE UMAT",size_14000..25000,,,round2_size_partitioned_and_deck_first,,
FrankHan/DAMASK,f69f941ebc9bd2666babc7783390efc7460dd84e,GPL-3.0-or-later,copyleft,LICENSE (SPDX GPL-3.0-or-later inferred from the licence text; GitHub's API reported no identifier for this file),code/DAMASK_spectral.f90,45318,,,no_umat_entry,"Fortran, but it declares no SUBROUTINE UMAT",size_14000..25000,,,round2_size_partitioned_and_deck_first,,
FrankHan/DAMASK,f69f941ebc9bd2666babc7783390efc7460dd84e,GPL-3.0-or-later,copyleft,LICENSE (SPDX GPL-3.0-or-later inferred from the licence text; GitHub's API reported no identifier for this file),code/FEsolving.f90,7378,,,no_umat_entry,"Fortran, but it declares no SUBROUTINE UMAT",size_14000..25000,,,round2_size_partitioned_and_deck_first,,
FrankHan/DAMASK,f69f941ebc9bd2666babc7783390efc7460dd84e,GPL-3.0-or-later,copyleft,LICENSE (SPDX GPL-3.0-or-later inferred from the licence text; GitHub's API reported no identifier for this file),code/IO.f90,87811,,,no_umat_entry,"Fortran, but it declares no SUBROUTINE UMAT",size_14000..25000,,,round2_size_partitioned_and_deck_first,,
FrankHan/DAMASK,f69f941ebc9bd2666babc7783390efc7460dd84e,GPL-3.0-or-later,copyleft,LICENSE (SPDX GPL-3.0-or-later inferred from the licence text; GitHub's API reported no identifier for this file),code/commercialFEM_fileList.f90,2782,,,no_umat_entry,"Fortran, but it declares no SUBROUTINE UMAT",size_14000..25000,,,round2_size_partitioned_and_deck_first,,
FrankHan/DAMASK,f69f941ebc9bd2666babc7783390efc7460dd84e,GPL-3.0-or-later,copyleft,LICENSE (SPDX GPL-3.0-or-later inferred from the licence text; GitHub's API reported no identifier for this file),code/compilation_info.f90,1173,,,no_umat_entry,"Fortran, but it declares no SUBROUTINE UMAT",size_14000..25000,,,round2_size_partitioned_and_deck_first,,
FrankHan/DAMASK,f69f941ebc9bd2666babc7783390efc7460dd84e,GPL-3.0-or-later,copyleft,LICENSE (SPDX GPL-3.0-or-later inferred from the licence text; GitHub's API reported no identifier for this file),code/constitutive.f90,59334,,,no_umat_entry,"Fortran, but it declares no SUBROUTINE UMAT",size_14000..25000,,,round2_size_partitioned_and_deck_first,,
FrankHan/DAMASK,f69f941ebc9bd2666babc7783390efc7460dd84e,GPL-3.0-or-later,copyleft,LICENSE (SPDX GPL-3.0-or-later inferred from the licence text; GitHub's API reported no identifier for this file),code/crystallite.f90,232689,,,no_umat_entry,"Fortran, but it declares no SUBROUTINE UMAT",size_14000..25000,,,round2_size_partitioned_and_deck_first,,
FrankHan/DAMASK,f69f941ebc9bd2666babc7783390efc7460dd84e,GPL-3.0-or-later,copyleft,LICENSE (SPDX GPL-3.0-or-later inferred from the licence text; GitHub's API reported no identifier for this file),code/damage_local.f90,14387,,,no_umat_entry,"Fortran, but it declares no SUBROUTINE UMAT",size_14000..25000,,,round2_size_partitioned_and_deck_first,,
FrankHan/DAMASK,f69f941ebc9bd2666babc7783390efc7460dd84e,GPL-3.0-or-later,copyleft,LICENSE (SPDX GPL-3.0-or-later inferred from the licence text; GitHub's API reported no identifier for this file),code/damage_none.f90,2710,,,no_umat_entry,"Fortran, but it declares no SUBROUTINE UMAT",size_14000..25000,,,round2_size_partitioned_and_deck_first,,
FrankHan/DAMASK,f69f941ebc9bd2666babc7783390efc7460dd84e,GPL-3.0-or-later,copyleft,LICENSE (SPDX GPL-3.0-or-later inferred from the licence text; GitHub's API reported no identifier for this file),code/damage_nonlocal.f90,16527,,,no_umat_entry,"Fortran, but it declares no SUBROUTINE UMAT",size_14000..25000,,,round2_size_partitioned_and_deck_first,,
FrankHan/DAMASK,f69f941ebc9bd2666babc7783390efc7460dd84e,GPL-3.0-or-later,copyleft,LICENSE (SPDX GPL-3.0-or-later inferred from the licence text; GitHub's API reported no identifier for this file),code/debug.f90,23153,,,no_umat_entry,"Fortran, but it declares no SUBROUTINE UMAT",size_14000..25000,,,round2_size_partitioned_and_deck_first,,
FrankHan/DAMASK,f69f941ebc9bd2666babc7783390efc7460dd84e,GPL-3.0-or-later,copyleft,LICENSE (SPDX GPL-3.0-or-later inferred from the licence text; GitHub's API reported no identifier for this file),code/homogenization.f90,70920,,,no_umat_entry,"Fortran, but it declares no SUBROUTINE UMAT",size_14000..25000,,,round2_size_partitioned_and_deck_first,,
FrankHan/DAMASK,f69f941ebc9bd2666babc7783390efc7460dd84e,GPL-3.0-or-later,copyleft,LICENSE (SPDX GPL-3.0-or-later inferred from the licence text; GitHub's API reported no identifier for this file),code/homogenization_RGC.f90,90075,,,no_umat_entry,"Fortran, but it declares no SUBROUTINE UMAT",size_14000..25000,,,round2_size_partitioned_and_deck_first,,
FrankHan/DAMASK,f69f941ebc9bd2666babc7783390efc7460dd84e,GPL-3.0-or-later,copyleft,LICENSE (SPDX GPL-3.0-or-later inferred from the licence text; GitHub's API reported no identifier for this file),code/homogenization_isostrain.f90,16098,,,no_umat_entry,"Fortran, but it declares no SUBROUTINE UMAT",size_14000..25000,,,round2_size_partitioned_and_deck_first,,
FrankHan/DAMASK,f69f941ebc9bd2666babc7783390efc7460dd84e,GPL-3.0-or-later,copyleft,LICENSE (SPDX GPL-3.0-or-later inferred from the licence text; GitHub's API reported no identifier for this file),code/homogenization_none.f90,2865,,,no_umat_entry,"Fortran, but it declares no SUBROUTINE UMAT",size_14000..25000,,,round2_size_partitioned_and_deck_first,,
FrankHan/DAMASK,f69f941ebc9bd2666babc7783390efc7460dd84e,GPL-3.0-or-later,copyleft,LICENSE (SPDX GPL-3.0-or-later inferred from the licence text; GitHub's API reported no identifier for this file),code/hydrogenflux_cahnhilliard.f90,23162,,,no_umat_entry,"Fortran, but it declares no SUBROUTINE UMAT",size_14000..25000,,,round2_size_partitioned_and_deck_first,,
FrankHan/DAMASK,f69f941ebc9bd2666babc7783390efc7460dd84e,GPL-3.0-or-later,copyleft,LICENSE (SPDX GPL-3.0-or-later inferred from the licence text; GitHub's API reported no identifier for this file),code/hydrogenflux_isoconc.f90,3018,,,no_umat_entry,"Fortran, but it declares no SUBROUTINE UMAT",size_14000..25000,,,round2_size_partitioned_and_deck_first,,
FrankHan/DAMASK,f69f941ebc9bd2666babc7783390efc7460dd84e,GPL-3.0-or-later,copyleft,LICENSE (SPDX GPL-3.0-or-later inferred from the licence text; GitHub's API reported no identifier for this file),code/kinematics_cleavage_opening.f90,17037,,,no_umat_entry,"Fortran, but it declares no SUBROUTINE UMAT",size_14000..25000,,,round2_size_partitioned_and_deck_first,,
FrankHan/DAMASK,f69f941ebc9bd2666babc7783390efc7460dd84e,GPL-3.0-or-later,copyleft,LICENSE (SPDX GPL-3.0-or-later inferred from the licence text; GitHub's API reported no identifier for this file),code/kinematics_hydrogen_strain.f90,13068,,,no_umat_entry,"Fortran, but it declares no SUBROUTINE UMAT",size_14000..25000,,,round2_size_partitioned_and_deck_first,,
FrankHan/DAMASK,f69f941ebc9bd2666babc7783390efc7460dd84e,GPL-3.0-or-later,copyleft,LICENSE (SPDX GPL-3.0-or-later inferred from the licence text; GitHub's API reported no identifier for this file),code/kinematics_slipplane_opening.f90,17450,,,no_umat_entry,"Fortran, but it declares no SUBROUTINE UMAT",size_14000..25000,,,round2_size_partitioned_and_deck_first,,
FrankHan/DAMASK,f69f941ebc9bd2666babc7783390efc7460dd84e,GPL-3.0-or-later,copyleft,LICENSE (SPDX GPL-3.0-or-later inferred from the licence text; GitHub's API reported no identifier for this file),,0,,,not_examined,stopped after 25 files from this repository; 42 not read,size_14000..25000,,,round2_size_partitioned_and_deck_first,,
andrecruzf/AbaqusProject,,,,no LICENSE file detected by the GitHub API,,0,,,licence_absent,"no licence is declared, so nothing may be redistributed from it; a repository without a LICENSE file is refused, not assumed permissive; recorded and not fetched",deck_user_material,,,round2_size_partitioned_and_deck_first,,
autufea/Autofea,,,,no LICENSE file detected by the GitHub API,,0,,,licence_absent,"no licence is declared, so nothing may be redistributed from it; a repository without a LICENSE file is refused, not assumed permissive; recorded and not fetched",deck_user_material,,,round2_size_partitioned_and_deck_first,,
a-ciue/PreCess,,,,LICENSE.md present but neither GitHub nor a text match identified a licence,,0,,,licence_absent,"no licence is declared, so nothing may be redistributed from it; a repository without a LICENSE file is refused, not assumed permissive; recorded and not fetched",deck_user_material,,,round2_size_partitioned_and_deck_first,,
tjhequn/Ductile-fracture-behaviour-of-structural-steels,d3d9f7ef593a9ef4ad2bbd53cf4cbe11030710fe,MIT,permissive,LICENSE (SPDX MIT via the GitHub licence API),multi_element_test/li/vumat_liao_mbai.for,18009,,,no_umat_entry,declares a VUMAT and no UMAT; the explicit interface is out of scope,deck_user_material,,,round2_size_partitioned_and_deck_first,,
tjhequn/Ductile-fracture-behaviour-of-structural-steels,d3d9f7ef593a9ef4ad2bbd53cf4cbe11030710fe,MIT,permissive,LICENSE (SPDX MIT via the GitHub licence API),single_element_test/vumat_linear_correction.for,17610,,,no_umat_entry,declares a VUMAT and no UMAT; the explicit interface is out of scope,deck_user_material,,,round2_size_partitioned_and_deck_first,,
zhouxin615/scaled-nonlocal-model,,,,no LICENSE file detected by the GitHub API,,0,,,licence_absent,"no licence is declared, so nothing may be redistributed from it; a repository without a LICENSE file is refused, not assumed permissive; recorded and not fetched",deck_user_material,,,round2_size_partitioned_and_deck_first,,
Nakselano/zadanie_geany,,,,no LICENSE file detected by the GitHub API,,0,,,licence_absent,"no licence is declared, so nothing may be redistributed from it; a repository without a LICENSE file is refused, not assumed permissive; recorded and not fetched",deck_user_material,,,round2_size_partitioned_and_deck_first,,
Ra-Na/C3D4C1-Abaqus-UEL,,,,no LICENSE file detected by the GitHub API,,0,,,licence_absent,"no licence is declared, so nothing may be redistributed from it; a repository without a LICENSE file is refused, not assumed permissive; recorded and not fetched",size_>50000,,,round2_size_partitioned_and_deck_first,,
SgtClickClack/TheRolePlayAssistant,,GPL-2.0,permissive,COPYING (SPDX GPL-2.0 via the GitHub licence API),,0,,,licence_incompatible,GPL-2.0 is outside the set this project may redistribute; recorded and not fetched,deck_user_material,,,round2_size_partitioned_and_deck_first,,
SorryPablo/Programacion,,,,no LICENSE file detected by the GitHub API,,0,,,licence_absent,"no licence is declared, so nothing may be redistributed from it; a repository without a LICENSE file is refused, not assumed permissive; recorded and not fetched",filename_umat_f90,,,round2_size_partitioned_and_deck_first,,
deepin-community/universal-ctags,,GPL-2.0,permissive,COPYING (SPDX GPL-2.0 via the GitHub licence API),,0,,,licence_incompatible,GPL-2.0 is outside the set this project may redistribute; recorded and not fetched,deck_user_material,,,round2_size_partitioned_and_deck_first,,
irfancn/Abaqus-VUMAT-Johnson-Cook,9b99631f3a0f27ad4d8ef4e2492f22a820a4d986,MIT,permissive,LICENSE (SPDX MIT via the GitHub licence API),vumat_JC.for,8081,,,no_umat_entry,declares a VUMAT and no UMAT; the explicit interface is out of scope,deck_user_material,,,round2_size_partitioned_and_deck_first,,
kenaycock/Generic-IVC-Filter,,,,no LICENSE file detected by the GitHub API,,0,,,licence_absent,"no licence is declared, so nothing may be redistributed from it; a repository without a LICENSE file is refused, not assumed permissive; recorded and not fetched",deck_user_material,,,round2_size_partitioned_and_deck_first,,
luisez1988/NorSand-VT,,,,no LICENSE file detected by the GitHub API,,0,,,licence_absent,"no licence is declared, so nothing may be redistributed from it; a repository without a LICENSE file is refused, not assumed permissive; recorded and not fetched",size_>50000,,,round2_size_partitioned_and_deck_first,,
reijne/TURTLE,,,,no LICENSE file detected by the GitHub API,,0,,,licence_absent,"no licence is declared, so nothing may be redistributed from it; a repository without a LICENSE file is refused, not assumed permissive; recorded and not fetched",size_>50000,,,round2_size_partitioned_and_deck_first,,
shimanek/cpfem_opt,d60d47cb6d12d18acf3d11b00310dc5ba0a9931b,MIT,permissive,LICENSE.txt (SPDX MIT via the GitHub licence API),,0,,,no_fortran,its tree lists no Fortran file and no file the search matched,deck_user_material,,,round2_size_partitioned_and_deck_first,,
universal-ctags/ctags,,GPL-2.0,permissive,COPYING (SPDX GPL-2.0 via the GitHub licence API),,0,,,licence_incompatible,GPL-2.0 is outside the set this project may redistribute; recorded and not fetched,deck_user_material,,,round2_size_partitioned_and_deck_first,,
vivelakorea/DDM_pre_post_processing,,,,no LICENSE file detected by the GitHub API,,0,,,licence_absent,"no licence is declared, so nothing may be redistributed from it; a repository without a LICENSE file is refused, not assumed permissive; recorded and not fetched",deck_user_material,,,round2_size_partitioned_and_deck_first,,
Andrey-Fog/ANSYS-USERMAT-CMSG,,,,no LICENSE file detected by the GitHub API,,0,,,licence_absent,"no licence is declared, so nothing may be redistributed from it; a repository without a LICENSE file is refused, not assumed permissive; recorded and not fetched",ddsdde_size_8000..14000,,,round2_size_partitioned_and_deck_first,,
MALBECC/lio,,GPL-2.0,permissive,LICENSE (SPDX GPL-2.0 via the GitHub licence API),,0,,,licence_incompatible,GPL-2.0 is outside the set this project may redistribute; recorded and not fetched,filename_umat_f,,,round2_size_partitioned_and_deck_first,,
MechanicsofSoftBioMaterialsLab/Axonal-PathFinding,83ec9573f3d88286d1283320974681f734da448f,GPL-3.0,copyleft,LICENSE (SPDX GPL-3.0 via the GitHub licence API),Abaqus_inp_sample/vumat_axongrowth_G_6.f,42835,,,no_umat_entry,declares a VUMAT and no UMAT; the explicit interface is out of scope,filename_umat_f,,,round2_size_partitioned_and_deck_first,,
MechanicsofSoftBioMaterialsLab/Axonal-PathFinding,83ec9573f3d88286d1283320974681f734da448f,GPL-3.0,copyleft,LICENSE (SPDX GPL-3.0 via the GitHub licence API),Scripts/vumat_axongrowth_G_6.f,26134,,,no_umat_entry,declares a VUMAT and no UMAT; the explicit interface is out of scope,filename_umat_f,,,round2_size_partitioned_and_deck_first,,
Phong-uet/chronos-ai,,,,no LICENSE file detected by the GitHub API,,0,,,licence_absent,"no licence is declared, so nothing may be redistributed from it; a repository without a LICENSE file is refused, not assumed permissive; recorded and not fetched",size_<4000,,,round2_size_partitioned_and_deck_first,,
PrincetonUniversity/STELLOPT,2f181f0d4e71f28afe076967d606b2c020c9db33,MIT,permissive,LICENSE.txt (SPDX MIT via the GitHub licence API),BEAMS3D/Sources/beams3d_init_mumat.f90,8450,,,no_umat_entry,"Fortran, but it declares no SUBROUTINE UMAT",filename_umat_f90,,,round2_size_partitioned_and_deck_first,,
PrincetonUniversity/STELLOPT,2f181f0d4e71f28afe076967d606b2c020c9db33,MIT,permissive,LICENSE.txt (SPDX MIT via the GitHub licence API),FIELDLINES/Sources/fieldlines_init_mumat.f90,8829,,,no_umat_entry,"Fortran, but it declares no SUBROUTINE UMAT",filename_umat_f90,,,round2_size_partitioned_and_deck_first,,
PrincetonUniversity/STELLOPT,2f181f0d4e71f28afe076967d606b2c020c9db33,MIT,permissive,LICENSE.txt (SPDX MIT via the GitHub licence API),LIBSTELL/Sources/Modules/mumaterial_mod.f90,185654,,,no_umat_entry,"Fortran, but it declares no SUBROUTINE UMAT",filename_umat_f90,,,round2_size_partitioned_and_deck_first,,
PrincetonUniversity/STELLOPT,2f181f0d4e71f28afe076967d606b2c020c9db33,MIT,permissive,LICENSE.txt (SPDX MIT via the GitHub licence API),BCYCLIC/Sources/cyclicr_MPI_real.f90,60396,,,no_umat_entry,"Fortran, but it declares no SUBROUTINE UMAT",filename_umat_f90,,,round2_size_partitioned_and_deck_first,,
PrincetonUniversity/STELLOPT,2f181f0d4e71f28afe076967d606b2c020c9db33,MIT,permissive,LICENSE.txt (SPDX MIT via the GitHub licence API),BEAMS3D/Sources/backspace_out.f90,1539,,,no_umat_entry,"Fortran, but it declares no SUBROUTINE UMAT",filename_umat_f90,,,round2_size_partitioned_and_deck_first,,
PrincetonUniversity/STELLOPT,2f181f0d4e71f28afe076967d606b2c020c9db33,MIT,permissive,LICENSE.txt (SPDX MIT via the GitHub licence API),BEAMS3D/Sources/beams3d_beam_density.f90,4598,,,no_umat_entry,"Fortran, but it declares no SUBROUTINE UMAT",filename_umat_f90,,,round2_size_partitioned_and_deck_first,,
PrincetonUniversity/STELLOPT,2f181f0d4e71f28afe076967d606b2c020c9db33,MIT,permissive,LICENSE.txt (SPDX MIT via the GitHub licence API),BEAMS3D/Sources/beams3d_diagnostics.f90,9751,,,no_umat_entry,"Fortran, but it declares no SUBROUTINE UMAT",filename_umat_f90,,,round2_size_partitioned_and_deck_first,,
PrincetonUniversity/STELLOPT,2f181f0d4e71f28afe076967d606b2c020c9db33,MIT,permissive,LICENSE.txt (SPDX MIT via the GitHub licence API),BEAMS3D/Sources/beams3d_distnorm.f90,5790,,,no_umat_entry,"Fortran, but it declares no SUBROUTINE UMAT",filename_umat_f90,,,round2_size_partitioned_and_deck_first,,
PrincetonUniversity/STELLOPT,2f181f0d4e71f28afe076967d606b2c020c9db33,MIT,permissive,LICENSE.txt (SPDX MIT via the GitHub licence API),BEAMS3D/Sources/beams3d_duplicate_part.f90,11816,,,no_umat_entry,"Fortran, but it declares no SUBROUTINE UMAT",filename_umat_f90,,,round2_size_partitioned_and_deck_first,,
PrincetonUniversity/STELLOPT,2f181f0d4e71f28afe076967d606b2c020c9db33,MIT,permissive,LICENSE.txt (SPDX MIT via the GitHub licence API),BEAMS3D/Sources/beams3d_fix_poloidal.f90,3125,,,no_umat_entry,"Fortran, but it declares no SUBROUTINE UMAT",filename_umat_f90,,,round2_size_partitioned_and_deck_first,,
PrincetonUniversity/STELLOPT,2f181f0d4e71f28afe076967d606b2c020c9db33,MIT,permissive,LICENSE.txt (SPDX MIT via the GitHub licence API),BEAMS3D/Sources/beams3d_follow.f90,14638,,,no_umat_entry,"Fortran, but it declares no SUBROUTINE UMAT",filename_umat_f90,,,round2_size_partitioned_and_deck_first,,
PrincetonUniversity/STELLOPT,2f181f0d4e71f28afe076967d606b2c020c9db33,MIT,permissive,LICENSE.txt (SPDX MIT via the GitHub licence API),BEAMS3D/Sources/beams3d_follow_fo.f90,16764,,,no_umat_entry,"Fortran, but it declares no SUBROUTINE UMAT",filename_umat_f90,,,round2_size_partitioned_and_deck_first,,
PrincetonUniversity/STELLOPT,2f181f0d4e71f28afe076967d606b2c020c9db33,MIT,permissive,LICENSE.txt (SPDX MIT via the GitHub licence API),BEAMS3D/Sources/beams3d_follow_gc.f90,15565,,,no_umat_entry,"Fortran, but it declares no SUBROUTINE UMAT",filename_umat_f90,,,round2_size_partitioned_and_deck_first,,
PrincetonUniversity/STELLOPT,2f181f0d4e71f28afe076967d606b2c020c9db33,MIT,permissive,LICENSE.txt (SPDX MIT via the GitHub licence API),BEAMS3D/Sources/beams3d_free.f90,12185,,,no_umat_entry,"Fortran, but it declares no SUBROUTINE UMAT",filename_umat_f90,,,round2_size_partitioned_and_deck_first,,
PrincetonUniversity/STELLOPT,2f181f0d4e71f28afe076967d606b2c020c9db33,MIT,permissive,LICENSE.txt (SPDX MIT via the GitHub licence API),BEAMS3D/Sources/beams3d_grid.f90,5978,,,no_umat_entry,"Fortran, but it declares no SUBROUTINE UMAT",filename_umat_f90,,,round2_size_partitioned_and_deck_first,,
PrincetonUniversity/STELLOPT,2f181f0d4e71f28afe076967d606b2c020c9db33,MIT,permissive,LICENSE.txt (SPDX MIT via the GitHub licence API),BEAMS3D/Sources/beams3d_imas_module.f90,9976,,,no_umat_entry,"Fortran, but it declares no SUBROUTINE UMAT",filename_umat_f90,,,round2_size_partitioned_and_deck_first,,
PrincetonUniversity/STELLOPT,2f181f0d4e71f28afe076967d606b2c020c9db33,MIT,permissive,LICENSE.txt (SPDX MIT via the GitHub licence API),BEAMS3D/Sources/beams3d_init.f90,40452,,,no_umat_entry,"Fortran, but it declares no SUBROUTINE UMAT",filename_umat_f90,,,round2_size_partitioned_and_deck_first,,
PrincetonUniversity/STELLOPT,2f181f0d4e71f28afe076967d606b2c020c9db33,MIT,permissive,LICENSE.txt (SPDX MIT via the GitHub licence API),BEAMS3D/Sources/beams3d_init_ascot5_endstate.f90,11696,,,no_umat_entry,"Fortran, but it declares no SUBROUTINE UMAT",filename_umat_f90,,,round2_size_partitioned_and_deck_first,,
PrincetonUniversity/STELLOPT,2f181f0d4e71f28afe076967d606b2c020c9db33,MIT,permissive,LICENSE.txt (SPDX MIT via the GitHub licence API),BEAMS3D/Sources/beams3d_init_beams.f90,7657,,,no_umat_entry,"Fortran, but it declares no SUBROUTINE UMAT",filename_umat_f90,,,round2_size_partitioned_and_deck_first,,
PrincetonUniversity/STELLOPT,2f181f0d4e71f28afe076967d606b2c020c9db33,MIT,permissive,LICENSE.txt (SPDX MIT via the GitHub licence API),BEAMS3D/Sources/beams3d_init_beams_bbnbi.f90,10368,,,no_umat_entry,"Fortran, but it declares no SUBROUTINE UMAT",filename_umat_f90,,,round2_size_partitioned_and_deck_first,,
PrincetonUniversity/STELLOPT,2f181f0d4e71f28afe076967d606b2c020c9db33,MIT,permissive,LICENSE.txt (SPDX MIT via the GitHub licence API),BEAMS3D/Sources/beams3d_init_coil.f90,6879,,,no_umat_entry,"Fortran, but it declares no SUBROUTINE UMAT",filename_umat_f90,,,round2_size_partitioned_and_deck_first,,
PrincetonUniversity/STELLOPT,2f181f0d4e71f28afe076967d606b2c020c9db33,MIT,permissive,LICENSE.txt (SPDX MIT via the GitHub licence API),BEAMS3D/Sources/beams3d_init_continuegrid.f90,6926,,,no_umat_entry,"Fortran, but it declares no SUBROUTINE UMAT",filename_umat_f90,,,round2_size_partitioned_and_deck_first,,
PrincetonUniversity/STELLOPT,2f181f0d4e71f28afe076967d606b2c020c9db33,MIT,permissive,LICENSE.txt (SPDX MIT via the GitHub licence API),BEAMS3D/Sources/beams3d_init_eqdsk.f90,10527,,,no_umat_entry,"Fortran, but it declares no SUBROUTINE UMAT",filename_umat_f90,,,round2_size_partitioned_and_deck_first,,
PrincetonUniversity/STELLOPT,2f181f0d4e71f28afe076967d606b2c020c9db33,MIT,permissive,LICENSE.txt (SPDX MIT via the GitHub licence API),BEAMS3D/Sources/beams3d_init_fieldlines.f90,8276,,,no_umat_entry,"Fortran, but it declares no SUBROUTINE UMAT",filename_umat_f90,,,round2_size_partitioned_and_deck_first,,
PrincetonUniversity/STELLOPT,2f181f0d4e71f28afe076967d606b2c020c9db33,MIT,permissive,LICENSE.txt (SPDX MIT via the GitHub licence API),BEAMS3D/Sources/beams3d_init_fusion.f90,24354,,,no_umat_entry,"Fortran, but it declares no SUBROUTINE UMAT",filename_umat_f90,,,round2_size_partitioned_and_deck_first,,
PrincetonUniversity/STELLOPT,2f181f0d4e71f28afe076967d606b2c020c9db33,MIT,permissive,LICENSE.txt (SPDX MIT via the GitHub licence API),,0,,,not_examined,stopped after 25 files from this repository; 1292 not read,filename_umat_f90,,,round2_size_partitioned_and_deck_first,,
USArmyResearchLab/PyVUMAT,,CC0-1.0,permissive,LICENSE (SPDX CC0-1.0 via the GitHub licence API),,0,,,licence_incompatible,CC0-1.0 is outside the set this project may redistribute; recorded and not fetched,deck_user_material,,,round2_size_partitioned_and_deck_first,,
caefeagroup/Abaqus,,,,no LICENSE file detected by the GitHub API,,0,,,licence_absent,"no licence is declared, so nothing may be redistributed from it; a repository without a LICENSE file is refused, not assumed permissive; recorded and not fetched",filename_umat_f,,,round2_size_partitioned_and_deck_first,,
einasc/Plasticity-Project,,,,no LICENSE file detected by the GitHub API,,0,,,licence_absent,"no licence is declared, so nothing may be redistributed from it; a repository without a LICENSE file is refused, not assumed permissive; recorded and not fetched",deck_user_material,,,round2_size_partitioned_and_deck_first,,
elanurkarabulut/umat-analysis,,,,no LICENSE file detected by the GitHub API,,0,,,licence_absent,"no licence is declared, so nothing may be redistributed from it; a repository without a LICENSE file is refused, not assumed permissive; recorded and not fetched",size_<4000,,,round2_size_partitioned_and_deck_first,,
ibf-RWTH/MBW-Damage,d9fbe9058106d69cdf6df92e0685ae6d817456d9,GPL-3.0,copyleft,LICENSE (SPDX GPL-3.0 via the GitHub licence API),MBW_v08.f,27185,,,no_umat_entry,declares a VUMAT and no UMAT; the explicit interface is out of scope,deck_user_material,,,round2_size_partitioned_and_deck_first,,
ibf-RWTH/MBW-Damage,d9fbe9058106d69cdf6df92e0685ae6d817456d9,GPL-3.0,copyleft,LICENSE (SPDX GPL-3.0 via the GitHub licence API),MBW_v08M_ABAQUS_2023.f,52469,,,no_umat_entry,declares a VUMAT and no UMAT; the explicit interface is out of scope,deck_user_material,,,round2_size_partitioned_and_deck_first,,
ibf-RWTH/MBW-Damage,d9fbe9058106d69cdf6df92e0685ae6d817456d9,GPL-3.0,copyleft,LICENSE (SPDX GPL-3.0 via the GitHub licence API),Previous versions/MBW 1.0/MBW_v01.f,22453,,,no_umat_entry,declares a VUMAT and no UMAT; the explicit interface is out of scope,deck_user_material,,,round2_size_partitioned_and_deck_first,,
ibf-RWTH/MBW-Damage,d9fbe9058106d69cdf6df92e0685ae6d817456d9,GPL-3.0,copyleft,LICENSE (SPDX GPL-3.0 via the GitHub licence API),Previous versions/MBW 2.0/MBW_v02.f,22719,,,no_umat_entry,declares a VUMAT and no UMAT; the explicit interface is out of scope,deck_user_material,,,round2_size_partitioned_and_deck_first,,
ibf-RWTH/MBW-Damage,d9fbe9058106d69cdf6df92e0685ae6d817456d9,GPL-3.0,copyleft,LICENSE (SPDX GPL-3.0 via the GitHub licence API),Previous versions/MBW 2.1/MBW_v021.f,31125,,,no_umat_entry,declares a VUMAT and no UMAT; the explicit interface is out of scope,deck_user_material,,,round2_size_partitioned_and_deck_first,,
ibf-RWTH/MBW-Damage,d9fbe9058106d69cdf6df92e0685ae6d817456d9,GPL-3.0,copyleft,LICENSE (SPDX GPL-3.0 via the GitHub licence API),Previous versions/MBW 3.0/MBW_v03.f,22967,,,no_umat_entry,declares a VUMAT and no UMAT; the explicit interface is out of scope,deck_user_material,,,round2_size_partitioned_and_deck_first,,
ibf-RWTH/MBW-Damage,d9fbe9058106d69cdf6df92e0685ae6d817456d9,GPL-3.0,copyleft,LICENSE (SPDX GPL-3.0 via the GitHub licence API),Previous versions/MBW 4.0/MBW_v04.f,24840,,,no_umat_entry,declares a VUMAT and no UMAT; the explicit interface is out of scope,deck_user_material,,,round2_size_partitioned_and_deck_first,,
ibf-RWTH/MBW-Damage,d9fbe9058106d69cdf6df92e0685ae6d817456d9,GPL-3.0,copyleft,LICENSE (SPDX GPL-3.0 via the GitHub licence API),Previous versions/MBW 5.0/MBW_v05.f,24636,,,no_umat_entry,declares a VUMAT and no UMAT; the explicit interface is out of scope,deck_user_material,,,round2_size_partitioned_and_deck_first,,
ibf-RWTH/MBW-Damage,d9fbe9058106d69cdf6df92e0685ae6d817456d9,GPL-3.0,copyleft,LICENSE (SPDX GPL-3.0 via the GitHub licence API),Previous versions/MBW 7.0/MBW_v07.f,26487,,,no_umat_entry,declares a VUMAT and no UMAT; the explicit interface is out of scope,deck_user_material,,,round2_size_partitioned_and_deck_first,,
ibf-RWTH/MBW-Damage,d9fbe9058106d69cdf6df92e0685ae6d817456d9,GPL-3.0,copyleft,LICENSE (SPDX GPL-3.0 via the GitHub licence API),Previous versions/MBW 8.0/MBW 8.1/MBW_v08M.f,27566,,,no_umat_entry,declares a VUMAT and no UMAT; the explicit interface is out of scope,deck_user_material,,,round2_size_partitioned_and_deck_first,,
ibf-RWTH/MBW-Damage,d9fbe9058106d69cdf6df92e0685ae6d817456d9,GPL-3.0,copyleft,LICENSE (SPDX GPL-3.0 via the GitHub licence API),Previous versions/MBW 8.0/MBW_v08.f,27756,,,no_umat_entry,declares a VUMAT and no UMAT; the explicit interface is out of scope,deck_user_material,,,round2_size_partitioned_and_deck_first,,
irfancn/Abaqus-VUMAT-Gurson_GTN,,,,no LICENSE file detected by the GitHub API,,0,,,licence_absent,"no licence is declared, so nothing may be redistributed from it; a repository without a LICENSE file is refused, not assumed permissive; recorded and not fetched",deck_user_material,,,round2_size_partitioned_and_deck_first,,
jasondegraw/MODULEF,,,,licence_en.html present but neither GitHub nor a text match identified a licence,,0,,,licence_absent,"no licence is declared, so nothing may be redistributed from it; a repository without a LICENSE file is refused, not assumed permissive; recorded and not fetched",filename_umat_f,,,round2_size_partitioned_and_deck_first,,
orgitcog/org-llnl,,,,no LICENSE file detected by the GitHub API,,0,,,licence_absent,"no licence is declared, so nothing may be redistributed from it; a repository without a LICENSE file is refused, not assumed permissive; recorded and not fetched",size_<4000,,,round2_size_partitioned_and_deck_first,,
sandervdbroek/abq2ccx,90e45b2f50f90ad226437bc3de7568dacafeb3df,MIT,permissive,LICENSE (SPDX MIT via the GitHub licence API),,0,,,no_fortran,its tree lists no Fortran file and no file the search matched,deck_user_material,,,round2_size_partitioned_and_deck_first,,
sandialabs/qe-rt-tddft,,,,no LICENSE file detected by the GitHub API,,0,,,licence_absent,"no licence is declared, so nothing may be redistributed from it; a repository without a LICENSE file is refused, not assumed permissive; recorded and not fetched",filename_umat_f90,,,round2_size_partitioned_and_deck_first,,
sergiocostaFemComp/Abaqus-Plugin,,,,no LICENSE file detected by the GitHub API,,0,,,licence_absent,"no licence is declared, so nothing may be redistributed from it; a repository without a LICENSE file is refused, not assumed permissive; recorded and not fetched",deck_user_material,,,round2_size_partitioned_and_deck_first,,
theCoMMaNDlab/SOFT24,6b2b86b81812481f19b8f60940ee409c06fe4e59,GPL-3.0,copyleft,LICENSE (SPDX GPL-3.0 via the GitHub licence API),simulations/UMAT_axon_tension.f,16626,e07f40c1c493b4be2ff1ce3872695f6d266d5c12f596d26d65822bcf8f4a5b8f,b78bdd5db3e01e7696a3964e38b544afd5b18e485b5d4243d3c53c054a1c1496,already_known,"the same implementation as discovery_cache/mholla__SOFT24/simulations/UMAT_axon_tension.f, which this collection already counts",size_14000..25000,,,round2_size_partitioned_and_deck_first,,
twillis449/ALBUS_ionosphere,,GPL-2.0-or-later,permissive,LICENSE (SPDX GPL-2.0-or-later inferred from the licence text; GitHub's API reported no identifier for this file),,0,,,licence_incompatible,GPL-2.0-or-later is outside the set this project may redistribute; recorded and not fetched,filename_umat_f,,,round2_size_partitioned_and_deck_first,,
vidratajec/VFs,,,,no LICENSE file detected by the GitHub API,,0,,,licence_absent,"no licence is declared, so nothing may be redistributed from it; a repository without a LICENSE file is refused, not assumed permissive; recorded and not fetched",deck_user_material,,,round2_size_partitioned_and_deck_first,,
xz58ustc/HEOM-QUICK,,,,no LICENSE file detected by the GitHub API,,0,,,licence_absent,"no licence is declared, so nothing may be redistributed from it; a repository without a LICENSE file is refused, not assumed permissive; recorded and not fetched",filename_umat_f90,,,round2_size_partitioned_and_deck_first,,
zdcwork/HEOM-QUICK2,575225e2147af59b979296f45095af5f0f859701,GPL-3.0,copyleft,LICENSE (SPDX GPL-3.0 via the GitHub licence API),bicg/lioumatmat.f90,4216,,,no_umat_entry,"Fortran, but it declares no SUBROUTINE UMAT",filename_umat_f90,,,round2_size_partitioned_and_deck_first,,
zdcwork/HEOM-QUICK2,575225e2147af59b979296f45095af5f0f859701,GPL-3.0,copyleft,LICENSE (SPDX GPL-3.0 via the GitHub licence API),module/tmplioumat_omp.f90,285,,,no_umat_entry,"Fortran, but it declares no SUBROUTINE UMAT",filename_umat_f90,,,round2_size_partitioned_and_deck_first,,
zdcwork/HEOM-QUICK2,575225e2147af59b979296f45095af5f0f859701,GPL-3.0,copyleft,LICENSE (SPDX GPL-3.0 via the GitHub licence API),openmp/allocate_tmplioumat_omp.f90,1136,,,no_umat_entry,"Fortran, but it declares no SUBROUTINE UMAT",filename_umat_f90,,,round2_size_partitioned_and_deck_first,,
zdcwork/HEOM-QUICK2,575225e2147af59b979296f45095af5f0f859701,GPL-3.0,copyleft,LICENSE (SPDX GPL-3.0 via the GitHub licence API),bicg/allocate_aux.f90,1030,,,no_umat_entry,"Fortran, but it declares no SUBROUTINE UMAT",filename_umat_f90,,,round2_size_partitioned_and_deck_first,,
zdcwork/HEOM-QUICK2,575225e2147af59b979296f45095af5f0f859701,GPL-3.0,copyleft,LICENSE (SPDX GPL-3.0 via the GitHub licence API),bicg/allocate_bicg.f90,2136,,,no_umat_entry,"Fortran, but it declares no SUBROUTINE UMAT",filename_umat_f90,,,round2_size_partitioned_and_deck_first,,
zdcwork/HEOM-QUICK2,575225e2147af59b979296f45095af5f0f859701,GPL-3.0,copyleft,LICENSE (SPDX GPL-3.0 via the GitHub licence API),bicg/calc_atrx_bicg_omp.f90,31435,,,no_umat_entry,"Fortran, but it declares no SUBROUTINE UMAT",filename_umat_f90,,,round2_size_partitioned_and_deck_first,,
zdcwork/HEOM-QUICK2,575225e2147af59b979296f45095af5f0f859701,GPL-3.0,copyleft,LICENSE (SPDX GPL-3.0 via the GitHub licence API),bicg/calc_ax_bicg_omp.f90,15353,,,no_umat_entry,"Fortran, but it declares no SUBROUTINE UMAT",filename_umat_f90,,,round2_size_partitioned_and_deck_first,,
zdcwork/HEOM-QUICK2,575225e2147af59b979296f45095af5f0f859701,GPL-3.0,copyleft,LICENSE (SPDX GPL-3.0 via the GitHub licence API),bicg/ddotlong.f90,600,,,no_umat_entry,"Fortran, but it declares no SUBROUTINE UMAT",filename_umat_f90,,,round2_size_partitioned_and_deck_first,,
zdcwork/HEOM-QUICK2,575225e2147af59b979296f45095af5f0f859701,GPL-3.0,copyleft,LICENSE (SPDX GPL-3.0 via the GitHub licence API),bicg/h2lams.f90,3753,,,no_umat_entry,"Fortran, but it declares no SUBROUTINE UMAT",filename_umat_f90,,,round2_size_partitioned_and_deck_first,,
zdcwork/HEOM-QUICK2,575225e2147af59b979296f45095af5f0f859701,GPL-3.0,copyleft,LICENSE (SPDX GPL-3.0 via the GitHub licence API),bicg/hil2liou.f90,5350,,,no_umat_entry,"Fortran, but it declares no SUBROUTINE UMAT",filename_umat_f90,,,round2_size_partitioned_and_deck_first,,
zdcwork/HEOM-QUICK2,575225e2147af59b979296f45095af5f0f859701,GPL-3.0,copyleft,LICENSE (SPDX GPL-3.0 via the GitHub licence API),bicg/liou2hil.f90,372,,,no_umat_entry,"Fortran, but it declares no SUBROUTINE UMAT",filename_umat_f90,,,round2_size_partitioned_and_deck_first,,
zdcwork/HEOM-QUICK2,575225e2147af59b979296f45095af5f0f859701,GPL-3.0,copyleft,LICENSE (SPDX GPL-3.0 via the GitHub licence API),bicg/liouamsmat.f90,3045,,,no_umat_entry,"Fortran, but it declares no SUBROUTINE UMAT",filename_umat_f90,,,round2_size_partitioned_and_deck_first,,
zdcwork/HEOM-QUICK2,575225e2147af59b979296f45095af5f0f859701,GPL-3.0,copyleft,LICENSE (SPDX GPL-3.0 via the GitHub licence API),bicg/liouamsmat_omp.f90,3136,,,no_umat_entry,"Fortran, but it declares no SUBROUTINE UMAT",filename_umat_f90,,,round2_size_partitioned_and_deck_first,,
zdcwork/HEOM-QUICK2,575225e2147af59b979296f45095af5f0f859701,GPL-3.0,copyleft,LICENSE (SPDX GPL-3.0 via the GitHub licence API),bicg/liouzhemm.f90,2343,,,no_umat_entry,"Fortran, but it declares no SUBROUTINE UMAT",filename_umat_f90,,,round2_size_partitioned_and_deck_first,,
zdcwork/HEOM-QUICK2,575225e2147af59b979296f45095af5f0f859701,GPL-3.0,copyleft,LICENSE (SPDX GPL-3.0 via the GitHub licence API),bicg/modlams.f90,3455,,,no_umat_entry,"Fortran, but it declares no SUBROUTINE UMAT",filename_umat_f90,,,round2_size_partitioned_and_deck_first,,
zdcwork/HEOM-QUICK2,575225e2147af59b979296f45095af5f0f859701,GPL-3.0,copyleft,LICENSE (SPDX GPL-3.0 via the GitHub licence API),bicg/obsolete/checksymm.f90,2101,,,no_umat_entry,"Fortran, but it declares no SUBROUTINE UMAT",filename_umat_f90,,,round2_size_partitioned_and_deck_first,,
zdcwork/HEOM-QUICK2,575225e2147af59b979296f45095af5f0f859701,GPL-3.0,copyleft,LICENSE (SPDX GPL-3.0 via the GitHub licence API),bicg/outsteady.f90,14171,,,no_umat_entry,"Fortran, but it declares no SUBROUTINE UMAT",filename_umat_f90,,,round2_size_partitioned_and_deck_first,,
zdcwork/HEOM-QUICK2,575225e2147af59b979296f45095af5f0f859701,GPL-3.0,copyleft,LICENSE (SPDX GPL-3.0 via the GitHub licence API),bicg/pre_atrx_bicg.f90,3294,,,no_umat_entry,"Fortran, but it declares no SUBROUTINE UMAT",filename_umat_f90,,,round2_size_partitioned_and_deck_first,,
zdcwork/HEOM-QUICK2,575225e2147af59b979296f45095af5f0f859701,GPL-3.0,copyleft,LICENSE (SPDX GPL-3.0 via the GitHub licence API),bicg/solvebicg.f90,4639,,,no_umat_entry,"Fortran, but it declares no SUBROUTINE UMAT",filename_umat_f90,,,round2_size_partitioned_and_deck_first,,
zdcwork/HEOM-QUICK2,575225e2147af59b979296f45095af5f0f859701,GPL-3.0,copyleft,LICENSE (SPDX GPL-3.0 via the GitHub licence API),corrfunc/allocate_cf.f90,3392,,,no_umat_entry,"Fortran, but it declares no SUBROUTINE UMAT",filename_umat_f90,,,round2_size_partitioned_and_deck_first,,
zdcwork/HEOM-QUICK2,575225e2147af59b979296f45095af5f0f859701,GPL-3.0,copyleft,LICENSE (SPDX GPL-3.0 via the GitHub licence API),corrfunc/calc_ax_cf_omp.f90,27082,,,no_umat_entry,"Fortran, but it declares no SUBROUTINE UMAT",filename_umat_f90,,,round2_size_partitioned_and_deck_first,,
zdcwork/HEOM-QUICK2,575225e2147af59b979296f45095af5f0f859701,GPL-3.0,copyleft,LICENSE (SPDX GPL-3.0 via the GitHub licence API),corrfunc/calc_ax_cf_spa_omp.f90,98411,,,no_umat_entry,"Fortran, but it declares no SUBROUTINE UMAT",filename_umat_f90,,,round2_size_partitioned_and_deck_first,,
zdcwork/HEOM-QUICK2,575225e2147af59b979296f45095af5f0f859701,GPL-3.0,copyleft,LICENSE (SPDX GPL-3.0 via the GitHub licence API),corrfunc/corrfunc.f90,26017,,,no_umat_entry,"Fortran, but it declares no SUBROUTINE UMAT",filename_umat_f90,,,round2_size_partitioned_and_deck_first,,
zdcwork/HEOM-QUICK2,575225e2147af59b979296f45095af5f0f859701,GPL-3.0,copyleft,LICENSE (SPDX GPL-3.0 via the GitHub licence API),corrfunc/fermi.f90,352,,,no_umat_entry,"Fortran, but it declares no SUBROUTINE UMAT",filename_umat_f90,,,round2_size_partitioned_and_deck_first,,
zdcwork/HEOM-QUICK2,575225e2147af59b979296f45095af5f0f859701,GPL-3.0,copyleft,LICENSE (SPDX GPL-3.0 via the GitHub licence API),corrfunc/initialize_cf.f90,10689,,,no_umat_entry,"Fortran, but it declares no SUBROUTINE UMAT",filename_umat_f90,,,round2_size_partitioned_and_deck_first,,
zdcwork/HEOM-QUICK2,575225e2147af59b979296f45095af5f0f859701,GPL-3.0,copyleft,LICENSE (SPDX GPL-3.0 via the GitHub licence API),,0,,,not_examined,stopped after 25 files from this repository; 314 not read,filename_umat_f90,,,round2_size_partitioned_and_deck_first,,
CEMPD/SMOKE,632fe90da9d424d15e45df05cfddde1feeb27787,MIT,permissive,LICENSE.txt (SPDX MIT via the GitHub licence API),src/lib/applumat.f,3517,,,no_umat_entry,"Fortran, but it declares no SUBROUTINE UMAT",filename_umat_f,,,round2_size_partitioned_and_deck_first,,
CEMPD/SMOKE,632fe90da9d424d15e45df05cfddde1feeb27787,MIT,permissive,LICENSE.txt (SPDX MIT via the GitHub licence API),src/lib/rdumat.f,2486,,,no_umat_entry,"Fortran, but it declares no SUBROUTINE UMAT",filename_umat_f,,,round2_size_partitioned_and_deck_first,,
CEMPD/SMOKE,632fe90da9d424d15e45df05cfddde1feeb27787,MIT,permissive,LICENSE.txt (SPDX MIT via the GitHub licence API),scripts/aermod/cmv_output_hourly.f90,5062,,,no_umat_entry,"Fortran, but it declares no SUBROUTINE UMAT",filename_umat_f,,,round2_size_partitioned_and_deck_first,,
CEMPD/SMOKE,632fe90da9d424d15e45df05cfddde1feeb27787,MIT,permissive,LICENSE.txt (SPDX MIT via the GitHub licence API),scripts/aermod/convert_phour.f90,1975,,,no_umat_entry,"Fortran, but it declares no SUBROUTINE UMAT",filename_umat_f,,,round2_size_partitioned_and_deck_first,,
CEMPD/SMOKE,632fe90da9d424d15e45df05cfddde1feeb27787,MIT,permissive,LICENSE.txt (SPDX MIT via the GitHub licence API),scripts/aermod/convert_phour_annual.f90,1536,,,no_umat_entry,"Fortran, but it declares no SUBROUTINE UMAT",filename_umat_f,,,round2_size_partitioned_and_deck_first,,
CEMPD/SMOKE,632fe90da9d424d15e45df05cfddde1feeb27787,MIT,permissive,LICENSE.txt (SPDX MIT via the GitHub licence API),scripts/platform/aermod/cmv_output_hourly.f90,5062,,,no_umat_entry,"Fortran, but it declares no SUBROUTINE UMAT",filename_umat_f,,,round2_size_partitioned_and_deck_first,,
CEMPD/SMOKE,632fe90da9d424d15e45df05cfddde1feeb27787,MIT,permissive,LICENSE.txt (SPDX MIT via the GitHub licence API),scripts/platform/aermod/convert_phour.f90,1975,,,no_umat_entry,"Fortran, but it declares no SUBROUTINE UMAT",filename_umat_f,,,round2_size_partitioned_and_deck_first,,
CEMPD/SMOKE,632fe90da9d424d15e45df05cfddde1feeb27787,MIT,permissive,LICENSE.txt (SPDX MIT via the GitHub licence API),scripts/platform/aermod/convert_phour_annual.f90,1536,,,no_umat_entry,"Fortran, but it declares no SUBROUTINE UMAT",filename_umat_f,,,round2_size_partitioned_and_deck_first,,
CEMPD/SMOKE,632fe90da9d424d15e45df05cfddde1feeb27787,MIT,permissive,LICENSE.txt (SPDX MIT via the GitHub licence API),scripts/platform/afdust_adj/apply_precip_adj.f,10330,,,no_umat_entry,"Fortran, but it declares no SUBROUTINE UMAT",filename_umat_f,,,round2_size_partitioned_and_deck_first,,
CEMPD/SMOKE,632fe90da9d424d15e45df05cfddde1feeb27787,MIT,permissive,LICENSE.txt (SPDX MIT via the GitHub licence API),scripts/platform/afdust_adj/apply_precip_adj_wrf.f,11366,,,no_umat_entry,"Fortran, but it declares no SUBROUTINE UMAT",filename_umat_f,,,round2_size_partitioned_and_deck_first,,
CEMPD/SMOKE,632fe90da9d424d15e45df05cfddde1feeb27787,MIT,permissive,LICENSE.txt (SPDX MIT via the GitHub licence API),src/biog/czangle.f,5698,,,no_umat_entry,"Fortran, but it declares no SUBROUTINE UMAT",filename_umat_f,,,round2_size_partitioned_and_deck_first,,
CEMPD/SMOKE,632fe90da9d424d15e45df05cfddde1feeb27787,MIT,permissive,LICENSE.txt (SPDX MIT via the GitHub licence API),src/biog/getpar.f,4550,,,no_umat_entry,"Fortran, but it declares no SUBROUTINE UMAT",filename_umat_f,,,round2_size_partitioned_and_deck_first,,
CEMPD/SMOKE,632fe90da9d424d15e45df05cfddde1feeb27787,MIT,permissive,LICENSE.txt (SPDX MIT via the GitHub licence API),src/biog/getparb.f,6779,,,no_umat_entry,"Fortran, but it declares no SUBROUTINE UMAT",filename_umat_f,,,round2_size_partitioned_and_deck_first,,
CEMPD/SMOKE,632fe90da9d424d15e45df05cfddde1feeb27787,MIT,permissive,LICENSE.txt (SPDX MIT via the GitHub licence API),src/biog/hrbeis3.f,13943,,,no_umat_entry,"Fortran, but it declares no SUBROUTINE UMAT",filename_umat_f,,,round2_size_partitioned_and_deck_first,,
CEMPD/SMOKE,632fe90da9d424d15e45df05cfddde1feeb27787,MIT,permissive,LICENSE.txt (SPDX MIT via the GitHub licence API),src/biog/hrbeis4.f,25161,,,no_umat_entry,"Fortran, but it declares no SUBROUTINE UMAT",filename_umat_f,,,round2_size_partitioned_and_deck_first,,
CEMPD/SMOKE,632fe90da9d424d15e45df05cfddde1feeb27787,MIT,permissive,LICENSE.txt (SPDX MIT via the GitHub licence API),src/biog/hrbeis_361.f,24631,,,no_umat_entry,"Fortran, but it declares no SUBROUTINE UMAT",filename_umat_f,,,round2_size_partitioned_and_deck_first,,
CEMPD/SMOKE,632fe90da9d424d15e45df05cfddde1feeb27787,MIT,permissive,LICENSE.txt (SPDX MIT via the GitHub licence API),src/biog/hrno.f,30455,,,no_umat_entry,"Fortran, but it declares no SUBROUTINE UMAT",filename_umat_f,,,round2_size_partitioned_and_deck_first,,
CEMPD/SMOKE,632fe90da9d424d15e45df05cfddde1feeb27787,MIT,permissive,LICENSE.txt (SPDX MIT via the GitHub licence API),src/biog/hrno_beis4.f,28901,,,no_umat_entry,"Fortran, but it declares no SUBROUTINE UMAT",filename_umat_f,,,round2_size_partitioned_and_deck_first,,
CEMPD/SMOKE,632fe90da9d424d15e45df05cfddde1feeb27787,MIT,permissive,LICENSE.txt (SPDX MIT via the GitHub licence API),src/biog/normbeis3.f,3101,,,no_umat_entry,"Fortran, but it declares no SUBROUTINE UMAT",filename_umat_f,,,round2_size_partitioned_and_deck_first,,
CEMPD/SMOKE,632fe90da9d424d15e45df05cfddde1feeb27787,MIT,permissive,LICENSE.txt (SPDX MIT via the GitHub licence API),src/biog/normbeis314.f,33799,,,no_umat_entry,"Fortran, but it declares no SUBROUTINE UMAT",filename_umat_f,,,round2_size_partitioned_and_deck_first,,
CEMPD/SMOKE,632fe90da9d424d15e45df05cfddde1feeb27787,MIT,permissive,LICENSE.txt (SPDX MIT via the GitHub licence API),src/biog/normbeis361.f,40145,,,no_umat_entry,"Fortran, but it declares no SUBROUTINE UMAT",filename_umat_f,,,round2_size_partitioned_and_deck_first,,
CEMPD/SMOKE,632fe90da9d424d15e45df05cfddde1feeb27787,MIT,permissive,LICENSE.txt (SPDX MIT via the GitHub licence API),src/biog/normbeis370.f,41041,,,no_umat_entry,"Fortran, but it declares no SUBROUTINE UMAT",filename_umat_f,,,round2_size_partitioned_and_deck_first,,
CEMPD/SMOKE,632fe90da9d424d15e45df05cfddde1feeb27787,MIT,permissive,LICENSE.txt (SPDX MIT via the GitHub licence API),src/biog/normbeis4.f,27641,,,no_umat_entry,"Fortran, but it declares no SUBROUTINE UMAT",filename_umat_f,,,round2_size_partitioned_and_deck_first,,
CEMPD/SMOKE,632fe90da9d424d15e45df05cfddde1feeb27787,MIT,permissive,LICENSE.txt (SPDX MIT via the GitHub licence API),src/biog/prebmet.f,11112,,,no_umat_entry,"Fortran, but it declares no SUBROUTINE UMAT",filename_umat_f,,,round2_size_partitioned_and_deck_first,,
CEMPD/SMOKE,632fe90da9d424d15e45df05cfddde1feeb27787,MIT,permissive,LICENSE.txt (SPDX MIT via the GitHub licence API),src/biog/rdb3fac.f,4308,,,no_umat_entry,"Fortran, but it declares no SUBROUTINE UMAT",filename_umat_f,,,round2_size_partitioned_and_deck_first,,
CEMPD/SMOKE,632fe90da9d424d15e45df05cfddde1feeb27787,MIT,permissive,LICENSE.txt (SPDX MIT via the GitHub licence API),,0,,,not_examined,stopped after 25 files from this repository; 398 not read,filename_umat_f,,,round2_size_partitioned_and_deck_first,,
EDIpack/EDIpack,37e8fa91ad03a08e17ecb950aa1c60f9892bb04a,GPL-3.0,copyleft,LICENSE.txt (SPDX GPL-3.0 via the GitHub licence API),src/c_bindings/edipack/edipack_c_bindings_parse_umatrix.f90,718,,,no_umat_entry,"Fortran, but it declares no SUBROUTINE UMAT",filename_umat_f90,,,round2_size_partitioned_and_deck_first,,
EDIpack/EDIpack,37e8fa91ad03a08e17ecb950aa1c60f9892bb04a,GPL-3.0,copyleft,LICENSE.txt (SPDX GPL-3.0 via the GitHub licence API),src/singlesite/ED_PARSE_UMATRIX.f90,27328,,,no_umat_entry,"Fortran, but it declares no SUBROUTINE UMAT",filename_umat_f90,,,round2_size_partitioned_and_deck_first,,
EDIpack/EDIpack,37e8fa91ad03a08e17ecb950aa1c60f9892bb04a,GPL-3.0,copyleft,LICENSE.txt (SPDX GPL-3.0 via the GitHub licence API),doc/examples/01_bhz.f90,11596,,,no_umat_entry,"Fortran, but it declares no SUBROUTINE UMAT",filename_umat_f90,,,round2_size_partitioned_and_deck_first,,
EDIpack/EDIpack,37e8fa91ad03a08e17ecb950aa1c60f9892bb04a,GPL-3.0,copyleft,LICENSE.txt (SPDX GPL-3.0 via the GitHub licence API),doc/examples/02_ahm.f90,4321,,,no_umat_entry,"Fortran, but it declares no SUBROUTINE UMAT",filename_umat_f90,,,round2_size_partitioned_and_deck_first,,
EDIpack/EDIpack,37e8fa91ad03a08e17ecb950aa1c60f9892bb04a,GPL-3.0,copyleft,LICENSE.txt (SPDX GPL-3.0 via the GitHub licence API),doc/examples/03_excBHZ.f90,7804,,,no_umat_entry,"Fortran, but it declares no SUBROUTINE UMAT",filename_umat_f90,,,round2_size_partitioned_and_deck_first,,
EDIpack/EDIpack,37e8fa91ad03a08e17ecb950aa1c60f9892bb04a,GPL-3.0,copyleft,LICENSE.txt (SPDX GPL-3.0 via the GitHub licence API),doc/quickstart/02_dmft.f90,3820,,,no_umat_entry,"Fortran, but it declares no SUBROUTINE UMAT",filename_umat_f90,,,round2_size_partitioned_and_deck_first,,
EDIpack/EDIpack,37e8fa91ad03a08e17ecb950aa1c60f9892bb04a,GPL-3.0,copyleft,LICENSE.txt (SPDX GPL-3.0 via the GitHub licence API),examples/fortran/hm_bethe.f90,5328,,,no_umat_entry,"Fortran, but it declares no SUBROUTINE UMAT",filename_umat_f90,,,round2_size_partitioned_and_deck_first,,
EDIpack/EDIpack,37e8fa91ad03a08e17ecb950aa1c60f9892bb04a,GPL-3.0,copyleft,LICENSE.txt (SPDX GPL-3.0 via the GitHub licence API),src/c_bindings/EDIPACK_C.f90,1014,,,no_umat_entry,"Fortran, but it declares no SUBROUTINE UMAT",filename_umat_f90,,,round2_size_partitioned_and_deck_first,,
EDIpack/EDIpack,37e8fa91ad03a08e17ecb950aa1c60f9892bb04a,GPL-3.0,copyleft,LICENSE.txt (SPDX GPL-3.0 via the GitHub licence API),src/c_bindings/EDIPACK_C_COMMON.f90,3950,,,no_umat_entry,"Fortran, but it declares no SUBROUTINE UMAT",filename_umat_f90,,,round2_size_partitioned_and_deck_first,,
EDIpack/EDIpack,37e8fa91ad03a08e17ecb950aa1c60f9892bb04a,GPL-3.0,copyleft,LICENSE.txt (SPDX GPL-3.0 via the GitHub licence API),src/c_bindings/edipack/edipack_c_bindings_aux_funx.f90,2408,,,no_umat_entry,"Fortran, but it declares no SUBROUTINE UMAT",filename_umat_f90,,,round2_size_partitioned_and_deck_first,,
EDIpack/EDIpack,37e8fa91ad03a08e17ecb950aa1c60f9892bb04a,GPL-3.0,copyleft,LICENSE.txt (SPDX GPL-3.0 via the GitHub licence API),src/c_bindings/edipack/edipack_c_bindings_bath.f90,5146,,,no_umat_entry,"Fortran, but it declares no SUBROUTINE UMAT",filename_umat_f90,,,round2_size_partitioned_and_deck_first,,
EDIpack/EDIpack,37e8fa91ad03a08e17ecb950aa1c60f9892bb04a,GPL-3.0,copyleft,LICENSE.txt (SPDX GPL-3.0 via the GitHub licence API),src/c_bindings/edipack/edipack_c_bindings_bath_fit.f90,3317,,,no_umat_entry,"Fortran, but it declares no SUBROUTINE UMAT",filename_umat_f90,,,round2_size_partitioned_and_deck_first,,
EDIpack/EDIpack,37e8fa91ad03a08e17ecb950aa1c60f9892bb04a,GPL-3.0,copyleft,LICENSE.txt (SPDX GPL-3.0 via the GitHub licence API),src/c_bindings/edipack/edipack_c_bindings_io.f90,16487,,,no_umat_entry,"Fortran, but it declares no SUBROUTINE UMAT",filename_umat_f90,,,round2_size_partitioned_and_deck_first,,
EDIpack/EDIpack,37e8fa91ad03a08e17ecb950aa1c60f9892bb04a,GPL-3.0,copyleft,LICENSE.txt (SPDX GPL-3.0 via the GitHub licence API),src/c_bindings/edipack/edipack_c_bindings_main.f90,1647,,,no_umat_entry,"Fortran, but it declares no SUBROUTINE UMAT",filename_umat_f90,,,round2_size_partitioned_and_deck_first,,
EDIpack/EDIpack,37e8fa91ad03a08e17ecb950aa1c60f9892bb04a,GPL-3.0,copyleft,LICENSE.txt (SPDX GPL-3.0 via the GitHub licence API),src/c_bindings/edipack/edipack_c_bindings_read_input.f90,717,,,no_umat_entry,"Fortran, but it declares no SUBROUTINE UMAT",filename_umat_f90,,,round2_size_partitioned_and_deck_first,,
EDIpack/EDIpack,37e8fa91ad03a08e17ecb950aa1c60f9892bb04a,GPL-3.0,copyleft,LICENSE.txt (SPDX GPL-3.0 via the GitHub licence API),src/c_bindings/edipack2ineq/edipack2ineq_c_bindings_aux_funx.f90,1633,,,no_umat_entry,"Fortran, but it declares no SUBROUTINE UMAT",filename_umat_f90,,,round2_size_partitioned_and_deck_first,,
EDIpack/EDIpack,37e8fa91ad03a08e17ecb950aa1c60f9892bb04a,GPL-3.0,copyleft,LICENSE.txt (SPDX GPL-3.0 via the GitHub licence API),src/c_bindings/edipack2ineq/edipack2ineq_c_bindings_bath.f90,5055,,,no_umat_entry,"Fortran, but it declares no SUBROUTINE UMAT",filename_umat_f90,,,round2_size_partitioned_and_deck_first,,
EDIpack/EDIpack,37e8fa91ad03a08e17ecb950aa1c60f9892bb04a,GPL-3.0,copyleft,LICENSE.txt (SPDX GPL-3.0 via the GitHub licence API),src/c_bindings/edipack2ineq/edipack2ineq_c_bindings_bath_fit.f90,4257,,,no_umat_entry,"Fortran, but it declares no SUBROUTINE UMAT",filename_umat_f90,,,round2_size_partitioned_and_deck_first,,
EDIpack/EDIpack,37e8fa91ad03a08e17ecb950aa1c60f9892bb04a,GPL-3.0,copyleft,LICENSE.txt (SPDX GPL-3.0 via the GitHub licence API),src/c_bindings/edipack2ineq/edipack2ineq_c_bindings_io.f90,6104,,,no_umat_entry,"Fortran, but it declares no SUBROUTINE UMAT",filename_umat_f90,,,round2_size_partitioned_and_deck_first,,
EDIpack/EDIpack,37e8fa91ad03a08e17ecb950aa1c60f9892bb04a,GPL-3.0,copyleft,LICENSE.txt (SPDX GPL-3.0 via the GitHub licence API),src/c_bindings/edipack2ineq/edipack2ineq_c_bindings_main.f90,1634,,,no_umat_entry,"Fortran, but it declares no SUBROUTINE UMAT",filename_umat_f90,,,round2_size_partitioned_and_deck_first,,
EDIpack/EDIpack,37e8fa91ad03a08e17ecb950aa1c60f9892bb04a,GPL-3.0,copyleft,LICENSE.txt (SPDX GPL-3.0 via the GitHub licence API),src/c_bindings/edipack2ineq/edipack2ineq_c_bindings_read_input.f90,717,,,no_umat_entry,"Fortran, but it declares no SUBROUTINE UMAT",filename_umat_f90,,,round2_size_partitioned_and_deck_first,,
EDIpack/EDIpack,37e8fa91ad03a08e17ecb950aa1c60f9892bb04a,GPL-3.0,copyleft,LICENSE.txt (SPDX GPL-3.0 via the GitHub licence API),src/ineq/E2I_AUX_FUNX.f90,23201,,,no_umat_entry,"Fortran, but it declares no SUBROUTINE UMAT",filename_umat_f90,,,round2_size_partitioned_and_deck_first,,
EDIpack/EDIpack,37e8fa91ad03a08e17ecb950aa1c60f9892bb04a,GPL-3.0,copyleft,LICENSE.txt (SPDX GPL-3.0 via the GitHub licence API),src/ineq/E2I_BATH/E2I_BATH.f90,257,,,no_umat_entry,"Fortran, but it declares no SUBROUTINE UMAT",filename_umat_f90,,,round2_size_partitioned_and_deck_first,,
EDIpack/EDIpack,37e8fa91ad03a08e17ecb950aa1c60f9892bb04a,GPL-3.0,copyleft,LICENSE.txt (SPDX GPL-3.0 via the GitHub licence API),src/ineq/E2I_BATH/E2I_BATH_REPLICA.f90,8439,,,no_umat_entry,"Fortran, but it declares no SUBROUTINE UMAT",filename_umat_f90,,,round2_size_partitioned_and_deck_first,,
EDIpack/EDIpack,37e8fa91ad03a08e17ecb950aa1c60f9892bb04a,GPL-3.0,copyleft,LICENSE.txt (SPDX GPL-3.0 via the GitHub licence API),src/ineq/E2I_BATH/E2I_BATH_USER.f90,11196,,,no_umat_entry,"Fortran, but it declares no SUBROUTINE UMAT",filename_umat_f90,,,round2_size_partitioned_and_deck_first,,
EDIpack/EDIpack,37e8fa91ad03a08e17ecb950aa1c60f9892bb04a,GPL-3.0,copyleft,LICENSE.txt (SPDX GPL-3.0 via the GitHub licence API),,0,,,not_examined,stopped after 25 files from this repository; 191 not read,filename_umat_f90,,,round2_size_partitioned_and_deck_first,,
Giacomo-Bassi/molcas_cvs,,LGPL-2.1,permissive,LICENSE (SPDX LGPL-2.1 via the GitHub licence API),,0,,,licence_incompatible,LGPL-2.1 is outside the set this project may redistribute; recorded and not fetched,filename_umat_f90,,,round2_size_partitioned_and_deck_first,,
JimBrouzoulis/OOFEM_Jim,,,,no LICENSE file detected by the GitHub API,,0,,,licence_absent,"no licence is declared, so nothing may be redistributed from it; a repository without a LICENSE file is refused, not assumed permissive; recorded and not fetched",size_8000..14000,,,round2_size_partitioned_and_deck_first,,
JuDFTteam/FLEUR,e0c54b6cc0075b79f9e9ac9731420201a90ccd11,MIT,permissive,LICENSE (SPDX MIT via the GitHub licence API),src/fleur/types/types_gpumat.F90,10619,,,no_umat_entry,"Fortran, but it declares no SUBROUTINE UMAT",filename_umat_f,,,round2_size_partitioned_and_deck_first,,
JuDFTteam/FLEUR,e0c54b6cc0075b79f9e9ac9731420201a90ccd11,MIT,permissive,LICENSE (SPDX MIT via the GitHub licence API),src/fleur/wannier/wann_read_umatrix.F,10534,,,no_umat_entry,"Fortran, but it declares no SUBROUTINE UMAT",filename_umat_f,,,round2_size_partitioned_and_deck_first,,
JuDFTteam/FLEUR,e0c54b6cc0075b79f9e9ac9731420201a90ccd11,MIT,permissive,LICENSE (SPDX MIT via the GitHub licence API),cmake/tests/test_ARPACK.f,22006,,,no_umat_entry,"Fortran, but it declares no SUBROUTINE UMAT",filename_umat_f,,,round2_size_partitioned_and_deck_first,,
JuDFTteam/FLEUR,e0c54b6cc0075b79f9e9ac9731420201a90ccd11,MIT,permissive,LICENSE (SPDX MIT via the GitHub licence API),cmake/tests/test_ChASE.f90,511,,,no_umat_entry,"Fortran, but it declares no SUBROUTINE UMAT",filename_umat_f,,,round2_size_partitioned_and_deck_first,,
JuDFTteam/FLEUR,e0c54b6cc0075b79f9e9ac9731420201a90ccd11,MIT,permissive,LICENSE (SPDX MIT via the GitHub licence API),cmake/tests/test_EDsolver.f90,5382,,,no_umat_entry,"Fortran, but it declares no SUBROUTINE UMAT",filename_umat_f,,,round2_size_partitioned_and_deck_first,,
JuDFTteam/FLEUR,e0c54b6cc0075b79f9e9ac9731420201a90ccd11,MIT,permissive,LICENSE (SPDX MIT via the GitHub licence API),cmake/tests/test_ELPA.f90,262,,,no_umat_entry,"Fortran, but it declares no SUBROUTINE UMAT",filename_umat_f,,,round2_size_partitioned_and_deck_first,,
JuDFTteam/FLEUR,e0c54b6cc0075b79f9e9ac9731420201a90ccd11,MIT,permissive,LICENSE (SPDX MIT via the GitHub licence API),cmake/tests/test_ELPA_201605003.f90,372,,,no_umat_entry,"Fortran, but it declares no SUBROUTINE UMAT",filename_umat_f,,,round2_size_partitioned_and_deck_first,,
JuDFTteam/FLEUR,e0c54b6cc0075b79f9e9ac9731420201a90ccd11,MIT,permissive,LICENSE (SPDX MIT via the GitHub licence API),cmake/tests/test_ELPA_201605004.f90,520,,,no_umat_entry,"Fortran, but it declares no SUBROUTINE UMAT",filename_umat_f,,,round2_size_partitioned_and_deck_first,,
JuDFTteam/FLEUR,e0c54b6cc0075b79f9e9ac9731420201a90ccd11,MIT,permissive,LICENSE (SPDX MIT via the GitHub licence API),cmake/tests/test_ELPA_201705003.f90,179,,,no_umat_entry,"Fortran, but it declares no SUBROUTINE UMAT",filename_umat_f,,,round2_size_partitioned_and_deck_first,,
JuDFTteam/FLEUR,e0c54b6cc0075b79f9e9ac9731420201a90ccd11,MIT,permissive,LICENSE (SPDX MIT via the GitHub licence API),cmake/tests/test_ELPA_20180525.f90,316,,,no_umat_entry,"Fortran, but it declares no SUBROUTINE UMAT",filename_umat_f,,,round2_size_partitioned_and_deck_first,,
JuDFTteam/FLEUR,e0c54b6cc0075b79f9e9ac9731420201a90ccd11,MIT,permissive,LICENSE (SPDX MIT via the GitHub licence API),cmake/tests/test_ELPA_NEW.f90,318,,,no_umat_entry,"Fortran, but it declares no SUBROUTINE UMAT",filename_umat_f,,,round2_size_partitioned_and_deck_first,,
JuDFTteam/FLEUR,e0c54b6cc0075b79f9e9ac9731420201a90ccd11,MIT,permissive,LICENSE (SPDX MIT via the GitHub licence API),cmake/tests/test_ELPA_OLD.f90,274,,,no_umat_entry,"Fortran, but it declares no SUBROUTINE UMAT",filename_umat_f,,,round2_size_partitioned_and_deck_first,,
JuDFTteam/FLEUR,e0c54b6cc0075b79f9e9ac9731420201a90ccd11,MIT,permissive,LICENSE (SPDX MIT via the GitHub licence API),cmake/tests/test_ELPA_sp.f90,350,,,no_umat_entry,"Fortran, but it declares no SUBROUTINE UMAT",filename_umat_f,,,round2_size_partitioned_and_deck_first,,
JuDFTteam/FLEUR,e0c54b6cc0075b79f9e9ac9731420201a90ccd11,MIT,permissive,LICENSE (SPDX MIT via the GitHub licence API),cmake/tests/test_ELPA_transform.f90,355,,,no_umat_entry,"Fortran, but it declares no SUBROUTINE UMAT",filename_umat_f,,,round2_size_partitioned_and_deck_first,,
JuDFTteam/FLEUR,e0c54b6cc0075b79f9e9ac9731420201a90ccd11,MIT,permissive,LICENSE (SPDX MIT via the GitHub licence API),cmake/tests/test_ELSI.f90,272,,,no_umat_entry,"Fortran, but it declares no SUBROUTINE UMAT",filename_umat_f,,,round2_size_partitioned_and_deck_first,,
JuDFTteam/FLEUR,e0c54b6cc0075b79f9e9ac9731420201a90ccd11,MIT,permissive,LICENSE (SPDX MIT via the GitHub licence API),cmake/tests/test_FFTMKL.f90,186,,,no_umat_entry,"Fortran, but it declares no SUBROUTINE UMAT",filename_umat_f,,,round2_size_partitioned_and_deck_first,,
JuDFTteam/FLEUR,e0c54b6cc0075b79f9e9ac9731420201a90ccd11,MIT,permissive,LICENSE (SPDX MIT via the GitHub licence API),cmake/tests/test_FFTW.f90,513,,,no_umat_entry,"Fortran, but it declares no SUBROUTINE UMAT",filename_umat_f,,,round2_size_partitioned_and_deck_first,,
JuDFTteam/FLEUR,e0c54b6cc0075b79f9e9ac9731420201a90ccd11,MIT,permissive,LICENSE (SPDX MIT via the GitHub licence API),cmake/tests/test_HDF5.f90,130,,,no_umat_entry,"Fortran, but it declares no SUBROUTINE UMAT",filename_umat_f,,,round2_size_partitioned_and_deck_first,,
JuDFTteam/FLEUR,e0c54b6cc0075b79f9e9ac9731420201a90ccd11,MIT,permissive,LICENSE (SPDX MIT via the GitHub licence API),cmake/tests/test_HDF5MPI.f90,220,,,no_umat_entry,"Fortran, but it declares no SUBROUTINE UMAT",filename_umat_f,,,round2_size_partitioned_and_deck_first,,
JuDFTteam/FLEUR,e0c54b6cc0075b79f9e9ac9731420201a90ccd11,MIT,permissive,LICENSE (SPDX MIT via the GitHub licence API),cmake/tests/test_LAPACK.f90,134,,,no_umat_entry,"Fortran, but it declares no SUBROUTINE UMAT",filename_umat_f,,,round2_size_partitioned_and_deck_first,,
JuDFTteam/FLEUR,e0c54b6cc0075b79f9e9ac9731420201a90ccd11,MIT,permissive,LICENSE (SPDX MIT via the GitHub licence API),cmake/tests/test_LibXC.f90,137,,,no_umat_entry,"Fortran, but it declares no SUBROUTINE UMAT",filename_umat_f,,,round2_size_partitioned_and_deck_first,,
JuDFTteam/FLEUR,e0c54b6cc0075b79f9e9ac9731420201a90ccd11,MIT,permissive,LICENSE (SPDX MIT via the GitHub licence API),cmake/tests/test_MAGMA.f90,297,,,no_umat_entry,"Fortran, but it declares no SUBROUTINE UMAT",filename_umat_f,,,round2_size_partitioned_and_deck_first,,
JuDFTteam/FLEUR,e0c54b6cc0075b79f9e9ac9731420201a90ccd11,MIT,permissive,LICENSE (SPDX MIT via the GitHub licence API),cmake/tests/test_MPI.f90,128,,,no_umat_entry,"Fortran, but it declares no SUBROUTINE UMAT",filename_umat_f,,,round2_size_partitioned_and_deck_first,,
JuDFTteam/FLEUR,e0c54b6cc0075b79f9e9ac9731420201a90ccd11,MIT,permissive,LICENSE (SPDX MIT via the GitHub licence API),cmake/tests/test_SCALAPACK.f90,158,,,no_umat_entry,"Fortran, but it declares no SUBROUTINE UMAT",filename_umat_f,,,round2_size_partitioned_and_deck_first,,
JuDFTteam/FLEUR,e0c54b6cc0075b79f9e9ac9731420201a90ccd11,MIT,permissive,LICENSE (SPDX MIT via the GitHub licence API),cmake/tests/test_SpFFT.f90,4804,,,no_umat_entry,"Fortran, but it declares no SUBROUTINE UMAT",filename_umat_f,,,round2_size_partitioned_and_deck_first,,
JuDFTteam/FLEUR,e0c54b6cc0075b79f9e9ac9731420201a90ccd11,MIT,permissive,LICENSE (SPDX MIT via the GitHub licence API),,0,,,not_examined,stopped after 25 files from this repository; 891 not read,filename_umat_f,,,round2_size_partitioned_and_deck_first,,
JuliaPackageMirrors/JuliaFEM.jl,9b1cc3e1347ccc8e798630a8805e3917934eadaf,MIT,permissive,LICENSE.md (SPDX MIT via the GitHub licence API),,0,,,no_fortran,its tree lists no Fortran file and no file the search matched,size_14000..25000,,,round2_size_partitioned_and_deck_first,,
MALBECC/hybrid,,,,no LICENSE file detected by the GitHub API,,0,,,licence_absent,"no licence is declared, so nothing may be redistributed from it; a repository without a LICENSE file is refused, not assumed permissive; recorded and not fetched",filename_umat_f,,,round2_size_partitioned_and_deck_first,,
MathieuSm/PyUtils,2feaa4730ad1e78e9a51494083de9504e6a301c8,MIT,permissive,LICENSE (SPDX MIT via the GitHub licence API),,0,,,no_fortran,its tree lists no Fortran file and no file the search matched,size_25000..50000,,,round2_size_partitioned_and_deck_first,,
Molcas/OpenMolcas,,LGPL-2.1,permissive,LICENSE (SPDX LGPL-2.1 via the GitHub licence API),,0,,,licence_incompatible,LGPL-2.1 is outside the set this project may redistribute; recorded and not fetched,filename_umat_f90,,,round2_size_partitioned_and_deck_first,,
SteffenSunde/vumat,,,,no LICENSE file detected by the GitHub API,,0,,,licence_absent,"no licence is declared, so nothing may be redistributed from it; a repository without a LICENSE file is refused, not assumed permissive; recorded and not fetched",deck_user_material,,,round2_size_partitioned_and_deck_first,,
YoshioNishimoto/OpenMolcas_mirror,,LGPL-2.1,permissive,LICENSE (SPDX LGPL-2.1 via the GitHub licence API),,0,,,licence_incompatible,LGPL-2.1 is outside the set this project may redistribute; recorded and not fetched,filename_umat_f90,,,round2_size_partitioned_and_deck_first,,
abuganza/NonlinearFEA,9a4430d3b4ab84edf6cebe385a7cd044a54112da,GPL-3.0,copyleft,LICENSE (SPDX GPL-3.0 via the GitHub licence API),,0,,,no_fortran,its tree lists no Fortran file and no file the search matched,deck_user_material,,,round2_size_partitioned_and_deck_first,,
agsb/milliForth-RiscV,,GPL-2.0,permissive,LICENSE (SPDX GPL-2.0 via the GitHub licence API),,0,,,licence_incompatible,GPL-2.0 is outside the set this project may redistribute; recorded and not fetched,filename_umat_f,,,round2_size_partitioned_and_deck_first,,
antalcides/migit,,,,no LICENSE file detected by the GitHub API,,0,,,licence_absent,"no licence is declared, so nothing may be redistributed from it; a repository without a LICENSE file is refused, not assumed permissive; recorded and not fetched",filename_umat_f,,,round2_size_partitioned_and_deck_first,,
bagustris/CompilationQuantumEspresso,,,,no LICENSE file detected by the GitHub API,,0,,,licence_absent,"no licence is declared, so nothing may be redistributed from it; a repository without a LICENSE file is refused, not assumed permissive; recorded and not fetched",filename_umat_f90,,,round2_size_partitioned_and_deck_first,,
calculix/Cubit-CalculiX,c50ddd0246f01986391b07e4dc99220c117c3dd2,GPL-3.0,copyleft,LICENSE (SPDX GPL-3.0 via the GitHub licence API),src/Utility/HDF5/Linux/1.12.1/share/HDF5Examples/FORTRAN/H5T/h5ex_t_enumatt_F03.f90,4881,,,no_umat_entry,"Fortran, but it declares no SUBROUTINE UMAT",filename_umat_f90,,,round2_size_partitioned_and_deck_first,,
calculix/Cubit-CalculiX,c50ddd0246f01986391b07e4dc99220c117c3dd2,GPL-3.0,copyleft,LICENSE (SPDX GPL-3.0 via the GitHub licence API),src/Utility/HDF5/Win/1.12.1/HDF5Examples/FORTRAN/H5T/h5ex_t_enumatt_F03.f90,4881,,,no_umat_entry,"Fortran, but it declares no SUBROUTINE UMAT",filename_umat_f90,,,round2_size_partitioned_and_deck_first,,
calculix/Cubit-CalculiX,c50ddd0246f01986391b07e4dc99220c117c3dd2,GPL-3.0,copyleft,LICENSE (SPDX GPL-3.0 via the GitHub licence API),src/Utility/HDF5/Linux/1.12.1/include/H5fortran_types.F90,2234,,,no_umat_entry,"Fortran, but it declares no SUBROUTINE UMAT",filename_umat_f90,,,round2_size_partitioned_and_deck_first,,
calculix/Cubit-CalculiX,c50ddd0246f01986391b07e4dc99220c117c3dd2,GPL-3.0,copyleft,LICENSE (SPDX GPL-3.0 via the GitHub licence API),src/Utility/HDF5/Linux/1.12.1/share/HDF5Examples/FORTRAN/H5D/h5ex_d_alloc.f90,4838,,,no_umat_entry,"Fortran, but it declares no SUBROUTINE UMAT",filename_umat_f90,,,round2_size_partitioned_and_deck_first,,
calculix/Cubit-CalculiX,c50ddd0246f01986391b07e4dc99220c117c3dd2,GPL-3.0,copyleft,LICENSE (SPDX GPL-3.0 via the GitHub licence API),src/Utility/HDF5/Linux/1.12.1/share/HDF5Examples/FORTRAN/H5D/h5ex_d_checksum.f90,5333,,,no_umat_entry,"Fortran, but it declares no SUBROUTINE UMAT",filename_umat_f90,,,round2_size_partitioned_and_deck_first,,
calculix/Cubit-CalculiX,c50ddd0246f01986391b07e4dc99220c117c3dd2,GPL-3.0,copyleft,LICENSE (SPDX GPL-3.0 via the GitHub licence API),src/Utility/HDF5/Linux/1.12.1/share/HDF5Examples/FORTRAN/H5D/h5ex_d_chunk.f90,5185,,,no_umat_entry,"Fortran, but it declares no SUBROUTINE UMAT",filename_umat_f90,,,round2_size_partitioned_and_deck_first,,
calculix/Cubit-CalculiX,c50ddd0246f01986391b07e4dc99220c117c3dd2,GPL-3.0,copyleft,LICENSE (SPDX GPL-3.0 via the GitHub licence API),src/Utility/HDF5/Linux/1.12.1/share/HDF5Examples/FORTRAN/H5D/h5ex_d_compact.f90,3462,,,no_umat_entry,"Fortran, but it declares no SUBROUTINE UMAT",filename_umat_f90,,,round2_size_partitioned_and_deck_first,,
calculix/Cubit-CalculiX,c50ddd0246f01986391b07e4dc99220c117c3dd2,GPL-3.0,copyleft,LICENSE (SPDX GPL-3.0 via the GitHub licence API),src/Utility/HDF5/Linux/1.12.1/share/HDF5Examples/FORTRAN/H5D/h5ex_d_extern.f90,4000,,,no_umat_entry,"Fortran, but it declares no SUBROUTINE UMAT",filename_umat_f90,,,round2_size_partitioned_and_deck_first,,
calculix/Cubit-CalculiX,c50ddd0246f01986391b07e4dc99220c117c3dd2,GPL-3.0,copyleft,LICENSE (SPDX GPL-3.0 via the GitHub licence API),src/Utility/HDF5/Linux/1.12.1/share/HDF5Examples/FORTRAN/H5D/h5ex_d_fillval.f90,4271,,,no_umat_entry,"Fortran, but it declares no SUBROUTINE UMAT",filename_umat_f90,,,round2_size_partitioned_and_deck_first,,
calculix/Cubit-CalculiX,c50ddd0246f01986391b07e4dc99220c117c3dd2,GPL-3.0,copyleft,LICENSE (SPDX GPL-3.0 via the GitHub licence API),src/Utility/HDF5/Linux/1.12.1/share/HDF5Examples/FORTRAN/H5D/h5ex_d_gzip.f90,5299,,,no_umat_entry,"Fortran, but it declares no SUBROUTINE UMAT",filename_umat_f90,,,round2_size_partitioned_and_deck_first,,
calculix/Cubit-CalculiX,c50ddd0246f01986391b07e4dc99220c117c3dd2,GPL-3.0,copyleft,LICENSE (SPDX GPL-3.0 via the GitHub licence API),src/Utility/HDF5/Linux/1.12.1/share/HDF5Examples/FORTRAN/H5D/h5ex_d_hyper.f90,4228,,,no_umat_entry,"Fortran, but it declares no SUBROUTINE UMAT",filename_umat_f90,,,round2_size_partitioned_and_deck_first,,
calculix/Cubit-CalculiX,c50ddd0246f01986391b07e4dc99220c117c3dd2,GPL-3.0,copyleft,LICENSE (SPDX GPL-3.0 via the GitHub licence API),src/Utility/HDF5/Linux/1.12.1/share/HDF5Examples/FORTRAN/H5D/h5ex_d_nbit.f90,5313,,,no_umat_entry,"Fortran, but it declares no SUBROUTINE UMAT",filename_umat_f90,,,round2_size_partitioned_and_deck_first,,
calculix/Cubit-CalculiX,c50ddd0246f01986391b07e4dc99220c117c3dd2,GPL-3.0,copyleft,LICENSE (SPDX GPL-3.0 via the GitHub licence API),src/Utility/HDF5/Linux/1.12.1/share/HDF5Examples/FORTRAN/H5D/h5ex_d_rdwr.f90,2572,,,no_umat_entry,"Fortran, but it declares no SUBROUTINE UMAT",filename_umat_f90,,,round2_size_partitioned_and_deck_first,,
calculix/Cubit-CalculiX,c50ddd0246f01986391b07e4dc99220c117c3dd2,GPL-3.0,copyleft,LICENSE (SPDX GPL-3.0 via the GitHub licence API),src/Utility/HDF5/Linux/1.12.1/share/HDF5Examples/FORTRAN/H5D/h5ex_d_rdwr_kind.f90,4158,,,no_umat_entry,"Fortran, but it declares no SUBROUTINE UMAT",filename_umat_f90,,,round2_size_partitioned_and_deck_first,,
calculix/Cubit-CalculiX,c50ddd0246f01986391b07e4dc99220c117c3dd2,GPL-3.0,copyleft,LICENSE (SPDX GPL-3.0 via the GitHub licence API),src/Utility/HDF5/Linux/1.12.1/share/HDF5Examples/FORTRAN/H5D/h5ex_d_soint.f90,5518,,,no_umat_entry,"Fortran, but it declares no SUBROUTINE UMAT",filename_umat_f90,,,round2_size_partitioned_and_deck_first,,
calculix/Cubit-CalculiX,c50ddd0246f01986391b07e4dc99220c117c3dd2,GPL-3.0,copyleft,LICENSE (SPDX GPL-3.0 via the GitHub licence API),src/Utility/HDF5/Linux/1.12.1/share/HDF5Examples/FORTRAN/H5D/h5ex_d_szip.f90,5068,,,no_umat_entry,"Fortran, but it declares no SUBROUTINE UMAT",filename_umat_f90,,,round2_size_partitioned_and_deck_first,,
calculix/Cubit-CalculiX,c50ddd0246f01986391b07e4dc99220c117c3dd2,GPL-3.0,copyleft,LICENSE (SPDX GPL-3.0 via the GitHub licence API),src/Utility/HDF5/Linux/1.12.1/share/HDF5Examples/FORTRAN/H5D/h5ex_d_transform.f90,4058,,,no_umat_entry,"Fortran, but it declares no SUBROUTINE UMAT",filename_umat_f90,,,round2_size_partitioned_and_deck_first,,
calculix/Cubit-CalculiX,c50ddd0246f01986391b07e4dc99220c117c3dd2,GPL-3.0,copyleft,LICENSE (SPDX GPL-3.0 via the GitHub licence API),src/Utility/HDF5/Linux/1.12.1/share/HDF5Examples/FORTRAN/H5D/h5ex_d_unlimmod.f90,5205,,,no_umat_entry,"Fortran, but it declares no SUBROUTINE UMAT",filename_umat_f90,,,round2_size_partitioned_and_deck_first,,
calculix/Cubit-CalculiX,c50ddd0246f01986391b07e4dc99220c117c3dd2,GPL-3.0,copyleft,LICENSE (SPDX GPL-3.0 via the GitHub licence API),src/Utility/HDF5/Linux/1.12.1/share/HDF5Examples/FORTRAN/H5G/h5ex_g_compact.f90,4230,,,no_umat_entry,"Fortran, but it declares no SUBROUTINE UMAT",filename_umat_f90,,,round2_size_partitioned_and_deck_first,,
calculix/Cubit-CalculiX,c50ddd0246f01986391b07e4dc99220c117c3dd2,GPL-3.0,copyleft,LICENSE (SPDX GPL-3.0 via the GitHub licence API),src/Utility/HDF5/Linux/1.12.1/share/HDF5Examples/FORTRAN/H5G/h5ex_g_corder.f90,3357,,,no_umat_entry,"Fortran, but it declares no SUBROUTINE UMAT",filename_umat_f90,,,round2_size_partitioned_and_deck_first,,
calculix/Cubit-CalculiX,c50ddd0246f01986391b07e4dc99220c117c3dd2,GPL-3.0,copyleft,LICENSE (SPDX GPL-3.0 via the GitHub licence API),src/Utility/HDF5/Linux/1.12.1/share/HDF5Examples/FORTRAN/H5G/h5ex_g_create.f90,1038,,,no_umat_entry,"Fortran, but it declares no SUBROUTINE UMAT",filename_umat_f90,,,round2_size_partitioned_and_deck_first,,
calculix/Cubit-CalculiX,c50ddd0246f01986391b07e4dc99220c117c3dd2,GPL-3.0,copyleft,LICENSE (SPDX GPL-3.0 via the GitHub licence API),src/Utility/HDF5/Linux/1.12.1/share/HDF5Examples/FORTRAN/H5G/h5ex_g_phase.f90,4277,,,no_umat_entry,"Fortran, but it declares no SUBROUTINE UMAT",filename_umat_f90,,,round2_size_partitioned_and_deck_first,,
calculix/Cubit-CalculiX,c50ddd0246f01986391b07e4dc99220c117c3dd2,GPL-3.0,copyleft,LICENSE (SPDX GPL-3.0 via the GitHub licence API),src/Utility/HDF5/Linux/1.12.1/share/HDF5Examples/FORTRAN/H5T/h5ex_t_Cstring_F03.f90,3387,,,no_umat_entry,"Fortran, but it declares no SUBROUTINE UMAT",filename_umat_f90,,,round2_size_partitioned_and_deck_first,,
calculix/Cubit-CalculiX,c50ddd0246f01986391b07e4dc99220c117c3dd2,GPL-3.0,copyleft,LICENSE (SPDX GPL-3.0 via the GitHub licence API),src/Utility/HDF5/Linux/1.12.1/share/HDF5Examples/FORTRAN/H5T/h5ex_t_array_F03.f90,3966,,,no_umat_entry,"Fortran, but it declares no SUBROUTINE UMAT",filename_umat_f90,,,round2_size_partitioned_and_deck_first,,
calculix/Cubit-CalculiX,c50ddd0246f01986391b07e4dc99220c117c3dd2,GPL-3.0,copyleft,LICENSE (SPDX GPL-3.0 via the GitHub licence API),src/Utility/HDF5/Linux/1.12.1/share/HDF5Examples/FORTRAN/H5T/h5ex_t_arrayatt_F03.f90,4265,,,no_umat_entry,"Fortran, but it declares no SUBROUTINE UMAT",filename_umat_f90,,,round2_size_partitioned_and_deck_first,,
calculix/Cubit-CalculiX,c50ddd0246f01986391b07e4dc99220c117c3dd2,GPL-3.0,copyleft,LICENSE (SPDX GPL-3.0 via the GitHub licence API),,0,,,not_examined,stopped after 25 files from this repository; 69 not read,filename_umat_f90,,,round2_size_partitioned_and_deck_first,,
cunyizju/mole,,,,no LICENSE file detected by the GitHub API,,0,,,licence_absent,"no licence is declared, so nothing may be redistributed from it; a repository without a LICENSE file is refused, not assumed permissive; recorded and not fetched",size_4000..8000,,,round2_size_partitioned_and_deck_first,,
cxwqs/FLASH-cx,,,,no LICENSE file detected by the GitHub API,,0,,,licence_absent,"no licence is declared, so nothing may be redistributed from it; a repository without a LICENSE file is refused, not assumed permissive; recorded and not fetched",filename_umat_f90,,,round2_size_partitioned_and_deck_first,,
earthquake-ws/MKZ-NonMasing,,,,no LICENSE file detected by the GitHub API,,0,,,licence_absent,"no licence is declared, so nothing may be redistributed from it; a repository without a LICENSE file is refused, not assumed permissive; recorded and not fetched",size_8000..14000,,,round2_size_partitioned_and_deck_first,,
elanurkarabulut/capstone-2-,,,,no LICENSE file detected by the GitHub API,,0,,,licence_absent,"no licence is declared, so nothing may be redistributed from it; a repository without a LICENSE file is refused, not assumed permissive; recorded and not fetched",size_<4000,,,round2_size_partitioned_and_deck_first,,
eudoxos/oofem-not-fork,,LGPL-2.1,permissive,LICENSE (SPDX LGPL-2.1 via the GitHub licence API),,0,,,licence_incompatible,LGPL-2.1 is outside the set this project may redistribute; recorded and not fetched,size_8000..14000,,,round2_size_partitioned_and_deck_first,,
eudoxos/oofem-umicore,,,,no LICENSE file detected by the GitHub API,,0,,,licence_absent,"no licence is declared, so nothing may be redistributed from it; a repository without a LICENSE file is refused, not assumed permissive; recorded and not fetched",size_4000..8000,,,round2_size_partitioned_and_deck_first,,
feelpp/mordicus,,,,no LICENSE file detected by the GitHub API,,0,,,licence_absent,"no licence is declared, so nothing may be redistributed from it; a repository without a LICENSE file is refused, not assumed permissive; recorded and not fetched",size_4000..8000,,,round2_size_partitioned_and_deck_first,,
johnallanmoore/NOCAL-FEA,06f6b59ecb57153096934929920969b2af018538,GPL-3.0,copyleft,LICENSE (SPDX GPL-3.0 via the GitHub licence API),,0,,,no_fortran,its tree lists no Fortran file and no file the search matched,deck_user_material_constants,,,round2_size_partitioned_and_deck_first,,
lingfli/ENN,,,,no LICENSE file detected by the GitHub API,,0,,,licence_absent,"no licence is declared, so nothing may be redistributed from it; a repository without a LICENSE file is refused, not assumed permissive; recorded and not fetched",size_>50000,,,round2_size_partitioned_and_deck_first,,
nanoengineering/EPW-nano,,GPL-2.0,permissive,LICENSE (SPDX GPL-2.0 via the GitHub licence API),,0,,,licence_incompatible,GPL-2.0 is outside the set this project may redistribute; recorded and not fetched,filename_umat_f90,,,round2_size_partitioned_and_deck_first,,
nitramkaroh/OOFEM,,,,no LICENSE file detected by the GitHub API,,0,,,licence_absent,"no licence is declared, so nothing may be redistributed from it; a repository without a LICENSE file is refused, not assumed permissive; recorded and not fetched",size_8000..14000,,,round2_size_partitioned_and_deck_first,,
openhpc/ohpc,8acc6a38a06f0fc821b387783e992b4bb8e090ab,Apache-2.0,permissive,LICENSE (SPDX Apache-2.0 via the GitHub licence API),tests/libs/hdf5/test-env-variables-new/FORTRAN/H5T/h5ex_t_enumatt_F03.F90,4881,,,no_umat_entry,"Fortran, but it declares no SUBROUTINE UMAT",filename_umat_f90,,,round2_size_partitioned_and_deck_first,,
openhpc/ohpc,8acc6a38a06f0fc821b387783e992b4bb8e090ab,Apache-2.0,permissive,LICENSE (SPDX Apache-2.0 via the GitHub licence API),tests/libs/hdf5/test-h5-wrappers-new/FORTRAN/H5T/h5ex_t_enumatt_F03.F90,4881,,,no_umat_entry,"Fortran, but it declares no SUBROUTINE UMAT",filename_umat_f90,,,round2_size_partitioned_and_deck_first,,
openhpc/ohpc,8acc6a38a06f0fc821b387783e992b4bb8e090ab,Apache-2.0,permissive,LICENSE (SPDX Apache-2.0 via the GitHub licence API),tests/apps/miniDFT/tests/src/MQEoptions.f90,1251,,,no_umat_entry,"Fortran, but it declares no SUBROUTINE UMAT",filename_umat_f90,,,round2_size_partitioned_and_deck_first,,
openhpc/ohpc,8acc6a38a06f0fc821b387783e992b4bb8e090ab,Apache-2.0,permissive,LICENSE (SPDX Apache-2.0 via the GitHub licence API),tests/apps/miniDFT/tests/src/a2fmod.f90,1824,,,no_umat_entry,"Fortran, but it declares no SUBROUTINE UMAT",filename_umat_f90,,,round2_size_partitioned_and_deck_first,,
openhpc/ohpc,8acc6a38a06f0fc821b387783e992b4bb8e090ab,Apache-2.0,permissive,LICENSE (SPDX Apache-2.0 via the GitHub licence API),tests/apps/miniDFT/tests/src/add_vuspsi.f90,3441,,,no_umat_entry,"Fortran, but it declares no SUBROUTINE UMAT",filename_umat_f90,,,round2_size_partitioned_and_deck_first,,
openhpc/ohpc,8acc6a38a06f0fc821b387783e992b4bb8e090ab,Apache-2.0,permissive,LICENSE (SPDX Apache-2.0 via the GitHub licence API),tests/apps/miniDFT/tests/src/allocate_fft.f90,2730,,,no_umat_entry,"Fortran, but it declares no SUBROUTINE UMAT",filename_umat_f90,,,round2_size_partitioned_and_deck_first,,
openhpc/ohpc,8acc6a38a06f0fc821b387783e992b4bb8e090ab,Apache-2.0,permissive,LICENSE (SPDX Apache-2.0 via the GitHub licence API),tests/apps/miniDFT/tests/src/allocate_locpot.f90,955,,,no_umat_entry,"Fortran, but it declares no SUBROUTINE UMAT",filename_umat_f90,,,round2_size_partitioned_and_deck_first,,
openhpc/ohpc,8acc6a38a06f0fc821b387783e992b4bb8e090ab,Apache-2.0,permissive,LICENSE (SPDX Apache-2.0 via the GitHub licence API),tests/apps/miniDFT/tests/src/allocate_nlpot.f90,3753,,,no_umat_entry,"Fortran, but it declares no SUBROUTINE UMAT",filename_umat_f90,,,round2_size_partitioned_and_deck_first,,
openhpc/ohpc,8acc6a38a06f0fc821b387783e992b4bb8e090ab,Apache-2.0,permissive,LICENSE (SPDX Apache-2.0 via the GitHub licence API),tests/apps/miniDFT/tests/src/allocate_wfc.f90,829,,,no_umat_entry,"Fortran, but it declares no SUBROUTINE UMAT",filename_umat_f90,,,round2_size_partitioned_and_deck_first,,
openhpc/ohpc,8acc6a38a06f0fc821b387783e992b4bb8e090ab,Apache-2.0,permissive,LICENSE (SPDX Apache-2.0 via the GitHub licence API),tests/apps/miniDFT/tests/src/atom.f90,871,,,no_umat_entry,"Fortran, but it declares no SUBROUTINE UMAT",filename_umat_f90,,,round2_size_partitioned_and_deck_first,,
openhpc/ohpc,8acc6a38a06f0fc821b387783e992b4bb8e090ab,Apache-2.0,permissive,LICENSE (SPDX Apache-2.0 via the GitHub licence API),tests/apps/miniDFT/tests/src/atomic_number.f90,5921,,,no_umat_entry,"Fortran, but it declares no SUBROUTINE UMAT",filename_umat_f90,,,round2_size_partitioned_and_deck_first,,
openhpc/ohpc,8acc6a38a06f0fc821b387783e992b4bb8e090ab,Apache-2.0,permissive,LICENSE (SPDX Apache-2.0 via the GitHub licence API),tests/apps/miniDFT/tests/src/atomic_rho.f90,5632,,,no_umat_entry,"Fortran, but it declares no SUBROUTINE UMAT",filename_umat_f90,,,round2_size_partitioned_and_deck_first,,
openhpc/ohpc,8acc6a38a06f0fc821b387783e992b4bb8e090ab,Apache-2.0,permissive,LICENSE (SPDX Apache-2.0 via the GitHub licence API),tests/apps/miniDFT/tests/src/atomic_wfc.f90,4801,,,no_umat_entry,"Fortran, but it declares no SUBROUTINE UMAT",filename_umat_f90,,,round2_size_partitioned_and_deck_first,,
openhpc/ohpc,8acc6a38a06f0fc821b387783e992b4bb8e090ab,Apache-2.0,permissive,LICENSE (SPDX Apache-2.0 via the GitHub licence API),tests/apps/miniDFT/tests/src/becmod.f90,11397,,,no_umat_entry,"Fortran, but it declares no SUBROUTINE UMAT",filename_umat_f90,,,round2_size_partitioned_and_deck_first,,
openhpc/ohpc,8acc6a38a06f0fc821b387783e992b4bb8e090ab,Apache-2.0,permissive,LICENSE (SPDX Apache-2.0 via the GitHub licence API),tests/apps/miniDFT/tests/src/buffers.f90,7163,,,no_umat_entry,"Fortran, but it declares no SUBROUTINE UMAT",filename_umat_f90,,,round2_size_partitioned_and_deck_first,,
openhpc/ohpc,8acc6a38a06f0fc821b387783e992b4bb8e090ab,Apache-2.0,permissive,LICENSE (SPDX Apache-2.0 via the GitHub licence API),tests/apps/miniDFT/tests/src/c_bands.f90,10640,,,no_umat_entry,"Fortran, but it declares no SUBROUTINE UMAT",filename_umat_f90,,,round2_size_partitioned_and_deck_first,,
openhpc/ohpc,8acc6a38a06f0fc821b387783e992b4bb8e090ab,Apache-2.0,permissive,LICENSE (SPDX Apache-2.0 via the GitHub licence API),tests/apps/miniDFT/tests/src/capital.f90,2432,,,no_umat_entry,"Fortran, but it declares no SUBROUTINE UMAT",filename_umat_f90,,,round2_size_partitioned_and_deck_first,,
openhpc/ohpc,8acc6a38a06f0fc821b387783e992b4bb8e090ab,Apache-2.0,permissive,LICENSE (SPDX Apache-2.0 via the GitHub licence API),tests/apps/miniDFT/tests/src/ccgdiagg.f90,10556,,,no_umat_entry,"Fortran, but it declares no SUBROUTINE UMAT",filename_umat_f90,,,round2_size_partitioned_and_deck_first,,
openhpc/ohpc,8acc6a38a06f0fc821b387783e992b4bb8e090ab,Apache-2.0,permissive,LICENSE (SPDX Apache-2.0 via the GitHub licence API),tests/apps/miniDFT/tests/src/cdiaghg.f90,4708,,,no_umat_entry,"Fortran, but it declares no SUBROUTINE UMAT",filename_umat_f90,,,round2_size_partitioned_and_deck_first,,
openhpc/ohpc,8acc6a38a06f0fc821b387783e992b4bb8e090ab,Apache-2.0,permissive,LICENSE (SPDX Apache-2.0 via the GitHub licence API),tests/apps/miniDFT/tests/src/cegterg.f90,27699,,,no_umat_entry,"Fortran, but it declares no SUBROUTINE UMAT",filename_umat_f90,,,round2_size_partitioned_and_deck_first,,
openhpc/ohpc,8acc6a38a06f0fc821b387783e992b4bb8e090ab,Apache-2.0,permissive,LICENSE (SPDX Apache-2.0 via the GitHub licence API),tests/apps/miniDFT/tests/src/cell_base.f90,29944,,,no_umat_entry,"Fortran, but it declares no SUBROUTINE UMAT",filename_umat_f90,,,round2_size_partitioned_and_deck_first,,
openhpc/ohpc,8acc6a38a06f0fc821b387783e992b4bb8e090ab,Apache-2.0,permissive,LICENSE (SPDX Apache-2.0 via the GitHub licence API),tests/apps/miniDFT/tests/src/check_stop.f90,4898,,,no_umat_entry,"Fortran, but it declares no SUBROUTINE UMAT",filename_umat_f90,,,round2_size_partitioned_and_deck_first,,
openhpc/ohpc,8acc6a38a06f0fc821b387783e992b4bb8e090ab,Apache-2.0,permissive,LICENSE (SPDX Apache-2.0 via the GitHub licence API),tests/apps/miniDFT/tests/src/clean_pw.f90,6006,,,no_umat_entry,"Fortran, but it declares no SUBROUTINE UMAT",filename_umat_f90,,,round2_size_partitioned_and_deck_first,,
openhpc/ohpc,8acc6a38a06f0fc821b387783e992b4bb8e090ab,Apache-2.0,permissive,LICENSE (SPDX Apache-2.0 via the GitHub licence API),tests/apps/miniDFT/tests/src/clocks.f90,13511,,,no_umat_entry,"Fortran, but it declares no SUBROUTINE UMAT",filename_umat_f90,,,round2_size_partitioned_and_deck_first,,
openhpc/ohpc,8acc6a38a06f0fc821b387783e992b4bb8e090ab,Apache-2.0,permissive,LICENSE (SPDX Apache-2.0 via the GitHub licence API),tests/apps/miniDFT/tests/src/close_files.f90,2067,,,no_umat_entry,"Fortran, but it declares no SUBROUTINE UMAT",filename_umat_f90,,,round2_size_partitioned_and_deck_first,,
openhpc/ohpc,8acc6a38a06f0fc821b387783e992b4bb8e090ab,Apache-2.0,permissive,LICENSE (SPDX Apache-2.0 via the GitHub licence API),,0,,,not_examined,stopped after 25 files from this repository; 329 not read,filename_umat_f90,,,round2_size_partitioned_and_deck_first,,
philipcardiff/abaqus-example-vumat,56afb11f7cc084f17d4c5da7a07ac7c10dcda255,MIT,permissive,LICENSE (SPDX MIT via the GitHub licence API),vumat.f,1722,,,no_umat_entry,declares a VUMAT and no UMAT; the explicit interface is out of scope,deck_user_material,,,round2_size_partitioned_and_deck_first,,
shredderbvek/cubic_elasticity_UMAT,,,,no LICENSE file detected by the GitHub API,,0,,,licence_absent,"no licence is declared, so nothing may be redistributed from it; a repository without a LICENSE file is refused, not assumed permissive; recorded and not fetched",size_4000..8000,,,round2_size_partitioned_and_deck_first,,
tjhequn/cyclic_plasticity_of_hss_Q690,,,,no LICENSE file detected by the GitHub API,,0,,,licence_absent,"no licence is declared, so nothing may be redistributed from it; a repository without a LICENSE file is refused, not assumed permissive; recorded and not fetched",size_14000..25000,,,round2_size_partitioned_and_deck_first,,
tkotani/ecalj,,,,LICENCE present but neither GitHub nor a text match identified a licence,,0,,,licence_absent,"no licence is declared, so nothing may be redistributed from it; a repository without a LICENSE file is refused, not assumed permissive; recorded and not fetched",filename_umat_f90,,,round2_size_partitioned_and_deck_first,,
vbertone/MELA,,,,no LICENSE file detected by the GitHub API,,0,,,licence_absent,"no licence is declared, so nothing may be redistributed from it; a repository without a LICENSE file is refused, not assumed permissive; recorded and not fetched",size_8000..14000,,,round2_size_partitioned_and_deck_first,,
wjin33/oofem-2.4,,,,no LICENSE file detected by the GitHub API,,0,,,licence_absent,"no licence is declared, so nothing may be redistributed from it; a repository without a LICENSE file is refused, not assumed permissive; recorded and not fetched",size_8000..14000,,,round2_size_partitioned_and_deck_first,,
AlexanderJFDR/gtn_model_vuamt,79dc4c0f01a420ac61909285ee74d1070280d5c2,MIT,permissive,LICENSE (SPDX MIT via the GitHub licence API),gtn_vumat.for,21423,,,no_umat_entry,declares a VUMAT and no UMAT; the explicit interface is out of scope,filename_umat_for,,,round2_size_partitioned_and_deck_first,,
ChemRacer/Test,,LGPL-2.1,permissive,LICENSE (SPDX LGPL-2.1 via the GitHub licence API),,0,,,licence_incompatible,LGPL-2.1 is outside the set this project may redistribute; recorded and not fetched,filename_umat_f,,,round2_size_partitioned_and_deck_first,,
CovMat/EBooks-of-Geophysics,,,,no LICENSE file detected by the GitHub API,,0,,,licence_absent,"no licence is declared, so nothing may be redistributed from it; a repository without a LICENSE file is refused, not assumed permissive; recorded and not fetched",filename_umat_f,,,round2_size_partitioned_and_deck_first,,
ESP-rCommunity/ESP-rSource,,,,no LICENSE file detected by the GitHub API,,0,,,licence_absent,"no licence is declared, so nothing may be redistributed from it; a repository without a LICENSE file is refused, not assumed permissive; recorded and not fetched",size_>50000,,,round2_size_partitioned_and_deck_first,,
FrankThomasTveter/astro-api,3d44c2d8120ae7dcf20f7697003fa97539e168d7,GPL-3.0,copyleft,LICENSE (SPDX GPL-3.0 via the GitHub licence API),astro/src/libsofa/sofa/20160503_a/f77/src/numat.for,6140,,,no_umat_entry,"Fortran, but it declares no SUBROUTINE UMAT",filename_umat_for,,,round2_size_partitioned_and_deck_first,,
FrankThomasTveter/astro-api,3d44c2d8120ae7dcf20f7697003fa97539e168d7,GPL-3.0,copyleft,LICENSE (SPDX GPL-3.0 via the GitHub licence API),astro/src/asc2eph/asc2eph.F,9085,,,no_umat_entry,"Fortran, but it declares no SUBROUTINE UMAT",filename_umat_for,,,round2_size_partitioned_and_deck_first,,
FrankThomasTveter/astro-api,3d44c2d8120ae7dcf20f7697003fa97539e168d7,GPL-3.0,copyleft,LICENSE (SPDX GPL-3.0 via the GitHub licence API),astro/src/astro/astro.F,1051,,,no_umat_entry,"Fortran, but it declares no SUBROUTINE UMAT",filename_umat_for,,,round2_size_partitioned_and_deck_first,,
FrankThomasTveter/astro-api,3d44c2d8120ae7dcf20f7697003fa97539e168d7,GPL-3.0,copyleft,LICENSE (SPDX GPL-3.0 via the GitHub licence API),astro/src/astro/astroEvent.F,785439,,,no_umat_entry,"Fortran, but it declares no SUBROUTINE UMAT",filename_umat_for,,,round2_size_partitioned_and_deck_first,,
FrankThomasTveter/astro-api,3d44c2d8120ae7dcf20f7697003fa97539e168d7,GPL-3.0,copyleft,LICENSE (SPDX GPL-3.0 via the GitHub licence API),astro/src/astro/astroShort.F,45842,,,no_umat_entry,"Fortran, but it declares no SUBROUTINE UMAT",filename_umat_for,,,round2_size_partitioned_and_deck_first,,
FrankThomasTveter/astro-api,3d44c2d8120ae7dcf20f7697003fa97539e168d7,GPL-3.0,copyleft,LICENSE (SPDX GPL-3.0 via the GitHub licence API),astro/src/astro/astroSmall.F,97510,,,no_umat_entry,"Fortran, but it declares no SUBROUTINE UMAT",filename_umat_for,,,round2_size_partitioned_and_deck_first,,
FrankThomasTveter/astro-api,3d44c2d8120ae7dcf20f7697003fa97539e168d7,GPL-3.0,copyleft,LICENSE (SPDX GPL-3.0 via the GitHub licence API),astro/src/astro/astroState.F,26729,,,no_umat_entry,"Fortran, but it declares no SUBROUTINE UMAT",filename_umat_for,,,round2_size_partitioned_and_deck_first,,
FrankThomasTveter/astro-api,3d44c2d8120ae7dcf20f7697003fa97539e168d7,GPL-3.0,copyleft,LICENSE (SPDX GPL-3.0 via the GitHub licence API),astro/src/astro/clean0.F,1783,,,no_umat_entry,"Fortran, but it declares no SUBROUTINE UMAT",filename_umat_for,,,round2_size_partitioned_and_deck_first,,
FrankThomasTveter/astro-api,3d44c2d8120ae7dcf20f7697003fa97539e168d7,GPL-3.0,copyleft,LICENSE (SPDX GPL-3.0 via the GitHub licence API),astro/src/astro/event.F,26884,,,no_umat_entry,"Fortran, but it declares no SUBROUTINE UMAT",filename_umat_for,,,round2_size_partitioned_and_deck_first,,
FrankThomasTveter/astro-api,3d44c2d8120ae7dcf20f7697003fa97539e168d7,GPL-3.0,copyleft,LICENSE (SPDX GPL-3.0 via the GitHub licence API),astro/src/astro/f_c_string.f90,414,,,no_umat_entry,"Fortran, but it declares no SUBROUTINE UMAT",filename_umat_for,,,round2_size_partitioned_and_deck_first,,
FrankThomasTveter/astro-api,3d44c2d8120ae7dcf20f7697003fa97539e168d7,GPL-3.0,copyleft,LICENSE (SPDX GPL-3.0 via the GitHub licence API),astro/src/astro/fcstring.f,486,,,no_umat_entry,"Fortran, but it declares no SUBROUTINE UMAT",filename_umat_for,,,round2_size_partitioned_and_deck_first,,
FrankThomasTveter/astro-api,3d44c2d8120ae7dcf20f7697003fa97539e168d7,GPL-3.0,copyleft,LICENSE (SPDX GPL-3.0 via the GitHub licence API),astro/src/astro/heapsort1.F,2629,,,no_umat_entry,"Fortran, but it declares no SUBROUTINE UMAT",filename_umat_for,,,round2_size_partitioned_and_deck_first,,
FrankThomasTveter/astro-api,3d44c2d8120ae7dcf20f7697003fa97539e168d7,GPL-3.0,copyleft,LICENSE (SPDX GPL-3.0 via the GitHub licence API),astro/src/astro/jpleph.F,42565,,,no_umat_entry,"Fortran, but it declares no SUBROUTINE UMAT",filename_umat_for,,,round2_size_partitioned_and_deck_first,,
FrankThomasTveter/astro-api,3d44c2d8120ae7dcf20f7697003fa97539e168d7,GPL-3.0,copyleft,LICENSE (SPDX GPL-3.0 via the GitHub licence API),astro/src/astro/mastro.F,164005,,,no_umat_entry,"Fortran, but it declares no SUBROUTINE UMAT",filename_umat_for,,,round2_size_partitioned_and_deck_first,,
FrankThomasTveter/astro-api,3d44c2d8120ae7dcf20f7697003fa97539e168d7,GPL-3.0,copyleft,LICENSE (SPDX GPL-3.0 via the GitHub licence API),astro/src/astro/short.F,4612,,,no_umat_entry,"Fortran, but it declares no SUBROUTINE UMAT",filename_umat_for,,,round2_size_partitioned_and_deck_first,,
FrankThomasTveter/astro-api,3d44c2d8120ae7dcf20f7697003fa97539e168d7,GPL-3.0,copyleft,LICENSE (SPDX GPL-3.0 via the GitHub licence API),astro/src/astro/shortbin.F,1116,,,no_umat_entry,"Fortran, but it declares no SUBROUTINE UMAT",filename_umat_for,,,round2_size_partitioned_and_deck_first,,
FrankThomasTveter/astro-api,3d44c2d8120ae7dcf20f7697003fa97539e168d7,GPL-3.0,copyleft,LICENSE (SPDX GPL-3.0 via the GitHub licence API),astro/src/astro/small.F,4991,,,no_umat_entry,"Fortran, but it declares no SUBROUTINE UMAT",filename_umat_for,,,round2_size_partitioned_and_deck_first,,
FrankThomasTveter/astro-api,3d44c2d8120ae7dcf20f7697003fa97539e168d7,GPL-3.0,copyleft,LICENSE (SPDX GPL-3.0 via the GitHub licence API),astro/src/astro/smallbin.F,1162,,,no_umat_entry,"Fortran, but it declares no SUBROUTINE UMAT",filename_umat_for,,,round2_size_partitioned_and_deck_first,,
FrankThomasTveter/astro-api,3d44c2d8120ae7dcf20f7697003fa97539e168d7,GPL-3.0,copyleft,LICENSE (SPDX GPL-3.0 via the GitHub licence API),astro/src/astro/state.F,10729,,,no_umat_entry,"Fortran, but it declares no SUBROUTINE UMAT",filename_umat_for,,,round2_size_partitioned_and_deck_first,,
FrankThomasTveter/astro-api,3d44c2d8120ae7dcf20f7697003fa97539e168d7,GPL-3.0,copyleft,LICENSE (SPDX GPL-3.0 via the GitHub licence API),astro/src/astro/test.F,250,,,no_umat_entry,"Fortran, but it declares no SUBROUTINE UMAT",filename_umat_for,,,round2_size_partitioned_and_deck_first,,
FrankThomasTveter/astro-api,3d44c2d8120ae7dcf20f7697003fa97539e168d7,GPL-3.0,copyleft,LICENSE (SPDX GPL-3.0 via the GitHub licence API),astro/src/libfmnuke/anahdr.F,3241,,,no_umat_entry,"Fortran, but it declares no SUBROUTINE UMAT",filename_umat_for,,,round2_size_partitioned_and_deck_first,,
FrankThomasTveter/astro-api,3d44c2d8120ae7dcf20f7697003fa97539e168d7,GPL-3.0,copyleft,LICENSE (SPDX GPL-3.0 via the GitHub licence API),astro/src/libfmnuke/analfl.F,5275,,,no_umat_entry,"Fortran, but it declares no SUBROUTINE UMAT",filename_umat_for,,,round2_size_partitioned_and_deck_first,,
FrankThomasTveter/astro-api,3d44c2d8120ae7dcf20f7697003fa97539e168d7,GPL-3.0,copyleft,LICENSE (SPDX GPL-3.0 via the GitHub licence API),astro/src/libfmnuke/argument.F,2146,,,no_umat_entry,"Fortran, but it declares no SUBROUTINE UMAT",filename_umat_for,,,round2_size_partitioned_and_deck_first,,
FrankThomasTveter/astro-api,3d44c2d8120ae7dcf20f7697003fa97539e168d7,GPL-3.0,copyleft,LICENSE (SPDX GPL-3.0 via the GitHub licence API),astro/src/libfmnuke/atom.F,1896,,,no_umat_entry,"Fortran, but it declares no SUBROUTINE UMAT",filename_umat_for,,,round2_size_partitioned_and_deck_first,,
FrankThomasTveter/astro-api,3d44c2d8120ae7dcf20f7697003fa97539e168d7,GPL-3.0,copyleft,LICENSE (SPDX GPL-3.0 via the GitHub licence API),astro/src/libfmnuke/blobb.F,3284,,,no_umat_entry,"Fortran, but it declares no SUBROUTINE UMAT",filename_umat_for,,,round2_size_partitioned_and_deck_first,,
FrankThomasTveter/astro-api,3d44c2d8120ae7dcf20f7697003fa97539e168d7,GPL-3.0,copyleft,LICENSE (SPDX GPL-3.0 via the GitHub licence API),,0,,,not_examined,stopped after 25 files from this repository; 528 not read,filename_umat_for,,,round2_size_partitioned_and_deck_first,,
GalaxyCurry/CBCT_FDK_GPU_Recon,78b61b802e20f2731f7c3b4761cde675295cd30d,MIT,permissive,LICENSE (SPDX MIT via the GitHub licence API),ct-reconstruction-gpu-main/base/hdf5/HDF5-2.1.1-win64/HDF5Examples/FORTRAN/H5T/h5ex_t_enumatt_F03.F90,4912,,,no_umat_entry,"Fortran, but it declares no SUBROUTINE UMAT",filename_umat_f90,,,round2_size_partitioned_and_deck_first,,
GalaxyCurry/CBCT_FDK_GPU_Recon,78b61b802e20f2731f7c3b4761cde675295cd30d,MIT,permissive,LICENSE (SPDX MIT via the GitHub licence API),ct-reconstruction-gpu-main/base/hdf5/HDF5-2.1.1-win64/HDF5Examples/FORTRAN/H5D/h5ex_d_alloc.F90,4839,,,no_umat_entry,"Fortran, but it declares no SUBROUTINE UMAT",filename_umat_f90,,,round2_size_partitioned_and_deck_first,,
GalaxyCurry/CBCT_FDK_GPU_Recon,78b61b802e20f2731f7c3b4761cde675295cd30d,MIT,permissive,LICENSE (SPDX MIT via the GitHub licence API),ct-reconstruction-gpu-main/base/hdf5/HDF5-2.1.1-win64/HDF5Examples/FORTRAN/H5D/h5ex_d_checksum.F90,5371,,,no_umat_entry,"Fortran, but it declares no SUBROUTINE UMAT",filename_umat_f90,,,round2_size_partitioned_and_deck_first,,
GalaxyCurry/CBCT_FDK_GPU_Recon,78b61b802e20f2731f7c3b4761cde675295cd30d,MIT,permissive,LICENSE (SPDX MIT via the GitHub licence API),ct-reconstruction-gpu-main/base/hdf5/HDF5-2.1.1-win64/HDF5Examples/FORTRAN/H5D/h5ex_d_chunk.F90,5396,,,no_umat_entry,"Fortran, but it declares no SUBROUTINE UMAT",filename_umat_f90,,,round2_size_partitioned_and_deck_first,,
GalaxyCurry/CBCT_FDK_GPU_Recon,78b61b802e20f2731f7c3b4761cde675295cd30d,MIT,permissive,LICENSE (SPDX MIT via the GitHub licence API),ct-reconstruction-gpu-main/base/hdf5/HDF5-2.1.1-win64/HDF5Examples/FORTRAN/H5D/h5ex_d_compact.F90,3673,,,no_umat_entry,"Fortran, but it declares no SUBROUTINE UMAT",filename_umat_f90,,,round2_size_partitioned_and_deck_first,,
GalaxyCurry/CBCT_FDK_GPU_Recon,78b61b802e20f2731f7c3b4761cde675295cd30d,MIT,permissive,LICENSE (SPDX MIT via the GitHub licence API),ct-reconstruction-gpu-main/base/hdf5/HDF5-2.1.1-win64/HDF5Examples/FORTRAN/H5D/h5ex_d_extern.F90,4298,,,no_umat_entry,"Fortran, but it declares no SUBROUTINE UMAT",filename_umat_f90,,,round2_size_partitioned_and_deck_first,,
GalaxyCurry/CBCT_FDK_GPU_Recon,78b61b802e20f2731f7c3b4761cde675295cd30d,MIT,permissive,LICENSE (SPDX MIT via the GitHub licence API),ct-reconstruction-gpu-main/base/hdf5/HDF5-2.1.1-win64/HDF5Examples/FORTRAN/H5D/h5ex_d_fillval.F90,4272,,,no_umat_entry,"Fortran, but it declares no SUBROUTINE UMAT",filename_umat_f90,,,round2_size_partitioned_and_deck_first,,
GalaxyCurry/CBCT_FDK_GPU_Recon,78b61b802e20f2731f7c3b4761cde675295cd30d,MIT,permissive,LICENSE (SPDX MIT via the GitHub licence API),ct-reconstruction-gpu-main/base/hdf5/HDF5-2.1.1-win64/HDF5Examples/FORTRAN/H5D/h5ex_d_gzip.F90,5341,,,no_umat_entry,"Fortran, but it declares no SUBROUTINE UMAT",filename_umat_f90,,,round2_size_partitioned_and_deck_first,,
GalaxyCurry/CBCT_FDK_GPU_Recon,78b61b802e20f2731f7c3b4761cde675295cd30d,MIT,permissive,LICENSE (SPDX MIT via the GitHub licence API),ct-reconstruction-gpu-main/base/hdf5/HDF5-2.1.1-win64/HDF5Examples/FORTRAN/H5D/h5ex_d_hyper.F90,4229,,,no_umat_entry,"Fortran, but it declares no SUBROUTINE UMAT",filename_umat_f90,,,round2_size_partitioned_and_deck_first,,
GalaxyCurry/CBCT_FDK_GPU_Recon,78b61b802e20f2731f7c3b4761cde675295cd30d,MIT,permissive,LICENSE (SPDX MIT via the GitHub licence API),ct-reconstruction-gpu-main/base/hdf5/HDF5-2.1.1-win64/HDF5Examples/FORTRAN/H5D/h5ex_d_nbit.F90,5347,,,no_umat_entry,"Fortran, but it declares no SUBROUTINE UMAT",filename_umat_f90,,,round2_size_partitioned_and_deck_first,,
GalaxyCurry/CBCT_FDK_GPU_Recon,78b61b802e20f2731f7c3b4761cde675295cd30d,MIT,permissive,LICENSE (SPDX MIT via the GitHub licence API),ct-reconstruction-gpu-main/base/hdf5/HDF5-2.1.1-win64/HDF5Examples/FORTRAN/H5D/h5ex_d_rdwr.F90,2573,,,no_umat_entry,"Fortran, but it declares no SUBROUTINE UMAT",filename_umat_f90,,,round2_size_partitioned_and_deck_first,,
GalaxyCurry/CBCT_FDK_GPU_Recon,78b61b802e20f2731f7c3b4761cde675295cd30d,MIT,permissive,LICENSE (SPDX MIT via the GitHub licence API),ct-reconstruction-gpu-main/base/hdf5/HDF5-2.1.1-win64/HDF5Examples/FORTRAN/H5D/h5ex_d_rdwr_kind.F90,4159,,,no_umat_entry,"Fortran, but it declares no SUBROUTINE UMAT",filename_umat_f90,,,round2_size_partitioned_and_deck_first,,
GalaxyCurry/CBCT_FDK_GPU_Recon,78b61b802e20f2731f7c3b4761cde675295cd30d,MIT,permissive,LICENSE (SPDX MIT via the GitHub licence API),ct-reconstruction-gpu-main/base/hdf5/HDF5-2.1.1-win64/HDF5Examples/FORTRAN/H5D/h5ex_d_rdwr_kind_F03.F90,4211,,,no_umat_entry,"Fortran, but it declares no SUBROUTINE UMAT",filename_umat_f90,,,round2_size_partitioned_and_deck_first,,
GalaxyCurry/CBCT_FDK_GPU_Recon,78b61b802e20f2731f7c3b4761cde675295cd30d,MIT,permissive,LICENSE (SPDX MIT via the GitHub licence API),ct-reconstruction-gpu-main/base/hdf5/HDF5-2.1.1-win64/HDF5Examples/FORTRAN/H5D/h5ex_d_soint.F90,5559,,,no_umat_entry,"Fortran, but it declares no SUBROUTINE UMAT",filename_umat_f90,,,round2_size_partitioned_and_deck_first,,
GalaxyCurry/CBCT_FDK_GPU_Recon,78b61b802e20f2731f7c3b4761cde675295cd30d,MIT,permissive,LICENSE (SPDX MIT via the GitHub licence API),ct-reconstruction-gpu-main/base/hdf5/HDF5-2.1.1-win64/HDF5Examples/FORTRAN/H5D/h5ex_d_szip.F90,5106,,,no_umat_entry,"Fortran, but it declares no SUBROUTINE UMAT",filename_umat_f90,,,round2_size_partitioned_and_deck_first,,
GalaxyCurry/CBCT_FDK_GPU_Recon,78b61b802e20f2731f7c3b4761cde675295cd30d,MIT,permissive,LICENSE (SPDX MIT via the GitHub licence API),ct-reconstruction-gpu-main/base/hdf5/HDF5-2.1.1-win64/HDF5Examples/FORTRAN/H5D/h5ex_d_transform.F90,4059,,,no_umat_entry,"Fortran, but it declares no SUBROUTINE UMAT",filename_umat_f90,,,round2_size_partitioned_and_deck_first,,
GalaxyCurry/CBCT_FDK_GPU_Recon,78b61b802e20f2731f7c3b4761cde675295cd30d,MIT,permissive,LICENSE (SPDX MIT via the GitHub licence API),ct-reconstruction-gpu-main/base/hdf5/HDF5-2.1.1-win64/HDF5Examples/FORTRAN/H5D/h5ex_d_unlimmod.F90,5205,,,no_umat_entry,"Fortran, but it declares no SUBROUTINE UMAT",filename_umat_f90,,,round2_size_partitioned_and_deck_first,,
GalaxyCurry/CBCT_FDK_GPU_Recon,78b61b802e20f2731f7c3b4761cde675295cd30d,MIT,permissive,LICENSE (SPDX MIT via the GitHub licence API),ct-reconstruction-gpu-main/base/hdf5/HDF5-2.1.1-win64/HDF5Examples/FORTRAN/H5G/h5ex_g_compact.F90,4231,,,no_umat_entry,"Fortran, but it declares no SUBROUTINE UMAT",filename_umat_f90,,,round2_size_partitioned_and_deck_first,,
GalaxyCurry/CBCT_FDK_GPU_Recon,78b61b802e20f2731f7c3b4761cde675295cd30d,MIT,permissive,LICENSE (SPDX MIT via the GitHub licence API),ct-reconstruction-gpu-main/base/hdf5/HDF5-2.1.1-win64/HDF5Examples/FORTRAN/H5G/h5ex_g_corder.F90,3357,,,no_umat_entry,"Fortran, but it declares no SUBROUTINE UMAT",filename_umat_f90,,,round2_size_partitioned_and_deck_first,,
GalaxyCurry/CBCT_FDK_GPU_Recon,78b61b802e20f2731f7c3b4761cde675295cd30d,MIT,permissive,LICENSE (SPDX MIT via the GitHub licence API),ct-reconstruction-gpu-main/base/hdf5/HDF5-2.1.1-win64/HDF5Examples/FORTRAN/H5G/h5ex_g_create.F90,1038,,,no_umat_entry,"Fortran, but it declares no SUBROUTINE UMAT",filename_umat_f90,,,round2_size_partitioned_and_deck_first,,
GalaxyCurry/CBCT_FDK_GPU_Recon,78b61b802e20f2731f7c3b4761cde675295cd30d,MIT,permissive,LICENSE (SPDX MIT via the GitHub licence API),ct-reconstruction-gpu-main/base/hdf5/HDF5-2.1.1-win64/HDF5Examples/FORTRAN/H5G/h5ex_g_intermediate.F90,3752,,,no_umat_entry,"Fortran, but it declares no SUBROUTINE UMAT",filename_umat_f90,,,round2_size_partitioned_and_deck_first,,
GalaxyCurry/CBCT_FDK_GPU_Recon,78b61b802e20f2731f7c3b4761cde675295cd30d,MIT,permissive,LICENSE (SPDX MIT via the GitHub licence API),ct-reconstruction-gpu-main/base/hdf5/HDF5-2.1.1-win64/HDF5Examples/FORTRAN/H5G/h5ex_g_iterate.F90,2659,,,no_umat_entry,"Fortran, but it declares no SUBROUTINE UMAT",filename_umat_f90,,,round2_size_partitioned_and_deck_first,,
GalaxyCurry/CBCT_FDK_GPU_Recon,78b61b802e20f2731f7c3b4761cde675295cd30d,MIT,permissive,LICENSE (SPDX MIT via the GitHub licence API),ct-reconstruction-gpu-main/base/hdf5/HDF5-2.1.1-win64/HDF5Examples/FORTRAN/H5G/h5ex_g_phase.F90,4278,,,no_umat_entry,"Fortran, but it declares no SUBROUTINE UMAT",filename_umat_f90,,,round2_size_partitioned_and_deck_first,,
GalaxyCurry/CBCT_FDK_GPU_Recon,78b61b802e20f2731f7c3b4761cde675295cd30d,MIT,permissive,LICENSE (SPDX MIT via the GitHub licence API),ct-reconstruction-gpu-main/base/hdf5/HDF5-2.1.1-win64/HDF5Examples/FORTRAN/H5G/h5ex_g_traverse.F90,7657,,,no_umat_entry,"Fortran, but it declares no SUBROUTINE UMAT",filename_umat_f90,,,round2_size_partitioned_and_deck_first,,
GalaxyCurry/CBCT_FDK_GPU_Recon,78b61b802e20f2731f7c3b4761cde675295cd30d,MIT,permissive,LICENSE (SPDX MIT via the GitHub licence API),ct-reconstruction-gpu-main/base/hdf5/HDF5-2.1.1-win64/HDF5Examples/FORTRAN/H5G/h5ex_g_visit.F90,4379,,,no_umat_entry,"Fortran, but it declares no SUBROUTINE UMAT",filename_umat_f90,,,round2_size_partitioned_and_deck_first,,
GalaxyCurry/CBCT_FDK_GPU_Recon,78b61b802e20f2731f7c3b4761cde675295cd30d,MIT,permissive,LICENSE (SPDX MIT via the GitHub licence API),,0,,,not_examined,stopped after 25 files from this repository; 54 not read,filename_umat_f90,,,round2_size_partitioned_and_deck_first,,
Ganny-Abdeslam/AnalisisAlgoritmos,ae6c623c0491c5fd855737e6eb7e0f3ad775bc00,GPL-3.0,copyleft,LICENSE (SPDX GPL-3.0 via the GitHub licence API),,0,,,no_fortran,its tree lists no Fortran file and no file the search matched,size_14000..25000,,,round2_size_partitioned_and_deck_first,,
HDFGroup/hdf5-examples,c5c3e3cdec336609e0575d2ce7c71b075e77c6a0,BSD-3-Clause,permissive,COPYING (SPDX BSD-3-Clause inferred from the licence text; GitHub's API reported no identifier for this file),FORTRAN/H5T/h5ex_t_enumatt_F03.F90,4880,,,no_umat_entry,"Fortran, but it declares no SUBROUTINE UMAT",filename_umat_f90,,,round2_size_partitioned_and_deck_first,,
HDFGroup/hdf5-examples,c5c3e3cdec336609e0575d2ce7c71b075e77c6a0,BSD-3-Clause,permissive,COPYING (SPDX BSD-3-Clause inferred from the licence text; GitHub's API reported no identifier for this file),FORTRAN/H5D/h5ex_d_alloc.F90,4839,,,no_umat_entry,"Fortran, but it declares no SUBROUTINE UMAT",filename_umat_f90,,,round2_size_partitioned_and_deck_first,,
HDFGroup/hdf5-examples,c5c3e3cdec336609e0575d2ce7c71b075e77c6a0,BSD-3-Clause,permissive,COPYING (SPDX BSD-3-Clause inferred from the licence text; GitHub's API reported no identifier for this file),FORTRAN/H5D/h5ex_d_checksum.F90,5334,,,no_umat_entry,"Fortran, but it declares no SUBROUTINE UMAT",filename_umat_f90,,,round2_size_partitioned_and_deck_first,,
HDFGroup/hdf5-examples,c5c3e3cdec336609e0575d2ce7c71b075e77c6a0,BSD-3-Clause,permissive,COPYING (SPDX BSD-3-Clause inferred from the licence text; GitHub's API reported no identifier for this file),FORTRAN/H5D/h5ex_d_chunk.F90,5396,,,no_umat_entry,"Fortran, but it declares no SUBROUTINE UMAT",filename_umat_f90,,,round2_size_partitioned_and_deck_first,,
HDFGroup/hdf5-examples,c5c3e3cdec336609e0575d2ce7c71b075e77c6a0,BSD-3-Clause,permissive,COPYING (SPDX BSD-3-Clause inferred from the licence text; GitHub's API reported no identifier for this file),FORTRAN/H5D/h5ex_d_compact.F90,3673,,,no_umat_entry,"Fortran, but it declares no SUBROUTINE UMAT",filename_umat_f90,,,round2_size_partitioned_and_deck_first,,
HDFGroup/hdf5-examples,c5c3e3cdec336609e0575d2ce7c71b075e77c6a0,BSD-3-Clause,permissive,COPYING (SPDX BSD-3-Clause inferred from the licence text; GitHub's API reported no identifier for this file),FORTRAN/H5D/h5ex_d_extern.F90,4297,,,no_umat_entry,"Fortran, but it declares no SUBROUTINE UMAT",filename_umat_f90,,,round2_size_partitioned_and_deck_first,,
HDFGroup/hdf5-examples,c5c3e3cdec336609e0575d2ce7c71b075e77c6a0,BSD-3-Clause,permissive,COPYING (SPDX BSD-3-Clause inferred from the licence text; GitHub's API reported no identifier for this file),FORTRAN/H5D/h5ex_d_fillval.F90,4272,,,no_umat_entry,"Fortran, but it declares no SUBROUTINE UMAT",filename_umat_f90,,,round2_size_partitioned_and_deck_first,,
HDFGroup/hdf5-examples,c5c3e3cdec336609e0575d2ce7c71b075e77c6a0,BSD-3-Clause,permissive,COPYING (SPDX BSD-3-Clause inferred from the licence text; GitHub's API reported no identifier for this file),FORTRAN/H5D/h5ex_d_gzip.F90,5304,,,no_umat_entry,"Fortran, but it declares no SUBROUTINE UMAT",filename_umat_f90,,,round2_size_partitioned_and_deck_first,,
HDFGroup/hdf5-examples,c5c3e3cdec336609e0575d2ce7c71b075e77c6a0,BSD-3-Clause,permissive,COPYING (SPDX BSD-3-Clause inferred from the licence text; GitHub's API reported no identifier for this file),FORTRAN/H5D/h5ex_d_hyper.F90,4229,,,no_umat_entry,"Fortran, but it declares no SUBROUTINE UMAT",filename_umat_f90,,,round2_size_partitioned_and_deck_first,,
HDFGroup/hdf5-examples,c5c3e3cdec336609e0575d2ce7c71b075e77c6a0,BSD-3-Clause,permissive,COPYING (SPDX BSD-3-Clause inferred from the licence text; GitHub's API reported no identifier for this file),FORTRAN/H5D/h5ex_d_nbit.F90,5311,,,no_umat_entry,"Fortran, but it declares no SUBROUTINE UMAT",filename_umat_f90,,,round2_size_partitioned_and_deck_first,,
HDFGroup/hdf5-examples,c5c3e3cdec336609e0575d2ce7c71b075e77c6a0,BSD-3-Clause,permissive,COPYING (SPDX BSD-3-Clause inferred from the licence text; GitHub's API reported no identifier for this file),FORTRAN/H5D/h5ex_d_rdwr.F90,2573,,,no_umat_entry,"Fortran, but it declares no SUBROUTINE UMAT",filename_umat_f90,,,round2_size_partitioned_and_deck_first,,
HDFGroup/hdf5-examples,c5c3e3cdec336609e0575d2ce7c71b075e77c6a0,BSD-3-Clause,permissive,COPYING (SPDX BSD-3-Clause inferred from the licence text; GitHub's API reported no identifier for this file),FORTRAN/H5D/h5ex_d_rdwr_kind.F90,4159,,,no_umat_entry,"Fortran, but it declares no SUBROUTINE UMAT",filename_umat_f90,,,round2_size_partitioned_and_deck_first,,
HDFGroup/hdf5-examples,c5c3e3cdec336609e0575d2ce7c71b075e77c6a0,BSD-3-Clause,permissive,COPYING (SPDX BSD-3-Clause inferred from the licence text; GitHub's API reported no identifier for this file),FORTRAN/H5D/h5ex_d_rdwr_kind_F03.F90,4211,,,no_umat_entry,"Fortran, but it declares no SUBROUTINE UMAT",filename_umat_f90,,,round2_size_partitioned_and_deck_first,,
HDFGroup/hdf5-examples,c5c3e3cdec336609e0575d2ce7c71b075e77c6a0,BSD-3-Clause,permissive,COPYING (SPDX BSD-3-Clause inferred from the licence text; GitHub's API reported no identifier for this file),FORTRAN/H5D/h5ex_d_soint.F90,5524,,,no_umat_entry,"Fortran, but it declares no SUBROUTINE UMAT",filename_umat_f90,,,round2_size_partitioned_and_deck_first,,
HDFGroup/hdf5-examples,c5c3e3cdec336609e0575d2ce7c71b075e77c6a0,BSD-3-Clause,permissive,COPYING (SPDX BSD-3-Clause inferred from the licence text; GitHub's API reported no identifier for this file),FORTRAN/H5D/h5ex_d_szip.F90,5073,,,no_umat_entry,"Fortran, but it declares no SUBROUTINE UMAT",filename_umat_f90,,,round2_size_partitioned_and_deck_first,,
HDFGroup/hdf5-examples,c5c3e3cdec336609e0575d2ce7c71b075e77c6a0,BSD-3-Clause,permissive,COPYING (SPDX BSD-3-Clause inferred from the licence text; GitHub's API reported no identifier for this file),FORTRAN/H5D/h5ex_d_transform.F90,4059,,,no_umat_entry,"Fortran, but it declares no SUBROUTINE UMAT",filename_umat_f90,,,round2_size_partitioned_and_deck_first,,
HDFGroup/hdf5-examples,c5c3e3cdec336609e0575d2ce7c71b075e77c6a0,BSD-3-Clause,permissive,COPYING (SPDX BSD-3-Clause inferred from the licence text; GitHub's API reported no identifier for this file),FORTRAN/H5D/h5ex_d_unlimmod.F90,5205,,,no_umat_entry,"Fortran, but it declares no SUBROUTINE UMAT",filename_umat_f90,,,round2_size_partitioned_and_deck_first,,
HDFGroup/hdf5-examples,c5c3e3cdec336609e0575d2ce7c71b075e77c6a0,BSD-3-Clause,permissive,COPYING (SPDX BSD-3-Clause inferred from the licence text; GitHub's API reported no identifier for this file),FORTRAN/H5G/h5ex_g_compact.F90,4231,,,no_umat_entry,"Fortran, but it declares no SUBROUTINE UMAT",filename_umat_f90,,,round2_size_partitioned_and_deck_first,,
HDFGroup/hdf5-examples,c5c3e3cdec336609e0575d2ce7c71b075e77c6a0,BSD-3-Clause,permissive,COPYING (SPDX BSD-3-Clause inferred from the licence text; GitHub's API reported no identifier for this file),FORTRAN/H5G/h5ex_g_corder.F90,3357,,,no_umat_entry,"Fortran, but it declares no SUBROUTINE UMAT",filename_umat_f90,,,round2_size_partitioned_and_deck_first,,
HDFGroup/hdf5-examples,c5c3e3cdec336609e0575d2ce7c71b075e77c6a0,BSD-3-Clause,permissive,COPYING (SPDX BSD-3-Clause inferred from the licence text; GitHub's API reported no identifier for this file),FORTRAN/H5G/h5ex_g_create.F90,1038,,,no_umat_entry,"Fortran, but it declares no SUBROUTINE UMAT",filename_umat_f90,,,round2_size_partitioned_and_deck_first,,
HDFGroup/hdf5-examples,c5c3e3cdec336609e0575d2ce7c71b075e77c6a0,BSD-3-Clause,permissive,COPYING (SPDX BSD-3-Clause inferred from the licence text; GitHub's API reported no identifier for this file),FORTRAN/H5G/h5ex_g_phase.F90,4278,,,no_umat_entry,"Fortran, but it declares no SUBROUTINE UMAT",filename_umat_f90,,,round2_size_partitioned_and_deck_first,,
HDFGroup/hdf5-examples,c5c3e3cdec336609e0575d2ce7c71b075e77c6a0,BSD-3-Clause,permissive,COPYING (SPDX BSD-3-Clause inferred from the licence text; GitHub's API reported no identifier for this file),FORTRAN/H5PAR/ph5_f90_dataset.F90,3104,,,no_umat_entry,"Fortran, but it declares no SUBROUTINE UMAT",filename_umat_f90,,,round2_size_partitioned_and_deck_first,,
HDFGroup/hdf5-examples,c5c3e3cdec336609e0575d2ce7c71b075e77c6a0,BSD-3-Clause,permissive,COPYING (SPDX BSD-3-Clause inferred from the licence text; GitHub's API reported no identifier for this file),FORTRAN/H5PAR/ph5_f90_file_create.F90,1444,,,no_umat_entry,"Fortran, but it declares no SUBROUTINE UMAT",filename_umat_f90,,,round2_size_partitioned_and_deck_first,,
HDFGroup/hdf5-examples,c5c3e3cdec336609e0575d2ce7c71b075e77c6a0,BSD-3-Clause,permissive,COPYING (SPDX BSD-3-Clause inferred from the licence text; GitHub's API reported no identifier for this file),FORTRAN/H5PAR/ph5_f90_hyperslab_by_chunk.F90,5086,,,no_umat_entry,"Fortran, but it declares no SUBROUTINE UMAT",filename_umat_f90,,,round2_size_partitioned_and_deck_first,,
HDFGroup/hdf5-examples,c5c3e3cdec336609e0575d2ce7c71b075e77c6a0,BSD-3-Clause,permissive,COPYING (SPDX BSD-3-Clause inferred from the licence text; GitHub's API reported no identifier for this file),FORTRAN/H5PAR/ph5_f90_hyperslab_by_col.F90,4007,,,no_umat_entry,"Fortran, but it declares no SUBROUTINE UMAT",filename_umat_f90,,,round2_size_partitioned_and_deck_first,,
HDFGroup/hdf5-examples,c5c3e3cdec336609e0575d2ce7c71b075e77c6a0,BSD-3-Clause,permissive,COPYING (SPDX BSD-3-Clause inferred from the licence text; GitHub's API reported no identifier for this file),,0,,,not_examined,stopped after 25 files from this repository; 27 not read,filename_umat_f90,,,round2_size_partitioned_and_deck_first,,
HDFGroup/hdf5_revamp,abe52ff1fd50a3a170ca6fec45d737b4870a2be4,BSD-3-Clause,permissive,LICENSE (SPDX BSD-3-Clause inferred from the licence text; GitHub's API reported no identifier for this file),HDF5Examples/FORTRAN/H5T/h5ex_t_enumatt_F03.F90,4912,,,no_umat_entry,"Fortran, but it declares no SUBROUTINE UMAT",filename_umat_f90,,,round2_size_partitioned_and_deck_first,,
HDFGroup/hdf5_revamp,abe52ff1fd50a3a170ca6fec45d737b4870a2be4,BSD-3-Clause,permissive,LICENSE (SPDX BSD-3-Clause inferred from the licence text; GitHub's API reported no identifier for this file),HDF5Examples/FORTRAN/H5D/h5ex_d_alloc.F90,4839,,,no_umat_entry,"Fortran, but it declares no SUBROUTINE UMAT",filename_umat_f90,,,round2_size_partitioned_and_deck_first,,
HDFGroup/hdf5_revamp,abe52ff1fd50a3a170ca6fec45d737b4870a2be4,BSD-3-Clause,permissive,LICENSE (SPDX BSD-3-Clause inferred from the licence text; GitHub's API reported no identifier for this file),HDF5Examples/FORTRAN/H5D/h5ex_d_checksum.F90,5371,,,no_umat_entry,"Fortran, but it declares no SUBROUTINE UMAT",filename_umat_f90,,,round2_size_partitioned_and_deck_first,,
HDFGroup/hdf5_revamp,abe52ff1fd50a3a170ca6fec45d737b4870a2be4,BSD-3-Clause,permissive,LICENSE (SPDX BSD-3-Clause inferred from the licence text; GitHub's API reported no identifier for this file),HDF5Examples/FORTRAN/H5D/h5ex_d_chunk.F90,5396,,,no_umat_entry,"Fortran, but it declares no SUBROUTINE UMAT",filename_umat_f90,,,round2_size_partitioned_and_deck_first,,
HDFGroup/hdf5_revamp,abe52ff1fd50a3a170ca6fec45d737b4870a2be4,BSD-3-Clause,permissive,LICENSE (SPDX BSD-3-Clause inferred from the licence text; GitHub's API reported no identifier for this file),HDF5Examples/FORTRAN/H5D/h5ex_d_compact.F90,3673,,,no_umat_entry,"Fortran, but it declares no SUBROUTINE UMAT",filename_umat_f90,,,round2_size_partitioned_and_deck_first,,
HDFGroup/hdf5_revamp,abe52ff1fd50a3a170ca6fec45d737b4870a2be4,BSD-3-Clause,permissive,LICENSE (SPDX BSD-3-Clause inferred from the licence text; GitHub's API reported no identifier for this file),HDF5Examples/FORTRAN/H5D/h5ex_d_extern.F90,4298,,,no_umat_entry,"Fortran, but it declares no SUBROUTINE UMAT",filename_umat_f90,,,round2_size_partitioned_and_deck_first,,
HDFGroup/hdf5_revamp,abe52ff1fd50a3a170ca6fec45d737b4870a2be4,BSD-3-Clause,permissive,LICENSE (SPDX BSD-3-Clause inferred from the licence text; GitHub's API reported no identifier for this file),HDF5Examples/FORTRAN/H5D/h5ex_d_fillval.F90,4272,,,no_umat_entry,"Fortran, but it declares no SUBROUTINE UMAT",filename_umat_f90,,,round2_size_partitioned_and_deck_first,,
HDFGroup/hdf5_revamp,abe52ff1fd50a3a170ca6fec45d737b4870a2be4,BSD-3-Clause,permissive,LICENSE (SPDX BSD-3-Clause inferred from the licence text; GitHub's API reported no identifier for this file),HDF5Examples/FORTRAN/H5D/h5ex_d_gzip.F90,5341,,,no_umat_entry,"Fortran, but it declares no SUBROUTINE UMAT",filename_umat_f90,,,round2_size_partitioned_and_deck_first,,
HDFGroup/hdf5_revamp,abe52ff1fd50a3a170ca6fec45d737b4870a2be4,BSD-3-Clause,permissive,LICENSE (SPDX BSD-3-Clause inferred from the licence text; GitHub's API reported no identifier for this file),HDF5Examples/FORTRAN/H5D/h5ex_d_hyper.F90,4229,,,no_umat_entry,"Fortran, but it declares no SUBROUTINE UMAT",filename_umat_f90,,,round2_size_partitioned_and_deck_first,,
HDFGroup/hdf5_revamp,abe52ff1fd50a3a170ca6fec45d737b4870a2be4,BSD-3-Clause,permissive,LICENSE (SPDX BSD-3-Clause inferred from the licence text; GitHub's API reported no identifier for this file),HDF5Examples/FORTRAN/H5D/h5ex_d_nbit.F90,5347,,,no_umat_entry,"Fortran, but it declares no SUBROUTINE UMAT",filename_umat_f90,,,round2_size_partitioned_and_deck_first,,
HDFGroup/hdf5_revamp,abe52ff1fd50a3a170ca6fec45d737b4870a2be4,BSD-3-Clause,permissive,LICENSE (SPDX BSD-3-Clause inferred from the licence text; GitHub's API reported no identifier for this file),HDF5Examples/FORTRAN/H5D/h5ex_d_rdwr.F90,2573,,,no_umat_entry,"Fortran, but it declares no SUBROUTINE UMAT",filename_umat_f90,,,round2_size_partitioned_and_deck_first,,
HDFGroup/hdf5_revamp,abe52ff1fd50a3a170ca6fec45d737b4870a2be4,BSD-3-Clause,permissive,LICENSE (SPDX BSD-3-Clause inferred from the licence text; GitHub's API reported no identifier for this file),HDF5Examples/FORTRAN/H5D/h5ex_d_rdwr_kind.F90,4159,,,no_umat_entry,"Fortran, but it declares no SUBROUTINE UMAT",filename_umat_f90,,,round2_size_partitioned_and_deck_first,,
HDFGroup/hdf5_revamp,abe52ff1fd50a3a170ca6fec45d737b4870a2be4,BSD-3-Clause,permissive,LICENSE (SPDX BSD-3-Clause inferred from the licence text; GitHub's API reported no identifier for this file),HDF5Examples/FORTRAN/H5D/h5ex_d_rdwr_kind_F03.F90,4211,,,no_umat_entry,"Fortran, but it declares no SUBROUTINE UMAT",filename_umat_f90,,,round2_size_partitioned_and_deck_first,,
HDFGroup/hdf5_revamp,abe52ff1fd50a3a170ca6fec45d737b4870a2be4,BSD-3-Clause,permissive,LICENSE (SPDX BSD-3-Clause inferred from the licence text; GitHub's API reported no identifier for this file),HDF5Examples/FORTRAN/H5D/h5ex_d_soint.F90,5559,,,no_umat_entry,"Fortran, but it declares no SUBROUTINE UMAT",filename_umat_f90,,,round2_size_partitioned_and_deck_first,,
HDFGroup/hdf5_revamp,abe52ff1fd50a3a170ca6fec45d737b4870a2be4,BSD-3-Clause,permissive,LICENSE (SPDX BSD-3-Clause inferred from the licence text; GitHub's API reported no identifier for this file),HDF5Examples/FORTRAN/H5D/h5ex_d_szip.F90,5106,,,no_umat_entry,"Fortran, but it declares no SUBROUTINE UMAT",filename_umat_f90,,,round2_size_partitioned_and_deck_first,,
HDFGroup/hdf5_revamp,abe52ff1fd50a3a170ca6fec45d737b4870a2be4,BSD-3-Clause,permissive,LICENSE (SPDX BSD-3-Clause inferred from the licence text; GitHub's API reported no identifier for this file),HDF5Examples/FORTRAN/H5D/h5ex_d_transform.F90,4059,,,no_umat_entry,"Fortran, but it declares no SUBROUTINE UMAT",filename_umat_f90,,,round2_size_partitioned_and_deck_first,,
HDFGroup/hdf5_revamp,abe52ff1fd50a3a170ca6fec45d737b4870a2be4,BSD-3-Clause,permissive,LICENSE (SPDX BSD-3-Clause inferred from the licence text; GitHub's API reported no identifier for this file),HDF5Examples/FORTRAN/H5D/h5ex_d_unlimmod.F90,5205,,,no_umat_entry,"Fortran, but it declares no SUBROUTINE UMAT",filename_umat_f90,,,round2_size_partitioned_and_deck_first,,
HDFGroup/hdf5_revamp,abe52ff1fd50a3a170ca6fec45d737b4870a2be4,BSD-3-Clause,permissive,LICENSE (SPDX BSD-3-Clause inferred from the licence text; GitHub's API reported no identifier for this file),HDF5Examples/FORTRAN/H5G/h5ex_g_compact.F90,4231,,,no_umat_entry,"Fortran, but it declares no SUBROUTINE UMAT",filename_umat_f90,,,round2_size_partitioned_and_deck_first,,
HDFGroup/hdf5_revamp,abe52ff1fd50a3a170ca6fec45d737b4870a2be4,BSD-3-Clause,permissive,LICENSE (SPDX BSD-3-Clause inferred from the licence text; GitHub's API reported no identifier for this file),HDF5Examples/FORTRAN/H5G/h5ex_g_corder.F90,3357,,,no_umat_entry,"Fortran, but it declares no SUBROUTINE UMAT",filename_umat_f90,,,round2_size_partitioned_and_deck_first,,
HDFGroup/hdf5_revamp,abe52ff1fd50a3a170ca6fec45d737b4870a2be4,BSD-3-Clause,permissive,LICENSE (SPDX BSD-3-Clause inferred from the licence text; GitHub's API reported no identifier for this file),HDF5Examples/FORTRAN/H5G/h5ex_g_create.F90,1038,,,no_umat_entry,"Fortran, but it declares no SUBROUTINE UMAT",filename_umat_f90,,,round2_size_partitioned_and_deck_first,,
HDFGroup/hdf5_revamp,abe52ff1fd50a3a170ca6fec45d737b4870a2be4,BSD-3-Clause,permissive,LICENSE (SPDX BSD-3-Clause inferred from the licence text; GitHub's API reported no identifier for this file),HDF5Examples/FORTRAN/H5G/h5ex_g_intermediate.F90,3752,,,no_umat_entry,"Fortran, but it declares no SUBROUTINE UMAT",filename_umat_f90,,,round2_size_partitioned_and_deck_first,,
HDFGroup/hdf5_revamp,abe52ff1fd50a3a170ca6fec45d737b4870a2be4,BSD-3-Clause,permissive,LICENSE (SPDX BSD-3-Clause inferred from the licence text; GitHub's API reported no identifier for this file),HDF5Examples/FORTRAN/H5G/h5ex_g_iterate.F90,2659,,,no_umat_entry,"Fortran, but it declares no SUBROUTINE UMAT",filename_umat_f90,,,round2_size_partitioned_and_deck_first,,
HDFGroup/hdf5_revamp,abe52ff1fd50a3a170ca6fec45d737b4870a2be4,BSD-3-Clause,permissive,LICENSE (SPDX BSD-3-Clause inferred from the licence text; GitHub's API reported no identifier for this file),HDF5Examples/FORTRAN/H5G/h5ex_g_phase.F90,4278,,,no_umat_entry,"Fortran, but it declares no SUBROUTINE UMAT",filename_umat_f90,,,round2_size_partitioned_and_deck_first,,
HDFGroup/hdf5_revamp,abe52ff1fd50a3a170ca6fec45d737b4870a2be4,BSD-3-Clause,permissive,LICENSE (SPDX BSD-3-Clause inferred from the licence text; GitHub's API reported no identifier for this file),HDF5Examples/FORTRAN/H5G/h5ex_g_traverse.F90,7657,,,no_umat_entry,"Fortran, but it declares no SUBROUTINE UMAT",filename_umat_f90,,,round2_size_partitioned_and_deck_first,,
HDFGroup/hdf5_revamp,abe52ff1fd50a3a170ca6fec45d737b4870a2be4,BSD-3-Clause,permissive,LICENSE (SPDX BSD-3-Clause inferred from the licence text; GitHub's API reported no identifier for this file),HDF5Examples/FORTRAN/H5G/h5ex_g_visit.F90,4379,,,no_umat_entry,"Fortran, but it declares no SUBROUTINE UMAT",filename_umat_f90,,,round2_size_partitioned_and_deck_first,,
HDFGroup/hdf5_revamp,abe52ff1fd50a3a170ca6fec45d737b4870a2be4,BSD-3-Clause,permissive,LICENSE (SPDX BSD-3-Clause inferred from the licence text; GitHub's API reported no identifier for this file),,0,,,not_examined,stopped after 25 files from this repository; 133 not read,filename_umat_f90,,,round2_size_partitioned_and_deck_first,,
HenannResearchGroup/ViscoelasticFoam,,,,no LICENSE file detected by the GitHub API,,0,,,licence_absent,"no licence is declared, so nothing may be redistributed from it; a repository without a LICENSE file is refused, not assumed permissive; recorded and not fetched",filename_umat_for,,,round2_size_partitioned_and_deck_first,,
JAMMIASHOK/FOR_FEM,,,,no LICENSE file detected by the GitHub API,,0,,,licence_absent,"no licence is declared, so nothing may be redistributed from it; a repository without a LICENSE file is refused, not assumed permissive; recorded and not fetched",filename_umat_f90,,,round2_size_partitioned_and_deck_first,,
KnutAM/AbaqusRolloverSimulation,ff00ecc3c4c1a588d4310ecc2336be0c06282bc0,MIT,permissive,LICENSE (SPDX MIT via the GitHub licence API),usub/abaqus_utils_dummy_mod.f90,473,,,no_umat_entry,"Fortran, but it declares no SUBROUTINE UMAT",size_4000..8000,,,round2_size_partitioned_and_deck_first,,
KnutAM/AbaqusRolloverSimulation,ff00ecc3c4c1a588d4310ecc2336be0c06282bc0,MIT,permissive,LICENSE (SPDX MIT via the GitHub licence API),usub/abaqus_utils_mod.f90,1244,,,no_umat_entry,"Fortran, but it declares no SUBROUTINE UMAT",size_4000..8000,,,round2_size_partitioned_and_deck_first,,
KnutAM/AbaqusRolloverSimulation,ff00ecc3c4c1a588d4310ecc2336be0c06282bc0,MIT,permissive,LICENSE (SPDX MIT via the GitHub licence API),usub/bc_mod.f90,9633,,,no_umat_entry,"Fortran, but it declares no SUBROUTINE UMAT",size_4000..8000,,,round2_size_partitioned_and_deck_first,,
KnutAM/AbaqusRolloverSimulation,ff00ecc3c4c1a588d4310ecc2336be0c06282bc0,MIT,permissive,LICENSE (SPDX MIT via the GitHub licence API),usub/disp_mod.f90,3687,,,no_umat_entry,"Fortran, but it declares no SUBROUTINE UMAT",size_4000..8000,,,round2_size_partitioned_and_deck_first,,
KnutAM/AbaqusRolloverSimulation,ff00ecc3c4c1a588d4310ecc2336be0c06282bc0,MIT,permissive,LICENSE (SPDX MIT via the GitHub licence API),usub/filenames_mod.f90,300,,,no_umat_entry,"Fortran, but it declares no SUBROUTINE UMAT",size_4000..8000,,,round2_size_partitioned_and_deck_first,,
KnutAM/AbaqusRolloverSimulation,ff00ecc3c4c1a588d4310ecc2336be0c06282bc0,MIT,permissive,LICENSE (SPDX MIT via the GitHub licence API),usub/includes.f90,453,,,no_umat_entry,"Fortran, but it declares no SUBROUTINE UMAT",size_4000..8000,,,round2_size_partitioned_and_deck_first,,
KnutAM/AbaqusRolloverSimulation,ff00ecc3c4c1a588d4310ecc2336be0c06282bc0,MIT,permissive,LICENSE (SPDX MIT via the GitHub licence API),usub/load_param_mod.f90,10483,,,no_umat_entry,"Fortran, but it declares no SUBROUTINE UMAT",size_4000..8000,,,round2_size_partitioned_and_deck_first,,
KnutAM/AbaqusRolloverSimulation,ff00ecc3c4c1a588d4310ecc2336be0c06282bc0,MIT,permissive,LICENSE (SPDX MIT via the GitHub licence API),usub/node_id_mod.f90,14463,,,no_umat_entry,"Fortran, but it declares no SUBROUTINE UMAT",size_4000..8000,,,round2_size_partitioned_and_deck_first,,
KnutAM/AbaqusRolloverSimulation,ff00ecc3c4c1a588d4310ecc2336be0c06282bc0,MIT,permissive,LICENSE (SPDX MIT via the GitHub licence API),usub/step_type_mod.f90,2490,,,no_umat_entry,"Fortran, but it declares no SUBROUTINE UMAT",size_4000..8000,,,round2_size_partitioned_and_deck_first,,
KnutAM/AbaqusRolloverSimulation,ff00ecc3c4c1a588d4310ecc2336be0c06282bc0,MIT,permissive,LICENSE (SPDX MIT via the GitHub licence API),usub/test_usub.f90,828,,,no_umat_entry,"Fortran, but it declares no SUBROUTINE UMAT",size_4000..8000,,,round2_size_partitioned_and_deck_first,,
KnutAM/AbaqusRolloverSimulation,ff00ecc3c4c1a588d4310ecc2336be0c06282bc0,MIT,permissive,LICENSE (SPDX MIT via the GitHub licence API),usub/uel_stiff_mod.f90,2698,,,no_umat_entry,"Fortran, but it declares no SUBROUTINE UMAT",size_4000..8000,,,round2_size_partitioned_and_deck_first,,
KnutAM/AbaqusRolloverSimulation,ff00ecc3c4c1a588d4310ecc2336be0c06282bc0,MIT,permissive,LICENSE (SPDX MIT via the GitHub licence API),usub/uel_trans_mod.f90,8804,,,no_umat_entry,"Fortran, but it declares no SUBROUTINE UMAT",size_4000..8000,,,round2_size_partitioned_and_deck_first,,
KnutAM/AbaqusRolloverSimulation,ff00ecc3c4c1a588d4310ecc2336be0c06282bc0,MIT,permissive,LICENSE (SPDX MIT via the GitHub licence API),usub/urdfil_mod.f90,12067,,,no_umat_entry,"Fortran, but it declares no SUBROUTINE UMAT",size_4000..8000,,,round2_size_partitioned_and_deck_first,,
KnutAM/AbaqusRolloverSimulation,ff00ecc3c4c1a588d4310ecc2336be0c06282bc0,MIT,permissive,LICENSE (SPDX MIT via the GitHub licence API),usub/usub_3d.for,12975,,,no_umat_entry,"Fortran, but it declares no SUBROUTINE UMAT",size_4000..8000,,,round2_size_partitioned_and_deck_first,,
KnutAM/AbaqusRolloverSimulation,ff00ecc3c4c1a588d4310ecc2336be0c06282bc0,MIT,permissive,LICENSE (SPDX MIT via the GitHub licence API),usub/usub_utils_mod.f90,3280,,,no_umat_entry,"Fortran, but it declares no SUBROUTINE UMAT",size_4000..8000,,,round2_size_partitioned_and_deck_first,,
LifeboatLLC/HDF5-Encryption,,,,no LICENSE file detected by the GitHub API,,0,,,licence_absent,"no licence is declared, so nothing may be redistributed from it; a repository without a LICENSE file is refused, not assumed permissive; recorded and not fetched",filename_umat_f90,,,round2_size_partitioned_and_deck_first,,
MP7857/QE,,GPL-2.0,permissive,License (SPDX GPL-2.0 via the GitHub licence API),,0,,,licence_incompatible,GPL-2.0 is outside the set this project may redistribute; recorded and not fetched,filename_umat_f90,,,round2_size_partitioned_and_deck_first,,
NTNU-IMT/Ice-Elastoplastic-Material-Model,,EUPL-1.2,permissive,LICENSE.md (SPDX EUPL-1.2 via the GitHub licence API),,0,,,licence_incompatible,EUPL-1.2 is outside the set this project may redistribute; recorded and not fetched,filename_umat_for,,,round2_size_partitioned_and_deck_first,,
OleHolmNielsen/XeroxPARC-DFT,,,,no LICENSE file detected by the GitHub API,,0,,,licence_absent,"no licence is declared, so nothing may be redistributed from it; a repository without a LICENSE file is refused, not assumed permissive; recorded and not fetched",filename_umat_for,,,round2_size_partitioned_and_deck_first,,
QEF/q-e_old,,GPL-2.0,permissive,License (SPDX GPL-2.0 via the GitHub licence API),,0,,,licence_incompatible,GPL-2.0 is outside the set this project may redistribute; recorded and not fetched,filename_umat_f90,,,round2_size_partitioned_and_deck_first,,
QEF/q-e_schrodinger,,GPL-2.0,permissive,License (SPDX GPL-2.0 via the GitHub licence API),,0,,,licence_incompatible,GPL-2.0 is outside the set this project may redistribute; recorded and not fetched,filename_umat_f90,,,round2_size_partitioned_and_deck_first,,
QEF/qe_test-omp5,,GPL-2.0,permissive,License (SPDX GPL-2.0 via the GitHub licence API),,0,,,licence_incompatible,GPL-2.0 is outside the set this project may redistribute; recorded and not fetched,filename_umat_f90,,,round2_size_partitioned_and_deck_first,,
QEF/qe_test_openacc,,GPL-2.0,permissive,License (SPDX GPL-2.0 via the GitHub licence API),,0,,,licence_incompatible,GPL-2.0 is outside the set this project may redistribute; recorded and not fetched,filename_umat_f90,,,round2_size_partitioned_and_deck_first,,
ReubenLi1999/KBR-Calibration,,,,no LICENSE file detected by the GitHub API,,0,,,licence_absent,"no licence is declared, so nothing may be redistributed from it; a repository without a LICENSE file is refused, not assumed permissive; recorded and not fetched",filename_umat_for,,,round2_size_partitioned_and_deck_first,,
SSCHAcode/qe-5.1.0_elph,,GPL-2.0,permissive,LICENSE (SPDX GPL-2.0 via the GitHub licence API),,0,,,licence_incompatible,GPL-2.0 is outside the set this project may redistribute; recorded and not fetched,filename_umat_f90,,,round2_size_partitioned_and_deck_first,,
Schastef/q-e,,GPL-2.0,permissive,License (SPDX GPL-2.0 via the GitHub licence API),,0,,,licence_incompatible,GPL-2.0 is outside the set this project may redistribute; recorded and not fetched,filename_umat_f90,,,round2_size_partitioned_and_deck_first,,
Skalhoef/qe-7.2-customized,,,,no LICENSE file detected by the GitHub API,,0,,,licence_absent,"no licence is declared, so nothing may be redistributed from it; a repository without a LICENSE file is refused, not assumed permissive; recorded and not fetched",filename_umat_f90,,,round2_size_partitioned_and_deck_first,,
Sondrbe/Local_Gurson,,,,no LICENSE file detected by the GitHub API,,0,,,licence_absent,"no licence is declared, so nothing may be redistributed from it; a repository without a LICENSE file is refused, not assumed permissive; recorded and not fetched",filename_umat_for,,,round2_size_partitioned_and_deck_first,,
TaebinChoe/compromised_hdf5,6149d44841e22a79a21b67e45a1782f79202265e,BSD-3-Clause,permissive,LICENSE (SPDX BSD-3-Clause inferred from the licence text; GitHub's API reported no identifier for this file),HDF5Examples/FORTRAN/H5T/h5ex_t_enumatt_F03.F90,4912,,,no_umat_entry,"Fortran, but it declares no SUBROUTINE UMAT",filename_umat_f90,,,round2_size_partitioned_and_deck_first,,
TaebinChoe/compromised_hdf5,6149d44841e22a79a21b67e45a1782f79202265e,BSD-3-Clause,permissive,LICENSE (SPDX BSD-3-Clause inferred from the licence text; GitHub's API reported no identifier for this file),HDF5Examples/FORTRAN/H5D/h5ex_d_alloc.F90,4839,,,no_umat_entry,"Fortran, but it declares no SUBROUTINE UMAT",filename_umat_f90,,,round2_size_partitioned_and_deck_first,,
TaebinChoe/compromised_hdf5,6149d44841e22a79a21b67e45a1782f79202265e,BSD-3-Clause,permissive,LICENSE (SPDX BSD-3-Clause inferred from the licence text; GitHub's API reported no identifier for this file),HDF5Examples/FORTRAN/H5D/h5ex_d_checksum.F90,5371,,,no_umat_entry,"Fortran, but it declares no SUBROUTINE UMAT",filename_umat_f90,,,round2_size_partitioned_and_deck_first,,
TaebinChoe/compromised_hdf5,6149d44841e22a79a21b67e45a1782f79202265e,BSD-3-Clause,permissive,LICENSE (SPDX BSD-3-Clause inferred from the licence text; GitHub's API reported no identifier for this file),HDF5Examples/FORTRAN/H5D/h5ex_d_chunk.F90,5396,,,no_umat_entry,"Fortran, but it declares no SUBROUTINE UMAT",filename_umat_f90,,,round2_size_partitioned_and_deck_first,,
TaebinChoe/compromised_hdf5,6149d44841e22a79a21b67e45a1782f79202265e,BSD-3-Clause,permissive,LICENSE (SPDX BSD-3-Clause inferred from the licence text; GitHub's API reported no identifier for this file),HDF5Examples/FORTRAN/H5D/h5ex_d_compact.F90,3673,,,no_umat_entry,"Fortran, but it declares no SUBROUTINE UMAT",filename_umat_f90,,,round2_size_partitioned_and_deck_first,,
TaebinChoe/compromised_hdf5,6149d44841e22a79a21b67e45a1782f79202265e,BSD-3-Clause,permissive,LICENSE (SPDX BSD-3-Clause inferred from the licence text; GitHub's API reported no identifier for this file),HDF5Examples/FORTRAN/H5D/h5ex_d_extern.F90,4298,,,no_umat_entry,"Fortran, but it declares no SUBROUTINE UMAT",filename_umat_f90,,,round2_size_partitioned_and_deck_first,,
TaebinChoe/compromised_hdf5,6149d44841e22a79a21b67e45a1782f79202265e,BSD-3-Clause,permissive,LICENSE (SPDX BSD-3-Clause inferred from the licence text; GitHub's API reported no identifier for this file),HDF5Examples/FORTRAN/H5D/h5ex_d_fillval.F90,4272,,,no_umat_entry,"Fortran, but it declares no SUBROUTINE UMAT",filename_umat_f90,,,round2_size_partitioned_and_deck_first,,
TaebinChoe/compromised_hdf5,6149d44841e22a79a21b67e45a1782f79202265e,BSD-3-Clause,permissive,LICENSE (SPDX BSD-3-Clause inferred from the licence text; GitHub's API reported no identifier for this file),HDF5Examples/FORTRAN/H5D/h5ex_d_gzip.F90,5341,,,no_umat_entry,"Fortran, but it declares no SUBROUTINE UMAT",filename_umat_f90,,,round2_size_partitioned_and_deck_first,,
TaebinChoe/compromised_hdf5,6149d44841e22a79a21b67e45a1782f79202265e,BSD-3-Clause,permissive,LICENSE (SPDX BSD-3-Clause inferred from the licence text; GitHub's API reported no identifier for this file),HDF5Examples/FORTRAN/H5D/h5ex_d_hyper.F90,4229,,,no_umat_entry,"Fortran, but it declares no SUBROUTINE UMAT",filename_umat_f90,,,round2_size_partitioned_and_deck_first,,
TaebinChoe/compromised_hdf5,6149d44841e22a79a21b67e45a1782f79202265e,BSD-3-Clause,permissive,LICENSE (SPDX BSD-3-Clause inferred from the licence text; GitHub's API reported no identifier for this file),HDF5Examples/FORTRAN/H5D/h5ex_d_nbit.F90,5347,,,no_umat_entry,"Fortran, but it declares no SUBROUTINE UMAT",filename_umat_f90,,,round2_size_partitioned_and_deck_first,,
TaebinChoe/compromised_hdf5,6149d44841e22a79a21b67e45a1782f79202265e,BSD-3-Clause,permissive,LICENSE (SPDX BSD-3-Clause inferred from the licence text; GitHub's API reported no identifier for this file),HDF5Examples/FORTRAN/H5D/h5ex_d_rdwr.F90,2573,,,no_umat_entry,"Fortran, but it declares no SUBROUTINE UMAT",filename_umat_f90,,,round2_size_partitioned_and_deck_first,,
TaebinChoe/compromised_hdf5,6149d44841e22a79a21b67e45a1782f79202265e,BSD-3-Clause,permissive,LICENSE (SPDX BSD-3-Clause inferred from the licence text; GitHub's API reported no identifier for this file),HDF5Examples/FORTRAN/H5D/h5ex_d_rdwr_kind.F90,4159,,,no_umat_entry,"Fortran, but it declares no SUBROUTINE UMAT",filename_umat_f90,,,round2_size_partitioned_and_deck_first,,
TaebinChoe/compromised_hdf5,6149d44841e22a79a21b67e45a1782f79202265e,BSD-3-Clause,permissive,LICENSE (SPDX BSD-3-Clause inferred from the licence text; GitHub's API reported no identifier for this file),HDF5Examples/FORTRAN/H5D/h5ex_d_rdwr_kind_F03.F90,4211,,,no_umat_entry,"Fortran, but it declares no SUBROUTINE UMAT",filename_umat_f90,,,round2_size_partitioned_and_deck_first,,
TaebinChoe/compromised_hdf5,6149d44841e22a79a21b67e45a1782f79202265e,BSD-3-Clause,permissive,LICENSE (SPDX BSD-3-Clause inferred from the licence text; GitHub's API reported no identifier for this file),HDF5Examples/FORTRAN/H5D/h5ex_d_soint.F90,5559,,,no_umat_entry,"Fortran, but it declares no SUBROUTINE UMAT",filename_umat_f90,,,round2_size_partitioned_and_deck_first,,
TaebinChoe/compromised_hdf5,6149d44841e22a79a21b67e45a1782f79202265e,BSD-3-Clause,permissive,LICENSE (SPDX BSD-3-Clause inferred from the licence text; GitHub's API reported no identifier for this file),HDF5Examples/FORTRAN/H5D/h5ex_d_szip.F90,5106,,,no_umat_entry,"Fortran, but it declares no SUBROUTINE UMAT",filename_umat_f90,,,round2_size_partitioned_and_deck_first,,
TaebinChoe/compromised_hdf5,6149d44841e22a79a21b67e45a1782f79202265e,BSD-3-Clause,permissive,LICENSE (SPDX BSD-3-Clause inferred from the licence text; GitHub's API reported no identifier for this file),HDF5Examples/FORTRAN/H5D/h5ex_d_transform.F90,4059,,,no_umat_entry,"Fortran, but it declares no SUBROUTINE UMAT",filename_umat_f90,,,round2_size_partitioned_and_deck_first,,
TaebinChoe/compromised_hdf5,6149d44841e22a79a21b67e45a1782f79202265e,BSD-3-Clause,permissive,LICENSE (SPDX BSD-3-Clause inferred from the licence text; GitHub's API reported no identifier for this file),HDF5Examples/FORTRAN/H5D/h5ex_d_unlimmod.F90,5205,,,no_umat_entry,"Fortran, but it declares no SUBROUTINE UMAT",filename_umat_f90,,,round2_size_partitioned_and_deck_first,,
TaebinChoe/compromised_hdf5,6149d44841e22a79a21b67e45a1782f79202265e,BSD-3-Clause,permissive,LICENSE (SPDX BSD-3-Clause inferred from the licence text; GitHub's API reported no identifier for this file),HDF5Examples/FORTRAN/H5G/h5ex_g_compact.F90,4231,,,no_umat_entry,"Fortran, but it declares no SUBROUTINE UMAT",filename_umat_f90,,,round2_size_partitioned_and_deck_first,,
TaebinChoe/compromised_hdf5,6149d44841e22a79a21b67e45a1782f79202265e,BSD-3-Clause,permissive,LICENSE (SPDX BSD-3-Clause inferred from the licence text; GitHub's API reported no identifier for this file),HDF5Examples/FORTRAN/H5G/h5ex_g_corder.F90,3357,,,no_umat_entry,"Fortran, but it declares no SUBROUTINE UMAT",filename_umat_f90,,,round2_size_partitioned_and_deck_first,,
TaebinChoe/compromised_hdf5,6149d44841e22a79a21b67e45a1782f79202265e,BSD-3-Clause,permissive,LICENSE (SPDX BSD-3-Clause inferred from the licence text; GitHub's API reported no identifier for this file),HDF5Examples/FORTRAN/H5G/h5ex_g_create.F90,1038,,,no_umat_entry,"Fortran, but it declares no SUBROUTINE UMAT",filename_umat_f90,,,round2_size_partitioned_and_deck_first,,
TaebinChoe/compromised_hdf5,6149d44841e22a79a21b67e45a1782f79202265e,BSD-3-Clause,permissive,LICENSE (SPDX BSD-3-Clause inferred from the licence text; GitHub's API reported no identifier for this file),HDF5Examples/FORTRAN/H5G/h5ex_g_intermediate.F90,3752,,,no_umat_entry,"Fortran, but it declares no SUBROUTINE UMAT",filename_umat_f90,,,round2_size_partitioned_and_deck_first,,
TaebinChoe/compromised_hdf5,6149d44841e22a79a21b67e45a1782f79202265e,BSD-3-Clause,permissive,LICENSE (SPDX BSD-3-Clause inferred from the licence text; GitHub's API reported no identifier for this file),HDF5Examples/FORTRAN/H5G/h5ex_g_iterate.F90,2659,,,no_umat_entry,"Fortran, but it declares no SUBROUTINE UMAT",filename_umat_f90,,,round2_size_partitioned_and_deck_first,,
TaebinChoe/compromised_hdf5,6149d44841e22a79a21b67e45a1782f79202265e,BSD-3-Clause,permissive,LICENSE (SPDX BSD-3-Clause inferred from the licence text; GitHub's API reported no identifier for this file),HDF5Examples/FORTRAN/H5G/h5ex_g_phase.F90,4278,,,no_umat_entry,"Fortran, but it declares no SUBROUTINE UMAT",filename_umat_f90,,,round2_size_partitioned_and_deck_first,,
TaebinChoe/compromised_hdf5,6149d44841e22a79a21b67e45a1782f79202265e,BSD-3-Clause,permissive,LICENSE (SPDX BSD-3-Clause inferred from the licence text; GitHub's API reported no identifier for this file),HDF5Examples/FORTRAN/H5G/h5ex_g_traverse.F90,7657,,,no_umat_entry,"Fortran, but it declares no SUBROUTINE UMAT",filename_umat_f90,,,round2_size_partitioned_and_deck_first,,
TaebinChoe/compromised_hdf5,6149d44841e22a79a21b67e45a1782f79202265e,BSD-3-Clause,permissive,LICENSE (SPDX BSD-3-Clause inferred from the licence text; GitHub's API reported no identifier for this file),HDF5Examples/FORTRAN/H5G/h5ex_g_visit.F90,4379,,,no_umat_entry,"Fortran, but it declares no SUBROUTINE UMAT",filename_umat_f90,,,round2_size_partitioned_and_deck_first,,
TaebinChoe/compromised_hdf5,6149d44841e22a79a21b67e45a1782f79202265e,BSD-3-Clause,permissive,LICENSE (SPDX BSD-3-Clause inferred from the licence text; GitHub's API reported no identifier for this file),,0,,,not_examined,stopped after 25 files from this repository; 133 not read,filename_umat_f90,,,round2_size_partitioned_and_deck_first,,
TheBorts/QuantumFinger,,,,no LICENSE file detected by the GitHub API,,0,,,licence_absent,"no licence is declared, so nothing may be redistributed from it; a repository without a LICENSE file is refused, not assumed permissive; recorded and not fetched",filename_umat_f90,,,round2_size_partitioned_and_deck_first,,
VictorEijkhout/hdf5-with-predictable-naming,6ff28cb409a8e1f5d6ff0d0c54c1f64ac3eb3fc1,BSD-3-Clause,permissive,LICENSE (SPDX BSD-3-Clause inferred from the licence text; GitHub's API reported no identifier for this file),HDF5Examples/FORTRAN/H5T/h5ex_t_enumatt_F03.F90,4912,,,no_umat_entry,"Fortran, but it declares no SUBROUTINE UMAT",filename_umat_f90,,,round2_size_partitioned_and_deck_first,,
VictorEijkhout/hdf5-with-predictable-naming,6ff28cb409a8e1f5d6ff0d0c54c1f64ac3eb3fc1,BSD-3-Clause,permissive,LICENSE (SPDX BSD-3-Clause inferred from the licence text; GitHub's API reported no identifier for this file),HDF5Examples/FORTRAN/H5D/h5ex_d_alloc.F90,4839,,,no_umat_entry,"Fortran, but it declares no SUBROUTINE UMAT",filename_umat_f90,,,round2_size_partitioned_and_deck_first,,
VictorEijkhout/hdf5-with-predictable-naming,6ff28cb409a8e1f5d6ff0d0c54c1f64ac3eb3fc1,BSD-3-Clause,permissive,LICENSE (SPDX BSD-3-Clause inferred from the licence text; GitHub's API reported no identifier for this file),HDF5Examples/FORTRAN/H5D/h5ex_d_checksum.F90,5371,,,no_umat_entry,"Fortran, but it declares no SUBROUTINE UMAT",filename_umat_f90,,,round2_size_partitioned_and_deck_first,,
VictorEijkhout/hdf5-with-predictable-naming,6ff28cb409a8e1f5d6ff0d0c54c1f64ac3eb3fc1,BSD-3-Clause,permissive,LICENSE (SPDX BSD-3-Clause inferred from the licence text; GitHub's API reported no identifier for this file),HDF5Examples/FORTRAN/H5D/h5ex_d_chunk.F90,5396,,,no_umat_entry,"Fortran, but it declares no SUBROUTINE UMAT",filename_umat_f90,,,round2_size_partitioned_and_deck_first,,
VictorEijkhout/hdf5-with-predictable-naming,6ff28cb409a8e1f5d6ff0d0c54c1f64ac3eb3fc1,BSD-3-Clause,permissive,LICENSE (SPDX BSD-3-Clause inferred from the licence text; GitHub's API reported no identifier for this file),HDF5Examples/FORTRAN/H5D/h5ex_d_compact.F90,3673,,,no_umat_entry,"Fortran, but it declares no SUBROUTINE UMAT",filename_umat_f90,,,round2_size_partitioned_and_deck_first,,
VictorEijkhout/hdf5-with-predictable-naming,6ff28cb409a8e1f5d6ff0d0c54c1f64ac3eb3fc1,BSD-3-Clause,permissive,LICENSE (SPDX BSD-3-Clause inferred from the licence text; GitHub's API reported no identifier for this file),HDF5Examples/FORTRAN/H5D/h5ex_d_extern.F90,4298,,,no_umat_entry,"Fortran, but it declares no SUBROUTINE UMAT",filename_umat_f90,,,round2_size_partitioned_and_deck_first,,
VictorEijkhout/hdf5-with-predictable-naming,6ff28cb409a8e1f5d6ff0d0c54c1f64ac3eb3fc1,BSD-3-Clause,permissive,LICENSE (SPDX BSD-3-Clause inferred from the licence text; GitHub's API reported no identifier for this file),HDF5Examples/FORTRAN/H5D/h5ex_d_fillval.F90,4272,,,no_umat_entry,"Fortran, but it declares no SUBROUTINE UMAT",filename_umat_f90,,,round2_size_partitioned_and_deck_first,,
VictorEijkhout/hdf5-with-predictable-naming,6ff28cb409a8e1f5d6ff0d0c54c1f64ac3eb3fc1,BSD-3-Clause,permissive,LICENSE (SPDX BSD-3-Clause inferred from the licence text; GitHub's API reported no identifier for this file),HDF5Examples/FORTRAN/H5D/h5ex_d_gzip.F90,5341,,,no_umat_entry,"Fortran, but it declares no SUBROUTINE UMAT",filename_umat_f90,,,round2_size_partitioned_and_deck_first,,
VictorEijkhout/hdf5-with-predictable-naming,6ff28cb409a8e1f5d6ff0d0c54c1f64ac3eb3fc1,BSD-3-Clause,permissive,LICENSE (SPDX BSD-3-Clause inferred from the licence text; GitHub's API reported no identifier for this file),HDF5Examples/FORTRAN/H5D/h5ex_d_hyper.F90,4229,,,no_umat_entry,"Fortran, but it declares no SUBROUTINE UMAT",filename_umat_f90,,,round2_size_partitioned_and_deck_first,,
VictorEijkhout/hdf5-with-predictable-naming,6ff28cb409a8e1f5d6ff0d0c54c1f64ac3eb3fc1,BSD-3-Clause,permissive,LICENSE (SPDX BSD-3-Clause inferred from the licence text; GitHub's API reported no identifier for this file),HDF5Examples/FORTRAN/H5D/h5ex_d_nbit.F90,5347,,,no_umat_entry,"Fortran, but it declares no SUBROUTINE UMAT",filename_umat_f90,,,round2_size_partitioned_and_deck_first,,
VictorEijkhout/hdf5-with-predictable-naming,6ff28cb409a8e1f5d6ff0d0c54c1f64ac3eb3fc1,BSD-3-Clause,permissive,LICENSE (SPDX BSD-3-Clause inferred from the licence text; GitHub's API reported no identifier for this file),HDF5Examples/FORTRAN/H5D/h5ex_d_rdwr.F90,2573,,,no_umat_entry,"Fortran, but it declares no SUBROUTINE UMAT",filename_umat_f90,,,round2_size_partitioned_and_deck_first,,
VictorEijkhout/hdf5-with-predictable-naming,6ff28cb409a8e1f5d6ff0d0c54c1f64ac3eb3fc1,BSD-3-Clause,permissive,LICENSE (SPDX BSD-3-Clause inferred from the licence text; GitHub's API reported no identifier for this file),HDF5Examples/FORTRAN/H5D/h5ex_d_rdwr_kind.F90,4159,,,no_umat_entry,"Fortran, but it declares no SUBROUTINE UMAT",filename_umat_f90,,,round2_size_partitioned_and_deck_first,,
VictorEijkhout/hdf5-with-predictable-naming,6ff28cb409a8e1f5d6ff0d0c54c1f64ac3eb3fc1,BSD-3-Clause,permissive,LICENSE (SPDX BSD-3-Clause inferred from the licence text; GitHub's API reported no identifier for this file),HDF5Examples/FORTRAN/H5D/h5ex_d_rdwr_kind_F03.F90,4211,,,no_umat_entry,"Fortran, but it declares no SUBROUTINE UMAT",filename_umat_f90,,,round2_size_partitioned_and_deck_first,,
VictorEijkhout/hdf5-with-predictable-naming,6ff28cb409a8e1f5d6ff0d0c54c1f64ac3eb3fc1,BSD-3-Clause,permissive,LICENSE (SPDX BSD-3-Clause inferred from the licence text; GitHub's API reported no identifier for this file),HDF5Examples/FORTRAN/H5D/h5ex_d_soint.F90,5559,,,no_umat_entry,"Fortran, but it declares no SUBROUTINE UMAT",filename_umat_f90,,,round2_size_partitioned_and_deck_first,,
VictorEijkhout/hdf5-with-predictable-naming,6ff28cb409a8e1f5d6ff0d0c54c1f64ac3eb3fc1,BSD-3-Clause,permissive,LICENSE (SPDX BSD-3-Clause inferred from the licence text; GitHub's API reported no identifier for this file),HDF5Examples/FORTRAN/H5D/h5ex_d_szip.F90,5106,,,no_umat_entry,"Fortran, but it declares no SUBROUTINE UMAT",filename_umat_f90,,,round2_size_partitioned_and_deck_first,,
VictorEijkhout/hdf5-with-predictable-naming,6ff28cb409a8e1f5d6ff0d0c54c1f64ac3eb3fc1,BSD-3-Clause,permissive,LICENSE (SPDX BSD-3-Clause inferred from the licence text; GitHub's API reported no identifier for this file),HDF5Examples/FORTRAN/H5D/h5ex_d_transform.F90,4059,,,no_umat_entry,"Fortran, but it declares no SUBROUTINE UMAT",filename_umat_f90,,,round2_size_partitioned_and_deck_first,,
VictorEijkhout/hdf5-with-predictable-naming,6ff28cb409a8e1f5d6ff0d0c54c1f64ac3eb3fc1,BSD-3-Clause,permissive,LICENSE (SPDX BSD-3-Clause inferred from the licence text; GitHub's API reported no identifier for this file),HDF5Examples/FORTRAN/H5D/h5ex_d_unlimmod.F90,5205,,,no_umat_entry,"Fortran, but it declares no SUBROUTINE UMAT",filename_umat_f90,,,round2_size_partitioned_and_deck_first,,
VictorEijkhout/hdf5-with-predictable-naming,6ff28cb409a8e1f5d6ff0d0c54c1f64ac3eb3fc1,BSD-3-Clause,permissive,LICENSE (SPDX BSD-3-Clause inferred from the licence text; GitHub's API reported no identifier for this file),HDF5Examples/FORTRAN/H5G/h5ex_g_compact.F90,4231,,,no_umat_entry,"Fortran, but it declares no SUBROUTINE UMAT",filename_umat_f90,,,round2_size_partitioned_and_deck_first,,
VictorEijkhout/hdf5-with-predictable-naming,6ff28cb409a8e1f5d6ff0d0c54c1f64ac3eb3fc1,BSD-3-Clause,permissive,LICENSE (SPDX BSD-3-Clause inferred from the licence text; GitHub's API reported no identifier for this file),HDF5Examples/FORTRAN/H5G/h5ex_g_corder.F90,3357,,,no_umat_entry,"Fortran, but it declares no SUBROUTINE UMAT",filename_umat_f90,,,round2_size_partitioned_and_deck_first,,
VictorEijkhout/hdf5-with-predictable-naming,6ff28cb409a8e1f5d6ff0d0c54c1f64ac3eb3fc1,BSD-3-Clause,permissive,LICENSE (SPDX BSD-3-Clause inferred from the licence text; GitHub's API reported no identifier for this file),HDF5Examples/FORTRAN/H5G/h5ex_g_create.F90,1038,,,no_umat_entry,"Fortran, but it declares no SUBROUTINE UMAT",filename_umat_f90,,,round2_size_partitioned_and_deck_first,,
VictorEijkhout/hdf5-with-predictable-naming,6ff28cb409a8e1f5d6ff0d0c54c1f64ac3eb3fc1,BSD-3-Clause,permissive,LICENSE (SPDX BSD-3-Clause inferred from the licence text; GitHub's API reported no identifier for this file),HDF5Examples/FORTRAN/H5G/h5ex_g_intermediate.F90,3752,,,no_umat_entry,"Fortran, but it declares no SUBROUTINE UMAT",filename_umat_f90,,,round2_size_partitioned_and_deck_first,,
VictorEijkhout/hdf5-with-predictable-naming,6ff28cb409a8e1f5d6ff0d0c54c1f64ac3eb3fc1,BSD-3-Clause,permissive,LICENSE (SPDX BSD-3-Clause inferred from the licence text; GitHub's API reported no identifier for this file),HDF5Examples/FORTRAN/H5G/h5ex_g_iterate.F90,2659,,,no_umat_entry,"Fortran, but it declares no SUBROUTINE UMAT",filename_umat_f90,,,round2_size_partitioned_and_deck_first,,
VictorEijkhout/hdf5-with-predictable-naming,6ff28cb409a8e1f5d6ff0d0c54c1f64ac3eb3fc1,BSD-3-Clause,permissive,LICENSE (SPDX BSD-3-Clause inferred from the licence text; GitHub's API reported no identifier for this file),HDF5Examples/FORTRAN/H5G/h5ex_g_phase.F90,4278,,,no_umat_entry,"Fortran, but it declares no SUBROUTINE UMAT",filename_umat_f90,,,round2_size_partitioned_and_deck_first,,
VictorEijkhout/hdf5-with-predictable-naming,6ff28cb409a8e1f5d6ff0d0c54c1f64ac3eb3fc1,BSD-3-Clause,permissive,LICENSE (SPDX BSD-3-Clause inferred from the licence text; GitHub's API reported no identifier for this file),HDF5Examples/FORTRAN/H5G/h5ex_g_traverse.F90,7657,,,no_umat_entry,"Fortran, but it declares no SUBROUTINE UMAT",filename_umat_f90,,,round2_size_partitioned_and_deck_first,,
VictorEijkhout/hdf5-with-predictable-naming,6ff28cb409a8e1f5d6ff0d0c54c1f64ac3eb3fc1,BSD-3-Clause,permissive,LICENSE (SPDX BSD-3-Clause inferred from the licence text; GitHub's API reported no identifier for this file),HDF5Examples/FORTRAN/H5G/h5ex_g_visit.F90,4379,,,no_umat_entry,"Fortran, but it declares no SUBROUTINE UMAT",filename_umat_f90,,,round2_size_partitioned_and_deck_first,,
VictorEijkhout/hdf5-with-predictable-naming,6ff28cb409a8e1f5d6ff0d0c54c1f64ac3eb3fc1,BSD-3-Clause,permissive,LICENSE (SPDX BSD-3-Clause inferred from the licence text; GitHub's API reported no identifier for this file),,0,,,not_examined,stopped after 25 files from this repository; 131 not read,filename_umat_f90,,,round2_size_partitioned_and_deck_first,,
aarchiba/tempo2,804591495a945656715db900e1da60cec09e5c05,GPL-3.0,copyleft,COPYING (SPDX GPL-3.0 via the GitHub licence API),sofa/numat.for,5526,,,no_umat_entry,"Fortran, but it declares no SUBROUTINE UMAT",filename_umat_for,,,round2_size_partitioned_and_deck_first,,
aarchiba/tempo2,804591495a945656715db900e1da60cec09e5c05,GPL-3.0,copyleft,COPYING (SPDX GPL-3.0 via the GitHub licence API),sofa/a2af.for,6077,,,no_umat_entry,"Fortran, but it declares no SUBROUTINE UMAT",filename_umat_for,,,round2_size_partitioned_and_deck_first,,
aarchiba/tempo2,804591495a945656715db900e1da60cec09e5c05,GPL-3.0,copyleft,COPYING (SPDX GPL-3.0 via the GitHub licence API),sofa/a2tf.for,5957,,,no_umat_entry,"Fortran, but it declares no SUBROUTINE UMAT",filename_umat_for,,,round2_size_partitioned_and_deck_first,,
aarchiba/tempo2,804591495a945656715db900e1da60cec09e5c05,GPL-3.0,copyleft,COPYING (SPDX GPL-3.0 via the GitHub licence API),sofa/anp.for,4555,,,no_umat_entry,"Fortran, but it declares no SUBROUTINE UMAT",filename_umat_for,,,round2_size_partitioned_and_deck_first,,
aarchiba/tempo2,804591495a945656715db900e1da60cec09e5c05,GPL-3.0,copyleft,COPYING (SPDX GPL-3.0 via the GitHub licence API),sofa/anpm.for,4667,,,no_umat_entry,"Fortran, but it declares no SUBROUTINE UMAT",filename_umat_for,,,round2_size_partitioned_and_deck_first,,
aarchiba/tempo2,804591495a945656715db900e1da60cec09e5c05,GPL-3.0,copyleft,COPYING (SPDX GPL-3.0 via the GitHub licence API),sofa/bi00.for,6258,,,no_umat_entry,"Fortran, but it declares no SUBROUTINE UMAT",filename_umat_for,,,round2_size_partitioned_and_deck_first,,
aarchiba/tempo2,804591495a945656715db900e1da60cec09e5c05,GPL-3.0,copyleft,COPYING (SPDX GPL-3.0 via the GitHub licence API),sofa/bp00.for,8114,,,no_umat_entry,"Fortran, but it declares no SUBROUTINE UMAT",filename_umat_for,,,round2_size_partitioned_and_deck_first,,
aarchiba/tempo2,804591495a945656715db900e1da60cec09e5c05,GPL-3.0,copyleft,COPYING (SPDX GPL-3.0 via the GitHub licence API),sofa/bpn2xy.for,5125,,,no_umat_entry,"Fortran, but it declares no SUBROUTINE UMAT",filename_umat_for,,,round2_size_partitioned_and_deck_first,,
aarchiba/tempo2,804591495a945656715db900e1da60cec09e5c05,GPL-3.0,copyleft,COPYING (SPDX GPL-3.0 via the GitHub licence API),sofa/c2i00a.for,6694,,,no_umat_entry,"Fortran, but it declares no SUBROUTINE UMAT",filename_umat_for,,,round2_size_partitioned_and_deck_first,,
aarchiba/tempo2,804591495a945656715db900e1da60cec09e5c05,GPL-3.0,copyleft,COPYING (SPDX GPL-3.0 via the GitHub licence API),sofa/c2i00b.for,6680,,,no_umat_entry,"Fortran, but it declares no SUBROUTINE UMAT",filename_umat_for,,,round2_size_partitioned_and_deck_first,,
aarchiba/tempo2,804591495a945656715db900e1da60cec09e5c05,GPL-3.0,copyleft,COPYING (SPDX GPL-3.0 via the GitHub licence API),sofa/c2ibpn.for,6612,,,no_umat_entry,"Fortran, but it declares no SUBROUTINE UMAT",filename_umat_for,,,round2_size_partitioned_and_deck_first,,
aarchiba/tempo2,804591495a945656715db900e1da60cec09e5c05,GPL-3.0,copyleft,COPYING (SPDX GPL-3.0 via the GitHub licence API),sofa/c2ixy.for,6413,,,no_umat_entry,"Fortran, but it declares no SUBROUTINE UMAT",filename_umat_for,,,round2_size_partitioned_and_deck_first,,
aarchiba/tempo2,804591495a945656715db900e1da60cec09e5c05,GPL-3.0,copyleft,COPYING (SPDX GPL-3.0 via the GitHub licence API),sofa/c2ixys.for,5856,,,no_umat_entry,"Fortran, but it declares no SUBROUTINE UMAT",filename_umat_for,,,round2_size_partitioned_and_deck_first,,
aarchiba/tempo2,804591495a945656715db900e1da60cec09e5c05,GPL-3.0,copyleft,COPYING (SPDX GPL-3.0 via the GitHub licence API),sofa/c2s.for,4911,,,no_umat_entry,"Fortran, but it declares no SUBROUTINE UMAT",filename_umat_for,,,round2_size_partitioned_and_deck_first,,
aarchiba/tempo2,804591495a945656715db900e1da60cec09e5c05,GPL-3.0,copyleft,COPYING (SPDX GPL-3.0 via the GitHub licence API),sofa/c2t00a.for,7730,,,no_umat_entry,"Fortran, but it declares no SUBROUTINE UMAT",filename_umat_for,,,round2_size_partitioned_and_deck_first,,
aarchiba/tempo2,804591495a945656715db900e1da60cec09e5c05,GPL-3.0,copyleft,COPYING (SPDX GPL-3.0 via the GitHub licence API),sofa/c2t00b.for,7579,,,no_umat_entry,"Fortran, but it declares no SUBROUTINE UMAT",filename_umat_for,,,round2_size_partitioned_and_deck_first,,
aarchiba/tempo2,804591495a945656715db900e1da60cec09e5c05,GPL-3.0,copyleft,COPYING (SPDX GPL-3.0 via the GitHub licence API),sofa/c2tceo.for,6020,,,no_umat_entry,"Fortran, but it declares no SUBROUTINE UMAT",filename_umat_for,,,round2_size_partitioned_and_deck_first,,
aarchiba/tempo2,804591495a945656715db900e1da60cec09e5c05,GPL-3.0,copyleft,COPYING (SPDX GPL-3.0 via the GitHub licence API),sofa/c2teqx.for,6060,,,no_umat_entry,"Fortran, but it declares no SUBROUTINE UMAT",filename_umat_for,,,round2_size_partitioned_and_deck_first,,
aarchiba/tempo2,804591495a945656715db900e1da60cec09e5c05,GPL-3.0,copyleft,COPYING (SPDX GPL-3.0 via the GitHub licence API),sofa/c2tpe.for,8279,,,no_umat_entry,"Fortran, but it declares no SUBROUTINE UMAT",filename_umat_for,,,round2_size_partitioned_and_deck_first,,
aarchiba/tempo2,804591495a945656715db900e1da60cec09e5c05,GPL-3.0,copyleft,COPYING (SPDX GPL-3.0 via the GitHub licence API),sofa/c2txy.for,7684,,,no_umat_entry,"Fortran, but it declares no SUBROUTINE UMAT",filename_umat_for,,,round2_size_partitioned_and_deck_first,,
aarchiba/tempo2,804591495a945656715db900e1da60cec09e5c05,GPL-3.0,copyleft,COPYING (SPDX GPL-3.0 via the GitHub licence API),sofa/cal2jd.for,6623,,,no_umat_entry,"Fortran, but it declares no SUBROUTINE UMAT",filename_umat_for,,,round2_size_partitioned_and_deck_first,,
aarchiba/tempo2,804591495a945656715db900e1da60cec09e5c05,GPL-3.0,copyleft,COPYING (SPDX GPL-3.0 via the GitHub licence API),sofa/cp.for,4380,,,no_umat_entry,"Fortran, but it declares no SUBROUTINE UMAT",filename_umat_for,,,round2_size_partitioned_and_deck_first,,
aarchiba/tempo2,804591495a945656715db900e1da60cec09e5c05,GPL-3.0,copyleft,COPYING (SPDX GPL-3.0 via the GitHub licence API),sofa/cpv.for,4479,,,no_umat_entry,"Fortran, but it declares no SUBROUTINE UMAT",filename_umat_for,,,round2_size_partitioned_and_deck_first,,
aarchiba/tempo2,804591495a945656715db900e1da60cec09e5c05,GPL-3.0,copyleft,COPYING (SPDX GPL-3.0 via the GitHub licence API),sofa/cr.for,4452,,,no_umat_entry,"Fortran, but it declares no SUBROUTINE UMAT",filename_umat_for,,,round2_size_partitioned_and_deck_first,,
aarchiba/tempo2,804591495a945656715db900e1da60cec09e5c05,GPL-3.0,copyleft,COPYING (SPDX GPL-3.0 via the GitHub licence API),sofa/d2tf.for,6936,,,no_umat_entry,"Fortran, but it declares no SUBROUTINE UMAT",filename_umat_for,,,round2_size_partitioned_and_deck_first,,
aarchiba/tempo2,804591495a945656715db900e1da60cec09e5c05,GPL-3.0,copyleft,COPYING (SPDX GPL-3.0 via the GitHub licence API),,0,,,not_examined,stopped after 25 files from this repository; 96 not read,filename_umat_for,,,round2_size_partitioned_and_deck_first,,
advancesoftcorp/espresso,,GPL-2.0,permissive,License (SPDX GPL-2.0 via the GitHub licence API),,0,,,licence_incompatible,GPL-2.0 is outside the set this project may redistribute; recorded and not fetched,filename_umat_f90,,,round2_size_partitioned_and_deck_first,,
agforero/FTFramework,6caf0bc7bae8dc54a62da62df37e852625f0427d,MIT,permissive,LICENSE (SPDX MIT via the GitHub licence API),source/sofa_c/numat.for,6140,,,no_umat_entry,"Fortran, but it declares no SUBROUTINE UMAT",filename_umat_for,,,round2_size_partitioned_and_deck_first,,
agforero/FTFramework,6caf0bc7bae8dc54a62da62df37e852625f0427d,MIT,permissive,LICENSE (SPDX MIT via the GitHub licence API),source/amil/as110.f90,3981,,,no_umat_entry,"Fortran, but it declares no SUBROUTINE UMAT",filename_umat_for,,,round2_size_partitioned_and_deck_first,,
agforero/FTFramework,6caf0bc7bae8dc54a62da62df37e852625f0427d,MIT,permissive,LICENSE (SPDX MIT via the GitHub licence API),source/amil/as126.f90,1994,,,no_umat_entry,"Fortran, but it declares no SUBROUTINE UMAT",filename_umat_for,,,round2_size_partitioned_and_deck_first,,
agforero/FTFramework,6caf0bc7bae8dc54a62da62df37e852625f0427d,MIT,permissive,LICENSE (SPDX MIT via the GitHub licence API),source/amil/as132.f90,3869,,,no_umat_entry,"Fortran, but it declares no SUBROUTINE UMAT",filename_umat_for,,,round2_size_partitioned_and_deck_first,,
agforero/FTFramework,6caf0bc7bae8dc54a62da62df37e852625f0427d,MIT,permissive,LICENSE (SPDX MIT via the GitHub licence API),source/amil/as135.f90,10109,,,no_umat_entry,"Fortran, but it declares no SUBROUTINE UMAT",filename_umat_for,,,round2_size_partitioned_and_deck_first,,
agforero/FTFramework,6caf0bc7bae8dc54a62da62df37e852625f0427d,MIT,permissive,LICENSE (SPDX MIT via the GitHub licence API),source/amil/as136.f90,11364,,,no_umat_entry,"Fortran, but it declares no SUBROUTINE UMAT",filename_umat_for,,,round2_size_partitioned_and_deck_first,,
agforero/FTFramework,6caf0bc7bae8dc54a62da62df37e852625f0427d,MIT,permissive,LICENSE (SPDX MIT via the GitHub licence API),source/amil/as152.f90,4158,,,no_umat_entry,"Fortran, but it declares no SUBROUTINE UMAT",filename_umat_for,,,round2_size_partitioned_and_deck_first,,
agforero/FTFramework,6caf0bc7bae8dc54a62da62df37e852625f0427d,MIT,permissive,LICENSE (SPDX MIT via the GitHub licence API),source/amil/as154.f90,18614,,,no_umat_entry,"Fortran, but it declares no SUBROUTINE UMAT",filename_umat_for,,,round2_size_partitioned_and_deck_first,,
agforero/FTFramework,6caf0bc7bae8dc54a62da62df37e852625f0427d,MIT,permissive,LICENSE (SPDX MIT via the GitHub licence API),source/amil/as155.f90,14896,,,no_umat_entry,"Fortran, but it declares no SUBROUTINE UMAT",filename_umat_for,,,round2_size_partitioned_and_deck_first,,
agforero/FTFramework,6caf0bc7bae8dc54a62da62df37e852625f0427d,MIT,permissive,LICENSE (SPDX MIT via the GitHub licence API),source/amil/as157.f90,2564,,,no_umat_entry,"Fortran, but it declares no SUBROUTINE UMAT",filename_umat_for,,,round2_size_partitioned_and_deck_first,,
agforero/FTFramework,6caf0bc7bae8dc54a62da62df37e852625f0427d,MIT,permissive,LICENSE (SPDX MIT via the GitHub licence API),source/amil/as177.f90,10403,,,no_umat_entry,"Fortran, but it declares no SUBROUTINE UMAT",filename_umat_for,,,round2_size_partitioned_and_deck_first,,
agforero/FTFramework,6caf0bc7bae8dc54a62da62df37e852625f0427d,MIT,permissive,LICENSE (SPDX MIT via the GitHub licence API),source/amil/as181.f90,17154,,,no_umat_entry,"Fortran, but it declares no SUBROUTINE UMAT",filename_umat_for,,,round2_size_partitioned_and_deck_first,,
agforero/FTFramework,6caf0bc7bae8dc54a62da62df37e852625f0427d,MIT,permissive,LICENSE (SPDX MIT via the GitHub licence API),source/amil/as190.f90,12561,,,no_umat_entry,"Fortran, but it declares no SUBROUTINE UMAT",filename_umat_for,,,round2_size_partitioned_and_deck_first,,
agforero/FTFramework,6caf0bc7bae8dc54a62da62df37e852625f0427d,MIT,permissive,LICENSE (SPDX MIT via the GitHub licence API),source/amil/as192.f90,8904,,,no_umat_entry,"Fortran, but it declares no SUBROUTINE UMAT",filename_umat_for,,,round2_size_partitioned_and_deck_first,,
agforero/FTFramework,6caf0bc7bae8dc54a62da62df37e852625f0427d,MIT,permissive,LICENSE (SPDX MIT via the GitHub licence API),source/amil/as205.f90,12162,,,no_umat_entry,"Fortran, but it declares no SUBROUTINE UMAT",filename_umat_for,,,round2_size_partitioned_and_deck_first,,
agforero/FTFramework,6caf0bc7bae8dc54a62da62df37e852625f0427d,MIT,permissive,LICENSE (SPDX MIT via the GitHub licence API),source/amil/as207.f90,2994,,,no_umat_entry,"Fortran, but it declares no SUBROUTINE UMAT",filename_umat_for,,,round2_size_partitioned_and_deck_first,,
agforero/FTFramework,6caf0bc7bae8dc54a62da62df37e852625f0427d,MIT,permissive,LICENSE (SPDX MIT via the GitHub licence API),source/amil/as217.f90,5580,,,no_umat_entry,"Fortran, but it declares no SUBROUTINE UMAT",filename_umat_for,,,round2_size_partitioned_and_deck_first,,
agforero/FTFramework,6caf0bc7bae8dc54a62da62df37e852625f0427d,MIT,permissive,LICENSE (SPDX MIT via the GitHub licence API),source/amil/as227.f90,2435,,,no_umat_entry,"Fortran, but it declares no SUBROUTINE UMAT",filename_umat_for,,,round2_size_partitioned_and_deck_first,,
agforero/FTFramework,6caf0bc7bae8dc54a62da62df37e852625f0427d,MIT,permissive,LICENSE (SPDX MIT via the GitHub licence API),source/amil/as241.f90,7916,,,no_umat_entry,"Fortran, but it declares no SUBROUTINE UMAT",filename_umat_for,,,round2_size_partitioned_and_deck_first,,
agforero/FTFramework,6caf0bc7bae8dc54a62da62df37e852625f0427d,MIT,permissive,LICENSE (SPDX MIT via the GitHub licence API),source/amil/as245.f90,3836,,,no_umat_entry,"Fortran, but it declares no SUBROUTINE UMAT",filename_umat_for,,,round2_size_partitioned_and_deck_first,,
agforero/FTFramework,6caf0bc7bae8dc54a62da62df37e852625f0427d,MIT,permissive,LICENSE (SPDX MIT via the GitHub licence API),source/amil/as260.f90,8728,,,no_umat_entry,"Fortran, but it declares no SUBROUTINE UMAT",filename_umat_for,,,round2_size_partitioned_and_deck_first,,
agforero/FTFramework,6caf0bc7bae8dc54a62da62df37e852625f0427d,MIT,permissive,LICENSE (SPDX MIT via the GitHub licence API),source/amil/as261.f90,5763,,,no_umat_entry,"Fortran, but it declares no SUBROUTINE UMAT",filename_umat_for,,,round2_size_partitioned_and_deck_first,,
agforero/FTFramework,6caf0bc7bae8dc54a62da62df37e852625f0427d,MIT,permissive,LICENSE (SPDX MIT via the GitHub licence API),source/amil/as27.f90,2216,,,no_umat_entry,"Fortran, but it declares no SUBROUTINE UMAT",filename_umat_for,,,round2_size_partitioned_and_deck_first,,
agforero/FTFramework,6caf0bc7bae8dc54a62da62df37e852625f0427d,MIT,permissive,LICENSE (SPDX MIT via the GitHub licence API),source/amil/as275.f90,3301,,,no_umat_entry,"Fortran, but it declares no SUBROUTINE UMAT",filename_umat_for,,,round2_size_partitioned_and_deck_first,,
agforero/FTFramework,6caf0bc7bae8dc54a62da62df37e852625f0427d,MIT,permissive,LICENSE (SPDX MIT via the GitHub licence API),source/amil/as282.f90,16890,,,no_umat_entry,"Fortran, but it declares no SUBROUTINE UMAT",filename_umat_for,,,round2_size_partitioned_and_deck_first,,
agforero/FTFramework,6caf0bc7bae8dc54a62da62df37e852625f0427d,MIT,permissive,LICENSE (SPDX MIT via the GitHub licence API),,0,,,not_examined,stopped after 25 files from this repository; 2251 not read,filename_umat_for,,,round2_size_partitioned_and_deck_first,,
albower/EN234_FEA,,,,no LICENSE file detected by the GitHub API,,0,,,licence_absent,"no licence is declared, so nothing may be redistributed from it; a repository without a LICENSE file is refused, not assumed permissive; recorded and not fetched",filename_umat_f90,,,round2_size_partitioned_and_deck_first,,
ankushaggarwal/GnR,,,,no LICENSE file detected by the GitHub API,,0,,,licence_absent,"no licence is declared, so nothing may be redistributed from it; a repository without a LICENSE file is refused, not assumed permissive; recorded and not fetched",filename_umat_for,,,round2_size_partitioned_and_deck_first,,
apollos/Quantum-ESPRESSO,,GPL-2.0,permissive,License (SPDX GPL-2.0 via the GitHub licence API),,0,,,licence_incompatible,GPL-2.0 is outside the set this project may redistribute; recorded and not fetched,filename_umat_f90,,,round2_size_partitioned_and_deck_first,,
arifyunando/mpm-tied-ff,,,,no LICENSE file detected by the GitHub API,,0,,,licence_absent,"no licence is declared, so nothing may be redistributed from it; a repository without a LICENSE file is refused, not assumed permissive; recorded and not fetched",ddsdde_size_4000..8000,,,round2_size_partitioned_and_deck_first,,
arthurgirard/Girard2025-RNN-Surrogate-Composite-Fracture,7a8b8096a5a3efe2108fcccb882edeb94742f1ad,MIT,permissive,LICENSE (SPDX MIT via the GitHub licence API),src/RNN-VUMAT.f,9799,,,no_umat_entry,declares a VUMAT and no UMAT; the explicit interface is out of scope,filename_umat_f,,,round2_size_partitioned_and_deck_first,,
arthurgirard/Girard2025-RNN-Surrogate-Composite-Fracture,7a8b8096a5a3efe2108fcccb882edeb94742f1ad,MIT,permissive,LICENSE (SPDX MIT via the GitHub licence API),src/lmscc_f.f,11528,,,no_umat_entry,"Fortran, but it declares no SUBROUTINE UMAT",filename_umat_f,,,round2_size_partitioned_and_deck_first,,
arthurgirard/Girard2025-RNN-Surrogate-Composite-Fracture,7a8b8096a5a3efe2108fcccb882edeb94742f1ad,MIT,permissive,LICENSE (SPDX MIT via the GitHub licence API),src/lmscc_u.f,11535,,,no_umat_entry,"Fortran, but it declares no SUBROUTINE UMAT",filename_umat_f,,,round2_size_partitioned_and_deck_first,,
arthurgirard/Girard2025-RNN-Surrogate-Composite-Fracture,7a8b8096a5a3efe2108fcccb882edeb94742f1ad,MIT,permissive,LICENSE (SPDX MIT via the GitHub licence API),src/lmscc_wa_1.f,18965,,,no_umat_entry,"Fortran, but it declares no SUBROUTINE UMAT",filename_umat_f,,,round2_size_partitioned_and_deck_first,,
arthurgirard/Girard2025-RNN-Surrogate-Composite-Fracture,7a8b8096a5a3efe2108fcccb882edeb94742f1ad,MIT,permissive,LICENSE (SPDX MIT via the GitHub licence API),src/lmscc_wa_2.f,112469,,,no_umat_entry,"Fortran, but it declares no SUBROUTINE UMAT",filename_umat_f,,,round2_size_partitioned_and_deck_first,,
arthurgirard/Girard2025-RNN-Surrogate-Composite-Fracture,7a8b8096a5a3efe2108fcccb882edeb94742f1ad,MIT,permissive,LICENSE (SPDX MIT via the GitHub licence API),src/lmscc_wb_1.f,18917,,,no_umat_entry,"Fortran, but it declares no SUBROUTINE UMAT",filename_umat_f,,,round2_size_partitioned_and_deck_first,,
arthurgirard/Girard2025-RNN-Surrogate-Composite-Fracture,7a8b8096a5a3efe2108fcccb882edeb94742f1ad,MIT,permissive,LICENSE (SPDX MIT via the GitHub licence API),src/lmscc_wb_2.f,112466,,,no_umat_entry,"Fortran, but it declares no SUBROUTINE UMAT",filename_umat_f,,,round2_size_partitioned_and_deck_first,,
arthurgirard/Girard2025-RNN-Surrogate-Composite-Fracture,7a8b8096a5a3efe2108fcccb882edeb94742f1ad,MIT,permissive,LICENSE (SPDX MIT via the GitHub licence API),src/stress_dense.f,1009,,,no_umat_entry,"Fortran, but it declares no SUBROUTINE UMAT",filename_umat_f,,,round2_size_partitioned_and_deck_first,,
bbullman/dotfiles,,,,no LICENSE file detected by the GitHub API,,0,,,licence_absent,"no licence is declared, so nothing may be redistributed from it; a repository without a LICENSE file is refused, not assumed permissive; recorded and not fetched",deck_user_material_constants,,,round2_size_partitioned_and_deck_first,,
bhaskar-ramagiri/VUMAT-3D-Compoaite-,32e41c6a9ba3088e3ab57527beee57ad7916a97b,GPL-3.0,copyleft,LICENSE (SPDX GPL-3.0 via the GitHub licence API),VUMAT_3D_Comp_hashin.for,24608,,,no_umat_entry,declares a VUMAT and no UMAT; the explicit interface is out of scope,filename_umat_for,,,round2_size_partitioned_and_deck_first,,
bmad-sim/bmad-external-packages,,,,no LICENSE file detected by the GitHub API,,0,,,licence_absent,"no licence is declared, so nothing may be redistributed from it; a repository without a LICENSE file is refused, not assumed permissive; recorded and not fetched",filename_umat_f90,,,round2_size_partitioned_and_deck_first,,
ccme-tmc/gap3a,,,,no LICENSE file detected by the GitHub API,,0,,,licence_absent,"no licence is declared, so nothing may be redistributed from it; a repository without a LICENSE file is refused, not assumed permissive; recorded and not fetched",filename_umat_f90,,,round2_size_partitioned_and_deck_first,,
certik/q-e,,GPL-2.0,permissive,License (SPDX GPL-2.0 via the GitHub licence API),,0,,,licence_incompatible,GPL-2.0 is outside the set this project may redistribute; recorded and not fetched,filename_umat_f90,,,round2_size_partitioned_and_deck_first,,
electronic-structure/q-e-sirius,,GPL-2.0,permissive,License (SPDX GPL-2.0 via the GitHub licence API),,0,,,licence_incompatible,GPL-2.0 is outside the set this project may redistribute; recorded and not fetched,filename_umat_f90,,,round2_size_partitioned_and_deck_first,,
epeec/qe-ompss,,GPL-2.0,permissive,License (SPDX GPL-2.0 via the GitHub licence API),,0,,,licence_incompatible,GPL-2.0 is outside the set this project may redistribute; recorded and not fetched,filename_umat_f90,,,round2_size_partitioned_and_deck_first,,
feffgroup/AI2NBSE,,,,no LICENSE file detected by the GitHub API,,0,,,licence_absent,"no licence is declared, so nothing may be redistributed from it; a repository without a LICENSE file is refused, not assumed permissive; recorded and not fetched",filename_umat_f90,,,round2_size_partitioned_and_deck_first,,
grrrizzzz/numerical_modeling,,,,no LICENSE file detected by the GitHub API,,0,,,licence_absent,"no licence is declared, so nothing may be redistributed from it; a repository without a LICENSE file is refused, not assumed permissive; recorded and not fetched",filename_umat_f,,,round2_size_partitioned_and_deck_first,,
hep-mirrors/xfitter,79d4c13da2164be6460392f506d20a05fd5fab9d,GPL-3.0-or-later,copyleft,LICENCE (SPDX GPL-3.0-or-later inferred from the licence text; GitHub's API reported no identifier for this file),src/minuit/reumat.F,2183,,,no_umat_entry,"Fortran, but it declares no SUBROUTINE UMAT",filename_umat_f,,,round2_size_partitioned_and_deck_first,,
hep-mirrors/xfitter,79d4c13da2164be6460392f506d20a05fd5fab9d,GPL-3.0-or-later,copyleft,LICENCE (SPDX GPL-3.0-or-later inferred from the licence text; GitHub's API reported no identifier for this file),reactions/BaseHVQMNR/hvqcrsx.f,156367,,,no_umat_entry,"Fortran, but it declares no SUBROUTINE UMAT",filename_umat_f,,,round2_size_partitioned_and_deck_first,,
hep-mirrors/xfitter,79d4c13da2164be6460392f506d20a05fd5fab9d,GPL-3.0-or-later,copyleft,LICENCE (SPDX GPL-3.0-or-later inferred from the licence text; GitHub's API reported no identifier for this file),reactions/CIJET/cijet.f,13691,,,no_umat_entry,"Fortran, but it declares no SUBROUTINE UMAT",filename_umat_f,,,round2_size_partitioned_and_deck_first,,
hep-mirrors/xfitter,79d4c13da2164be6460392f506d20a05fd5fab9d,GPL-3.0-or-later,copyleft,LICENCE (SPDX GPL-3.0-or-later inferred from the licence text; GitHub's API reported no identifier for this file),reactions/RT_DISNC/mstw2008.f,108817,,,no_umat_entry,"Fortran, but it declares no SUBROUTINE UMAT",filename_umat_f,,,round2_size_partitioned_and_deck_first,,
hep-mirrors/xfitter,79d4c13da2164be6460392f506d20a05fd5fab9d,GPL-3.0-or-later,copyleft,LICENCE (SPDX GPL-3.0-or-later inferred from the licence text; GitHub's API reported no identifier for this file),reactions/RT_DISNC/mstw2008_wrap.f,4697,,,no_umat_entry,"Fortran, but it declares no SUBROUTINE UMAT",filename_umat_f,,,round2_size_partitioned_and_deck_first,,
hep-mirrors/xfitter,79d4c13da2164be6460392f506d20a05fd5fab9d,GPL-3.0-or-later,copyleft,LICENCE (SPDX GPL-3.0-or-later inferred from the licence text; GitHub's API reported no identifier for this file),src/ABM/WGPLG.f,14304,,,no_umat_entry,"Fortran, but it declares no SUBROUTINE UMAT",filename_umat_f,,,round2_size_partitioned_and_deck_first,,
hep-mirrors/xfitter,79d4c13da2164be6460392f506d20a05fd5fab9d,GPL-3.0-or-later,copyleft,LICENCE (SPDX GPL-3.0-or-later inferred from the licence text; GitHub's API reported no identifier for this file),src/ABM/alphasvfn.f,8527,,,no_umat_entry,"Fortran, but it declares no SUBROUTINE UMAT",filename_umat_f,,,round2_size_partitioned_and_deck_first,,
hep-mirrors/xfitter,79d4c13da2164be6460392f506d20a05fd5fab9d,GPL-3.0-or-later,copyleft,LICENCE (SPDX GPL-3.0-or-later inferred from the licence text; GitHub's API reported no identifier for this file),src/ABM/asy-hpcc.f,55280,,,no_umat_entry,"Fortran, but it declares no SUBROUTINE UMAT",filename_umat_f,,,round2_size_partitioned_and_deck_first,,
hep-mirrors/xfitter,79d4c13da2164be6460392f506d20a05fd5fab9d,GPL-3.0-or-later,copyleft,LICENCE (SPDX GPL-3.0-or-later inferred from the licence text; GitHub's API reported no identifier for this file),src/ABM/asympcoef.f,7510,,,no_umat_entry,"Fortran, but it declares no SUBROUTINE UMAT",filename_umat_f,,,round2_size_partitioned_and_deck_first,,
hep-mirrors/xfitter,79d4c13da2164be6460392f506d20a05fd5fab9d,GPL-3.0-or-later,copyleft,LICENCE (SPDX GPL-3.0-or-later inferred from the licence text; GitHub's API reported no identifier for this file),src/ABM/dishq.f,22944,,,no_umat_entry,"Fortran, but it declares no SUBROUTINE UMAT",filename_umat_f,,,round2_size_partitioned_and_deck_first,,
hep-mirrors/xfitter,79d4c13da2164be6460392f506d20a05fd5fab9d,GPL-3.0-or-later,copyleft,LICENCE (SPDX GPL-3.0-or-later inferred from the licence text; GitHub's API reported no identifier for this file),src/ABM/dislt.f,10105,,,no_umat_entry,"Fortran, but it declares no SUBROUTINE UMAT",filename_umat_f,,,round2_size_partitioned_and_deck_first,,
hep-mirrors/xfitter,79d4c13da2164be6460392f506d20a05fd5fab9d,GPL-3.0-or-later,copyleft,LICENCE (SPDX GPL-3.0-or-later inferred from the licence text; GitHub's API reported no identifier for this file),src/ABM/disqpm.f,10041,,,no_umat_entry,"Fortran, but it declares no SUBROUTINE UMAT",filename_umat_f,,,round2_size_partitioned_and_deck_first,,
hep-mirrors/xfitter,79d4c13da2164be6460392f506d20a05fd5fab9d,GPL-3.0-or-later,copyleft,LICENCE (SPDX GPL-3.0-or-later inferred from the licence text; GitHub's API reported no identifier for this file),src/ABM/f2ccbmsn.f,9744,,,no_umat_entry,"Fortran, but it declares no SUBROUTINE UMAT",filename_umat_f,,,round2_size_partitioned_and_deck_first,,
hep-mirrors/xfitter,79d4c13da2164be6460392f506d20a05fd5fab9d,GPL-3.0-or-later,copyleft,LICENCE (SPDX GPL-3.0-or-later inferred from the licence text; GitHub's API reported no identifier for this file),src/ABM/gauss.f,2962,,,no_umat_entry,"Fortran, but it declares no SUBROUTINE UMAT",filename_umat_f,,,round2_size_partitioned_and_deck_first,,
hep-mirrors/xfitter,79d4c13da2164be6460392f506d20a05fd5fab9d,GPL-3.0-or-later,copyleft,LICENCE (SPDX GPL-3.0-or-later inferred from the licence text; GitHub's API reported no identifier for this file),src/ABM/grid.F,12793,,,no_umat_entry,"Fortran, but it declares no SUBROUTINE UMAT",filename_umat_f,,,round2_size_partitioned_and_deck_first,,
hep-mirrors/xfitter,79d4c13da2164be6460392f506d20a05fd5fab9d,GPL-3.0-or-later,copyleft,LICENCE (SPDX GPL-3.0-or-later inferred from the licence text; GitHub's API reported no identifier for this file),src/ABM/hplog.f,131732,,,no_umat_entry,"Fortran, but it declares no SUBROUTINE UMAT",filename_umat_f,,,round2_size_partitioned_and_deck_first,,
hep-mirrors/xfitter,79d4c13da2164be6460392f506d20a05fd5fab9d,GPL-3.0-or-later,copyleft,LICENCE (SPDX GPL-3.0-or-later inferred from the licence text; GitHub's API reported no identifier for this file),src/ABM/hqcoef.f,738604,,,no_umat_entry,"Fortran, but it declares no SUBROUTINE UMAT",filename_umat_f,,,round2_size_partitioned_and_deck_first,,
hep-mirrors/xfitter,79d4c13da2164be6460392f506d20a05fd5fab9d,GPL-3.0-or-later,copyleft,LICENCE (SPDX GPL-3.0-or-later inferred from the licence text; GitHub's API reported no identifier for this file),src/ABM/hqnnlocoef.f,1215072,,,no_umat_entry,"Fortran, but it declares no SUBROUTINE UMAT",filename_umat_f,,,round2_size_partitioned_and_deck_first,,
hep-mirrors/xfitter,79d4c13da2164be6460392f506d20a05fd5fab9d,GPL-3.0-or-later,copyleft,LICENCE (SPDX GPL-3.0-or-later inferred from the licence text; GitHub's API reported no identifier for this file),src/ABM/initgridconst.F,6250,,,no_umat_entry,"Fortran, but it declares no SUBROUTINE UMAT",filename_umat_f,,,round2_size_partitioned_and_deck_first,,
hep-mirrors/xfitter,79d4c13da2164be6460392f506d20a05fd5fab9d,GPL-3.0-or-later,copyleft,LICENCE (SPDX GPL-3.0-or-later inferred from the licence text; GitHub's API reported no identifier for this file),src/ABM/lpcoef.f,21241,,,no_umat_entry,"Fortran, but it declares no SUBROUTINE UMAT",filename_umat_f,,,round2_size_partitioned_and_deck_first,,
hep-mirrors/xfitter,79d4c13da2164be6460392f506d20a05fd5fab9d,GPL-3.0-or-later,copyleft,LICENCE (SPDX GPL-3.0-or-later inferred from the licence text; GitHub's API reported no identifier for this file),src/ABM/ome.f,13125,,,no_umat_entry,"Fortran, but it declares no SUBROUTINE UMAT",filename_umat_f,,,round2_size_partitioned_and_deck_first,,
hep-mirrors/xfitter,79d4c13da2164be6460392f506d20a05fd5fab9d,GPL-3.0-or-later,copyleft,LICENCE (SPDX GPL-3.0-or-later inferred from the licence text; GitHub's API reported no identifier for this file),src/ABM/s2nlo.f,196,,,no_umat_entry,"Fortran, but it declares no SUBROUTINE UMAT",filename_umat_f,,,round2_size_partitioned_and_deck_first,,
hep-mirrors/xfitter,79d4c13da2164be6460392f506d20a05fd5fab9d,GPL-3.0-or-later,copyleft,LICENCE (SPDX GPL-3.0-or-later inferred from the licence text; GitHub's API reported no identifier for this file),src/ABM/sf_abkm_wrap.f,8632,,,no_umat_entry,"Fortran, but it declares no SUBROUTINE UMAT",filename_umat_f,,,round2_size_partitioned_and_deck_first,,
hep-mirrors/xfitter,79d4c13da2164be6460392f506d20a05fd5fab9d,GPL-3.0-or-later,copyleft,LICENCE (SPDX GPL-3.0-or-later inferred from the licence text; GitHub's API reported no identifier for this file),src/ABM/spline.f,1734,,,no_umat_entry,"Fortran, but it declares no SUBROUTINE UMAT",filename_umat_f,,,round2_size_partitioned_and_deck_first,,
hep-mirrors/xfitter,79d4c13da2164be6460392f506d20a05fd5fab9d,GPL-3.0-or-later,copyleft,LICENCE (SPDX GPL-3.0-or-later inferred from the licence text; GitHub's API reported no identifier for this file),src/ABM/split.f,34322,,,no_umat_entry,"Fortran, but it declares no SUBROUTINE UMAT",filename_umat_f,,,round2_size_partitioned_and_deck_first,,
hep-mirrors/xfitter,79d4c13da2164be6460392f506d20a05fd5fab9d,GPL-3.0-or-later,copyleft,LICENCE (SPDX GPL-3.0-or-later inferred from the licence text; GitHub's API reported no identifier for this file),,0,,,not_examined,stopped after 25 files from this repository; 104 not read,filename_umat_f,,,round2_size_partitioned_and_deck_first,,
igorbray/ccc-gpu,,,,no LICENSE file detected by the GitHub API,,0,,,licence_absent,"no licence is declared, so nothing may be redistributed from it; a repository without a LICENSE file is refused, not assumed permissive; recorded and not fetched",size_>50000,,,round2_size_partitioned_and_deck_first,,
ipta/tempo2,967268bbf1ae047967da1384ce7938437cd64ca6,GPL-3.0,copyleft,COPYING (SPDX GPL-3.0 via the GitHub licence API),sofa/numat.for,5526,,,no_umat_entry,"Fortran, but it declares no SUBROUTINE UMAT",filename_umat_for,,,round2_size_partitioned_and_deck_first,,
ipta/tempo2,967268bbf1ae047967da1384ce7938437cd64ca6,GPL-3.0,copyleft,COPYING (SPDX GPL-3.0 via the GitHub licence API),sofa/a2af.for,6077,,,no_umat_entry,"Fortran, but it declares no SUBROUTINE UMAT",filename_umat_for,,,round2_size_partitioned_and_deck_first,,
ipta/tempo2,967268bbf1ae047967da1384ce7938437cd64ca6,GPL-3.0,copyleft,COPYING (SPDX GPL-3.0 via the GitHub licence API),sofa/a2tf.for,5957,,,no_umat_entry,"Fortran, but it declares no SUBROUTINE UMAT",filename_umat_for,,,round2_size_partitioned_and_deck_first,,
ipta/tempo2,967268bbf1ae047967da1384ce7938437cd64ca6,GPL-3.0,copyleft,COPYING (SPDX GPL-3.0 via the GitHub licence API),sofa/anp.for,4555,,,no_umat_entry,"Fortran, but it declares no SUBROUTINE UMAT",filename_umat_for,,,round2_size_partitioned_and_deck_first,,
ipta/tempo2,967268bbf1ae047967da1384ce7938437cd64ca6,GPL-3.0,copyleft,COPYING (SPDX GPL-3.0 via the GitHub licence API),sofa/anpm.for,4667,,,no_umat_entry,"Fortran, but it declares no SUBROUTINE UMAT",filename_umat_for,,,round2_size_partitioned_and_deck_first,,
ipta/tempo2,967268bbf1ae047967da1384ce7938437cd64ca6,GPL-3.0,copyleft,COPYING (SPDX GPL-3.0 via the GitHub licence API),sofa/bi00.for,6258,,,no_umat_entry,"Fortran, but it declares no SUBROUTINE UMAT",filename_umat_for,,,round2_size_partitioned_and_deck_first,,
ipta/tempo2,967268bbf1ae047967da1384ce7938437cd64ca6,GPL-3.0,copyleft,COPYING (SPDX GPL-3.0 via the GitHub licence API),sofa/bp00.for,8114,,,no_umat_entry,"Fortran, but it declares no SUBROUTINE UMAT",filename_umat_for,,,round2_size_partitioned_and_deck_first,,
ipta/tempo2,967268bbf1ae047967da1384ce7938437cd64ca6,GPL-3.0,copyleft,COPYING (SPDX GPL-3.0 via the GitHub licence API),sofa/bpn2xy.for,5125,,,no_umat_entry,"Fortran, but it declares no SUBROUTINE UMAT",filename_umat_for,,,round2_size_partitioned_and_deck_first,,
ipta/tempo2,967268bbf1ae047967da1384ce7938437cd64ca6,GPL-3.0,copyleft,COPYING (SPDX GPL-3.0 via the GitHub licence API),sofa/c2i00a.for,6694,,,no_umat_entry,"Fortran, but it declares no SUBROUTINE UMAT",filename_umat_for,,,round2_size_partitioned_and_deck_first,,
ipta/tempo2,967268bbf1ae047967da1384ce7938437cd64ca6,GPL-3.0,copyleft,COPYING (SPDX GPL-3.0 via the GitHub licence API),sofa/c2i00b.for,6680,,,no_umat_entry,"Fortran, but it declares no SUBROUTINE UMAT",filename_umat_for,,,round2_size_partitioned_and_deck_first,,
ipta/tempo2,967268bbf1ae047967da1384ce7938437cd64ca6,GPL-3.0,copyleft,COPYING (SPDX GPL-3.0 via the GitHub licence API),sofa/c2ibpn.for,6612,,,no_umat_entry,"Fortran, but it declares no SUBROUTINE UMAT",filename_umat_for,,,round2_size_partitioned_and_deck_first,,
ipta/tempo2,967268bbf1ae047967da1384ce7938437cd64ca6,GPL-3.0,copyleft,COPYING (SPDX GPL-3.0 via the GitHub licence API),sofa/c2ixy.for,6413,,,no_umat_entry,"Fortran, but it declares no SUBROUTINE UMAT",filename_umat_for,,,round2_size_partitioned_and_deck_first,,
ipta/tempo2,967268bbf1ae047967da1384ce7938437cd64ca6,GPL-3.0,copyleft,COPYING (SPDX GPL-3.0 via the GitHub licence API),sofa/c2ixys.for,5856,,,no_umat_entry,"Fortran, but it declares no SUBROUTINE UMAT",filename_umat_for,,,round2_size_partitioned_and_deck_first,,
ipta/tempo2,967268bbf1ae047967da1384ce7938437cd64ca6,GPL-3.0,copyleft,COPYING (SPDX GPL-3.0 via the GitHub licence API),sofa/c2s.for,4911,,,no_umat_entry,"Fortran, but it declares no SUBROUTINE UMAT",filename_umat_for,,,round2_size_partitioned_and_deck_first,,
ipta/tempo2,967268bbf1ae047967da1384ce7938437cd64ca6,GPL-3.0,copyleft,COPYING (SPDX GPL-3.0 via the GitHub licence API),sofa/c2t00a.for,7730,,,no_umat_entry,"Fortran, but it declares no SUBROUTINE UMAT",filename_umat_for,,,round2_size_partitioned_and_deck_first,,
ipta/tempo2,967268bbf1ae047967da1384ce7938437cd64ca6,GPL-3.0,copyleft,COPYING (SPDX GPL-3.0 via the GitHub licence API),sofa/c2t00b.for,7579,,,no_umat_entry,"Fortran, but it declares no SUBROUTINE UMAT",filename_umat_for,,,round2_size_partitioned_and_deck_first,,
ipta/tempo2,967268bbf1ae047967da1384ce7938437cd64ca6,GPL-3.0,copyleft,COPYING (SPDX GPL-3.0 via the GitHub licence API),sofa/c2tceo.for,6020,,,no_umat_entry,"Fortran, but it declares no SUBROUTINE UMAT",filename_umat_for,,,round2_size_partitioned_and_deck_first,,
ipta/tempo2,967268bbf1ae047967da1384ce7938437cd64ca6,GPL-3.0,copyleft,COPYING (SPDX GPL-3.0 via the GitHub licence API),sofa/c2teqx.for,6060,,,no_umat_entry,"Fortran, but it declares no SUBROUTINE UMAT",filename_umat_for,,,round2_size_partitioned_and_deck_first,,
ipta/tempo2,967268bbf1ae047967da1384ce7938437cd64ca6,GPL-3.0,copyleft,COPYING (SPDX GPL-3.0 via the GitHub licence API),sofa/c2tpe.for,8279,,,no_umat_entry,"Fortran, but it declares no SUBROUTINE UMAT",filename_umat_for,,,round2_size_partitioned_and_deck_first,,
ipta/tempo2,967268bbf1ae047967da1384ce7938437cd64ca6,GPL-3.0,copyleft,COPYING (SPDX GPL-3.0 via the GitHub licence API),sofa/c2txy.for,7684,,,no_umat_entry,"Fortran, but it declares no SUBROUTINE UMAT",filename_umat_for,,,round2_size_partitioned_and_deck_first,,
ipta/tempo2,967268bbf1ae047967da1384ce7938437cd64ca6,GPL-3.0,copyleft,COPYING (SPDX GPL-3.0 via the GitHub licence API),sofa/cal2jd.for,6623,,,no_umat_entry,"Fortran, but it declares no SUBROUTINE UMAT",filename_umat_for,,,round2_size_partitioned_and_deck_first,,
ipta/tempo2,967268bbf1ae047967da1384ce7938437cd64ca6,GPL-3.0,copyleft,COPYING (SPDX GPL-3.0 via the GitHub licence API),sofa/cp.for,4380,,,no_umat_entry,"Fortran, but it declares no SUBROUTINE UMAT",filename_umat_for,,,round2_size_partitioned_and_deck_first,,
ipta/tempo2,967268bbf1ae047967da1384ce7938437cd64ca6,GPL-3.0,copyleft,COPYING (SPDX GPL-3.0 via the GitHub licence API),sofa/cpv.for,4479,,,no_umat_entry,"Fortran, but it declares no SUBROUTINE UMAT",filename_umat_for,,,round2_size_partitioned_and_deck_first,,
ipta/tempo2,967268bbf1ae047967da1384ce7938437cd64ca6,GPL-3.0,copyleft,COPYING (SPDX GPL-3.0 via the GitHub licence API),sofa/cr.for,4452,,,no_umat_entry,"Fortran, but it declares no SUBROUTINE UMAT",filename_umat_for,,,round2_size_partitioned_and_deck_first,,
ipta/tempo2,967268bbf1ae047967da1384ce7938437cd64ca6,GPL-3.0,copyleft,COPYING (SPDX GPL-3.0 via the GitHub licence API),sofa/d2tf.for,6936,,,no_umat_entry,"Fortran, but it declares no SUBROUTINE UMAT",filename_umat_for,,,round2_size_partitioned_and_deck_first,,
ipta/tempo2,967268bbf1ae047967da1384ce7938437cd64ca6,GPL-3.0,copyleft,COPYING (SPDX GPL-3.0 via the GitHub licence API),,0,,,not_examined,stopped after 25 files from this repository; 96 not read,filename_umat_for,,,round2_size_partitioned_and_deck_first,,
jacobwilliams/IAU_SOFA,,,,no LICENSE file detected by the GitHub API,,0,,,licence_absent,"no licence is declared, so nothing may be redistributed from it; a repository without a LICENSE file is refused, not assumed permissive; recorded and not fetched",filename_umat_for,,,round2_size_partitioned_and_deck_first,,
josej9293/jose,,,,no LICENSE file detected by the GitHub API,,0,,,licence_absent,"no licence is declared, so nothing may be redistributed from it; a repository without a LICENSE file is refused, not assumed permissive; recorded and not fetched",filename_umat_f90,,,round2_size_partitioned_and_deck_first,,
kernsuite-debian/tempo2,e51861c55ca52633e8fe485d85048829a2142c22,GPL-3.0,copyleft,COPYING (SPDX GPL-3.0 via the GitHub licence API),sofa/numat.for,5526,,,no_umat_entry,"Fortran, but it declares no SUBROUTINE UMAT",filename_umat_for,,,round2_size_partitioned_and_deck_first,,
kernsuite-debian/tempo2,e51861c55ca52633e8fe485d85048829a2142c22,GPL-3.0,copyleft,COPYING (SPDX GPL-3.0 via the GitHub licence API),sofa/a2af.for,6077,,,no_umat_entry,"Fortran, but it declares no SUBROUTINE UMAT",filename_umat_for,,,round2_size_partitioned_and_deck_first,,
kernsuite-debian/tempo2,e51861c55ca52633e8fe485d85048829a2142c22,GPL-3.0,copyleft,COPYING (SPDX GPL-3.0 via the GitHub licence API),sofa/a2tf.for,5957,,,no_umat_entry,"Fortran, but it declares no SUBROUTINE UMAT",filename_umat_for,,,round2_size_partitioned_and_deck_first,,
kernsuite-debian/tempo2,e51861c55ca52633e8fe485d85048829a2142c22,GPL-3.0,copyleft,COPYING (SPDX GPL-3.0 via the GitHub licence API),sofa/anp.for,4555,,,no_umat_entry,"Fortran, but it declares no SUBROUTINE UMAT",filename_umat_for,,,round2_size_partitioned_and_deck_first,,
kernsuite-debian/tempo2,e51861c55ca52633e8fe485d85048829a2142c22,GPL-3.0,copyleft,COPYING (SPDX GPL-3.0 via the GitHub licence API),sofa/anpm.for,4667,,,no_umat_entry,"Fortran, but it declares no SUBROUTINE UMAT",filename_umat_for,,,round2_size_partitioned_and_deck_first,,
kernsuite-debian/tempo2,e51861c55ca52633e8fe485d85048829a2142c22,GPL-3.0,copyleft,COPYING (SPDX GPL-3.0 via the GitHub licence API),sofa/bi00.for,6258,,,no_umat_entry,"Fortran, but it declares no SUBROUTINE UMAT",filename_umat_for,,,round2_size_partitioned_and_deck_first,,
kernsuite-debian/tempo2,e51861c55ca52633e8fe485d85048829a2142c22,GPL-3.0,copyleft,COPYING (SPDX GPL-3.0 via the GitHub licence API),sofa/bp00.for,8114,,,no_umat_entry,"Fortran, but it declares no SUBROUTINE UMAT",filename_umat_for,,,round2_size_partitioned_and_deck_first,,
kernsuite-debian/tempo2,e51861c55ca52633e8fe485d85048829a2142c22,GPL-3.0,copyleft,COPYING (SPDX GPL-3.0 via the GitHub licence API),sofa/bpn2xy.for,5125,,,no_umat_entry,"Fortran, but it declares no SUBROUTINE UMAT",filename_umat_for,,,round2_size_partitioned_and_deck_first,,
kernsuite-debian/tempo2,e51861c55ca52633e8fe485d85048829a2142c22,GPL-3.0,copyleft,COPYING (SPDX GPL-3.0 via the GitHub licence API),sofa/c2i00a.for,6694,,,no_umat_entry,"Fortran, but it declares no SUBROUTINE UMAT",filename_umat_for,,,round2_size_partitioned_and_deck_first,,
kernsuite-debian/tempo2,e51861c55ca52633e8fe485d85048829a2142c22,GPL-3.0,copyleft,COPYING (SPDX GPL-3.0 via the GitHub licence API),sofa/c2i00b.for,6680,,,no_umat_entry,"Fortran, but it declares no SUBROUTINE UMAT",filename_umat_for,,,round2_size_partitioned_and_deck_first,,
kernsuite-debian/tempo2,e51861c55ca52633e8fe485d85048829a2142c22,GPL-3.0,copyleft,COPYING (SPDX GPL-3.0 via the GitHub licence API),sofa/c2ibpn.for,6612,,,no_umat_entry,"Fortran, but it declares no SUBROUTINE UMAT",filename_umat_for,,,round2_size_partitioned_and_deck_first,,
kernsuite-debian/tempo2,e51861c55ca52633e8fe485d85048829a2142c22,GPL-3.0,copyleft,COPYING (SPDX GPL-3.0 via the GitHub licence API),sofa/c2ixy.for,6413,,,no_umat_entry,"Fortran, but it declares no SUBROUTINE UMAT",filename_umat_for,,,round2_size_partitioned_and_deck_first,,
kernsuite-debian/tempo2,e51861c55ca52633e8fe485d85048829a2142c22,GPL-3.0,copyleft,COPYING (SPDX GPL-3.0 via the GitHub licence API),sofa/c2ixys.for,5856,,,no_umat_entry,"Fortran, but it declares no SUBROUTINE UMAT",filename_umat_for,,,round2_size_partitioned_and_deck_first,,
kernsuite-debian/tempo2,e51861c55ca52633e8fe485d85048829a2142c22,GPL-3.0,copyleft,COPYING (SPDX GPL-3.0 via the GitHub licence API),sofa/c2s.for,4911,,,no_umat_entry,"Fortran, but it declares no SUBROUTINE UMAT",filename_umat_for,,,round2_size_partitioned_and_deck_first,,
kernsuite-debian/tempo2,e51861c55ca52633e8fe485d85048829a2142c22,GPL-3.0,copyleft,COPYING (SPDX GPL-3.0 via the GitHub licence API),sofa/c2t00a.for,7730,,,no_umat_entry,"Fortran, but it declares no SUBROUTINE UMAT",filename_umat_for,,,round2_size_partitioned_and_deck_first,,
kernsuite-debian/tempo2,e51861c55ca52633e8fe485d85048829a2142c22,GPL-3.0,copyleft,COPYING (SPDX GPL-3.0 via the GitHub licence API),sofa/c2t00b.for,7579,,,no_umat_entry,"Fortran, but it declares no SUBROUTINE UMAT",filename_umat_for,,,round2_size_partitioned_and_deck_first,,
kernsuite-debian/tempo2,e51861c55ca52633e8fe485d85048829a2142c22,GPL-3.0,copyleft,COPYING (SPDX GPL-3.0 via the GitHub licence API),sofa/c2tceo.for,6020,,,no_umat_entry,"Fortran, but it declares no SUBROUTINE UMAT",filename_umat_for,,,round2_size_partitioned_and_deck_first,,
kernsuite-debian/tempo2,e51861c55ca52633e8fe485d85048829a2142c22,GPL-3.0,copyleft,COPYING (SPDX GPL-3.0 via the GitHub licence API),sofa/c2teqx.for,6060,,,no_umat_entry,"Fortran, but it declares no SUBROUTINE UMAT",filename_umat_for,,,round2_size_partitioned_and_deck_first,,
kernsuite-debian/tempo2,e51861c55ca52633e8fe485d85048829a2142c22,GPL-3.0,copyleft,COPYING (SPDX GPL-3.0 via the GitHub licence API),sofa/c2tpe.for,8279,,,no_umat_entry,"Fortran, but it declares no SUBROUTINE UMAT",filename_umat_for,,,round2_size_partitioned_and_deck_first,,
kernsuite-debian/tempo2,e51861c55ca52633e8fe485d85048829a2142c22,GPL-3.0,copyleft,COPYING (SPDX GPL-3.0 via the GitHub licence API),sofa/c2txy.for,7684,,,no_umat_entry,"Fortran, but it declares no SUBROUTINE UMAT",filename_umat_for,,,round2_size_partitioned_and_deck_first,,
kernsuite-debian/tempo2,e51861c55ca52633e8fe485d85048829a2142c22,GPL-3.0,copyleft,COPYING (SPDX GPL-3.0 via the GitHub licence API),sofa/cal2jd.for,6623,,,no_umat_entry,"Fortran, but it declares no SUBROUTINE UMAT",filename_umat_for,,,round2_size_partitioned_and_deck_first,,
kernsuite-debian/tempo2,e51861c55ca52633e8fe485d85048829a2142c22,GPL-3.0,copyleft,COPYING (SPDX GPL-3.0 via the GitHub licence API),sofa/cp.for,4380,,,no_umat_entry,"Fortran, but it declares no SUBROUTINE UMAT",filename_umat_for,,,round2_size_partitioned_and_deck_first,,
kernsuite-debian/tempo2,e51861c55ca52633e8fe485d85048829a2142c22,GPL-3.0,copyleft,COPYING (SPDX GPL-3.0 via the GitHub licence API),sofa/cpv.for,4479,,,no_umat_entry,"Fortran, but it declares no SUBROUTINE UMAT",filename_umat_for,,,round2_size_partitioned_and_deck_first,,
kernsuite-debian/tempo2,e51861c55ca52633e8fe485d85048829a2142c22,GPL-3.0,copyleft,COPYING (SPDX GPL-3.0 via the GitHub licence API),sofa/cr.for,4452,,,no_umat_entry,"Fortran, but it declares no SUBROUTINE UMAT",filename_umat_for,,,round2_size_partitioned_and_deck_first,,
kernsuite-debian/tempo2,e51861c55ca52633e8fe485d85048829a2142c22,GPL-3.0,copyleft,COPYING (SPDX GPL-3.0 via the GitHub licence API),sofa/d2tf.for,6936,,,no_umat_entry,"Fortran, but it declares no SUBROUTINE UMAT",filename_umat_for,,,round2_size_partitioned_and_deck_first,,
kernsuite-debian/tempo2,e51861c55ca52633e8fe485d85048829a2142c22,GPL-3.0,copyleft,COPYING (SPDX GPL-3.0 via the GitHub licence API),,0,,,not_examined,stopped after 25 files from this repository; 96 not read,filename_umat_for,,,round2_size_partitioned_and_deck_first,,
khaibrakhmanov/diffor,5a31e3a26844f9282609c96b4900b465e03aa586,MIT,permissive,LICENSE (SPDX MIT via the GitHub licence API),src/common/umath.f90,804,,,no_umat_entry,"Fortran, but it declares no SUBROUTINE UMAT",filename_umat_f90,,,round2_size_partitioned_and_deck_first,,
khaibrakhmanov/diffor,5a31e3a26844f9282609c96b4900b465e03aa586,MIT,permissive,LICENSE (SPDX MIT via the GitHub licence API),src/1d/grid.f90,2914,,,no_umat_entry,"Fortran, but it declares no SUBROUTINE UMAT",filename_umat_f90,,,round2_size_partitioned_and_deck_first,,
khaibrakhmanov/diffor,5a31e3a26844f9282609c96b4900b465e03aa586,MIT,permissive,LICENSE (SPDX MIT via the GitHub licence API),src/1d/model1d.f90,9277,,,no_umat_entry,"Fortran, but it declares no SUBROUTINE UMAT",filename_umat_f90,,,round2_size_partitioned_and_deck_first,,
khaibrakhmanov/diffor,5a31e3a26844f9282609c96b4900b465e03aa586,MIT,permissive,LICENSE (SPDX MIT via the GitHub licence API),src/1d/parse1d.f90,1203,,,no_umat_entry,"Fortran, but it declares no SUBROUTINE UMAT",filename_umat_f90,,,round2_size_partitioned_and_deck_first,,
khaibrakhmanov/diffor,5a31e3a26844f9282609c96b4900b465e03aa586,MIT,permissive,LICENSE (SPDX MIT via the GitHub licence API),src/2d/grid2d.f90,6706,,,no_umat_entry,"Fortran, but it declares no SUBROUTINE UMAT",filename_umat_f90,,,round2_size_partitioned_and_deck_first,,
khaibrakhmanov/diffor,5a31e3a26844f9282609c96b4900b465e03aa586,MIT,permissive,LICENSE (SPDX MIT via the GitHub licence API),src/2d/model2d.f90,22926,,,no_umat_entry,"Fortran, but it declares no SUBROUTINE UMAT",filename_umat_f90,,,round2_size_partitioned_and_deck_first,,
khaibrakhmanov/diffor,5a31e3a26844f9282609c96b4900b465e03aa586,MIT,permissive,LICENSE (SPDX MIT via the GitHub licence API),src/common/udef.f90,519,,,no_umat_entry,"Fortran, but it declares no SUBROUTINE UMAT",filename_umat_f90,,,round2_size_partitioned_and_deck_first,,
khaibrakhmanov/diffor,5a31e3a26844f9282609c96b4900b465e03aa586,MIT,permissive,LICENSE (SPDX MIT via the GitHub licence API),src/common/uinit.f90,1262,,,no_umat_entry,"Fortran, but it declares no SUBROUTINE UMAT",filename_umat_f90,,,round2_size_partitioned_and_deck_first,,
khaibrakhmanov/diffor,5a31e3a26844f9282609c96b4900b465e03aa586,MIT,permissive,LICENSE (SPDX MIT via the GitHub licence API),src/common/uparser.f90,5794,,,no_umat_entry,"Fortran, but it declares no SUBROUTINE UMAT",filename_umat_f90,,,round2_size_partitioned_and_deck_first,,
khaibrakhmanov/diffor,5a31e3a26844f9282609c96b4900b465e03aa586,MIT,permissive,LICENSE (SPDX MIT via the GitHub licence API),src/common/uprint.f90,2565,,,no_umat_entry,"Fortran, but it declares no SUBROUTINE UMAT",filename_umat_f90,,,round2_size_partitioned_and_deck_first,,
khaibrakhmanov/diffor,5a31e3a26844f9282609c96b4900b465e03aa586,MIT,permissive,LICENSE (SPDX MIT via the GitHub licence API),src/common/utypes.f90,2524,,,no_umat_entry,"Fortran, but it declares no SUBROUTINE UMAT",filename_umat_f90,,,round2_size_partitioned_and_deck_first,,
khaibrakhmanov/diffor,5a31e3a26844f9282609c96b4900b465e03aa586,MIT,permissive,LICENSE (SPDX MIT via the GitHub licence API),src/const.f90,1867,,,no_umat_entry,"Fortran, but it declares no SUBROUTINE UMAT",filename_umat_f90,,,round2_size_partitioned_and_deck_first,,
khaibrakhmanov/diffor,5a31e3a26844f9282609c96b4900b465e03aa586,MIT,permissive,LICENSE (SPDX MIT via the GitHub licence API),src/mparam.f90,603,,,no_umat_entry,"Fortran, but it declares no SUBROUTINE UMAT",filename_umat_f90,,,round2_size_partitioned_and_deck_first,,
khaibrakhmanov/diffor,5a31e3a26844f9282609c96b4900b465e03aa586,MIT,permissive,LICENSE (SPDX MIT via the GitHub licence API),src/solvers/psolver.f90,16543,,,no_umat_entry,"Fortran, but it declares no SUBROUTINE UMAT",filename_umat_f90,,,round2_size_partitioned_and_deck_first,,
khaibrakhmanov/diffor,5a31e3a26844f9282609c96b4900b465e03aa586,MIT,permissive,LICENSE (SPDX MIT via the GitHub licence API),src/solvers/tdsolver.f90,5244,,,no_umat_entry,"Fortran, but it declares no SUBROUTINE UMAT",filename_umat_f90,,,round2_size_partitioned_and_deck_first,,
khaibrakhmanov/diffor,5a31e3a26844f9282609c96b4900b465e03aa586,MIT,permissive,LICENSE (SPDX MIT via the GitHub licence API),src/src_debug/ddef.f90,29,,,no_umat_entry,"Fortran, but it declares no SUBROUTINE UMAT",filename_umat_f90,,,round2_size_partitioned_and_deck_first,,
khaibrakhmanov/diffor,5a31e3a26844f9282609c96b4900b465e03aa586,MIT,permissive,LICENSE (SPDX MIT via the GitHub licence API),src/tests/t_cyl.f90,3937,,,no_umat_entry,"Fortran, but it declares no SUBROUTINE UMAT",filename_umat_f90,,,round2_size_partitioned_and_deck_first,,
khaibrakhmanov/diffor,5a31e3a26844f9282609c96b4900b465e03aa586,MIT,permissive,LICENSE (SPDX MIT via the GitHub licence API),src/tests/t_wave.f90,10119,,,no_umat_entry,"Fortran, but it declares no SUBROUTINE UMAT",filename_umat_f90,,,round2_size_partitioned_and_deck_first,,
lanl/Fierro,1054ed893115f95335ff642987631c9a5e128472,BSD-3-Clause,permissive,LICENSE (SPDX BSD-3-Clause via the GitHub licence API),legacy/Fierro_V0/src/Parallel-Solvers/Material-Models/strength/VUMAT/vumat.f90,1494,,,no_umat_entry,declares a VUMAT and no UMAT; the explicit interface is out of scope,filename_umat_f90,,,round2_size_partitioned_and_deck_first,,
lekah/pinball,,,,no LICENSE file detected by the GitHub API,,0,,,licence_absent,"no licence is declared, so nothing may be redistributed from it; a repository without a LICENSE file is refused, not assumed permissive; recorded and not fetched",filename_umat_f90,,,round2_size_partitioned_and_deck_first,,
lixiaoyaol/abaqus_tips,,,,no LICENSE file detected by the GitHub API,,0,,,licence_absent,"no licence is declared, so nothing may be redistributed from it; a repository without a LICENSE file is refused, not assumed permissive; recorded and not fetched",size_4000..8000,,,round2_size_partitioned_and_deck_first,,
lizt17/PFM,,,,no LICENSE file detected by the GitHub API,,0,,,licence_absent,"no licence is declared, so nothing may be redistributed from it; a repository without a LICENSE file is refused, not assumed permissive; recorded and not fetched",filename_umat_for,,,round2_size_partitioned_and_deck_first,,
lshzh-ww/qe-mod,,GPL-2.0,permissive,License (SPDX GPL-2.0 via the GitHub licence API),,0,,,licence_incompatible,GPL-2.0 is outside the set this project may redistribute; recorded and not fetched,filename_umat_f90,,,round2_size_partitioned_and_deck_first,,
lucaskotz/Fantomas4xFitter,a9648f7a3c14d12a37ba2e8c8b0cb420a42fb856,GPL-3.0-or-later,copyleft,LICENCE (SPDX GPL-3.0-or-later inferred from the licence text; GitHub's API reported no identifier for this file),src/minuit/reumat.F,2183,,,no_umat_entry,"Fortran, but it declares no SUBROUTINE UMAT",filename_umat_f,,,round2_size_partitioned_and_deck_first,,
lucaskotz/Fantomas4xFitter,a9648f7a3c14d12a37ba2e8c8b0cb420a42fb856,GPL-3.0-or-later,copyleft,LICENCE (SPDX GPL-3.0-or-later inferred from the licence text; GitHub's API reported no identifier for this file),reactions/BaseHVQMNR/hvqcrsx.f,156367,,,no_umat_entry,"Fortran, but it declares no SUBROUTINE UMAT",filename_umat_f,,,round2_size_partitioned_and_deck_first,,
lucaskotz/Fantomas4xFitter,a9648f7a3c14d12a37ba2e8c8b0cb420a42fb856,GPL-3.0-or-later,copyleft,LICENCE (SPDX GPL-3.0-or-later inferred from the licence text; GitHub's API reported no identifier for this file),reactions/CIJET/cijet.f,13691,,,no_umat_entry,"Fortran, but it declares no SUBROUTINE UMAT",filename_umat_f,,,round2_size_partitioned_and_deck_first,,
lucaskotz/Fantomas4xFitter,a9648f7a3c14d12a37ba2e8c8b0cb420a42fb856,GPL-3.0-or-later,copyleft,LICENCE (SPDX GPL-3.0-or-later inferred from the licence text; GitHub's API reported no identifier for this file),reactions/RT_DISNC/mstw2008.f,108817,,,no_umat_entry,"Fortran, but it declares no SUBROUTINE UMAT",filename_umat_f,,,round2_size_partitioned_and_deck_first,,
lucaskotz/Fantomas4xFitter,a9648f7a3c14d12a37ba2e8c8b0cb420a42fb856,GPL-3.0-or-later,copyleft,LICENCE (SPDX GPL-3.0-or-later inferred from the licence text; GitHub's API reported no identifier for this file),reactions/RT_DISNC/mstw2008_wrap.f,4697,,,no_umat_entry,"Fortran, but it declares no SUBROUTINE UMAT",filename_umat_f,,,round2_size_partitioned_and_deck_first,,
lucaskotz/Fantomas4xFitter,a9648f7a3c14d12a37ba2e8c8b0cb420a42fb856,GPL-3.0-or-later,copyleft,LICENCE (SPDX GPL-3.0-or-later inferred from the licence text; GitHub's API reported no identifier for this file),src/ABM/WGPLG.f,14304,,,no_umat_entry,"Fortran, but it declares no SUBROUTINE UMAT",filename_umat_f,,,round2_size_partitioned_and_deck_first,,
lucaskotz/Fantomas4xFitter,a9648f7a3c14d12a37ba2e8c8b0cb420a42fb856,GPL-3.0-or-later,copyleft,LICENCE (SPDX GPL-3.0-or-later inferred from the licence text; GitHub's API reported no identifier for this file),src/ABM/alphasvfn.f,8527,,,no_umat_entry,"Fortran, but it declares no SUBROUTINE UMAT",filename_umat_f,,,round2_size_partitioned_and_deck_first,,
lucaskotz/Fantomas4xFitter,a9648f7a3c14d12a37ba2e8c8b0cb420a42fb856,GPL-3.0-or-later,copyleft,LICENCE (SPDX GPL-3.0-or-later inferred from the licence text; GitHub's API reported no identifier for this file),src/ABM/asy-hpcc.f,55280,,,no_umat_entry,"Fortran, but it declares no SUBROUTINE UMAT",filename_umat_f,,,round2_size_partitioned_and_deck_first,,
lucaskotz/Fantomas4xFitter,a9648f7a3c14d12a37ba2e8c8b0cb420a42fb856,GPL-3.0-or-later,copyleft,LICENCE (SPDX GPL-3.0-or-later inferred from the licence text; GitHub's API reported no identifier for this file),src/ABM/asympcoef.f,7510,,,no_umat_entry,"Fortran, but it declares no SUBROUTINE UMAT",filename_umat_f,,,round2_size_partitioned_and_deck_first,,
lucaskotz/Fantomas4xFitter,a9648f7a3c14d12a37ba2e8c8b0cb420a42fb856,GPL-3.0-or-later,copyleft,LICENCE (SPDX GPL-3.0-or-later inferred from the licence text; GitHub's API reported no identifier for this file),src/ABM/dishq.f,22944,,,no_umat_entry,"Fortran, but it declares no SUBROUTINE UMAT",filename_umat_f,,,round2_size_partitioned_and_deck_first,,
lucaskotz/Fantomas4xFitter,a9648f7a3c14d12a37ba2e8c8b0cb420a42fb856,GPL-3.0-or-later,copyleft,LICENCE (SPDX GPL-3.0-or-later inferred from the licence text; GitHub's API reported no identifier for this file),src/ABM/dislt.f,10105,,,no_umat_entry,"Fortran, but it declares no SUBROUTINE UMAT",filename_umat_f,,,round2_size_partitioned_and_deck_first,,
lucaskotz/Fantomas4xFitter,a9648f7a3c14d12a37ba2e8c8b0cb420a42fb856,GPL-3.0-or-later,copyleft,LICENCE (SPDX GPL-3.0-or-later inferred from the licence text; GitHub's API reported no identifier for this file),src/ABM/disqpm.f,10041,,,no_umat_entry,"Fortran, but it declares no SUBROUTINE UMAT",filename_umat_f,,,round2_size_partitioned_and_deck_first,,
lucaskotz/Fantomas4xFitter,a9648f7a3c14d12a37ba2e8c8b0cb420a42fb856,GPL-3.0-or-later,copyleft,LICENCE (SPDX GPL-3.0-or-later inferred from the licence text; GitHub's API reported no identifier for this file),src/ABM/f2ccbmsn.f,9744,,,no_umat_entry,"Fortran, but it declares no SUBROUTINE UMAT",filename_umat_f,,,round2_size_partitioned_and_deck_first,,
lucaskotz/Fantomas4xFitter,a9648f7a3c14d12a37ba2e8c8b0cb420a42fb856,GPL-3.0-or-later,copyleft,LICENCE (SPDX GPL-3.0-or-later inferred from the licence text; GitHub's API reported no identifier for this file),src/ABM/gauss.f,2962,,,no_umat_entry,"Fortran, but it declares no SUBROUTINE UMAT",filename_umat_f,,,round2_size_partitioned_and_deck_first,,
lucaskotz/Fantomas4xFitter,a9648f7a3c14d12a37ba2e8c8b0cb420a42fb856,GPL-3.0-or-later,copyleft,LICENCE (SPDX GPL-3.0-or-later inferred from the licence text; GitHub's API reported no identifier for this file),src/ABM/grid.F,12793,,,no_umat_entry,"Fortran, but it declares no SUBROUTINE UMAT",filename_umat_f,,,round2_size_partitioned_and_deck_first,,
lucaskotz/Fantomas4xFitter,a9648f7a3c14d12a37ba2e8c8b0cb420a42fb856,GPL-3.0-or-later,copyleft,LICENCE (SPDX GPL-3.0-or-later inferred from the licence text; GitHub's API reported no identifier for this file),src/ABM/hplog.f,131732,,,no_umat_entry,"Fortran, but it declares no SUBROUTINE UMAT",filename_umat_f,,,round2_size_partitioned_and_deck_first,,
lucaskotz/Fantomas4xFitter,a9648f7a3c14d12a37ba2e8c8b0cb420a42fb856,GPL-3.0-or-later,copyleft,LICENCE (SPDX GPL-3.0-or-later inferred from the licence text; GitHub's API reported no identifier for this file),src/ABM/hqcoef.f,738604,,,no_umat_entry,"Fortran, but it declares no SUBROUTINE UMAT",filename_umat_f,,,round2_size_partitioned_and_deck_first,,
lucaskotz/Fantomas4xFitter,a9648f7a3c14d12a37ba2e8c8b0cb420a42fb856,GPL-3.0-or-later,copyleft,LICENCE (SPDX GPL-3.0-or-later inferred from the licence text; GitHub's API reported no identifier for this file),src/ABM/hqnnlocoef.f,1215072,,,no_umat_entry,"Fortran, but it declares no SUBROUTINE UMAT",filename_umat_f,,,round2_size_partitioned_and_deck_first,,
lucaskotz/Fantomas4xFitter,a9648f7a3c14d12a37ba2e8c8b0cb420a42fb856,GPL-3.0-or-later,copyleft,LICENCE (SPDX GPL-3.0-or-later inferred from the licence text; GitHub's API reported no identifier for this file),src/ABM/initgridconst.F,6250,,,no_umat_entry,"Fortran, but it declares no SUBROUTINE UMAT",filename_umat_f,,,round2_size_partitioned_and_deck_first,,
lucaskotz/Fantomas4xFitter,a9648f7a3c14d12a37ba2e8c8b0cb420a42fb856,GPL-3.0-or-later,copyleft,LICENCE (SPDX GPL-3.0-or-later inferred from the licence text; GitHub's API reported no identifier for this file),src/ABM/lpcoef.f,21241,,,no_umat_entry,"Fortran, but it declares no SUBROUTINE UMAT",filename_umat_f,,,round2_size_partitioned_and_deck_first,,
lucaskotz/Fantomas4xFitter,a9648f7a3c14d12a37ba2e8c8b0cb420a42fb856,GPL-3.0-or-later,copyleft,LICENCE (SPDX GPL-3.0-or-later inferred from the licence text; GitHub's API reported no identifier for this file),src/ABM/ome.f,13125,,,no_umat_entry,"Fortran, but it declares no SUBROUTINE UMAT",filename_umat_f,,,round2_size_partitioned_and_deck_first,,
lucaskotz/Fantomas4xFitter,a9648f7a3c14d12a37ba2e8c8b0cb420a42fb856,GPL-3.0-or-later,copyleft,LICENCE (SPDX GPL-3.0-or-later inferred from the licence text; GitHub's API reported no identifier for this file),src/ABM/s2nlo.f,196,,,no_umat_entry,"Fortran, but it declares no SUBROUTINE UMAT",filename_umat_f,,,round2_size_partitioned_and_deck_first,,
lucaskotz/Fantomas4xFitter,a9648f7a3c14d12a37ba2e8c8b0cb420a42fb856,GPL-3.0-or-later,copyleft,LICENCE (SPDX GPL-3.0-or-later inferred from the licence text; GitHub's API reported no identifier for this file),src/ABM/sf_abkm_wrap.f,8632,,,no_umat_entry,"Fortran, but it declares no SUBROUTINE UMAT",filename_umat_f,,,round2_size_partitioned_and_deck_first,,
lucaskotz/Fantomas4xFitter,a9648f7a3c14d12a37ba2e8c8b0cb420a42fb856,GPL-3.0-or-later,copyleft,LICENCE (SPDX GPL-3.0-or-later inferred from the licence text; GitHub's API reported no identifier for this file),src/ABM/spline.f,1734,,,no_umat_entry,"Fortran, but it declares no SUBROUTINE UMAT",filename_umat_f,,,round2_size_partitioned_and_deck_first,,
lucaskotz/Fantomas4xFitter,a9648f7a3c14d12a37ba2e8c8b0cb420a42fb856,GPL-3.0-or-later,copyleft,LICENCE (SPDX GPL-3.0-or-later inferred from the licence text; GitHub's API reported no identifier for this file),src/ABM/split.f,34322,,,no_umat_entry,"Fortran, but it declares no SUBROUTINE UMAT",filename_umat_f,,,round2_size_partitioned_and_deck_first,,
lucaskotz/Fantomas4xFitter,a9648f7a3c14d12a37ba2e8c8b0cb420a42fb856,GPL-3.0-or-later,copyleft,LICENCE (SPDX GPL-3.0-or-later inferred from the licence text; GitHub's API reported no identifier for this file),,0,,,not_examined,stopped after 25 files from this repository; 104 not read,filename_umat_f,,,round2_size_partitioned_and_deck_first,,
luxinzheng/B_R_Concrete_for_OpenSees,,,,no LICENSE file detected by the GitHub API,,0,,,licence_absent,"no licence is declared, so nothing may be redistributed from it; a repository without a LICENSE file is refused, not assumed permissive; recorded and not fetched",filename_umat_f90,,,round2_size_partitioned_and_deck_first,,
marcoscaa/qe-car_group_mirror,,GPL-2.0,permissive,License (SPDX GPL-2.0 via the GitHub licence API),,0,,,licence_incompatible,GPL-2.0 is outside the set this project may redistribute; recorded and not fetched,filename_umat_f90,,,round2_size_partitioned_and_deck_first,,
masanorihanada/3d_pure_YM_Wilson_action,,,,no LICENSE file detected by the GitHub API,,0,,,licence_absent,"no licence is declared, so nothing may be redistributed from it; a repository without a LICENSE file is refused, not assumed permissive; recorded and not fetched",filename_umat_f90,,,round2_size_partitioned_and_deck_first,,
mattpitkin/tempo2,d9cef3b02eea77a7b457713acb7aa806251c92e6,GPL-3.0,copyleft,COPYING (SPDX GPL-3.0 via the GitHub licence API),sofa/numat.for,5526,,,no_umat_entry,"Fortran, but it declares no SUBROUTINE UMAT",filename_umat_for,,,round2_size_partitioned_and_deck_first,,
mattpitkin/tempo2,d9cef3b02eea77a7b457713acb7aa806251c92e6,GPL-3.0,copyleft,COPYING (SPDX GPL-3.0 via the GitHub licence API),sofa/a2af.for,6077,,,no_umat_entry,"Fortran, but it declares no SUBROUTINE UMAT",filename_umat_for,,,round2_size_partitioned_and_deck_first,,
mattpitkin/tempo2,d9cef3b02eea77a7b457713acb7aa806251c92e6,GPL-3.0,copyleft,COPYING (SPDX GPL-3.0 via the GitHub licence API),sofa/a2tf.for,5957,,,no_umat_entry,"Fortran, but it declares no SUBROUTINE UMAT",filename_umat_for,,,round2_size_partitioned_and_deck_first,,
mattpitkin/tempo2,d9cef3b02eea77a7b457713acb7aa806251c92e6,GPL-3.0,copyleft,COPYING (SPDX GPL-3.0 via the GitHub licence API),sofa/anp.for,4555,,,no_umat_entry,"Fortran, but it declares no SUBROUTINE UMAT",filename_umat_for,,,round2_size_partitioned_and_deck_first,,
mattpitkin/tempo2,d9cef3b02eea77a7b457713acb7aa806251c92e6,GPL-3.0,copyleft,COPYING (SPDX GPL-3.0 via the GitHub licence API),sofa/anpm.for,4667,,,no_umat_entry,"Fortran, but it declares no SUBROUTINE UMAT",filename_umat_for,,,round2_size_partitioned_and_deck_first,,
mattpitkin/tempo2,d9cef3b02eea77a7b457713acb7aa806251c92e6,GPL-3.0,copyleft,COPYING (SPDX GPL-3.0 via the GitHub licence API),sofa/bi00.for,6258,,,no_umat_entry,"Fortran, but it declares no SUBROUTINE UMAT",filename_umat_for,,,round2_size_partitioned_and_deck_first,,
mattpitkin/tempo2,d9cef3b02eea77a7b457713acb7aa806251c92e6,GPL-3.0,copyleft,COPYING (SPDX GPL-3.0 via the GitHub licence API),sofa/bp00.for,8114,,,no_umat_entry,"Fortran, but it declares no SUBROUTINE UMAT",filename_umat_for,,,round2_size_partitioned_and_deck_first,,
mattpitkin/tempo2,d9cef3b02eea77a7b457713acb7aa806251c92e6,GPL-3.0,copyleft,COPYING (SPDX GPL-3.0 via the GitHub licence API),sofa/bpn2xy.for,5125,,,no_umat_entry,"Fortran, but it declares no SUBROUTINE UMAT",filename_umat_for,,,round2_size_partitioned_and_deck_first,,
mattpitkin/tempo2,d9cef3b02eea77a7b457713acb7aa806251c92e6,GPL-3.0,copyleft,COPYING (SPDX GPL-3.0 via the GitHub licence API),sofa/c2i00a.for,6694,,,no_umat_entry,"Fortran, but it declares no SUBROUTINE UMAT",filename_umat_for,,,round2_size_partitioned_and_deck_first,,
mattpitkin/tempo2,d9cef3b02eea77a7b457713acb7aa806251c92e6,GPL-3.0,copyleft,COPYING (SPDX GPL-3.0 via the GitHub licence API),sofa/c2i00b.for,6680,,,no_umat_entry,"Fortran, but it declares no SUBROUTINE UMAT",filename_umat_for,,,round2_size_partitioned_and_deck_first,,
mattpitkin/tempo2,d9cef3b02eea77a7b457713acb7aa806251c92e6,GPL-3.0,copyleft,COPYING (SPDX GPL-3.0 via the GitHub licence API),sofa/c2ibpn.for,6612,,,no_umat_entry,"Fortran, but it declares no SUBROUTINE UMAT",filename_umat_for,,,round2_size_partitioned_and_deck_first,,
mattpitkin/tempo2,d9cef3b02eea77a7b457713acb7aa806251c92e6,GPL-3.0,copyleft,COPYING (SPDX GPL-3.0 via the GitHub licence API),sofa/c2ixy.for,6413,,,no_umat_entry,"Fortran, but it declares no SUBROUTINE UMAT",filename_umat_for,,,round2_size_partitioned_and_deck_first,,
mattpitkin/tempo2,d9cef3b02eea77a7b457713acb7aa806251c92e6,GPL-3.0,copyleft,COPYING (SPDX GPL-3.0 via the GitHub licence API),sofa/c2ixys.for,5856,,,no_umat_entry,"Fortran, but it declares no SUBROUTINE UMAT",filename_umat_for,,,round2_size_partitioned_and_deck_first,,
mattpitkin/tempo2,d9cef3b02eea77a7b457713acb7aa806251c92e6,GPL-3.0,copyleft,COPYING (SPDX GPL-3.0 via the GitHub licence API),sofa/c2s.for,4911,,,no_umat_entry,"Fortran, but it declares no SUBROUTINE UMAT",filename_umat_for,,,round2_size_partitioned_and_deck_first,,
mattpitkin/tempo2,d9cef3b02eea77a7b457713acb7aa806251c92e6,GPL-3.0,copyleft,COPYING (SPDX GPL-3.0 via the GitHub licence API),sofa/c2t00a.for,7730,,,no_umat_entry,"Fortran, but it declares no SUBROUTINE UMAT",filename_umat_for,,,round2_size_partitioned_and_deck_first,,
mattpitkin/tempo2,d9cef3b02eea77a7b457713acb7aa806251c92e6,GPL-3.0,copyleft,COPYING (SPDX GPL-3.0 via the GitHub licence API),sofa/c2t00b.for,7579,,,no_umat_entry,"Fortran, but it declares no SUBROUTINE UMAT",filename_umat_for,,,round2_size_partitioned_and_deck_first,,
mattpitkin/tempo2,d9cef3b02eea77a7b457713acb7aa806251c92e6,GPL-3.0,copyleft,COPYING (SPDX GPL-3.0 via the GitHub licence API),sofa/c2tceo.for,6020,,,no_umat_entry,"Fortran, but it declares no SUBROUTINE UMAT",filename_umat_for,,,round2_size_partitioned_and_deck_first,,
mattpitkin/tempo2,d9cef3b02eea77a7b457713acb7aa806251c92e6,GPL-3.0,copyleft,COPYING (SPDX GPL-3.0 via the GitHub licence API),sofa/c2teqx.for,6060,,,no_umat_entry,"Fortran, but it declares no SUBROUTINE UMAT",filename_umat_for,,,round2_size_partitioned_and_deck_first,,
mattpitkin/tempo2,d9cef3b02eea77a7b457713acb7aa806251c92e6,GPL-3.0,copyleft,COPYING (SPDX GPL-3.0 via the GitHub licence API),sofa/c2tpe.for,8279,,,no_umat_entry,"Fortran, but it declares no SUBROUTINE UMAT",filename_umat_for,,,round2_size_partitioned_and_deck_first,,
mattpitkin/tempo2,d9cef3b02eea77a7b457713acb7aa806251c92e6,GPL-3.0,copyleft,COPYING (SPDX GPL-3.0 via the GitHub licence API),sofa/c2txy.for,7684,,,no_umat_entry,"Fortran, but it declares no SUBROUTINE UMAT",filename_umat_for,,,round2_size_partitioned_and_deck_first,,
mattpitkin/tempo2,d9cef3b02eea77a7b457713acb7aa806251c92e6,GPL-3.0,copyleft,COPYING (SPDX GPL-3.0 via the GitHub licence API),sofa/cal2jd.for,6623,,,no_umat_entry,"Fortran, but it declares no SUBROUTINE UMAT",filename_umat_for,,,round2_size_partitioned_and_deck_first,,
mattpitkin/tempo2,d9cef3b02eea77a7b457713acb7aa806251c92e6,GPL-3.0,copyleft,COPYING (SPDX GPL-3.0 via the GitHub licence API),sofa/cp.for,4380,,,no_umat_entry,"Fortran, but it declares no SUBROUTINE UMAT",filename_umat_for,,,round2_size_partitioned_and_deck_first,,
mattpitkin/tempo2,d9cef3b02eea77a7b457713acb7aa806251c92e6,GPL-3.0,copyleft,COPYING (SPDX GPL-3.0 via the GitHub licence API),sofa/cpv.for,4479,,,no_umat_entry,"Fortran, but it declares no SUBROUTINE UMAT",filename_umat_for,,,round2_size_partitioned_and_deck_first,,
mattpitkin/tempo2,d9cef3b02eea77a7b457713acb7aa806251c92e6,GPL-3.0,copyleft,COPYING (SPDX GPL-3.0 via the GitHub licence API),sofa/cr.for,4452,,,no_umat_entry,"Fortran, but it declares no SUBROUTINE UMAT",filename_umat_for,,,round2_size_partitioned_and_deck_first,,
mattpitkin/tempo2,d9cef3b02eea77a7b457713acb7aa806251c92e6,GPL-3.0,copyleft,COPYING (SPDX GPL-3.0 via the GitHub licence API),sofa/d2tf.for,6936,,,no_umat_entry,"Fortran, but it declares no SUBROUTINE UMAT",filename_umat_for,,,round2_size_partitioned_and_deck_first,,
mattpitkin/tempo2,d9cef3b02eea77a7b457713acb7aa806251c92e6,GPL-3.0,copyleft,COPYING (SPDX GPL-3.0 via the GitHub licence API),,0,,,not_examined,stopped after 25 files from this repository; 96 not read,filename_umat_for,,,round2_size_partitioned_and_deck_first,,
miicck/q-e,,GPL-2.0,permissive,License (SPDX GPL-2.0 via the GitHub licence API),,0,,,licence_incompatible,GPL-2.0 is outside the set this project may redistribute; recorded and not fetched,filename_umat_f90,,,round2_size_partitioned_and_deck_first,,
milksushi/QE_7.0_copy,,,,no LICENSE file detected by the GitHub API,,0,,,licence_absent,"no licence is declared, so nothing may be redistributed from it; a repository without a LICENSE file is refused, not assumed permissive; recorded and not fetched",filename_umat_f90,,,round2_size_partitioned_and_deck_first,,
mmdg-oxford/papers,891d3305a54d6797d55a40f2d6a88b438d1df11c,GPL-3.0,copyleft,LICENSE (SPDX GPL-3.0 via the GitHub licence API),Verdi-NCOMMS-2017/code/EPW/src/loadumat.f90,4153,,,no_umat_entry,"Fortran, but it declares no SUBROUTINE UMAT",filename_umat_f90,,,round2_size_partitioned_and_deck_first,,
mmdg-oxford/papers,891d3305a54d6797d55a40f2d6a88b438d1df11c,GPL-3.0,copyleft,LICENSE (SPDX GPL-3.0 via the GitHub licence API),Filip-NatCommun-2018/Input/Jdos-Optabs/epsilon_mod.f90,15137,,,no_umat_entry,"Fortran, but it declares no SUBROUTINE UMAT",filename_umat_f90,,,round2_size_partitioned_and_deck_first,,
mmdg-oxford/papers,891d3305a54d6797d55a40f2d6a88b438d1df11c,GPL-3.0,copyleft,LICENSE (SPDX GPL-3.0 via the GitHub licence API),Heil-PRL-2017/code/epw_4.0.0/readmat_shuffle2.f90,23018,,,no_umat_entry,"Fortran, but it declares no SUBROUTINE UMAT",filename_umat_f90,,,round2_size_partitioned_and_deck_first,,
mmdg-oxford/papers,891d3305a54d6797d55a40f2d6a88b438d1df11c,GPL-3.0,copyleft,LICENSE (SPDX GPL-3.0 via the GitHub licence API),Ponce-CPC-2016/GaN/ephwann_shuffle.f90,39053,,,no_umat_entry,"Fortran, but it declares no SUBROUTINE UMAT",filename_umat_f90,,,round2_size_partitioned_and_deck_first,,
mmdg-oxford/papers,891d3305a54d6797d55a40f2d6a88b438d1df11c,GPL-3.0,copyleft,LICENSE (SPDX GPL-3.0 via the GitHub licence API),Verdi-NCOMMS-2017/code/EPW/src/a2f.f90,9579,,,no_umat_entry,"Fortran, but it declares no SUBROUTINE UMAT",filename_umat_f90,,,round2_size_partitioned_and_deck_first,,
mmdg-oxford/papers,891d3305a54d6797d55a40f2d6a88b438d1df11c,GPL-3.0,copyleft,LICENSE (SPDX GPL-3.0 via the GitHub licence API),Verdi-NCOMMS-2017/code/EPW/src/allocate_epwq.f90,4954,,,no_umat_entry,"Fortran, but it declares no SUBROUTINE UMAT",filename_umat_f90,,,round2_size_partitioned_and_deck_first,,
mmdg-oxford/papers,891d3305a54d6797d55a40f2d6a88b438d1df11c,GPL-3.0,copyleft,LICENSE (SPDX GPL-3.0 via the GitHub licence API),Verdi-NCOMMS-2017/code/EPW/src/bcast_epw_input.f90,11296,,,no_umat_entry,"Fortran, but it declares no SUBROUTINE UMAT",filename_umat_f90,,,round2_size_partitioned_and_deck_first,,
mmdg-oxford/papers,891d3305a54d6797d55a40f2d6a88b438d1df11c,GPL-3.0,copyleft,LICENSE (SPDX GPL-3.0 via the GitHub licence API),Verdi-NCOMMS-2017/code/EPW/src/broyden.f90,18669,,,no_umat_entry,"Fortran, but it declares no SUBROUTINE UMAT",filename_umat_f90,,,round2_size_partitioned_and_deck_first,,
mmdg-oxford/papers,891d3305a54d6797d55a40f2d6a88b438d1df11c,GPL-3.0,copyleft,LICENSE (SPDX GPL-3.0 via the GitHub licence API),Verdi-NCOMMS-2017/code/EPW/src/close_epw.f90,1519,,,no_umat_entry,"Fortran, but it declares no SUBROUTINE UMAT",filename_umat_f90,,,round2_size_partitioned_and_deck_first,,
mmdg-oxford/papers,891d3305a54d6797d55a40f2d6a88b438d1df11c,GPL-3.0,copyleft,LICENSE (SPDX GPL-3.0 via the GitHub licence API),Verdi-NCOMMS-2017/code/EPW/src/constants_epw.f90,2788,,,no_umat_entry,"Fortran, but it declares no SUBROUTINE UMAT",filename_umat_f90,,,round2_size_partitioned_and_deck_first,,
mmdg-oxford/papers,891d3305a54d6797d55a40f2d6a88b438d1df11c,GPL-3.0,copyleft,LICENSE (SPDX GPL-3.0 via the GitHub licence API),Verdi-NCOMMS-2017/code/EPW/src/create_mesh.f90,16607,,,no_umat_entry,"Fortran, but it declares no SUBROUTINE UMAT",filename_umat_f90,,,round2_size_partitioned_and_deck_first,,
mmdg-oxford/papers,891d3305a54d6797d55a40f2d6a88b438d1df11c,GPL-3.0,copyleft,LICENSE (SPDX GPL-3.0 via the GitHub licence API),Verdi-NCOMMS-2017/code/EPW/src/createkmap.f90,25471,,,no_umat_entry,"Fortran, but it declares no SUBROUTINE UMAT",filename_umat_f90,,,round2_size_partitioned_and_deck_first,,
mmdg-oxford/papers,891d3305a54d6797d55a40f2d6a88b438d1df11c,GPL-3.0,copyleft,LICENSE (SPDX GPL-3.0 via the GitHub licence API),Verdi-NCOMMS-2017/code/EPW/src/deallocate_eliashberg.f90,6190,,,no_umat_entry,"Fortran, but it declares no SUBROUTINE UMAT",filename_umat_f90,,,round2_size_partitioned_and_deck_first,,
mmdg-oxford/papers,891d3305a54d6797d55a40f2d6a88b438d1df11c,GPL-3.0,copyleft,LICENSE (SPDX GPL-3.0 via the GitHub licence API),Verdi-NCOMMS-2017/code/EPW/src/deallocate_epw.f90,6092,,,no_umat_entry,"Fortran, but it declares no SUBROUTINE UMAT",filename_umat_f90,,,round2_size_partitioned_and_deck_first,,
mmdg-oxford/papers,891d3305a54d6797d55a40f2d6a88b438d1df11c,GPL-3.0,copyleft,LICENSE (SPDX GPL-3.0 via the GitHub licence API),Verdi-NCOMMS-2017/code/EPW/src/distribution.f90,2054,,,no_umat_entry,"Fortran, but it declares no SUBROUTINE UMAT",filename_umat_f90,,,round2_size_partitioned_and_deck_first,,
mmdg-oxford/papers,891d3305a54d6797d55a40f2d6a88b438d1df11c,GPL-3.0,copyleft,LICENSE (SPDX GPL-3.0 via the GitHub licence API),Verdi-NCOMMS-2017/code/EPW/src/dmebloch2wan.f90,5835,,,no_umat_entry,"Fortran, but it declares no SUBROUTINE UMAT",filename_umat_f90,,,round2_size_partitioned_and_deck_first,,
mmdg-oxford/papers,891d3305a54d6797d55a40f2d6a88b438d1df11c,GPL-3.0,copyleft,LICENSE (SPDX GPL-3.0 via the GitHub licence API),Verdi-NCOMMS-2017/code/EPW/src/dmewan2bloch.f90,3798,,,no_umat_entry,"Fortran, but it declares no SUBROUTINE UMAT",filename_umat_f90,,,round2_size_partitioned_and_deck_first,,
mmdg-oxford/papers,891d3305a54d6797d55a40f2d6a88b438d1df11c,GPL-3.0,copyleft,LICENSE (SPDX GPL-3.0 via the GitHub licence API),Verdi-NCOMMS-2017/code/EPW/src/dvanqq2.f90,10715,,,no_umat_entry,"Fortran, but it declares no SUBROUTINE UMAT",filename_umat_f90,,,round2_size_partitioned_and_deck_first,,
mmdg-oxford/papers,891d3305a54d6797d55a40f2d6a88b438d1df11c,GPL-3.0,copyleft,LICENSE (SPDX GPL-3.0 via the GitHub licence API),Verdi-NCOMMS-2017/code/EPW/src/dvqpsi_us3.f90,7097,,,no_umat_entry,"Fortran, but it declares no SUBROUTINE UMAT",filename_umat_f90,,,round2_size_partitioned_and_deck_first,,
mmdg-oxford/papers,891d3305a54d6797d55a40f2d6a88b438d1df11c,GPL-3.0,copyleft,LICENSE (SPDX GPL-3.0 via the GitHub licence API),Verdi-NCOMMS-2017/code/EPW/src/dvqpsi_us_only3.f90,10233,,,no_umat_entry,"Fortran, but it declares no SUBROUTINE UMAT",filename_umat_f90,,,round2_size_partitioned_and_deck_first,,
mmdg-oxford/papers,891d3305a54d6797d55a40f2d6a88b438d1df11c,GPL-3.0,copyleft,LICENSE (SPDX GPL-3.0 via the GitHub licence API),Verdi-NCOMMS-2017/code/EPW/src/dynbloch2wan.f90,4246,,,no_umat_entry,"Fortran, but it declares no SUBROUTINE UMAT",filename_umat_f90,,,round2_size_partitioned_and_deck_first,,
mmdg-oxford/papers,891d3305a54d6797d55a40f2d6a88b438d1df11c,GPL-3.0,copyleft,LICENSE (SPDX GPL-3.0 via the GitHub licence API),Verdi-NCOMMS-2017/code/EPW/src/dynwan2bloch.f90,5005,,,no_umat_entry,"Fortran, but it declares no SUBROUTINE UMAT",filename_umat_f90,,,round2_size_partitioned_and_deck_first,,
mmdg-oxford/papers,891d3305a54d6797d55a40f2d6a88b438d1df11c,GPL-3.0,copyleft,LICENSE (SPDX GPL-3.0 via the GitHub licence API),Verdi-NCOMMS-2017/code/EPW/src/eliashberg.f90,2733,,,no_umat_entry,"Fortran, but it declares no SUBROUTINE UMAT",filename_umat_f90,,,round2_size_partitioned_and_deck_first,,
mmdg-oxford/papers,891d3305a54d6797d55a40f2d6a88b438d1df11c,GPL-3.0,copyleft,LICENSE (SPDX GPL-3.0 via the GitHub licence API),Verdi-NCOMMS-2017/code/EPW/src/eliashberg_aniso_cont_raxis.f90,16345,,,no_umat_entry,"Fortran, but it declares no SUBROUTINE UMAT",filename_umat_f90,,,round2_size_partitioned_and_deck_first,,
mmdg-oxford/papers,891d3305a54d6797d55a40f2d6a88b438d1df11c,GPL-3.0,copyleft,LICENSE (SPDX GPL-3.0 via the GitHub licence API),Verdi-NCOMMS-2017/code/EPW/src/eliashberg_aniso_iaxis.f90,23612,,,no_umat_entry,"Fortran, but it declares no SUBROUTINE UMAT",filename_umat_f90,,,round2_size_partitioned_and_deck_first,,
mmdg-oxford/papers,891d3305a54d6797d55a40f2d6a88b438d1df11c,GPL-3.0,copyleft,LICENSE (SPDX GPL-3.0 via the GitHub licence API),,0,,,not_examined,stopped after 25 files from this repository; 74 not read,filename_umat_f90,,,round2_size_partitioned_and_deck_first,,
molpro/hdf5,5a222f8c85f1ca0bff6c62503be7889d8f3dd46c,BSD-3-Clause,permissive,COPYING (SPDX BSD-3-Clause inferred from the licence text; GitHub's API reported no identifier for this file),HDF5Examples/FORTRAN/H5T/h5ex_t_enumatt_F03.F90,4912,,,no_umat_entry,"Fortran, but it declares no SUBROUTINE UMAT",filename_umat_f90,,,round2_size_partitioned_and_deck_first,,
molpro/hdf5,5a222f8c85f1ca0bff6c62503be7889d8f3dd46c,BSD-3-Clause,permissive,COPYING (SPDX BSD-3-Clause inferred from the licence text; GitHub's API reported no identifier for this file),HDF5Examples/FORTRAN/H5D/h5ex_d_alloc.F90,4839,,,no_umat_entry,"Fortran, but it declares no SUBROUTINE UMAT",filename_umat_f90,,,round2_size_partitioned_and_deck_first,,
molpro/hdf5,5a222f8c85f1ca0bff6c62503be7889d8f3dd46c,BSD-3-Clause,permissive,COPYING (SPDX BSD-3-Clause inferred from the licence text; GitHub's API reported no identifier for this file),HDF5Examples/FORTRAN/H5D/h5ex_d_checksum.F90,5371,,,no_umat_entry,"Fortran, but it declares no SUBROUTINE UMAT",filename_umat_f90,,,round2_size_partitioned_and_deck_first,,
molpro/hdf5,5a222f8c85f1ca0bff6c62503be7889d8f3dd46c,BSD-3-Clause,permissive,COPYING (SPDX BSD-3-Clause inferred from the licence text; GitHub's API reported no identifier for this file),HDF5Examples/FORTRAN/H5D/h5ex_d_chunk.F90,5396,,,no_umat_entry,"Fortran, but it declares no SUBROUTINE UMAT",filename_umat_f90,,,round2_size_partitioned_and_deck_first,,
molpro/hdf5,5a222f8c85f1ca0bff6c62503be7889d8f3dd46c,BSD-3-Clause,permissive,COPYING (SPDX BSD-3-Clause inferred from the licence text; GitHub's API reported no identifier for this file),HDF5Examples/FORTRAN/H5D/h5ex_d_compact.F90,3673,,,no_umat_entry,"Fortran, but it declares no SUBROUTINE UMAT",filename_umat_f90,,,round2_size_partitioned_and_deck_first,,
molpro/hdf5,5a222f8c85f1ca0bff6c62503be7889d8f3dd46c,BSD-3-Clause,permissive,COPYING (SPDX BSD-3-Clause inferred from the licence text; GitHub's API reported no identifier for this file),HDF5Examples/FORTRAN/H5D/h5ex_d_extern.F90,4298,,,no_umat_entry,"Fortran, but it declares no SUBROUTINE UMAT",filename_umat_f90,,,round2_size_partitioned_and_deck_first,,
molpro/hdf5,5a222f8c85f1ca0bff6c62503be7889d8f3dd46c,BSD-3-Clause,permissive,COPYING (SPDX BSD-3-Clause inferred from the licence text; GitHub's API reported no identifier for this file),HDF5Examples/FORTRAN/H5D/h5ex_d_fillval.F90,4272,,,no_umat_entry,"Fortran, but it declares no SUBROUTINE UMAT",filename_umat_f90,,,round2_size_partitioned_and_deck_first,,
molpro/hdf5,5a222f8c85f1ca0bff6c62503be7889d8f3dd46c,BSD-3-Clause,permissive,COPYING (SPDX BSD-3-Clause inferred from the licence text; GitHub's API reported no identifier for this file),HDF5Examples/FORTRAN/H5D/h5ex_d_gzip.F90,5341,,,no_umat_entry,"Fortran, but it declares no SUBROUTINE UMAT",filename_umat_f90,,,round2_size_partitioned_and_deck_first,,
molpro/hdf5,5a222f8c85f1ca0bff6c62503be7889d8f3dd46c,BSD-3-Clause,permissive,COPYING (SPDX BSD-3-Clause inferred from the licence text; GitHub's API reported no identifier for this file),HDF5Examples/FORTRAN/H5D/h5ex_d_hyper.F90,4229,,,no_umat_entry,"Fortran, but it declares no SUBROUTINE UMAT",filename_umat_f90,,,round2_size_partitioned_and_deck_first,,
molpro/hdf5,5a222f8c85f1ca0bff6c62503be7889d8f3dd46c,BSD-3-Clause,permissive,COPYING (SPDX BSD-3-Clause inferred from the licence text; GitHub's API reported no identifier for this file),HDF5Examples/FORTRAN/H5D/h5ex_d_nbit.F90,5347,,,no_umat_entry,"Fortran, but it declares no SUBROUTINE UMAT",filename_umat_f90,,,round2_size_partitioned_and_deck_first,,
molpro/hdf5,5a222f8c85f1ca0bff6c62503be7889d8f3dd46c,BSD-3-Clause,permissive,COPYING (SPDX BSD-3-Clause inferred from the licence text; GitHub's API reported no identifier for this file),HDF5Examples/FORTRAN/H5D/h5ex_d_rdwr.F90,2573,,,no_umat_entry,"Fortran, but it declares no SUBROUTINE UMAT",filename_umat_f90,,,round2_size_partitioned_and_deck_first,,
molpro/hdf5,5a222f8c85f1ca0bff6c62503be7889d8f3dd46c,BSD-3-Clause,permissive,COPYING (SPDX BSD-3-Clause inferred from the licence text; GitHub's API reported no identifier for this file),HDF5Examples/FORTRAN/H5D/h5ex_d_rdwr_kind.F90,4159,,,no_umat_entry,"Fortran, but it declares no SUBROUTINE UMAT",filename_umat_f90,,,round2_size_partitioned_and_deck_first,,
molpro/hdf5,5a222f8c85f1ca0bff6c62503be7889d8f3dd46c,BSD-3-Clause,permissive,COPYING (SPDX BSD-3-Clause inferred from the licence text; GitHub's API reported no identifier for this file),HDF5Examples/FORTRAN/H5D/h5ex_d_rdwr_kind_F03.F90,4211,,,no_umat_entry,"Fortran, but it declares no SUBROUTINE UMAT",filename_umat_f90,,,round2_size_partitioned_and_deck_first,,
molpro/hdf5,5a222f8c85f1ca0bff6c62503be7889d8f3dd46c,BSD-3-Clause,permissive,COPYING (SPDX BSD-3-Clause inferred from the licence text; GitHub's API reported no identifier for this file),HDF5Examples/FORTRAN/H5D/h5ex_d_soint.F90,5559,,,no_umat_entry,"Fortran, but it declares no SUBROUTINE UMAT",filename_umat_f90,,,round2_size_partitioned_and_deck_first,,
molpro/hdf5,5a222f8c85f1ca0bff6c62503be7889d8f3dd46c,BSD-3-Clause,permissive,COPYING (SPDX BSD-3-Clause inferred from the licence text; GitHub's API reported no identifier for this file),HDF5Examples/FORTRAN/H5D/h5ex_d_szip.F90,5106,,,no_umat_entry,"Fortran, but it declares no SUBROUTINE UMAT",filename_umat_f90,,,round2_size_partitioned_and_deck_first,,
molpro/hdf5,5a222f8c85f1ca0bff6c62503be7889d8f3dd46c,BSD-3-Clause,permissive,COPYING (SPDX BSD-3-Clause inferred from the licence text; GitHub's API reported no identifier for this file),HDF5Examples/FORTRAN/H5D/h5ex_d_transform.F90,4059,,,no_umat_entry,"Fortran, but it declares no SUBROUTINE UMAT",filename_umat_f90,,,round2_size_partitioned_and_deck_first,,
molpro/hdf5,5a222f8c85f1ca0bff6c62503be7889d8f3dd46c,BSD-3-Clause,permissive,COPYING (SPDX BSD-3-Clause inferred from the licence text; GitHub's API reported no identifier for this file),HDF5Examples/FORTRAN/H5D/h5ex_d_unlimmod.F90,5205,,,no_umat_entry,"Fortran, but it declares no SUBROUTINE UMAT",filename_umat_f90,,,round2_size_partitioned_and_deck_first,,
molpro/hdf5,5a222f8c85f1ca0bff6c62503be7889d8f3dd46c,BSD-3-Clause,permissive,COPYING (SPDX BSD-3-Clause inferred from the licence text; GitHub's API reported no identifier for this file),HDF5Examples/FORTRAN/H5G/h5ex_g_compact.F90,4231,,,no_umat_entry,"Fortran, but it declares no SUBROUTINE UMAT",filename_umat_f90,,,round2_size_partitioned_and_deck_first,,
molpro/hdf5,5a222f8c85f1ca0bff6c62503be7889d8f3dd46c,BSD-3-Clause,permissive,COPYING (SPDX BSD-3-Clause inferred from the licence text; GitHub's API reported no identifier for this file),HDF5Examples/FORTRAN/H5G/h5ex_g_corder.F90,3357,,,no_umat_entry,"Fortran, but it declares no SUBROUTINE UMAT",filename_umat_f90,,,round2_size_partitioned_and_deck_first,,
molpro/hdf5,5a222f8c85f1ca0bff6c62503be7889d8f3dd46c,BSD-3-Clause,permissive,COPYING (SPDX BSD-3-Clause inferred from the licence text; GitHub's API reported no identifier for this file),HDF5Examples/FORTRAN/H5G/h5ex_g_create.F90,1038,,,no_umat_entry,"Fortran, but it declares no SUBROUTINE UMAT",filename_umat_f90,,,round2_size_partitioned_and_deck_first,,
molpro/hdf5,5a222f8c85f1ca0bff6c62503be7889d8f3dd46c,BSD-3-Clause,permissive,COPYING (SPDX BSD-3-Clause inferred from the licence text; GitHub's API reported no identifier for this file),HDF5Examples/FORTRAN/H5G/h5ex_g_intermediate.F90,3752,,,no_umat_entry,"Fortran, but it declares no SUBROUTINE UMAT",filename_umat_f90,,,round2_size_partitioned_and_deck_first,,
molpro/hdf5,5a222f8c85f1ca0bff6c62503be7889d8f3dd46c,BSD-3-Clause,permissive,COPYING (SPDX BSD-3-Clause inferred from the licence text; GitHub's API reported no identifier for this file),HDF5Examples/FORTRAN/H5G/h5ex_g_iterate.F90,2659,,,no_umat_entry,"Fortran, but it declares no SUBROUTINE UMAT",filename_umat_f90,,,round2_size_partitioned_and_deck_first,,
molpro/hdf5,5a222f8c85f1ca0bff6c62503be7889d8f3dd46c,BSD-3-Clause,permissive,COPYING (SPDX BSD-3-Clause inferred from the licence text; GitHub's API reported no identifier for this file),HDF5Examples/FORTRAN/H5G/h5ex_g_phase.F90,4278,,,no_umat_entry,"Fortran, but it declares no SUBROUTINE UMAT",filename_umat_f90,,,round2_size_partitioned_and_deck_first,,
molpro/hdf5,5a222f8c85f1ca0bff6c62503be7889d8f3dd46c,BSD-3-Clause,permissive,COPYING (SPDX BSD-3-Clause inferred from the licence text; GitHub's API reported no identifier for this file),HDF5Examples/FORTRAN/H5G/h5ex_g_traverse.F90,7373,,,no_umat_entry,"Fortran, but it declares no SUBROUTINE UMAT",filename_umat_f90,,,round2_size_partitioned_and_deck_first,,
molpro/hdf5,5a222f8c85f1ca0bff6c62503be7889d8f3dd46c,BSD-3-Clause,permissive,COPYING (SPDX BSD-3-Clause inferred from the licence text; GitHub's API reported no identifier for this file),HDF5Examples/FORTRAN/H5G/h5ex_g_visit.F90,4379,,,no_umat_entry,"Fortran, but it declares no SUBROUTINE UMAT",filename_umat_f90,,,round2_size_partitioned_and_deck_first,,
molpro/hdf5,5a222f8c85f1ca0bff6c62503be7889d8f3dd46c,BSD-3-Clause,permissive,COPYING (SPDX BSD-3-Clause inferred from the licence text; GitHub's API reported no identifier for this file),,0,,,not_examined,stopped after 25 files from this repository; 125 not read,filename_umat_f90,,,round2_size_partitioned_and_deck_first,,
moritzgubler/qe,,GPL-2.0,permissive,License (SPDX GPL-2.0 via the GitHub licence API),,0,,,licence_incompatible,GPL-2.0 is outside the set this project may redistribute; recorded and not fetched,filename_umat_f90,,,round2_size_partitioned_and_deck_first,,
mounder21/CasperDG_Explicit,,,,no LICENSE file detected by the GitHub API,,0,,,licence_absent,"no licence is declared, so nothing may be redistributed from it; a repository without a LICENSE file is refused, not assumed permissive; recorded and not fetched",filename_umat_f90,,,round2_size_partitioned_and_deck_first,,
mrtrkmn/yanki,,,,no LICENSE file detected by the GitHub API,,0,,,licence_absent,"no licence is declared, so nothing may be redistributed from it; a repository without a LICENSE file is refused, not assumed permissive; recorded and not fetched",size_<4000,,,round2_size_partitioned_and_deck_first,,
nicoguaro/BLOCH_FEM,c710d6c792bb454e04b1a98c97cf696c344b1fd0,MIT,permissive,LICENSE.md (SPDX MIT via the GitHub licence API),matutil.for,5112,,,no_umat_entry,"Fortran, but it declares no SUBROUTINE UMAT",size_4000..8000,,,round2_size_partitioned_and_deck_first,,
nicoguaro/BLOCH_FEM,c710d6c792bb454e04b1a98c97cf696c344b1fd0,MIT,permissive,LICENSE.md (SPDX MIT via the GitHub licence API),ablochgen.for,7770,,,no_umat_entry,"Fortran, but it declares no SUBROUTINE UMAT",size_4000..8000,,,round2_size_partitioned_and_deck_first,,
nicoguaro/BLOCH_FEM,c710d6c792bb454e04b1a98c97cf696c344b1fd0,MIT,permissive,LICENSE.md (SPDX MIT via the GitHub licence API),bloch.for,13882,,,no_umat_entry,"Fortran, but it declares no SUBROUTINE UMAT",size_4000..8000,,,round2_size_partitioned_and_deck_first,,
nicoguaro/BLOCH_FEM,c710d6c792bb454e04b1a98c97cf696c344b1fd0,MIT,permissive,LICENSE.md (SPDX MIT via the GitHub licence API),bloch_sem.for,13943,,,no_umat_entry,"Fortran, but it declares no SUBROUTINE UMAT",size_4000..8000,,,round2_size_partitioned_and_deck_first,,
nicoguaro/BLOCH_FEM,c710d6c792bb454e04b1a98c97cf696c344b1fd0,MIT,permissive,LICENSE.md (SPDX MIT via the GitHub licence API),elutil.for,25239,,,no_umat_entry,"Fortran, but it declares no SUBROUTINE UMAT",size_4000..8000,,,round2_size_partitioned_and_deck_first,,
nicoguaro/BLOCH_FEM,c710d6c792bb454e04b1a98c97cf696c344b1fd0,MIT,permissive,LICENSE.md (SPDX MIT via the GitHub licence API),femutil.for,26632,,,no_umat_entry,"Fortran, but it declares no SUBROUTINE UMAT",size_4000..8000,,,round2_size_partitioned_and_deck_first,,
nicoguaro/BLOCH_FEM,c710d6c792bb454e04b1a98c97cf696c344b1fd0,MIT,permissive,LICENSE.md (SPDX MIT via the GitHub licence API),gaussin.for,6185,,,no_umat_entry,"Fortran, but it declares no SUBROUTINE UMAT",size_4000..8000,,,round2_size_partitioned_and_deck_first,,
nicoguaro/BLOCH_FEM,c710d6c792bb454e04b1a98c97cf696c344b1fd0,MIT,permissive,LICENSE.md (SPDX MIT via the GitHub licence API),mtxutil.for,25875,,,no_umat_entry,"Fortran, but it declares no SUBROUTINE UMAT",size_4000..8000,,,round2_size_partitioned_and_deck_first,,
nicoguaro/BLOCH_FEM,c710d6c792bb454e04b1a98c97cf696c344b1fd0,MIT,permissive,LICENSE.md (SPDX MIT via the GitHub licence API),preproc.for,4064,,,no_umat_entry,"Fortran, but it declares no SUBROUTINE UMAT",size_4000..8000,,,round2_size_partitioned_and_deck_first,,
nicoguaro/BLOCH_FEM,c710d6c792bb454e04b1a98c97cf696c344b1fd0,MIT,permissive,LICENSE.md (SPDX MIT via the GitHub licence API),semutil.for,25051,,,no_umat_entry,"Fortran, but it declares no SUBROUTINE UMAT",size_4000..8000,,,round2_size_partitioned_and_deck_first,,
nicoguaro/BLOCH_FEM,c710d6c792bb454e04b1a98c97cf696c344b1fd0,MIT,permissive,LICENSE.md (SPDX MIT via the GitHub licence API),springs/bloch.for,12049,,,no_umat_entry,"Fortran, but it declares no SUBROUTINE UMAT",size_4000..8000,,,round2_size_partitioned_and_deck_first,,
nicoguaro/BLOCH_FEM,c710d6c792bb454e04b1a98c97cf696c344b1fd0,MIT,permissive,LICENSE.md (SPDX MIT via the GitHub licence API),springs/mat.for,17690,,,no_umat_entry,"Fortran, but it declares no SUBROUTINE UMAT",size_4000..8000,,,round2_size_partitioned_and_deck_first,,
nicoguaro/BLOCH_FEM,c710d6c792bb454e04b1a98c97cf696c344b1fd0,MIT,permissive,LICENSE.md (SPDX MIT via the GitHub licence API),springs/spring.for,2146,,,no_umat_entry,"Fortran, but it declares no SUBROUTINE UMAT",size_4000..8000,,,round2_size_partitioned_and_deck_first,,
nicoguaro/BLOCH_FEM,c710d6c792bb454e04b1a98c97cf696c344b1fd0,MIT,permissive,LICENSE.md (SPDX MIT via the GitHub licence API),uelutil.for,9691,,,no_umat_entry,"Fortran, but it declares no SUBROUTINE UMAT",size_4000..8000,,,round2_size_partitioned_and_deck_first,,
paubl7/CAIM-P6,,,,no LICENSE file detected by the GitHub API,,0,,,licence_absent,"no licence is declared, so nothing may be redistributed from it; a repository without a LICENSE file is refused, not assumed permissive; recorded and not fetched",size_<4000,,,round2_size_partitioned_and_deck_first,,
pedrobleme/leme_master_thesis,08e7facb82c937f04ab354445f054f9bf3ca3dcb,MIT,permissive,LICENSE (SPDX MIT via the GitHub licence API),vumat_cube_corrosion/corrosion_vumat_model.for,64011,,,no_umat_entry,declares a VUMAT and no UMAT; the explicit interface is out of scope,filename_umat_for,,,round2_size_partitioned_and_deck_first,,
pengwinsurf-sa/hdf,3be259b6e6e6f2d3d86d4958a7b8365934e22ed9,BSD-3-Clause,permissive,LICENSE (SPDX BSD-3-Clause inferred from the licence text; GitHub's API reported no identifier for this file),HDF5Examples/FORTRAN/H5T/h5ex_t_enumatt_F03.F90,4912,,,no_umat_entry,"Fortran, but it declares no SUBROUTINE UMAT",filename_umat_f90,,,round2_size_partitioned_and_deck_first,,
pengwinsurf-sa/hdf,3be259b6e6e6f2d3d86d4958a7b8365934e22ed9,BSD-3-Clause,permissive,LICENSE (SPDX BSD-3-Clause inferred from the licence text; GitHub's API reported no identifier for this file),HDF5Examples/FORTRAN/H5D/h5ex_d_alloc.F90,4839,,,no_umat_entry,"Fortran, but it declares no SUBROUTINE UMAT",filename_umat_f90,,,round2_size_partitioned_and_deck_first,,
pengwinsurf-sa/hdf,3be259b6e6e6f2d3d86d4958a7b8365934e22ed9,BSD-3-Clause,permissive,LICENSE (SPDX BSD-3-Clause inferred from the licence text; GitHub's API reported no identifier for this file),HDF5Examples/FORTRAN/H5D/h5ex_d_checksum.F90,5371,,,no_umat_entry,"Fortran, but it declares no SUBROUTINE UMAT",filename_umat_f90,,,round2_size_partitioned_and_deck_first,,
pengwinsurf-sa/hdf,3be259b6e6e6f2d3d86d4958a7b8365934e22ed9,BSD-3-Clause,permissive,LICENSE (SPDX BSD-3-Clause inferred from the licence text; GitHub's API reported no identifier for this file),HDF5Examples/FORTRAN/H5D/h5ex_d_chunk.F90,5396,,,no_umat_entry,"Fortran, but it declares no SUBROUTINE UMAT",filename_umat_f90,,,round2_size_partitioned_and_deck_first,,
pengwinsurf-sa/hdf,3be259b6e6e6f2d3d86d4958a7b8365934e22ed9,BSD-3-Clause,permissive,LICENSE (SPDX BSD-3-Clause inferred from the licence text; GitHub's API reported no identifier for this file),HDF5Examples/FORTRAN/H5D/h5ex_d_compact.F90,3673,,,no_umat_entry,"Fortran, but it declares no SUBROUTINE UMAT",filename_umat_f90,,,round2_size_partitioned_and_deck_first,,
pengwinsurf-sa/hdf,3be259b6e6e6f2d3d86d4958a7b8365934e22ed9,BSD-3-Clause,permissive,LICENSE (SPDX BSD-3-Clause inferred from the licence text; GitHub's API reported no identifier for this file),HDF5Examples/FORTRAN/H5D/h5ex_d_extern.F90,4298,,,no_umat_entry,"Fortran, but it declares no SUBROUTINE UMAT",filename_umat_f90,,,round2_size_partitioned_and_deck_first,,
pengwinsurf-sa/hdf,3be259b6e6e6f2d3d86d4958a7b8365934e22ed9,BSD-3-Clause,permissive,LICENSE (SPDX BSD-3-Clause inferred from the licence text; GitHub's API reported no identifier for this file),HDF5Examples/FORTRAN/H5D/h5ex_d_fillval.F90,4272,,,no_umat_entry,"Fortran, but it declares no SUBROUTINE UMAT",filename_umat_f90,,,round2_size_partitioned_and_deck_first,,
pengwinsurf-sa/hdf,3be259b6e6e6f2d3d86d4958a7b8365934e22ed9,BSD-3-Clause,permissive,LICENSE (SPDX BSD-3-Clause inferred from the licence text; GitHub's API reported no identifier for this file),HDF5Examples/FORTRAN/H5D/h5ex_d_gzip.F90,5341,,,no_umat_entry,"Fortran, but it declares no SUBROUTINE UMAT",filename_umat_f90,,,round2_size_partitioned_and_deck_first,,
pengwinsurf-sa/hdf,3be259b6e6e6f2d3d86d4958a7b8365934e22ed9,BSD-3-Clause,permissive,LICENSE (SPDX BSD-3-Clause inferred from the licence text; GitHub's API reported no identifier for this file),HDF5Examples/FORTRAN/H5D/h5ex_d_hyper.F90,4229,,,no_umat_entry,"Fortran, but it declares no SUBROUTINE UMAT",filename_umat_f90,,,round2_size_partitioned_and_deck_first,,
pengwinsurf-sa/hdf,3be259b6e6e6f2d3d86d4958a7b8365934e22ed9,BSD-3-Clause,permissive,LICENSE (SPDX BSD-3-Clause inferred from the licence text; GitHub's API reported no identifier for this file),HDF5Examples/FORTRAN/H5D/h5ex_d_nbit.F90,5347,,,no_umat_entry,"Fortran, but it declares no SUBROUTINE UMAT",filename_umat_f90,,,round2_size_partitioned_and_deck_first,,
pengwinsurf-sa/hdf,3be259b6e6e6f2d3d86d4958a7b8365934e22ed9,BSD-3-Clause,permissive,LICENSE (SPDX BSD-3-Clause inferred from the licence text; GitHub's API reported no identifier for this file),HDF5Examples/FORTRAN/H5D/h5ex_d_rdwr.F90,2573,,,no_umat_entry,"Fortran, but it declares no SUBROUTINE UMAT",filename_umat_f90,,,round2_size_partitioned_and_deck_first,,
pengwinsurf-sa/hdf,3be259b6e6e6f2d3d86d4958a7b8365934e22ed9,BSD-3-Clause,permissive,LICENSE (SPDX BSD-3-Clause inferred from the licence text; GitHub's API reported no identifier for this file),HDF5Examples/FORTRAN/H5D/h5ex_d_rdwr_kind.F90,4159,,,no_umat_entry,"Fortran, but it declares no SUBROUTINE UMAT",filename_umat_f90,,,round2_size_partitioned_and_deck_first,,
pengwinsurf-sa/hdf,3be259b6e6e6f2d3d86d4958a7b8365934e22ed9,BSD-3-Clause,permissive,LICENSE (SPDX BSD-3-Clause inferred from the licence text; GitHub's API reported no identifier for this file),HDF5Examples/FORTRAN/H5D/h5ex_d_rdwr_kind_F03.F90,4211,,,no_umat_entry,"Fortran, but it declares no SUBROUTINE UMAT",filename_umat_f90,,,round2_size_partitioned_and_deck_first,,
pengwinsurf-sa/hdf,3be259b6e6e6f2d3d86d4958a7b8365934e22ed9,BSD-3-Clause,permissive,LICENSE (SPDX BSD-3-Clause inferred from the licence text; GitHub's API reported no identifier for this file),HDF5Examples/FORTRAN/H5D/h5ex_d_soint.F90,5559,,,no_umat_entry,"Fortran, but it declares no SUBROUTINE UMAT",filename_umat_f90,,,round2_size_partitioned_and_deck_first,,
pengwinsurf-sa/hdf,3be259b6e6e6f2d3d86d4958a7b8365934e22ed9,BSD-3-Clause,permissive,LICENSE (SPDX BSD-3-Clause inferred from the licence text; GitHub's API reported no identifier for this file),HDF5Examples/FORTRAN/H5D/h5ex_d_szip.F90,5106,,,no_umat_entry,"Fortran, but it declares no SUBROUTINE UMAT",filename_umat_f90,,,round2_size_partitioned_and_deck_first,,
pengwinsurf-sa/hdf,3be259b6e6e6f2d3d86d4958a7b8365934e22ed9,BSD-3-Clause,permissive,LICENSE (SPDX BSD-3-Clause inferred from the licence text; GitHub's API reported no identifier for this file),HDF5Examples/FORTRAN/H5D/h5ex_d_transform.F90,4059,,,no_umat_entry,"Fortran, but it declares no SUBROUTINE UMAT",filename_umat_f90,,,round2_size_partitioned_and_deck_first,,
pengwinsurf-sa/hdf,3be259b6e6e6f2d3d86d4958a7b8365934e22ed9,BSD-3-Clause,permissive,LICENSE (SPDX BSD-3-Clause inferred from the licence text; GitHub's API reported no identifier for this file),HDF5Examples/FORTRAN/H5D/h5ex_d_unlimmod.F90,5205,,,no_umat_entry,"Fortran, but it declares no SUBROUTINE UMAT",filename_umat_f90,,,round2_size_partitioned_and_deck_first,,
pengwinsurf-sa/hdf,3be259b6e6e6f2d3d86d4958a7b8365934e22ed9,BSD-3-Clause,permissive,LICENSE (SPDX BSD-3-Clause inferred from the licence text; GitHub's API reported no identifier for this file),HDF5Examples/FORTRAN/H5G/h5ex_g_compact.F90,4231,,,no_umat_entry,"Fortran, but it declares no SUBROUTINE UMAT",filename_umat_f90,,,round2_size_partitioned_and_deck_first,,
pengwinsurf-sa/hdf,3be259b6e6e6f2d3d86d4958a7b8365934e22ed9,BSD-3-Clause,permissive,LICENSE (SPDX BSD-3-Clause inferred from the licence text; GitHub's API reported no identifier for this file),HDF5Examples/FORTRAN/H5G/h5ex_g_corder.F90,3357,,,no_umat_entry,"Fortran, but it declares no SUBROUTINE UMAT",filename_umat_f90,,,round2_size_partitioned_and_deck_first,,
pengwinsurf-sa/hdf,3be259b6e6e6f2d3d86d4958a7b8365934e22ed9,BSD-3-Clause,permissive,LICENSE (SPDX BSD-3-Clause inferred from the licence text; GitHub's API reported no identifier for this file),HDF5Examples/FORTRAN/H5G/h5ex_g_create.F90,1038,,,no_umat_entry,"Fortran, but it declares no SUBROUTINE UMAT",filename_umat_f90,,,round2_size_partitioned_and_deck_first,,
pengwinsurf-sa/hdf,3be259b6e6e6f2d3d86d4958a7b8365934e22ed9,BSD-3-Clause,permissive,LICENSE (SPDX BSD-3-Clause inferred from the licence text; GitHub's API reported no identifier for this file),HDF5Examples/FORTRAN/H5G/h5ex_g_intermediate.F90,3752,,,no_umat_entry,"Fortran, but it declares no SUBROUTINE UMAT",filename_umat_f90,,,round2_size_partitioned_and_deck_first,,
pengwinsurf-sa/hdf,3be259b6e6e6f2d3d86d4958a7b8365934e22ed9,BSD-3-Clause,permissive,LICENSE (SPDX BSD-3-Clause inferred from the licence text; GitHub's API reported no identifier for this file),HDF5Examples/FORTRAN/H5G/h5ex_g_iterate.F90,2659,,,no_umat_entry,"Fortran, but it declares no SUBROUTINE UMAT",filename_umat_f90,,,round2_size_partitioned_and_deck_first,,
pengwinsurf-sa/hdf,3be259b6e6e6f2d3d86d4958a7b8365934e22ed9,BSD-3-Clause,permissive,LICENSE (SPDX BSD-3-Clause inferred from the licence text; GitHub's API reported no identifier for this file),HDF5Examples/FORTRAN/H5G/h5ex_g_phase.F90,4278,,,no_umat_entry,"Fortran, but it declares no SUBROUTINE UMAT",filename_umat_f90,,,round2_size_partitioned_and_deck_first,,
pengwinsurf-sa/hdf,3be259b6e6e6f2d3d86d4958a7b8365934e22ed9,BSD-3-Clause,permissive,LICENSE (SPDX BSD-3-Clause inferred from the licence text; GitHub's API reported no identifier for this file),HDF5Examples/FORTRAN/H5G/h5ex_g_traverse.F90,7657,,,no_umat_entry,"Fortran, but it declares no SUBROUTINE UMAT",filename_umat_f90,,,round2_size_partitioned_and_deck_first,,
pengwinsurf-sa/hdf,3be259b6e6e6f2d3d86d4958a7b8365934e22ed9,BSD-3-Clause,permissive,LICENSE (SPDX BSD-3-Clause inferred from the licence text; GitHub's API reported no identifier for this file),HDF5Examples/FORTRAN/H5G/h5ex_g_visit.F90,4379,,,no_umat_entry,"Fortran, but it declares no SUBROUTINE UMAT",filename_umat_f90,,,round2_size_partitioned_and_deck_first,,
pengwinsurf-sa/hdf,3be259b6e6e6f2d3d86d4958a7b8365934e22ed9,BSD-3-Clause,permissive,LICENSE (SPDX BSD-3-Clause inferred from the licence text; GitHub's API reported no identifier for this file),,0,,,not_examined,stopped after 25 files from this repository; 125 not read,filename_umat_f90,,,round2_size_partitioned_and_deck_first,,
psi4/psi2,,,,no LICENSE file detected by the GitHub API,,0,,,licence_absent,"no licence is declared, so nothing may be redistributed from it; a repository without a LICENSE file is refused, not assumed permissive; recorded and not fetched",filename_umat_f,,,round2_size_partitioned_and_deck_first,,
quanp/OpenMolcas,,LGPL-2.1,permissive,LICENSE (SPDX LGPL-2.1 via the GitHub licence API),,0,,,licence_incompatible,LGPL-2.1 is outside the set this project may redistribute; recorded and not fetched,filename_umat_f,,,round2_size_partitioned_and_deck_first,,
rberrypi/CellVista,,,,no LICENSE file detected by the GitHub API,,0,,,licence_absent,"no licence is declared, so nothing may be redistributed from it; a repository without a LICENSE file is refused, not assumed permissive; recorded and not fetched",filename_umat_f90,,,round2_size_partitioned_and_deck_first,,
rcaneill/xnemogcm_test_data,60b4cd75291d8125137e8bf8a28ceb13f327f03c,MIT,permissive,LICENSE (SPDX MIT via the GitHub licence API),src/5.0/sources/HDF5/hdf5/HDF5Examples/FORTRAN/H5T/h5ex_t_enumatt_F03.F90,4912,,,no_umat_entry,"Fortran, but it declares no SUBROUTINE UMAT",filename_umat_f90,,,round2_size_partitioned_and_deck_first,,
rcaneill/xnemogcm_test_data,60b4cd75291d8125137e8bf8a28ceb13f327f03c,MIT,permissive,LICENSE (SPDX MIT via the GitHub licence API),src/3.6/sources/HDF5/hdf5/fortran/examples/compound.f90,8670,,,no_umat_entry,"Fortran, but it declares no SUBROUTINE UMAT",filename_umat_f90,,,round2_size_partitioned_and_deck_first,,
rcaneill/xnemogcm_test_data,60b4cd75291d8125137e8bf8a28ceb13f327f03c,MIT,permissive,LICENSE (SPDX MIT via the GitHub licence API),src/3.6/sources/HDF5/hdf5/fortran/examples/compound_complex_fortran2003.f90,4175,,,no_umat_entry,"Fortran, but it declares no SUBROUTINE UMAT",filename_umat_f90,,,round2_size_partitioned_and_deck_first,,
rcaneill/xnemogcm_test_data,60b4cd75291d8125137e8bf8a28ceb13f327f03c,MIT,permissive,LICENSE (SPDX MIT via the GitHub licence API),src/3.6/sources/HDF5/hdf5/fortran/examples/compound_fortran2003.f90,6985,,,no_umat_entry,"Fortran, but it declares no SUBROUTINE UMAT",filename_umat_f90,,,round2_size_partitioned_and_deck_first,,
rcaneill/xnemogcm_test_data,60b4cd75291d8125137e8bf8a28ceb13f327f03c,MIT,permissive,LICENSE (SPDX MIT via the GitHub licence API),src/3.6/sources/HDF5/hdf5/fortran/examples/h5_cmprss.f90,4943,,,no_umat_entry,"Fortran, but it declares no SUBROUTINE UMAT",filename_umat_f90,,,round2_size_partitioned_and_deck_first,,
rcaneill/xnemogcm_test_data,60b4cd75291d8125137e8bf8a28ceb13f327f03c,MIT,permissive,LICENSE (SPDX MIT via the GitHub licence API),src/3.6/sources/HDF5/hdf5/fortran/examples/h5_crtatt.f90,3657,,,no_umat_entry,"Fortran, but it declares no SUBROUTINE UMAT",filename_umat_f90,,,round2_size_partitioned_and_deck_first,,
rcaneill/xnemogcm_test_data,60b4cd75291d8125137e8bf8a28ceb13f327f03c,MIT,permissive,LICENSE (SPDX MIT via the GitHub licence API),src/3.6/sources/HDF5/hdf5/fortran/examples/h5_crtdat.f90,2597,,,no_umat_entry,"Fortran, but it declares no SUBROUTINE UMAT",filename_umat_f90,,,round2_size_partitioned_and_deck_first,,
rcaneill/xnemogcm_test_data,60b4cd75291d8125137e8bf8a28ceb13f327f03c,MIT,permissive,LICENSE (SPDX MIT via the GitHub licence API),src/3.6/sources/HDF5/hdf5/fortran/examples/h5_crtgrp.f90,2106,,,no_umat_entry,"Fortran, but it declares no SUBROUTINE UMAT",filename_umat_f90,,,round2_size_partitioned_and_deck_first,,
rcaneill/xnemogcm_test_data,60b4cd75291d8125137e8bf8a28ceb13f327f03c,MIT,permissive,LICENSE (SPDX MIT via the GitHub licence API),src/3.6/sources/HDF5/hdf5/fortran/examples/h5_crtgrpar.f90,2825,,,no_umat_entry,"Fortran, but it declares no SUBROUTINE UMAT",filename_umat_f90,,,round2_size_partitioned_and_deck_first,,
rcaneill/xnemogcm_test_data,60b4cd75291d8125137e8bf8a28ceb13f327f03c,MIT,permissive,LICENSE (SPDX MIT via the GitHub licence API),src/3.6/sources/HDF5/hdf5/fortran/examples/h5_crtgrpd.f90,4170,,,no_umat_entry,"Fortran, but it declares no SUBROUTINE UMAT",filename_umat_f90,,,round2_size_partitioned_and_deck_first,,
rcaneill/xnemogcm_test_data,60b4cd75291d8125137e8bf8a28ceb13f327f03c,MIT,permissive,LICENSE (SPDX MIT via the GitHub licence API),src/3.6/sources/HDF5/hdf5/fortran/examples/h5_extend.f90,5841,,,no_umat_entry,"Fortran, but it declares no SUBROUTINE UMAT",filename_umat_f90,,,round2_size_partitioned_and_deck_first,,
rcaneill/xnemogcm_test_data,60b4cd75291d8125137e8bf8a28ceb13f327f03c,MIT,permissive,LICENSE (SPDX MIT via the GitHub licence API),src/3.6/sources/HDF5/hdf5/fortran/examples/h5_rdwt.f90,2623,,,no_umat_entry,"Fortran, but it declares no SUBROUTINE UMAT",filename_umat_f90,,,round2_size_partitioned_and_deck_first,,
rcaneill/xnemogcm_test_data,60b4cd75291d8125137e8bf8a28ceb13f327f03c,MIT,permissive,LICENSE (SPDX MIT via the GitHub licence API),src/3.6/sources/HDF5/hdf5/fortran/examples/h5_subset.f90,5137,,,no_umat_entry,"Fortran, but it declares no SUBROUTINE UMAT",filename_umat_f90,,,round2_size_partitioned_and_deck_first,,
rcaneill/xnemogcm_test_data,60b4cd75291d8125137e8bf8a28ceb13f327f03c,MIT,permissive,LICENSE (SPDX MIT via the GitHub licence API),src/3.6/sources/HDF5/hdf5/fortran/examples/hyperslab.f90,6104,,,no_umat_entry,"Fortran, but it declares no SUBROUTINE UMAT",filename_umat_f90,,,round2_size_partitioned_and_deck_first,,
rcaneill/xnemogcm_test_data,60b4cd75291d8125137e8bf8a28ceb13f327f03c,MIT,permissive,LICENSE (SPDX MIT via the GitHub licence API),src/3.6/sources/HDF5/hdf5/fortran/examples/mountexample.f90,5007,,,no_umat_entry,"Fortran, but it declares no SUBROUTINE UMAT",filename_umat_f90,,,round2_size_partitioned_and_deck_first,,
rcaneill/xnemogcm_test_data,60b4cd75291d8125137e8bf8a28ceb13f327f03c,MIT,permissive,LICENSE (SPDX MIT via the GitHub licence API),src/3.6/sources/HDF5/hdf5/fortran/examples/nested_derived_type.f90,7457,,,no_umat_entry,"Fortran, but it declares no SUBROUTINE UMAT",filename_umat_f90,,,round2_size_partitioned_and_deck_first,,
rcaneill/xnemogcm_test_data,60b4cd75291d8125137e8bf8a28ceb13f327f03c,MIT,permissive,LICENSE (SPDX MIT via the GitHub licence API),src/3.6/sources/HDF5/hdf5/fortran/examples/ph5example.f90,4805,,,no_umat_entry,"Fortran, but it declares no SUBROUTINE UMAT",filename_umat_f90,,,round2_size_partitioned_and_deck_first,,
rcaneill/xnemogcm_test_data,60b4cd75291d8125137e8bf8a28ceb13f327f03c,MIT,permissive,LICENSE (SPDX MIT via the GitHub licence API),src/3.6/sources/HDF5/hdf5/fortran/examples/refobjexample.f90,6485,,,no_umat_entry,"Fortran, but it declares no SUBROUTINE UMAT",filename_umat_f90,,,round2_size_partitioned_and_deck_first,,
rcaneill/xnemogcm_test_data,60b4cd75291d8125137e8bf8a28ceb13f327f03c,MIT,permissive,LICENSE (SPDX MIT via the GitHub licence API),src/3.6/sources/HDF5/hdf5/fortran/examples/refregexample.f90,6826,,,no_umat_entry,"Fortran, but it declares no SUBROUTINE UMAT",filename_umat_f90,,,round2_size_partitioned_and_deck_first,,
rcaneill/xnemogcm_test_data,60b4cd75291d8125137e8bf8a28ceb13f327f03c,MIT,permissive,LICENSE (SPDX MIT via the GitHub licence API),src/3.6/sources/HDF5/hdf5/fortran/examples/rwdset_fortran2003.f90,7445,,,no_umat_entry,"Fortran, but it declares no SUBROUTINE UMAT",filename_umat_f90,,,round2_size_partitioned_and_deck_first,,
rcaneill/xnemogcm_test_data,60b4cd75291d8125137e8bf8a28ceb13f327f03c,MIT,permissive,LICENSE (SPDX MIT via the GitHub licence API),src/3.6/sources/HDF5/hdf5/fortran/examples/selectele.f90,8531,,,no_umat_entry,"Fortran, but it declares no SUBROUTINE UMAT",filename_umat_f90,,,round2_size_partitioned_and_deck_first,,
rcaneill/xnemogcm_test_data,60b4cd75291d8125137e8bf8a28ceb13f327f03c,MIT,permissive,LICENSE (SPDX MIT via the GitHub licence API),src/3.6/sources/HDF5/hdf5/fortran/src/H5Aff.F90,65316,,,no_umat_entry,"Fortran, but it declares no SUBROUTINE UMAT",filename_umat_f90,,,round2_size_partitioned_and_deck_first,,
rcaneill/xnemogcm_test_data,60b4cd75291d8125137e8bf8a28ceb13f327f03c,MIT,permissive,LICENSE (SPDX MIT via the GitHub licence API),src/3.6/sources/HDF5/hdf5/fortran/src/H5Dff.F90,67454,,,no_umat_entry,"Fortran, but it declares no SUBROUTINE UMAT",filename_umat_f90,,,round2_size_partitioned_and_deck_first,,
rcaneill/xnemogcm_test_data,60b4cd75291d8125137e8bf8a28ceb13f327f03c,MIT,permissive,LICENSE (SPDX MIT via the GitHub licence API),src/3.6/sources/HDF5/hdf5/fortran/src/H5Eff.F90,8965,,,no_umat_entry,"Fortran, but it declares no SUBROUTINE UMAT",filename_umat_f90,,,round2_size_partitioned_and_deck_first,,
rcaneill/xnemogcm_test_data,60b4cd75291d8125137e8bf8a28ceb13f327f03c,MIT,permissive,LICENSE (SPDX MIT via the GitHub licence API),src/3.6/sources/HDF5/hdf5/fortran/src/H5Fff.F90,30156,,,no_umat_entry,"Fortran, but it declares no SUBROUTINE UMAT",filename_umat_f90,,,round2_size_partitioned_and_deck_first,,
rcaneill/xnemogcm_test_data,60b4cd75291d8125137e8bf8a28ceb13f327f03c,MIT,permissive,LICENSE (SPDX MIT via the GitHub licence API),,0,,,not_examined,stopped after 25 files from this repository; 3799 not read,filename_umat_f90,,,round2_size_partitioned_and_deck_first,,
rcclay/QE-6.4-Interface,,GPL-2.0,permissive,License (SPDX GPL-2.0 via the GitHub licence API),,0,,,licence_incompatible,GPL-2.0 is outside the set this project may redistribute; recorded and not fetched,filename_umat_f90,,,round2_size_partitioned_and_deck_first,,
rwharton/test_tempo2,9572d4794a9daeca7f44a838dfecfa26123ce17f,GPL-3.0,copyleft,COPYING (SPDX GPL-3.0 via the GitHub licence API),sofa/numat.for,5526,,,no_umat_entry,"Fortran, but it declares no SUBROUTINE UMAT",filename_umat_for,,,round2_size_partitioned_and_deck_first,,
rwharton/test_tempo2,9572d4794a9daeca7f44a838dfecfa26123ce17f,GPL-3.0,copyleft,COPYING (SPDX GPL-3.0 via the GitHub licence API),sofa/a2af.for,6077,,,no_umat_entry,"Fortran, but it declares no SUBROUTINE UMAT",filename_umat_for,,,round2_size_partitioned_and_deck_first,,
rwharton/test_tempo2,9572d4794a9daeca7f44a838dfecfa26123ce17f,GPL-3.0,copyleft,COPYING (SPDX GPL-3.0 via the GitHub licence API),sofa/a2tf.for,5957,,,no_umat_entry,"Fortran, but it declares no SUBROUTINE UMAT",filename_umat_for,,,round2_size_partitioned_and_deck_first,,
rwharton/test_tempo2,9572d4794a9daeca7f44a838dfecfa26123ce17f,GPL-3.0,copyleft,COPYING (SPDX GPL-3.0 via the GitHub licence API),sofa/anp.for,4555,,,no_umat_entry,"Fortran, but it declares no SUBROUTINE UMAT",filename_umat_for,,,round2_size_partitioned_and_deck_first,,
rwharton/test_tempo2,9572d4794a9daeca7f44a838dfecfa26123ce17f,GPL-3.0,copyleft,COPYING (SPDX GPL-3.0 via the GitHub licence API),sofa/anpm.for,4667,,,no_umat_entry,"Fortran, but it declares no SUBROUTINE UMAT",filename_umat_for,,,round2_size_partitioned_and_deck_first,,
rwharton/test_tempo2,9572d4794a9daeca7f44a838dfecfa26123ce17f,GPL-3.0,copyleft,COPYING (SPDX GPL-3.0 via the GitHub licence API),sofa/bi00.for,6258,,,no_umat_entry,"Fortran, but it declares no SUBROUTINE UMAT",filename_umat_for,,,round2_size_partitioned_and_deck_first,,
rwharton/test_tempo2,9572d4794a9daeca7f44a838dfecfa26123ce17f,GPL-3.0,copyleft,COPYING (SPDX GPL-3.0 via the GitHub licence API),sofa/bp00.for,8114,,,no_umat_entry,"Fortran, but it declares no SUBROUTINE UMAT",filename_umat_for,,,round2_size_partitioned_and_deck_first,,
rwharton/test_tempo2,9572d4794a9daeca7f44a838dfecfa26123ce17f,GPL-3.0,copyleft,COPYING (SPDX GPL-3.0 via the GitHub licence API),sofa/bpn2xy.for,5125,,,no_umat_entry,"Fortran, but it declares no SUBROUTINE UMAT",filename_umat_for,,,round2_size_partitioned_and_deck_first,,
rwharton/test_tempo2,9572d4794a9daeca7f44a838dfecfa26123ce17f,GPL-3.0,copyleft,COPYING (SPDX GPL-3.0 via the GitHub licence API),sofa/c2i00a.for,6694,,,no_umat_entry,"Fortran, but it declares no SUBROUTINE UMAT",filename_umat_for,,,round2_size_partitioned_and_deck_first,,
rwharton/test_tempo2,9572d4794a9daeca7f44a838dfecfa26123ce17f,GPL-3.0,copyleft,COPYING (SPDX GPL-3.0 via the GitHub licence API),sofa/c2i00b.for,6680,,,no_umat_entry,"Fortran, but it declares no SUBROUTINE UMAT",filename_umat_for,,,round2_size_partitioned_and_deck_first,,
rwharton/test_tempo2,9572d4794a9daeca7f44a838dfecfa26123ce17f,GPL-3.0,copyleft,COPYING (SPDX GPL-3.0 via the GitHub licence API),sofa/c2ibpn.for,6612,,,no_umat_entry,"Fortran, but it declares no SUBROUTINE UMAT",filename_umat_for,,,round2_size_partitioned_and_deck_first,,
rwharton/test_tempo2,9572d4794a9daeca7f44a838dfecfa26123ce17f,GPL-3.0,copyleft,COPYING (SPDX GPL-3.0 via the GitHub licence API),sofa/c2ixy.for,6413,,,no_umat_entry,"Fortran, but it declares no SUBROUTINE UMAT",filename_umat_for,,,round2_size_partitioned_and_deck_first,,
rwharton/test_tempo2,9572d4794a9daeca7f44a838dfecfa26123ce17f,GPL-3.0,copyleft,COPYING (SPDX GPL-3.0 via the GitHub licence API),sofa/c2ixys.for,5856,,,no_umat_entry,"Fortran, but it declares no SUBROUTINE UMAT",filename_umat_for,,,round2_size_partitioned_and_deck_first,,
rwharton/test_tempo2,9572d4794a9daeca7f44a838dfecfa26123ce17f,GPL-3.0,copyleft,COPYING (SPDX GPL-3.0 via the GitHub licence API),sofa/c2s.for,4911,,,no_umat_entry,"Fortran, but it declares no SUBROUTINE UMAT",filename_umat_for,,,round2_size_partitioned_and_deck_first,,
rwharton/test_tempo2,9572d4794a9daeca7f44a838dfecfa26123ce17f,GPL-3.0,copyleft,COPYING (SPDX GPL-3.0 via the GitHub licence API),sofa/c2t00a.for,7730,,,no_umat_entry,"Fortran, but it declares no SUBROUTINE UMAT",filename_umat_for,,,round2_size_partitioned_and_deck_first,,
rwharton/test_tempo2,9572d4794a9daeca7f44a838dfecfa26123ce17f,GPL-3.0,copyleft,COPYING (SPDX GPL-3.0 via the GitHub licence API),sofa/c2t00b.for,7579,,,no_umat_entry,"Fortran, but it declares no SUBROUTINE UMAT",filename_umat_for,,,round2_size_partitioned_and_deck_first,,
rwharton/test_tempo2,9572d4794a9daeca7f44a838dfecfa26123ce17f,GPL-3.0,copyleft,COPYING (SPDX GPL-3.0 via the GitHub licence API),sofa/c2tceo.for,6020,,,no_umat_entry,"Fortran, but it declares no SUBROUTINE UMAT",filename_umat_for,,,round2_size_partitioned_and_deck_first,,
rwharton/test_tempo2,9572d4794a9daeca7f44a838dfecfa26123ce17f,GPL-3.0,copyleft,COPYING (SPDX GPL-3.0 via the GitHub licence API),sofa/c2teqx.for,6060,,,no_umat_entry,"Fortran, but it declares no SUBROUTINE UMAT",filename_umat_for,,,round2_size_partitioned_and_deck_first,,
rwharton/test_tempo2,9572d4794a9daeca7f44a838dfecfa26123ce17f,GPL-3.0,copyleft,COPYING (SPDX GPL-3.0 via the GitHub licence API),sofa/c2tpe.for,8279,,,no_umat_entry,"Fortran, but it declares no SUBROUTINE UMAT",filename_umat_for,,,round2_size_partitioned_and_deck_first,,
rwharton/test_tempo2,9572d4794a9daeca7f44a838dfecfa26123ce17f,GPL-3.0,copyleft,COPYING (SPDX GPL-3.0 via the GitHub licence API),sofa/c2txy.for,7684,,,no_umat_entry,"Fortran, but it declares no SUBROUTINE UMAT",filename_umat_for,,,round2_size_partitioned_and_deck_first,,
rwharton/test_tempo2,9572d4794a9daeca7f44a838dfecfa26123ce17f,GPL-3.0,copyleft,COPYING (SPDX GPL-3.0 via the GitHub licence API),sofa/cal2jd.for,6623,,,no_umat_entry,"Fortran, but it declares no SUBROUTINE UMAT",filename_umat_for,,,round2_size_partitioned_and_deck_first,,
rwharton/test_tempo2,9572d4794a9daeca7f44a838dfecfa26123ce17f,GPL-3.0,copyleft,COPYING (SPDX GPL-3.0 via the GitHub licence API),sofa/cp.for,4380,,,no_umat_entry,"Fortran, but it declares no SUBROUTINE UMAT",filename_umat_for,,,round2_size_partitioned_and_deck_first,,
rwharton/test_tempo2,9572d4794a9daeca7f44a838dfecfa26123ce17f,GPL-3.0,copyleft,COPYING (SPDX GPL-3.0 via the GitHub licence API),sofa/cpv.for,4479,,,no_umat_entry,"Fortran, but it declares no SUBROUTINE UMAT",filename_umat_for,,,round2_size_partitioned_and_deck_first,,
rwharton/test_tempo2,9572d4794a9daeca7f44a838dfecfa26123ce17f,GPL-3.0,copyleft,COPYING (SPDX GPL-3.0 via the GitHub licence API),sofa/cr.for,4452,,,no_umat_entry,"Fortran, but it declares no SUBROUTINE UMAT",filename_umat_for,,,round2_size_partitioned_and_deck_first,,
rwharton/test_tempo2,9572d4794a9daeca7f44a838dfecfa26123ce17f,GPL-3.0,copyleft,COPYING (SPDX GPL-3.0 via the GitHub licence API),sofa/d2tf.for,6936,,,no_umat_entry,"Fortran, but it declares no SUBROUTINE UMAT",filename_umat_for,,,round2_size_partitioned_and_deck_first,,
rwharton/test_tempo2,9572d4794a9daeca7f44a838dfecfa26123ce17f,GPL-3.0,copyleft,COPYING (SPDX GPL-3.0 via the GitHub licence API),,0,,,not_examined,stopped after 25 files from this repository; 96 not read,filename_umat_for,,,round2_size_partitioned_and_deck_first,,
schrodinger/q-e,,GPL-2.0,permissive,License (SPDX GPL-2.0 via the GitHub licence API),,0,,,licence_incompatible,GPL-2.0 is outside the set this project may redistribute; recorded and not fetched,filename_umat_f90,,,round2_size_partitioned_and_deck_first,,
seungwookseok/ABAQUS-version-CDPM2,,,,no LICENSE file detected by the GitHub API,,0,,,licence_absent,"no licence is declared, so nothing may be redistributed from it; a repository without a LICENSE file is refused, not assumed permissive; recorded and not fetched",filename_umat_f,,,round2_size_partitioned_and_deck_first,,
sponce24/EPW,700acd46298b63c295a4aa8ce84f0dfd32822b12,GPL-3.0,copyleft,LICENSE (SPDX GPL-3.0 inferred from the licence text; GitHub's API reported no identifier for this file),src/loadumat.f90,4936,,,no_umat_entry,"Fortran, but it declares no SUBROUTINE UMAT",filename_umat_f90,,,round2_size_partitioned_and_deck_first,,
sponce24/EPW,700acd46298b63c295a4aa8ce84f0dfd32822b12,GPL-3.0,copyleft,LICENSE (SPDX GPL-3.0 inferred from the licence text; GitHub's API reported no identifier for this file),src/a2f.f90,11931,,,no_umat_entry,"Fortran, but it declares no SUBROUTINE UMAT",filename_umat_f90,,,round2_size_partitioned_and_deck_first,,
sponce24/EPW,700acd46298b63c295a4aa8ce84f0dfd32822b12,GPL-3.0,copyleft,LICENSE (SPDX GPL-3.0 inferred from the licence text; GitHub's API reported no identifier for this file),src/allocate_epwq.f90,5107,,,no_umat_entry,"Fortran, but it declares no SUBROUTINE UMAT",filename_umat_f90,,,round2_size_partitioned_and_deck_first,,
sponce24/EPW,700acd46298b63c295a4aa8ce84f0dfd32822b12,GPL-3.0,copyleft,LICENSE (SPDX GPL-3.0 inferred from the licence text; GitHub's API reported no identifier for this file),src/bcast_epw_input.f90,13807,,,no_umat_entry,"Fortran, but it declares no SUBROUTINE UMAT",filename_umat_f90,,,round2_size_partitioned_and_deck_first,,
sponce24/EPW,700acd46298b63c295a4aa8ce84f0dfd32822b12,GPL-3.0,copyleft,LICENSE (SPDX GPL-3.0 inferred from the licence text; GitHub's API reported no identifier for this file),src/bloch2wan.f90,46568,,,no_umat_entry,"Fortran, but it declares no SUBROUTINE UMAT",filename_umat_f90,,,round2_size_partitioned_and_deck_first,,
sponce24/EPW,700acd46298b63c295a4aa8ce84f0dfd32822b12,GPL-3.0,copyleft,LICENSE (SPDX GPL-3.0 inferred from the licence text; GitHub's API reported no identifier for this file),src/broyden.f90,18669,,,no_umat_entry,"Fortran, but it declares no SUBROUTINE UMAT",filename_umat_f90,,,round2_size_partitioned_and_deck_first,,
sponce24/EPW,700acd46298b63c295a4aa8ce84f0dfd32822b12,GPL-3.0,copyleft,LICENSE (SPDX GPL-3.0 inferred from the licence text; GitHub's API reported no identifier for this file),src/close_epw.f90,1527,,,no_umat_entry,"Fortran, but it declares no SUBROUTINE UMAT",filename_umat_f90,,,round2_size_partitioned_and_deck_first,,
sponce24/EPW,700acd46298b63c295a4aa8ce84f0dfd32822b12,GPL-3.0,copyleft,LICENSE (SPDX GPL-3.0 inferred from the licence text; GitHub's API reported no identifier for this file),src/constants_epw.f90,3021,,,no_umat_entry,"Fortran, but it declares no SUBROUTINE UMAT",filename_umat_f90,,,round2_size_partitioned_and_deck_first,,
sponce24/EPW,700acd46298b63c295a4aa8ce84f0dfd32822b12,GPL-3.0,copyleft,LICENSE (SPDX GPL-3.0 inferred from the licence text; GitHub's API reported no identifier for this file),src/create_mesh.f90,16607,,,no_umat_entry,"Fortran, but it declares no SUBROUTINE UMAT",filename_umat_f90,,,round2_size_partitioned_and_deck_first,,
sponce24/EPW,700acd46298b63c295a4aa8ce84f0dfd32822b12,GPL-3.0,copyleft,LICENSE (SPDX GPL-3.0 inferred from the licence text; GitHub's API reported no identifier for this file),src/createkmap.f90,25512,,,no_umat_entry,"Fortran, but it declares no SUBROUTINE UMAT",filename_umat_f90,,,round2_size_partitioned_and_deck_first,,
sponce24/EPW,700acd46298b63c295a4aa8ce84f0dfd32822b12,GPL-3.0,copyleft,LICENSE (SPDX GPL-3.0 inferred from the licence text; GitHub's API reported no identifier for this file),src/deallocate_eliashberg.f90,6190,,,no_umat_entry,"Fortran, but it declares no SUBROUTINE UMAT",filename_umat_f90,,,round2_size_partitioned_and_deck_first,,
sponce24/EPW,700acd46298b63c295a4aa8ce84f0dfd32822b12,GPL-3.0,copyleft,LICENSE (SPDX GPL-3.0 inferred from the licence text; GitHub's API reported no identifier for this file),src/deallocate_epw.f90,5765,,,no_umat_entry,"Fortran, but it declares no SUBROUTINE UMAT",filename_umat_f90,,,round2_size_partitioned_and_deck_first,,
sponce24/EPW,700acd46298b63c295a4aa8ce84f0dfd32822b12,GPL-3.0,copyleft,LICENSE (SPDX GPL-3.0 inferred from the licence text; GitHub's API reported no identifier for this file),src/distribution.f90,2054,,,no_umat_entry,"Fortran, but it declares no SUBROUTINE UMAT",filename_umat_f90,,,round2_size_partitioned_and_deck_first,,
sponce24/EPW,700acd46298b63c295a4aa8ce84f0dfd32822b12,GPL-3.0,copyleft,LICENSE (SPDX GPL-3.0 inferred from the licence text; GitHub's API reported no identifier for this file),src/dmebloch2wan.f90,5835,,,no_umat_entry,"Fortran, but it declares no SUBROUTINE UMAT",filename_umat_f90,,,round2_size_partitioned_and_deck_first,,
sponce24/EPW,700acd46298b63c295a4aa8ce84f0dfd32822b12,GPL-3.0,copyleft,LICENSE (SPDX GPL-3.0 inferred from the licence text; GitHub's API reported no identifier for this file),src/dmewan2bloch.f90,5321,,,no_umat_entry,"Fortran, but it declares no SUBROUTINE UMAT",filename_umat_f90,,,round2_size_partitioned_and_deck_first,,
sponce24/EPW,700acd46298b63c295a4aa8ce84f0dfd32822b12,GPL-3.0,copyleft,LICENSE (SPDX GPL-3.0 inferred from the licence text; GitHub's API reported no identifier for this file),src/dvanqq2.f90,9588,,,no_umat_entry,"Fortran, but it declares no SUBROUTINE UMAT",filename_umat_f90,,,round2_size_partitioned_and_deck_first,,
sponce24/EPW,700acd46298b63c295a4aa8ce84f0dfd32822b12,GPL-3.0,copyleft,LICENSE (SPDX GPL-3.0 inferred from the licence text; GitHub's API reported no identifier for this file),src/dvqpsi_us3.f90,7124,,,no_umat_entry,"Fortran, but it declares no SUBROUTINE UMAT",filename_umat_f90,,,round2_size_partitioned_and_deck_first,,
sponce24/EPW,700acd46298b63c295a4aa8ce84f0dfd32822b12,GPL-3.0,copyleft,LICENSE (SPDX GPL-3.0 inferred from the licence text; GitHub's API reported no identifier for this file),src/dvqpsi_us_only3.f90,10425,,,no_umat_entry,"Fortran, but it declares no SUBROUTINE UMAT",filename_umat_f90,,,round2_size_partitioned_and_deck_first,,
sponce24/EPW,700acd46298b63c295a4aa8ce84f0dfd32822b12,GPL-3.0,copyleft,LICENSE (SPDX GPL-3.0 inferred from the licence text; GitHub's API reported no identifier for this file),src/dynbloch2wan.f90,4246,,,no_umat_entry,"Fortran, but it declares no SUBROUTINE UMAT",filename_umat_f90,,,round2_size_partitioned_and_deck_first,,
sponce24/EPW,700acd46298b63c295a4aa8ce84f0dfd32822b12,GPL-3.0,copyleft,LICENSE (SPDX GPL-3.0 inferred from the licence text; GitHub's API reported no identifier for this file),src/dynwan2bloch.f90,5005,,,no_umat_entry,"Fortran, but it declares no SUBROUTINE UMAT",filename_umat_f90,,,round2_size_partitioned_and_deck_first,,
sponce24/EPW,700acd46298b63c295a4aa8ce84f0dfd32822b12,GPL-3.0,copyleft,LICENSE (SPDX GPL-3.0 inferred from the licence text; GitHub's API reported no identifier for this file),src/eliashberg.f90,3112,,,no_umat_entry,"Fortran, but it declares no SUBROUTINE UMAT",filename_umat_f90,,,round2_size_partitioned_and_deck_first,,
sponce24/EPW,700acd46298b63c295a4aa8ce84f0dfd32822b12,GPL-3.0,copyleft,LICENSE (SPDX GPL-3.0 inferred from the licence text; GitHub's API reported no identifier for this file),src/eliashberg_aniso_cont_raxis.f90,16345,,,no_umat_entry,"Fortran, but it declares no SUBROUTINE UMAT",filename_umat_f90,,,round2_size_partitioned_and_deck_first,,
sponce24/EPW,700acd46298b63c295a4aa8ce84f0dfd32822b12,GPL-3.0,copyleft,LICENSE (SPDX GPL-3.0 inferred from the licence text; GitHub's API reported no identifier for this file),src/eliashberg_aniso_iaxis.f90,23612,,,no_umat_entry,"Fortran, but it declares no SUBROUTINE UMAT",filename_umat_f90,,,round2_size_partitioned_and_deck_first,,
sponce24/EPW,700acd46298b63c295a4aa8ce84f0dfd32822b12,GPL-3.0,copyleft,LICENSE (SPDX GPL-3.0 inferred from the licence text; GitHub's API reported no identifier for this file),src/eliashberg_iso_cont_raxis.f90,7883,,,no_umat_entry,"Fortran, but it declares no SUBROUTINE UMAT",filename_umat_f90,,,round2_size_partitioned_and_deck_first,,
sponce24/EPW,700acd46298b63c295a4aa8ce84f0dfd32822b12,GPL-3.0,copyleft,LICENSE (SPDX GPL-3.0 inferred from the licence text; GitHub's API reported no identifier for this file),src/eliashberg_iso_iaxis.f90,10486,,,no_umat_entry,"Fortran, but it declares no SUBROUTINE UMAT",filename_umat_f90,,,round2_size_partitioned_and_deck_first,,
sponce24/EPW,700acd46298b63c295a4aa8ce84f0dfd32822b12,GPL-3.0,copyleft,LICENSE (SPDX GPL-3.0 inferred from the licence text; GitHub's API reported no identifier for this file),,0,,,not_examined,stopped after 25 files from this repository; 91 not read,filename_umat_f90,,,round2_size_partitioned_and_deck_first,,
stanweer1/HyperelasticityForUltrasonicFlawDetection,da957dac6e518c8543076c5da1fb968e565f31a5,GPL-3.0,copyleft,LICENSE (SPDX GPL-3.0 via the GitHub licence API),vumat_murnaghan-model.for,8887,,,no_umat_entry,declares a VUMAT and no UMAT; the explicit interface is out of scope,filename_umat_for,,,round2_size_partitioned_and_deck_first,,
stanweer1/HyperelasticityForUltrasonicFlawDetection,da957dac6e518c8543076c5da1fb968e565f31a5,GPL-3.0,copyleft,LICENSE (SPDX GPL-3.0 via the GitHub licence API),uhyper_murnaghan-model.for,4868,,,no_umat_entry,"Fortran, but it declares no SUBROUTINE UMAT",filename_umat_for,,,round2_size_partitioned_and_deck_first,,
stanweer1/HyperelasticityForUltrasonicFlawDetection,da957dac6e518c8543076c5da1fb968e565f31a5,GPL-3.0,copyleft,LICENSE (SPDX GPL-3.0 via the GitHub licence API),vuanisohyper_murnaghan-model.for,4679,,,no_umat_entry,"Fortran, but it declares no SUBROUTINE UMAT",filename_umat_for,,,round2_size_partitioned_and_deck_first,,
steabert/OpenMolcas,,LGPL-2.1,permissive,LICENSE (SPDX LGPL-2.1 via the GitHub licence API),,0,,,licence_incompatible,LGPL-2.1 is outside the set this project may redistribute; recorded and not fetched,filename_umat_f,,,round2_size_partitioned_and_deck_first,,
subhayanrc/ShirleyForQE,,GPL-2.0,permissive,License (SPDX GPL-2.0 via the GitHub licence API),,0,,,licence_incompatible,GPL-2.0 is outside the set this project may redistribute; recorded and not fetched,filename_umat_f90,,,round2_size_partitioned_and_deck_first,,
timurbazhirov/EPW,,,,no LICENSE file detected by the GitHub API,,0,,,licence_absent,"no licence is declared, so nothing may be redistributed from it; a repository without a LICENSE file is refused, not assumed permissive; recorded and not fetched",filename_umat_f90,,,round2_size_partitioned_and_deck_first,,
xingyu-alfred-liu/qeAsSharedLib,,GPL-2.0,permissive,License (SPDX GPL-2.0 via the GitHub licence API),,0,,,licence_incompatible,GPL-2.0 is outside the set this project may redistribute; recorded and not fetched,filename_umat_f90,,,round2_size_partitioned_and_deck_first,,
yhao-geo/tomoDD_SP_tech,,,,no LICENSE file detected by the GitHub API,,0,,,licence_absent,"no licence is declared, so nothing may be redistributed from it; a repository without a LICENSE file is refused, not assumed permissive; recorded and not fetched",filename_umat_f,,,round2_size_partitioned_and_deck_first,,
yidapa/qe-tddft,,GPL-2.0,permissive,License (SPDX GPL-2.0 via the GitHub licence API),,0,,,licence_incompatible,GPL-2.0 is outside the set this project may redistribute; recorded and not fetched,filename_umat_f90,,,round2_size_partitioned_and_deck_first,,
yzhang951/yzhang951.github.io,e0f64a8e738453f2ad0d4268b19d255652054981,MIT,permissive,LICENSE (SPDX MIT via the GitHub licence API),,0,,,no_fortran,its tree lists no Fortran file and no file the search matched,size_8000..14000,,,round2_size_partitioned_and_deck_first,,
zhgnc/personal_project,,,,no LICENSE file detected by the GitHub API,,0,,,licence_absent,"no licence is declared, so nothing may be redistributed from it; a repository without a LICENSE file is refused, not assumed permissive; recorded and not fetched",filename_umat_f90,,,round2_size_partitioned_and_deck_first,,
zhufengGNSS/POD_GeoscienceAustralia,,,,no LICENSE file detected by the GitHub API,,0,,,licence_absent,"no licence is declared, so nothing may be redistributed from it; a repository without a LICENSE file is refused, not assumed permissive; recorded and not fetched",filename_umat_for,,,round2_size_partitioned_and_deck_first,,
