increment,branch,stress_component,order,directions,direction_pattern,step_factor,step,fd_value,fd_value_normalized,invariant_across_stencil,oti_derivative,reference_classification
1,elastic,1,2,1|1,repeated,16.0,0.0064,-0.0882092024908161,-8.820920249081611e-07,False,0.0,expected_zero_independently_supported
1,elastic,1,2,1|1,repeated,8.0,0.0032,0.12857992597992052,1.2857992597992052e-06,False,0.0,expected_zero_independently_supported
1,elastic,1,2,1|1,repeated,4.0,0.0016,0.009687804076293105,9.687804076293105e-08,False,0.0,expected_zero_independently_supported
1,elastic,1,2,1|1,repeated,2.0,0.0008,1.7644197214394808e-10,1.7644197214394809e-15,False,0.0,expected_zero_independently_supported
1,elastic,1,2,1|1,repeated,1.0,0.0004,-1.69893610291183e-08,-1.6989361029118301e-13,False,0.0,expected_zero_independently_supported
1,elastic,1,2,1|1,repeated,0.5,0.0002,-9.077484719455242e-08,-9.077484719455243e-13,False,0.0,expected_zero_independently_supported
1,elastic,1,2,1|1,repeated,0.25,0.0001,-1.0617077350616455e-07,-1.0617077350616455e-12,False,0.0,expected_zero_independently_supported
1,elastic,1,2,1|1,repeated,0.125,5e-05,3.8743019104003906e-07,3.874301910400391e-12,False,0.0,expected_zero_independently_supported
1,elastic,1,2,1|1,repeated,0.0625,2.5e-05,1.1064112186431885e-06,1.1064112186431885e-11,False,0.0,expected_zero_independently_supported
1,elastic,2,2,1|1,repeated,16.0,0.0064,0.07301526178564277,7.301526178564278e-07,False,0.0,expected_zero_independently_supported
1,elastic,2,2,1|1,repeated,8.0,0.0032,-0.08582528902621434,-8.582528902621434e-07,False,0.0,expected_zero_independently_supported
1,elastic,2,2,1|1,repeated,4.0,0.0016,-0.006209080777111353,-6.209080777111353e-08,False,0.0,expected_zero_independently_supported
1,elastic,2,2,1|1,repeated,2.0,0.0008,2.219735506514553e-10,2.219735506514553e-15,False,0.0,expected_zero_independently_supported
1,elastic,2,2,1|1,repeated,1.0,0.0004,-4.4890384742757306e-09,-4.489038474275731e-14,False,0.0,expected_zero_independently_supported
1,elastic,2,2,1|1,repeated,0.5,0.0002,-1.635908120078966e-08,-1.6359081200789663e-13,False,0.0,expected_zero_independently_supported
1,elastic,2,2,1|1,repeated,0.25,0.0001,-6.296249921433628e-08,-6.296249921433628e-13,False,0.0,expected_zero_independently_supported
1,elastic,2,2,1|1,repeated,0.125,5e-05,-2.5279587134718895e-07,-2.5279587134718897e-12,False,0.0,expected_zero_independently_supported
1,elastic,2,2,1|1,repeated,0.0625,2.5e-05,-1.0114163160324097e-06,-1.0114163160324097e-11,False,0.0,expected_zero_independently_supported
1,elastic,3,2,1|1,repeated,16.0,0.0064,0.015193940620633839,1.519394062063384e-07,False,0.0,expected_zero_independently_supported
1,elastic,3,2,1|1,repeated,8.0,0.0032,-0.042754637284474484,-4.275463728447448e-07,False,0.0,expected_zero_independently_supported
1,elastic,3,2,1|1,repeated,4.0,0.0016,-0.0034787244567269227,-3.4787244567269225e-08,False,0.0,expected_zero_independently_supported
1,elastic,3,2,1|1,repeated,2.0,0.0008,1.2555005923786666e-09,1.2555005923786665e-14,False,0.0,expected_zero_independently_supported
1,elastic,3,2,1|1,repeated,1.0,0.0004,-9.51331458054483e-10,-9.51331458054483e-15,False,0.0,expected_zero_independently_supported
1,elastic,3,2,1|1,repeated,0.5,0.0002,-1.5788828022778034e-08,-1.5788828022778035e-13,False,0.0,expected_zero_independently_supported
1,elastic,3,2,1|1,repeated,0.25,0.0001,-5.611218512058258e-08,-5.611218512058258e-13,False,0.0,expected_zero_independently_supported
1,elastic,3,2,1|1,repeated,0.125,5e-05,1.0710209608078003e-08,1.0710209608078003e-13,False,0.0,expected_zero_independently_supported
1,elastic,3,2,1|1,repeated,0.0625,2.5e-05,-1.0309740900993347e-06,-1.0309740900993347e-11,False,0.0,expected_zero_independently_supported
1,elastic,4,2,1|1,repeated,16.0,0.0064,0.0,0.0,True,0.0,expected_zero_independently_supported
1,elastic,4,2,1|1,repeated,8.0,0.0032,0.0,0.0,True,0.0,expected_zero_independently_supported
1,elastic,4,2,1|1,repeated,4.0,0.0016,0.0,0.0,True,0.0,expected_zero_independently_supported
1,elastic,4,2,1|1,repeated,2.0,0.0008,0.0,0.0,True,0.0,expected_zero_independently_supported
1,elastic,4,2,1|1,repeated,1.0,0.0004,0.0,0.0,True,0.0,expected_zero_independently_supported
1,elastic,4,2,1|1,repeated,0.5,0.0002,0.0,0.0,True,0.0,expected_zero_independently_supported
1,elastic,4,2,1|1,repeated,0.25,0.0001,0.0,0.0,True,0.0,expected_zero_independently_supported
1,elastic,4,2,1|1,repeated,0.125,5e-05,0.0,0.0,True,0.0,expected_zero_independently_supported
1,elastic,4,2,1|1,repeated,0.0625,2.5e-05,0.0,0.0,True,0.0,expected_zero_independently_supported
1,elastic,1,3,1|1|1,repeated,16.0,0.0064,-312.0935543202795,-3.120935543202796e-05,False,0.0,expected_zero_independently_supported
1,elastic,1,3,1|1|1,repeated,8.0,0.0032,-100.81951760686934,-1.0081951760686936e-05,False,0.0,expected_zero_independently_supported
1,elastic,1,3,1|1|1,repeated,4.0,0.0016,-98.8963479604572,-9.889634796045722e-06,False,0.0,expected_zero_independently_supported
1,elastic,1,3,1|1|1,repeated,2.0,0.0008,-4.4852495193481445e-06,-4.4852495193481455e-13,False,0.0,expected_zero_independently_supported
1,elastic,1,3,1|1|1,repeated,1.0,0.0004,5.030632019042969e-05,5.03063201904297e-12,False,0.0,expected_zero_independently_supported
1,elastic,1,3,1|1|1,repeated,0.5,0.0002,0.00038909912109375,3.8909912109375e-11,False,0.0,expected_zero_independently_supported
1,elastic,1,3,1|1|1,repeated,0.25,0.0001,-0.001617431640625,-1.6174316406250003e-10,False,0.0,expected_zero_independently_supported
1,elastic,1,3,1|1|1,repeated,0.125,5e-05,0.010009765625,1.0009765625000001e-09,False,0.0,expected_zero_independently_supported
1,elastic,1,3,1|1|1,repeated,0.0625,2.5e-05,-0.154296875,-1.54296875e-08,False,0.0,expected_zero_independently_supported
1,elastic,2,3,1|1|1,repeated,16.0,0.0064,184.29683384881355,1.842968338488136e-05,False,0.0,expected_zero_independently_supported
1,elastic,2,3,1|1|1,repeated,8.0,0.0032,75.85385619848967,7.5853856198489674e-06,False,0.0,expected_zero_independently_supported
1,elastic,2,3,1|1|1,repeated,4.0,0.0016,63.38436660543084,6.338436660543086e-06,False,0.0,expected_zero_independently_supported
1,elastic,2,3,1|1|1,repeated,2.0,0.0008,-2.1904706954956055e-06,-2.1904706954956057e-13,False,0.0,expected_zero_independently_supported
1,elastic,2,3,1|1|1,repeated,1.0,0.0004,4.649162292480469e-06,4.64916229248047e-13,False,0.0,expected_zero_independently_supported
1,elastic,2,3,1|1|1,repeated,0.5,0.0002,7.343292236328125e-05,7.343292236328126e-12,False,0.0,expected_zero_independently_supported
1,elastic,2,3,1|1|1,repeated,0.25,0.0001,-0.00038433074951171875,-3.8433074951171885e-11,False,0.0,expected_zero_independently_supported
1,elastic,2,3,1|1|1,repeated,0.125,5e-05,0.01110076904296875,1.1100769042968753e-09,False,0.0,expected_zero_independently_supported
1,elastic,2,3,1|1|1,repeated,0.0625,2.5e-05,0.009674072265625,9.674072265625001e-10,False,0.0,expected_zero_independently_supported
1,elastic,3,3,1|1|1,repeated,16.0,0.0064,127.79672046634369,1.277967204663437e-05,False,0.0,expected_zero_independently_supported
1,elastic,3,3,1|1|1,repeated,8.0,0.0032,24.96566128730774,2.496566128730774e-06,False,0.0,expected_zero_independently_supported
1,elastic,3,3,1|1|1,repeated,4.0,0.0016,35.5119811501354,3.5511981150135407e-06,False,0.0,expected_zero_independently_supported
1,elastic,3,3,1|1|1,repeated,2.0,0.0008,-3.5408884286880493e-06,-3.54088842868805e-13,False,0.0,expected_zero_independently_supported
1,elastic,3,3,1|1|1,repeated,1.0,0.0004,-9.5367431640625e-07,-9.536743164062502e-14,False,0.0,expected_zero_independently_supported
1,elastic,3,3,1|1|1,repeated,0.5,0.0002,0.00019550323486328125,1.955032348632813e-11,False,0.0,expected_zero_independently_supported
1,elastic,3,3,1|1|1,repeated,0.25,0.0001,-0.000244140625,-2.4414062500000005e-11,False,0.0,expected_zero_independently_supported
1,elastic,3,3,1|1|1,repeated,0.125,5e-05,0.0020751953125,2.0751953125000003e-10,False,0.0,expected_zero_independently_supported
1,elastic,3,3,1|1|1,repeated,0.0625,2.5e-05,0.0361328125,3.6132812500000006e-09,False,0.0,expected_zero_independently_supported
1,elastic,4,3,1|1|1,repeated,16.0,0.0064,0.0,0.0,True,0.0,expected_zero_independently_supported
1,elastic,4,3,1|1|1,repeated,8.0,0.0032,0.0,0.0,True,0.0,expected_zero_independently_supported
1,elastic,4,3,1|1|1,repeated,4.0,0.0016,0.0,0.0,True,0.0,expected_zero_independently_supported
1,elastic,4,3,1|1|1,repeated,2.0,0.0008,0.0,0.0,True,0.0,expected_zero_independently_supported
1,elastic,4,3,1|1|1,repeated,1.0,0.0004,0.0,0.0,True,0.0,expected_zero_independently_supported
1,elastic,4,3,1|1|1,repeated,0.5,0.0002,0.0,0.0,True,0.0,expected_zero_independently_supported
1,elastic,4,3,1|1|1,repeated,0.25,0.0001,0.0,0.0,True,0.0,expected_zero_independently_supported
1,elastic,4,3,1|1|1,repeated,0.125,5e-05,0.0,0.0,True,0.0,expected_zero_independently_supported
1,elastic,4,3,1|1|1,repeated,0.0625,2.5e-05,0.0,0.0,True,0.0,expected_zero_independently_supported
1,elastic,1,4,1|1|1|1,repeated,16.0,0.0064,-82951.81606644392,-8.295181606644393e-05,False,0.0,expected_zero_independently_supported
1,elastic,1,4,1|1|1|1,repeated,8.0,0.0032,-154850.4577293396,-0.00015485045772933962,False,0.0,expected_zero_independently_supported
1,elastic,1,4,1|1|1|1,repeated,4.0,0.0016,-61810.21500301361,-6.181021500301361e-05,False,0.0,expected_zero_independently_supported
1,elastic,1,4,1|1|1|1,repeated,2.0,0.0008,0.01593017578125,1.593017578125e-11,False,0.0,expected_zero_independently_supported
1,elastic,1,4,1|1|1|1,repeated,1.0,0.0004,1.1376953125,1.1376953125e-09,False,0.0,expected_zero_independently_supported
1,elastic,1,4,1|1|1|1,repeated,0.5,0.0002,12.203125,1.2203125e-08,False,0.0,expected_zero_independently_supported
1,elastic,1,4,1|1|1|1,repeated,0.25,0.0001,195.0,1.9499999999999999e-07,False,0.0,expected_zero_independently_supported
1,elastic,1,4,1|1|1|1,repeated,0.125,5e-05,1072.0,1.072e-06,False,0.0,expected_zero_independently_supported
1,elastic,1,4,1|1|1|1,repeated,0.0625,2.5e-05,25408.0,2.5408e-05,False,0.0,expected_zero_independently_supported
1,elastic,2,4,1|1|1|1,repeated,16.0,0.0064,47923.67532132278,4.7923675321322784e-05,False,0.0,expected_zero_independently_supported
1,elastic,2,4,1|1|1|1,repeated,8.0,0.0032,104445.34520836035,0.00010444534520836034,False,0.0,expected_zero_independently_supported
1,elastic,2,4,1|1|1|1,repeated,4.0,0.0016,39615.2289974466,3.9615228997446595e-05,False,0.0,expected_zero_independently_supported
1,elastic,2,4,1|1|1|1,repeated,2.0,0.0008,0.00046122074127197266,4.612207412719727e-13,False,0.0,expected_zero_independently_supported
1,elastic,2,4,1|1|1|1,repeated,1.0,0.0004,0.14690589904785156,1.4690589904785158e-10,False,0.0,expected_zero_independently_supported
1,elastic,2,4,1|1|1|1,repeated,0.5,0.0002,1.584869384765625,1.5848693847656252e-09,False,0.0,expected_zero_independently_supported
1,elastic,2,4,1|1|1|1,repeated,0.25,0.0001,25.21728515625,2.521728515625e-08,False,0.0,expected_zero_independently_supported
1,elastic,2,4,1|1|1|1,repeated,0.125,5e-05,406.5390625,4.0653906250000003e-07,False,0.0,expected_zero_independently_supported
1,elastic,2,4,1|1|1|1,repeated,0.0625,2.5e-05,6464.625,6.464625000000001e-06,False,0.0,expected_zero_independently_supported
1,elastic,3,4,1|1|1|1,repeated,16.0,0.0064,35028.140754431486,3.502814075443149e-05,False,0.0,expected_zero_independently_supported
1,elastic,3,4,1|1|1|1,repeated,8.0,0.0032,50405.11277341843,5.040511277341843e-05,False,0.0,expected_zero_independently_supported
1,elastic,3,4,1|1|1|1,repeated,4.0,0.0016,22194.98845767975,2.219498845767975e-05,False,0.0,expected_zero_independently_supported
1,elastic,3,4,1|1|1|1,repeated,2.0,0.0008,0.0018444061279296875,1.8444061279296875e-12,False,0.0,expected_zero_independently_supported
1,elastic,3,4,1|1|1|1,repeated,1.0,0.0004,0.278564453125,2.7856445312500004e-10,False,0.0,expected_zero_independently_supported
1,elastic,3,4,1|1|1|1,repeated,0.5,0.0002,5.89453125,5.8945312499999995e-09,False,0.0,expected_zero_independently_supported
1,elastic,3,4,1|1|1|1,repeated,0.25,0.0001,56.0625,5.60625e-08,False,0.0,expected_zero_independently_supported
1,elastic,3,4,1|1|1|1,repeated,0.125,5e-05,897.0,8.97e-07,False,0.0,expected_zero_independently_supported
1,elastic,3,4,1|1|1|1,repeated,0.0625,2.5e-05,18448.0,1.8448e-05,False,0.0,expected_zero_independently_supported
1,elastic,4,4,1|1|1|1,repeated,16.0,0.0064,0.0,0.0,True,0.0,expected_zero_independently_supported
1,elastic,4,4,1|1|1|1,repeated,8.0,0.0032,0.0,0.0,True,0.0,expected_zero_independently_supported
1,elastic,4,4,1|1|1|1,repeated,4.0,0.0016,0.0,0.0,True,0.0,expected_zero_independently_supported
1,elastic,4,4,1|1|1|1,repeated,2.0,0.0008,0.0,0.0,True,0.0,expected_zero_independently_supported
1,elastic,4,4,1|1|1|1,repeated,1.0,0.0004,0.0,0.0,True,0.0,expected_zero_independently_supported
1,elastic,4,4,1|1|1|1,repeated,0.5,0.0002,0.0,0.0,True,0.0,expected_zero_independently_supported
1,elastic,4,4,1|1|1|1,repeated,0.25,0.0001,0.0,0.0,True,0.0,expected_zero_independently_supported
1,elastic,4,4,1|1|1|1,repeated,0.125,5e-05,0.0,0.0,True,0.0,expected_zero_independently_supported
1,elastic,4,4,1|1|1|1,repeated,0.0625,2.5e-05,0.0,0.0,True,0.0,expected_zero_independently_supported
1,elastic,1,3,1|1|2,mixed,16.0,0.0064,318.2929572035766,3.182929572035766e-05,False,0.0,expected_zero_independently_supported
1,elastic,1,3,1|1|2,mixed,8.0,0.0032,-426.4506026539584,-4.2645060265395846e-05,False,0.0,expected_zero_independently_supported
1,elastic,1,3,1|1|2,mixed,4.0,0.0016,-42.50317527659081,-4.250317527659082e-06,False,0.0,expected_zero_independently_supported
1,elastic,1,3,1|1|2,mixed,2.0,0.0008,0.014666390654383576,1.4666390654383578e-09,False,0.0,expected_zero_independently_supported
1,elastic,1,3,1|1|2,mixed,1.0,0.0004,-2.09860154427588e-05,-2.0986015442758803e-12,False,0.0,expected_zero_independently_supported
1,elastic,1,3,1|1|2,mixed,0.5,0.0002,-8.191540837287903e-05,-8.191540837287905e-12,False,0.0,expected_zero_independently_supported
1,elastic,1,3,1|1|2,mixed,0.25,0.0001,0.000860460102558136,8.604601025581362e-11,False,0.0,expected_zero_independently_supported
1,elastic,1,3,1|1|2,mixed,0.125,5e-05,0.0017094612121582031,1.7094612121582033e-10,False,0.0,expected_zero_independently_supported
1,elastic,1,3,1|1|2,mixed,0.0625,2.5e-05,0.023885726928710938,2.3885726928710942e-09,False,0.0,expected_zero_independently_supported
1,elastic,2,3,1|1|2,mixed,16.0,0.0064,-296.8427514660142,-2.9684275146601428e-05,False,0.0,expected_zero_independently_supported
1,elastic,2,3,1|1|2,mixed,8.0,0.0032,399.61747541920045,3.996174754192005e-05,False,0.0,expected_zero_independently_supported
1,elastic,2,3,1|1|2,mixed,4.0,0.0016,43.77545885034942,4.377545885034943e-06,False,0.0,expected_zero_independently_supported
1,elastic,2,3,1|1|2,mixed,2.0,0.0008,-0.012583792085933965,-1.2583792085933967e-09,False,0.0,expected_zero_independently_supported
1,elastic,2,3,1|1|2,mixed,1.0,0.0004,-8.005008567124605e-08,-8.005008567124606e-15,False,0.0,expected_zero_independently_supported
1,elastic,2,3,1|1|2,mixed,0.5,0.0002,-1.3545039109885693e-05,-1.3545039109885695e-12,False,0.0,expected_zero_independently_supported
1,elastic,2,3,1|1|2,mixed,0.25,0.0001,5.739904008805752e-05,5.739904008805753e-12,False,0.0,expected_zero_independently_supported
1,elastic,2,3,1|1|2,mixed,0.125,5e-05,-0.00012379512190818787,-1.2379512190818788e-11,False,0.0,expected_zero_independently_supported
1,elastic,2,3,1|1|2,mixed,0.0625,2.5e-05,-0.0008692033588886261,-8.692033588886262e-11,False,0.0,expected_zero_independently_supported
1,elastic,3,3,1|1|2,mixed,16.0,0.0064,-21.450205710948353,-2.1450205710948355e-06,False,0.0,expected_zero_independently_supported
1,elastic,3,3,1|1|2,mixed,8.0,0.0032,26.83312727422043,2.6833127274220434e-06,False,0.0,expected_zero_independently_supported
1,elastic,3,3,1|1|2,mixed,4.0,0.0016,-1.272284027994374,-1.272284027994374e-07,False,0.0,expected_zero_independently_supported
1,elastic,3,3,1|1|2,mixed,2.0,0.0008,-0.002078935824101791,-2.0789358241017912e-10,False,0.0,expected_zero_independently_supported
1,elastic,3,3,1|1|2,mixed,1.0,0.0004,7.66522134654224e-09,7.66522134654224e-16,False,0.0,expected_zero_independently_supported
1,elastic,3,3,1|1|2,mixed,0.5,0.0002,-1.6812467947602272e-05,-1.6812467947602273e-12,False,0.0,expected_zero_independently_supported
1,elastic,3,3,1|1|2,mixed,0.25,0.0001,-0.0005945097655057907,-5.945097655057907e-11,False,0.0,expected_zero_independently_supported
1,elastic,3,3,1|1|2,mixed,0.125,5e-05,0.0021847039461135864,2.1847039461135867e-10,False,0.0,expected_zero_independently_supported
1,elastic,3,3,1|1|2,mixed,0.0625,2.5e-05,0.034775614738464355,3.4775614738464364e-09,False,0.0,expected_zero_independently_supported
1,elastic,4,3,1|1|2,mixed,16.0,0.0064,0.0,0.0,True,0.0,expected_zero_independently_supported
1,elastic,4,3,1|1|2,mixed,8.0,0.0032,0.0,0.0,True,0.0,expected_zero_independently_supported
1,elastic,4,3,1|1|2,mixed,4.0,0.0016,0.0,0.0,True,0.0,expected_zero_independently_supported
1,elastic,4,3,1|1|2,mixed,2.0,0.0008,0.0,0.0,True,0.0,expected_zero_independently_supported
1,elastic,4,3,1|1|2,mixed,1.0,0.0004,0.0,0.0,True,0.0,expected_zero_independently_supported
1,elastic,4,3,1|1|2,mixed,0.5,0.0002,0.0,0.0,True,0.0,expected_zero_independently_supported
1,elastic,4,3,1|1|2,mixed,0.25,0.0001,0.0,0.0,True,0.0,expected_zero_independently_supported
1,elastic,4,3,1|1|2,mixed,0.125,5e-05,0.0,0.0,True,0.0,expected_zero_independently_supported
1,elastic,4,3,1|1|2,mixed,0.0625,2.5e-05,0.0,0.0,True,0.0,expected_zero_independently_supported
1,elastic,1,4,1|1|2|2,mixed,16.0,0.0064,-77755.39907453136,-7.775539907453136e-05,False,0.0,expected_zero_independently_supported
1,elastic,1,4,1|1|2|2,mixed,8.0,0.0032,123259.25710649227,0.00012325925710649229,False,0.0,expected_zero_independently_supported
1,elastic,1,4,1|1|2|2,mixed,4.0,0.0016,-7949.139311897685,-7.949139311897685e-06,False,0.0,expected_zero_independently_supported
1,elastic,1,4,1|1|2|2,mixed,2.0,0.0008,-9.16599807376042,-9.16599807376042e-09,False,0.0,expected_zero_independently_supported
1,elastic,1,4,1|1|2|2,mixed,1.0,0.0004,0.19502639770507812,1.950263977050781e-10,False,0.0,expected_zero_independently_supported
1,elastic,1,4,1|1|2|2,mixed,0.5,0.0002,-3.5187301635742188,-3.518730163574219e-09,False,0.0,expected_zero_independently_supported
1,elastic,1,4,1|1|2|2,mixed,0.25,0.0001,19.62353515625,1.9623535156250002e-08,False,0.0,expected_zero_independently_supported
1,elastic,1,4,1|1|2|2,mixed,0.125,5e-05,-495.3896484375,-4.953896484375e-07,False,0.0,expected_zero_independently_supported
1,elastic,1,4,1|1|2|2,mixed,0.0625,2.5e-05,-6401.234375,-6.4012343750000005e-06,False,0.0,expected_zero_independently_supported
1,elastic,2,4,1|1|2|2,mixed,16.0,0.0064,78766.1163610762,7.876611636107621e-05,False,0.0,expected_zero_independently_supported
1,elastic,2,4,1|1|2|2,mixed,8.0,0.0032,-125239.08250715403,-0.00012523908250715402,False,0.0,expected_zero_independently_supported
1,elastic,2,4,1|1|2|2,mixed,4.0,0.0016,451.11406463803723,4.511140646380372e-07,False,0.0,expected_zero_independently_supported
1,elastic,2,4,1|1|2|2,mixed,2.0,0.0008,7.864535301923752,7.864535301923751e-09,False,0.0,expected_zero_independently_supported
1,elastic,2,4,1|1|2|2,mixed,1.0,0.0004,0.019829601049423218,1.9829601049423218e-11,False,0.0,expected_zero_independently_supported
1,elastic,2,4,1|1|2|2,mixed,0.5,0.0002,-0.1124429702758789,-1.1244297027587891e-10,False,0.0,expected_zero_independently_supported
1,elastic,2,4,1|1|2|2,mixed,0.25,0.0001,0.10826301574707031,1.082630157470703e-10,False,0.0,expected_zero_independently_supported
1,elastic,2,4,1|1|2|2,mixed,0.125,5e-05,-5.7463226318359375,-5.746322631835938e-09,False,0.0,expected_zero_independently_supported
1,elastic,2,4,1|1|2|2,mixed,0.0625,2.5e-05,46.66650390625,4.666650390625e-08,False,0.0,expected_zero_independently_supported
1,elastic,3,4,1|1|2|2,mixed,16.0,0.0064,-1010.7172732650602,-1.0107172732650601e-06,False,0.0,expected_zero_independently_supported
1,elastic,3,4,1|1|2|2,mixed,8.0,0.0032,1979.8252140076947,1.9798252140076947e-06,False,0.0,expected_zero_independently_supported
1,elastic,3,4,1|1|2|2,mixed,4.0,0.0016,7498.024669702514,7.498024669702514e-06,False,0.0,expected_zero_independently_supported
1,elastic,3,4,1|1|2|2,mixed,2.0,0.0008,1.2929158341139555,1.2929158341139554e-09,False,0.0,expected_zero_independently_supported
1,elastic,3,4,1|1|2|2,mixed,1.0,0.0004,-0.07463894225656986,-7.463894225656986e-11,False,0.0,expected_zero_independently_supported
1,elastic,3,4,1|1|2|2,mixed,0.5,0.0002,0.7231063842773438,7.231063842773437e-10,False,0.0,expected_zero_independently_supported
1,elastic,3,4,1|1|2|2,mixed,0.25,0.0001,18.781463623046875,1.8781463623046877e-08,False,0.0,expected_zero_independently_supported
1,elastic,3,4,1|1|2|2,mixed,0.125,5e-05,-518.842041015625,-5.18842041015625e-07,False,0.0,expected_zero_independently_supported
1,elastic,3,4,1|1|2|2,mixed,0.0625,2.5e-05,-1200.134765625,-1.2001347656250002e-06,False,0.0,expected_zero_independently_supported
1,elastic,4,4,1|1|2|2,mixed,16.0,0.0064,0.0,0.0,True,0.0,expected_zero_independently_supported
1,elastic,4,4,1|1|2|2,mixed,8.0,0.0032,0.0,0.0,True,0.0,expected_zero_independently_supported
1,elastic,4,4,1|1|2|2,mixed,4.0,0.0016,0.0,0.0,True,0.0,expected_zero_independently_supported
1,elastic,4,4,1|1|2|2,mixed,2.0,0.0008,0.0,0.0,True,0.0,expected_zero_independently_supported
1,elastic,4,4,1|1|2|2,mixed,1.0,0.0004,0.0,0.0,True,0.0,expected_zero_independently_supported
1,elastic,4,4,1|1|2|2,mixed,0.5,0.0002,0.0,0.0,True,0.0,expected_zero_independently_supported
1,elastic,4,4,1|1|2|2,mixed,0.25,0.0001,0.0,0.0,True,0.0,expected_zero_independently_supported
1,elastic,4,4,1|1|2|2,mixed,0.125,5e-05,0.0,0.0,True,0.0,expected_zero_independently_supported
1,elastic,4,4,1|1|2|2,mixed,0.0625,2.5e-05,0.0,0.0,True,0.0,expected_zero_independently_supported
1,elastic,1,2,1|2,mixed,16.0,0.0064,0.5635058446107424,5.635058446107424e-06,False,0.0,expected_zero_independently_supported
1,elastic,1,2,1|2,mixed,8.0,0.0032,-0.7462591530760312,-7.462591530760312e-06,False,0.0,expected_zero_independently_supported
1,elastic,1,2,1|2,mixed,4.0,0.0016,-0.05475326946977255,-5.475326946977255e-07,False,0.0,expected_zero_independently_supported
1,elastic,1,2,1|2,mixed,2.0,0.0008,2.3463909572640773e-05,2.346390957264077e-10,False,0.0,expected_zero_independently_supported
1,elastic,1,2,1|2,mixed,1.0,0.0004,-3.3965648071898613e-09,-3.396564807189862e-14,False,0.0,expected_zero_independently_supported
1,elastic,1,2,1|2,mixed,0.5,0.0002,1.9216258806409314e-08,1.9216258806409314e-13,False,0.0,expected_zero_independently_supported
1,elastic,1,2,1|2,mixed,0.25,0.0001,1.9295839592814445e-08,1.9295839592814444e-13,False,0.0,expected_zero_independently_supported
1,elastic,1,2,1|2,mixed,0.125,5e-05,4.935645847581327e-08,4.935645847581327e-13,False,0.0,expected_zero_independently_supported
1,elastic,1,2,1|2,mixed,0.0625,2.5e-05,3.0432420317083597e-07,3.0432420317083595e-12,False,0.0,expected_zero_independently_supported
1,elastic,2,2,1|2,mixed,16.0,0.0064,-0.4610040240779112,-4.610040240779112e-06,False,0.0,expected_zero_independently_supported
1,elastic,2,2,1|2,mixed,8.0,0.0032,0.6254966534863691,6.25496653486369e-06,False,0.0,expected_zero_independently_supported
1,elastic,2,2,1|2,mixed,4.0,0.0016,0.054947190832550064,5.494719083255007e-07,False,0.0,expected_zero_independently_supported
1,elastic,2,2,1|2,mixed,2.0,0.0008,-2.013490218644165e-05,-2.013490218644165e-10,False,0.0,expected_zero_independently_supported
1,elastic,2,2,1|2,mixed,1.0,0.0004,1.0095391189679503e-10,1.0095391189679504e-15,False,0.0,expected_zero_independently_supported
1,elastic,2,2,1|2,mixed,0.5,0.0002,-6.648122052865801e-10,-6.6481220528658016e-15,False,0.0,expected_zero_independently_supported
1,elastic,2,2,1|2,mixed,0.25,0.0001,3.759623723453842e-10,3.759623723453842e-15,False,0.0,expected_zero_independently_supported
1,elastic,2,2,1|2,mixed,0.125,5e-05,6.014033715473488e-10,6.014033715473488e-15,False,0.0,expected_zero_independently_supported
1,elastic,2,2,1|2,mixed,0.0625,2.5e-05,-4.723915481008589e-09,-4.723915481008589e-14,False,0.0,expected_zero_independently_supported
1,elastic,3,2,1|2,mixed,16.0,0.0064,-0.10250182042942968,-1.0250182042942968e-06,False,0.0,expected_zero_independently_supported
1,elastic,3,2,1|2,mixed,8.0,0.0032,0.12076249966467878,1.2076249966467877e-06,False,0.0,expected_zero_independently_supported
1,elastic,3,2,1|2,mixed,4.0,0.0016,-0.00019392168639242868,-1.9392168639242866e-09,False,0.0,expected_zero_independently_supported
1,elastic,3,2,1|2,mixed,2.0,0.0008,-3.3276788187208695e-06,-3.3276788187208693e-11,False,0.0,expected_zero_independently_supported
1,elastic,3,2,1|2,mixed,1.0,0.0004,1.1449508008354314e-10,1.1449508008354314e-15,False,0.0,expected_zero_independently_supported
1,elastic,3,2,1|2,mixed,0.5,0.0002,4.663945674110437e-09,4.663945674110437e-14,False,0.0,expected_zero_independently_supported
1,elastic,3,2,1|2,mixed,0.25,0.0001,-2.0954757928848267e-08,-2.0954757928848269e-13,False,0.0,expected_zero_independently_supported
1,elastic,3,2,1|2,mixed,0.125,5e-05,-3.1868694350123405e-08,-3.1868694350123404e-13,False,0.0,expected_zero_independently_supported
1,elastic,3,2,1|2,mixed,0.0625,2.5e-05,1.746739144437015e-07,1.746739144437015e-12,False,0.0,expected_zero_independently_supported
1,elastic,4,2,1|2,mixed,16.0,0.0064,0.0,0.0,True,0.0,expected_zero_independently_supported
1,elastic,4,2,1|2,mixed,8.0,0.0032,0.0,0.0,True,0.0,expected_zero_independently_supported
1,elastic,4,2,1|2,mixed,4.0,0.0016,0.0,0.0,True,0.0,expected_zero_independently_supported
1,elastic,4,2,1|2,mixed,2.0,0.0008,0.0,0.0,True,0.0,expected_zero_independently_supported
1,elastic,4,2,1|2,mixed,1.0,0.0004,0.0,0.0,True,0.0,expected_zero_independently_supported
1,elastic,4,2,1|2,mixed,0.5,0.0002,0.0,0.0,True,0.0,expected_zero_independently_supported
1,elastic,4,2,1|2,mixed,0.25,0.0001,0.0,0.0,True,0.0,expected_zero_independently_supported
1,elastic,4,2,1|2,mixed,0.125,5e-05,0.0,0.0,True,0.0,expected_zero_independently_supported
1,elastic,4,2,1|2,mixed,0.0625,2.5e-05,0.0,0.0,True,0.0,expected_zero_independently_supported
2,inelastic,1,2,1|1,repeated,16.0,0.0064,-1.6574145903014141,-1.657414590301414e-05,False,-0.6116236215661813,resolved
2,inelastic,1,2,1|1,repeated,8.0,0.0032,-0.05483655116540831,-5.483655116540831e-07,False,-0.6116236215661813,resolved
2,inelastic,1,2,1|1,repeated,4.0,0.0016,-0.7583411934601827,-7.5834119346018275e-06,False,-0.6116236215661813,resolved
2,inelastic,1,2,1|1,repeated,2.0,0.0008,-0.6116236181333079,-6.1162361813330795e-06,False,-0.6116236215661813,resolved
2,inelastic,1,2,1|1,repeated,1.0,0.0004,-0.6116236138041131,-6.116236138041131e-06,False,-0.6116236215661813,resolved
2,inelastic,1,2,1|1,repeated,0.5,0.0002,-0.6116236141533591,-6.1162361415335915e-06,False,-0.6116236215661813,resolved
2,inelastic,1,2,1|1,repeated,0.25,0.0001,-0.6116233873181045,-6.116233873181046e-06,False,-0.6116236215661813,resolved
2,inelastic,1,2,1|1,repeated,0.125,5e-05,-0.6116240527480841,-6.11624052748084e-06,False,-0.6116236215661813,resolved
2,inelastic,1,2,1|1,repeated,0.0625,2.5e-05,-0.6116214394569397,-6.116214394569397e-06,False,-0.6116236215661813,resolved
2,inelastic,2,2,1|1,repeated,16.0,0.0064,0.9329529364808877,9.329529364808878e-06,False,-7.334714231438388e-05,reference_unresolved
2,inelastic,2,2,1|1,repeated,8.0,0.0032,-0.5476959715326757,-5.476959715326757e-06,False,-7.334714231438388e-05,reference_unresolved
2,inelastic,2,2,1|1,repeated,4.0,0.0016,0.1387980448248527,1.387980448248527e-06,False,-7.334714231438388e-05,reference_unresolved
2,inelastic,2,2,1|1,repeated,2.0,0.0008,-7.335366126426379e-05,-7.335366126426379e-10,False,-7.334714231438388e-05,reference_unresolved
2,inelastic,2,2,1|1,repeated,1.0,0.0004,-7.334830115723889e-05,-7.33483011572389e-10,False,-7.334714231438388e-05,reference_unresolved
2,inelastic,2,2,1|1,repeated,0.5,0.0002,-7.334742258535698e-05,-7.334742258535699e-10,False,-7.334714231438388e-05,reference_unresolved
2,inelastic,2,2,1|1,repeated,0.25,0.0001,-7.326473132707179e-05,-7.326473132707179e-10,False,-7.334714231438388e-05,reference_unresolved
2,inelastic,2,2,1|1,repeated,0.125,5e-05,-7.345760241150856e-05,-7.345760241150856e-10,False,-7.334714231438388e-05,reference_unresolved
2,inelastic,2,2,1|1,repeated,0.0625,2.5e-05,-7.240287959575653e-05,-7.240287959575653e-10,False,-7.334714231438388e-05,reference_unresolved
2,inelastic,3,2,1|1,repeated,16.0,0.0064,0.7244616538629884,7.244616538629885e-06,False,0.6116969687084974,resolved
2,inelastic,3,2,1|1,repeated,8.0,0.0032,0.6025325222863103,6.025325222863103e-06,False,0.6116969687084974,resolved
2,inelastic,3,2,1|1,repeated,4.0,0.0016,0.619543149925903,6.19543149925903e-06,False,0.6116969687084974,resolved
2,inelastic,3,2,1|1,repeated,2.0,0.0008,0.6116969710164994,6.116969710164995e-06,False,0.6116969687084974,resolved
2,inelastic,3,2,1|1,repeated,1.0,0.0004,0.6116969532595249,6.116969532595249e-06,False,0.6116969687084974,resolved
2,inelastic,3,2,1|1,repeated,0.5,0.0002,0.6116969242575578,6.1169692425755784e-06,False,0.6116969687084974,resolved
2,inelastic,3,2,1|1,repeated,0.25,0.0001,0.611696801497601,6.11696801497601e-06,False,0.6116969687084974,resolved
2,inelastic,3,2,1|1,repeated,0.125,5e-05,0.6116964514367282,6.116964514367283e-06,False,0.6116969687084974,resolved
2,inelastic,3,2,1|1,repeated,0.0625,2.5e-05,0.6116964127868414,6.116964127868414e-06,False,0.6116969687084974,resolved
2,inelastic,4,2,1|1,repeated,16.0,0.0064,-0.01306029489070859,-1.306029489070859e-07,False,0.03832246908469578,resolved
2,inelastic,4,2,1|1,repeated,8.0,0.0032,0.07205252487518266,7.205252487518266e-07,False,0.03832246908469578,resolved
2,inelastic,4,2,1|1,repeated,4.0,0.0016,0.030114797949238437,3.011479794923844e-07,False,0.03832246908469578,resolved
2,inelastic,4,2,1|1,repeated,2.0,0.0008,0.03832246956721974,3.8322469567219746e-07,False,0.03832246908469578,resolved
2,inelastic,4,2,1|1,repeated,1.0,0.0004,0.038322469186368835,3.8322469186368835e-07,False,0.03832246908469578,resolved
2,inelastic,4,2,1|1,repeated,0.5,0.0002,0.038322466467434424,3.832246646743443e-07,False,0.03832246908469578,resolved
2,inelastic,4,2,1|1,repeated,0.25,0.0001,0.03832246766251046,3.8322467662510463e-07,False,0.03832246908469578,resolved
2,inelastic,4,2,1|1,repeated,0.125,5e-05,0.03832241729833186,3.832241729833186e-07,False,0.03832246908469578,resolved
2,inelastic,4,2,1|1,repeated,0.0625,2.5e-05,0.03832234430592507,3.832234430592507e-07,False,0.03832246908469578,resolved
2,inelastic,1,3,1|1|1,repeated,16.0,0.0064,58.53742992738262,5.8537429927382625e-06,False,-52.23402419155302,resolved
2,inelastic,1,3,1|1|1,repeated,8.0,0.0032,971.4348902641796,9.714348902641797e-05,False,-52.23402419155302,resolved
2,inelastic,1,3,1|1|1,repeated,4.0,0.0016,-1064.7977962009609,-0.0001064797796200961,False,-52.23402419155302,resolved
2,inelastic,1,3,1|1|1,repeated,2.0,0.0008,-52.233667612075806,-5.223366761207581e-06,False,-52.23402419155302,resolved
2,inelastic,1,3,1|1|1,repeated,1.0,0.0004,-52.23402786254883,-5.223402786254884e-06,False,-52.23402419155302,resolved
2,inelastic,1,3,1|1|1,repeated,0.5,0.0002,-52.234527587890625,-5.223452758789064e-06,False,-52.23402419155302,resolved
2,inelastic,1,3,1|1|1,repeated,0.25,0.0001,-52.2303466796875,-5.223034667968751e-06,False,-52.23402419155302,resolved
2,inelastic,1,3,1|1|1,repeated,0.125,5e-05,-52.25634765625,-5.225634765625001e-06,False,-52.23402419155302,resolved
2,inelastic,1,3,1|1|1,repeated,0.0625,2.5e-05,-52.55078125,-5.255078125000001e-06,False,-52.23402419155302,resolved
2,inelastic,2,3,1|1|1,repeated,16.0,0.0064,-87.70509689417668,-8.77050968941767e-06,False,102.98332957500759,resolved
2,inelastic,2,3,1|1|1,repeated,8.0,0.0032,-860.3973981896415,-8.603973981896417e-05,False,102.98332957500759,resolved
2,inelastic,2,3,1|1|1,repeated,4.0,0.0016,1054.4485833030194,0.00010544485833030195,False,102.98332957500759,resolved
2,inelastic,2,3,1|1|1,repeated,2.0,0.0008,102.98266665637493,1.0298266665637494e-05,False,102.98332957500759,resolved
2,inelastic,2,3,1|1|1,repeated,1.0,0.0004,102.98332333564758,1.029833233356476e-05,False,102.98332957500759,resolved
2,inelastic,2,3,1|1|1,repeated,0.5,0.0002,102.98357582092285,1.0298357582092287e-05,False,102.98332957500759,resolved
2,inelastic,2,3,1|1|1,repeated,0.25,0.0001,102.98097229003906,1.0298097229003908e-05,False,102.98332957500759,resolved
2,inelastic,2,3,1|1|1,repeated,0.125,5e-05,103.00244140625,1.0300244140625002e-05,False,102.98332957500759,resolved
2,inelastic,2,3,1|1|1,repeated,0.0625,2.5e-05,102.80419921875,1.0280419921875002e-05,False,102.98332957500759,resolved
2,inelastic,3,3,1|1|1,repeated,16.0,0.0064,29.16766692767851,2.9167666927678515e-06,False,-50.74930538345474,resolved
2,inelastic,3,3,1|1|1,repeated,8.0,0.0032,-111.0374918570742,-1.1103749185707423e-05,False,-50.74930538345474,resolved
2,inelastic,3,3,1|1|1,repeated,4.0,0.0016,10.349211269523948,1.034921126952395e-06,False,-50.74930538345474,resolved
2,inelastic,3,3,1|1|1,repeated,2.0,0.0008,-50.749002158641815,-5.074900215864182e-06,False,-50.74930538345474,resolved
2,inelastic,3,3,1|1|1,repeated,1.0,0.0004,-50.749343276023865,-5.074934327602388e-06,False,-50.74930538345474,resolved
2,inelastic,3,3,1|1|1,repeated,0.5,0.0002,-50.74879455566406,-5.074879455566407e-06,False,-50.74930538345474,resolved
2,inelastic,3,3,1|1|1,repeated,0.25,0.0001,-50.75395202636719,-5.07539520263672e-06,False,-50.74930538345474,resolved
2,inelastic,3,3,1|1|1,repeated,0.125,5e-05,-50.7379150390625,-5.0737915039062505e-06,False,-50.74930538345474,resolved
2,inelastic,3,3,1|1|1,repeated,0.0625,2.5e-05,-50.7431640625,-5.07431640625e-06,False,-50.74930538345474,resolved
2,inelastic,4,3,1|1|1,repeated,16.0,0.0064,7.321134683355922,7.321134683355923e-07,False,-9.630107898110555,resolved
2,inelastic,4,3,1|1|1,repeated,8.0,0.0032,46.9413456369075,4.694134563690751e-06,False,-9.630107898110555,resolved
2,inelastic,4,3,1|1|1,repeated,4.0,0.0016,-65.40439259400591,-6.540439259400593e-06,False,-9.630107898110555,resolved
2,inelastic,4,3,1|1|1,repeated,2.0,0.0008,-9.630047507584095,-9.630047507584096e-07,False,-9.630107898110555,resolved
2,inelastic,4,3,1|1|1,repeated,1.0,0.0004,-9.630103707313538,-9.63010370731354e-07,False,-9.630107898110555,resolved
2,inelastic,4,3,1|1|1,repeated,0.5,0.0002,-9.630123615264893,-9.630123615264894e-07,False,-9.630107898110555,resolved
2,inelastic,4,3,1|1|1,repeated,0.25,0.0001,-9.630012512207031,-9.630012512207032e-07,False,-9.630107898110555,resolved
2,inelastic,4,3,1|1|1,repeated,0.125,5e-05,-9.630264282226562,-9.630264282226562e-07,False,-9.630107898110555,resolved
2,inelastic,4,3,1|1|1,repeated,0.0625,2.5e-05,-9.6268310546875,-9.626831054687503e-07,False,-9.630107898110555,resolved
2,inelastic,1,4,1|1|1|1,repeated,16.0,0.0064,26335.484399855137,2.633548439985514e-05,False,-22864.235036870825,resolved
2,inelastic,1,4,1|1|1|1,repeated,8.0,0.0032,-765795.7392835617,-0.0007657957392835618,False,-22864.235036870825,resolved
2,inelastic,1,4,1|1|1|1,repeated,4.0,0.0016,874098.7073574066,0.0008740987073574066,False,-22864.235036870825,resolved
2,inelastic,1,4,1|1|1|1,repeated,2.0,0.0008,-22864.24609375,-2.2864246093750003e-05,False,-22864.235036870825,resolved
2,inelastic,1,4,1|1|1|1,repeated,1.0,0.0004,-22863.40234375,-2.286340234375e-05,False,-22864.235036870825,resolved
2,inelastic,1,4,1|1|1|1,repeated,0.5,0.0002,-22855.96875,-2.285596875e-05,False,-22864.235036870825,resolved
2,inelastic,1,4,1|1|1|1,repeated,0.25,0.0001,-22768.5,-2.27685e-05,False,-22864.235036870825,resolved
2,inelastic,1,4,1|1|1|1,repeated,0.125,5e-05,-19016.0,-1.9016000000000002e-05,False,-22864.235036870825,resolved
2,inelastic,1,4,1|1|1|1,repeated,0.0625,2.5e-05,-22528.0,-2.2528000000000002e-05,False,-22864.235036870825,resolved
2,inelastic,2,4,1|1|1|1,repeated,16.0,0.0064,-6083.9949660897255,-6.083994966089726e-06,False,-1598.1495692195585,cancellation_limited
2,inelastic,2,4,1|1|1|1,repeated,8.0,0.0032,722942.3866853714,0.0007229423866853714,False,-1598.1495692195585,cancellation_limited
2,inelastic,2,4,1|1|1|1,repeated,4.0,0.0016,-850033.6231174469,-0.0008500336231174469,False,-1598.1495692195585,cancellation_limited
2,inelastic,2,4,1|1|1|1,repeated,2.0,0.0008,-1597.996904373169,-1.5979969043731688e-06,False,-1598.1495692195585,cancellation_limited
2,inelastic,2,4,1|1|1|1,repeated,1.0,0.0004,-1598.3836669921875,-1.5983836669921873e-06,False,-1598.1495692195585,cancellation_limited
2,inelastic,2,4,1|1|1|1,repeated,0.5,0.0002,-1600.5234375,-1.6005234375e-06,False,-1598.1495692195585,cancellation_limited
2,inelastic,2,4,1|1|1|1,repeated,0.25,0.0001,-1659.9375,-1.6599375e-06,False,-1598.1495692195585,cancellation_limited
2,inelastic,2,4,1|1|1|1,repeated,0.125,5e-05,-1796.0,-1.796e-06,False,-1598.1495692195585,cancellation_limited
2,inelastic,2,4,1|1|1|1,repeated,0.0625,2.5e-05,-18704.0,-1.8704e-05,False,-1598.1495692195585,cancellation_limited
2,inelastic,3,4,1|1|1|1,repeated,16.0,0.0064,-20251.489430308342,-2.0251489430308344e-05,False,24462.38460609044,resolved
2,inelastic,3,4,1|1|1|1,repeated,8.0,0.0032,42853.35301709175,4.285335301709175e-05,False,24462.38460609044,resolved
2,inelastic,3,4,1|1|1|1,repeated,4.0,0.0016,-24065.086083173752,-2.4065086083173753e-05,False,24462.38460609044,resolved
2,inelastic,3,4,1|1|1|1,repeated,2.0,0.0008,24462.289932250977,2.4462289932250975e-05,False,24462.38460609044,resolved
2,inelastic,3,4,1|1|1|1,repeated,1.0,0.0004,24462.9111328125,2.44629111328125e-05,False,24462.38460609044,resolved
2,inelastic,3,4,1|1|1|1,repeated,0.5,0.0002,24470.4375,2.44704375e-05,False,24462.38460609044,resolved
2,inelastic,3,4,1|1|1|1,repeated,0.25,0.0001,24544.0,2.4543999999999997e-05,False,24462.38460609044,resolved
2,inelastic,3,4,1|1|1|1,repeated,0.125,5e-05,26012.0,2.6012e-05,False,24462.38460609044,resolved
2,inelastic,3,4,1|1|1|1,repeated,0.0625,2.5e-05,39808.0,3.9807999999999996e-05,False,24462.38460609044,resolved
2,inelastic,4,4,1|1|1|1,repeated,16.0,0.0064,-887.4790994618088,-8.874790994618089e-07,False,1632.4819779381414,resolved
2,inelastic,4,4,1|1|1|1,repeated,8.0,0.0032,-42602.08495679498,-4.260208495679498e-05,False,1632.4819779381414,resolved
2,inelastic,4,4,1|1|1|1,repeated,4.0,0.0016,51740.25758886337,5.174025758886337e-05,False,1632.4819779381414,resolved
2,inelastic,4,4,1|1|1|1,repeated,2.0,0.0008,1632.4668998718262,1.6324668998718262e-06,False,1632.4819779381414,resolved
2,inelastic,4,4,1|1|1|1,repeated,1.0,0.0004,1632.4954833984375,1.6324954833984376e-06,False,1632.4819779381414,resolved
2,inelastic,4,4,1|1|1|1,repeated,0.5,0.0002,1633.1376953125,1.6331376953125002e-06,False,1632.4819779381414,resolved
2,inelastic,4,4,1|1|1|1,repeated,0.25,0.0001,1638.625,1.638625e-06,False,1632.4819779381414,resolved
2,inelastic,4,4,1|1|1|1,repeated,0.125,5e-05,1752.75,1.75275e-06,False,1632.4819779381414,resolved
2,inelastic,4,4,1|1|1|1,repeated,0.0625,2.5e-05,4332.0,4.332e-06,False,1632.4819779381414,resolved
2,inelastic,1,3,1|1|2,mixed,16.0,0.0064,-199.97159528332156,-1.999715952833216e-05,False,102.9833295750077,resolved
2,inelastic,1,3,1|1|2,mixed,8.0,0.0032,-668.2782188602271,-6.682782188602272e-05,False,102.9833295750077,resolved
2,inelastic,1,3,1|1|2,mixed,4.0,0.0016,839.3887048350931,8.393887048350933e-05,False,102.9833295750077,resolved
2,inelastic,1,3,1|1|2,mixed,2.0,0.0008,147.19543176537263,1.4719543176537265e-05,False,102.9833295750077,resolved
2,inelastic,1,3,1|1|2,mixed,1.0,0.0004,102.98329522367567,1.0298329522367569e-05,False,102.9833295750077,resolved
2,inelastic,1,3,1|1|2,mixed,0.5,0.0002,102.98253498971462,1.0298253498971464e-05,False,102.9833295750077,resolved
2,inelastic,1,3,1|1|2,mixed,0.25,0.0001,102.9869909286499,1.0298699092864992e-05,False,102.9833295750077,resolved
2,inelastic,1,3,1|1|2,mixed,0.125,5e-05,102.98252165317535,1.0298252165317536e-05,False,102.9833295750077,resolved
2,inelastic,1,3,1|1|2,mixed,0.0625,2.5e-05,102.70647430419922,1.0270647430419922e-05,False,102.9833295750077,resolved
2,inelastic,2,3,1|1|2,mixed,16.0,0.0064,115.24294920668268,1.152429492066827e-05,False,-89.2919553195156,resolved
2,inelastic,2,3,1|1|2,mixed,8.0,0.0032,490.4294537299038,4.904294537299039e-05,False,-89.2919553195156,resolved
2,inelastic,2,3,1|1|2,mixed,4.0,0.0016,-667.871139171204,-6.678711391712042e-05,False,-89.2919553195156,resolved
2,inelastic,2,3,1|1|2,mixed,2.0,0.0008,-126.07328087142196,-1.2607328087142198e-05,False,-89.2919553195156,resolved
2,inelastic,2,3,1|1|2,mixed,1.0,0.0004,-89.29197645249951,-8.929197645249952e-06,False,-89.2919553195156,resolved
2,inelastic,2,3,1|1|2,mixed,0.5,0.0002,-89.29218130932713,-8.929218130932715e-06,False,-89.2919553195156,resolved
2,inelastic,2,3,1|1|2,mixed,0.25,0.0001,-89.29003962036222,-8.929003962036224e-06,False,-89.2919553195156,resolved
2,inelastic,2,3,1|1|2,mixed,0.125,5e-05,-89.30344109982252,-8.930344109982253e-06,False,-89.2919553195156,resolved
2,inelastic,2,3,1|1|2,mixed,0.0625,2.5e-05,-89.21606826782227,-8.921606826782228e-06,False,-89.2919553195156,resolved
2,inelastic,3,3,1|1|2,mixed,16.0,0.0064,84.7286460949806,8.472864609498063e-06,False,-13.691374255491855,resolved
2,inelastic,3,3,1|1|2,mixed,8.0,0.0032,177.8487651496573,1.7784876514965736e-05,False,-13.691374255491855,resolved
2,inelastic,3,3,1|1|2,mixed,4.0,0.0016,-171.51756682463747,-1.715175668246375e-05,False,-13.691374255491855,resolved
2,inelastic,3,3,1|1|2,mixed,2.0,0.0008,-21.122149769804537,-2.112214976980454e-06,False,-13.691374255491855,resolved
2,inelastic,3,3,1|1|2,mixed,1.0,0.0004,-13.691348321415717,-1.369134832141572e-06,False,-13.691374255491855,resolved
2,inelastic,3,3,1|1|2,mixed,0.5,0.0002,-13.691636857576668,-1.369163685757667e-06,False,-13.691374255491855,resolved
2,inelastic,3,3,1|1|2,mixed,0.25,0.0001,-13.688895240426064,-1.3688895240426064e-06,False,-13.691374255491855,resolved
2,inelastic,3,3,1|1|2,mixed,0.125,5e-05,-13.697281509637833,-1.3697281509637836e-06,False,-13.691374255491855,resolved
2,inelastic,3,3,1|1|2,mixed,0.0625,2.5e-05,-13.806075096130371,-1.3806075096130373e-06,False,-13.691374255491855,resolved
2,inelastic,4,3,1|1|2,mixed,16.0,0.0064,-10.555051114734809,-1.0555051114734812e-06,False,10.737248690048594,resolved
2,inelastic,4,3,1|1|2,mixed,8.0,0.0032,-25.41821870558558,-2.541821870558559e-06,False,10.737248690048594,resolved
2,inelastic,4,3,1|1|2,mixed,4.0,0.0016,45.87435998365362,4.587435998365362e-06,False,10.737248690048594,resolved
2,inelastic,4,3,1|1|2,mixed,2.0,0.0008,12.881004578811371,1.2881004578811373e-06,False,10.737248690048594,resolved
2,inelastic,4,3,1|1|2,mixed,1.0,0.0004,10.737247487126297,1.0737247487126298e-06,False,10.737248690048594,resolved
2,inelastic,4,3,1|1|2,mixed,0.5,0.0002,10.737254967796616,1.0737254967796618e-06,False,10.737248690048594,resolved
2,inelastic,4,3,1|1|2,mixed,0.25,0.0001,10.737058184109628,1.0737058184109631e-06,False,10.737248690048594,resolved
2,inelastic,4,3,1|1|2,mixed,0.125,5e-05,10.737435096874833,1.0737435096874834e-06,False,10.737248690048594,resolved
2,inelastic,4,3,1|1|2,mixed,0.0625,2.5e-05,10.73361922800541,1.0733619228005411e-06,False,10.737248690048594,resolved
2,inelastic,1,4,1|1|2|2,mixed,16.0,0.0064,-21066.87793153681,-2.1066877931536807e-05,False,8718.131587866317,cancellation_limited
2,inelastic,1,4,1|1|2|2,mixed,8.0,0.0032,-720712.6402105306,-0.0007207126402105306,False,8718.131587866317,cancellation_limited
2,inelastic,1,4,1|1|2|2,mixed,4.0,0.0016,980526.432087696,0.0009805264320876961,False,8718.131587866317,cancellation_limited
2,inelastic,1,4,1|1|2|2,mixed,2.0,0.0008,91007.48752432317,9.100748752432318e-05,False,8718.131587866317,cancellation_limited
2,inelastic,1,4,1|1|2|2,mixed,1.0,0.0004,8717.642535924911,8.717642535924913e-06,False,8718.131587866317,cancellation_limited
2,inelastic,1,4,1|1|2|2,mixed,0.5,0.0002,8714.568222045898,8.7145682220459e-06,False,8718.131587866317,cancellation_limited
2,inelastic,1,4,1|1|2|2,mixed,0.25,0.0001,8571.981506347656,8.571981506347656e-06,False,8718.131587866317,cancellation_limited
2,inelastic,1,4,1|1|2|2,mixed,0.125,5e-05,8747.84765625,8.74784765625e-06,False,8718.131587866317,cancellation_limited
2,inelastic,1,4,1|1|2|2,mixed,0.0625,2.5e-05,-14935.5625,-1.4935562499999999e-05,False,8718.131587866317,cancellation_limited
2,inelastic,2,4,1|1|2|2,mixed,16.0,0.0064,3914.086956243118,3.914086956243118e-06,False,6510.967044229963,cancellation_limited
2,inelastic,2,4,1|1|2|2,mixed,8.0,0.0032,586123.8526836233,0.0005861238526836233,False,6510.967044229963,cancellation_limited
2,inelastic,2,4,1|1|2|2,mixed,4.0,0.0016,-782233.7161992372,-0.0007822337161992371,False,6510.967044229963,cancellation_limited
2,inelastic,2,4,1|1|2|2,mixed,2.0,0.0008,-61933.66256921925,-6.193366256921925e-05,False,6510.967044229963,cancellation_limited
2,inelastic,2,4,1|1|2|2,mixed,1.0,0.0004,6511.081759504974,6.511081759504975e-06,False,6510.967044229963,cancellation_limited
2,inelastic,2,4,1|1|2|2,mixed,0.5,0.0002,6512.410456359386,6.512410456359386e-06,False,6510.967044229963,cancellation_limited
2,inelastic,2,4,1|1|2|2,mixed,0.25,0.0001,6456.439525604248,6.4564395256042486e-06,False,6510.967044229963,cancellation_limited
2,inelastic,2,4,1|1|2|2,mixed,0.125,5e-05,6031.088134765625,6.031088134765625e-06,False,6510.967044229963,cancellation_limited
2,inelastic,2,4,1|1|2|2,mixed,0.0625,2.5e-05,13291.353515625,1.3291353515625e-05,False,6510.967044229963,cancellation_limited
2,inelastic,3,4,1|1|2|2,mixed,16.0,0.0064,17152.790991951533,1.7152790991951535e-05,False,-15229.098632096211,cancellation_limited
2,inelastic,3,4,1|1|2|2,mixed,8.0,0.0032,134588.7875602758,0.0001345887875602758,False,-15229.098632096211,cancellation_limited
2,inelastic,3,4,1|1|2|2,mixed,4.0,0.0016,-198292.71592722507,-0.00019829271592722506,False,-15229.098632096211,cancellation_limited
2,inelastic,3,4,1|1|2|2,mixed,2.0,0.0008,-29073.880930996034,-2.907388093099603e-05,False,-15229.098632096211,cancellation_limited
2,inelastic,3,4,1|1|2|2,mixed,1.0,0.0004,-15228.854270488024,-1.5228854270488023e-05,False,-15229.098632096211,cancellation_limited
2,inelastic,3,4,1|1|2|2,mixed,0.5,0.0002,-15227.70845413208,-1.5227708454132082e-05,False,-15229.098632096211,cancellation_limited
2,inelastic,3,4,1|1|2|2,mixed,0.25,0.0001,-15133.744842529297,-1.5133744842529298e-05,False,-15229.098632096211,cancellation_limited
2,inelastic,3,4,1|1|2|2,mixed,0.125,5e-05,-15526.3466796875,-1.55263466796875e-05,False,-15229.098632096211,cancellation_limited
2,inelastic,3,4,1|1|2|2,mixed,0.0625,2.5e-05,-11252.27734375,-1.125227734375e-05,False,-15229.098632096211,cancellation_limited
2,inelastic,4,4,1|1|2|2,mixed,16.0,0.0064,-2476.6456216422816,-2.4766456216422817e-06,False,2001.1700116775057,resolved
2,inelastic,4,4,1|1|2|2,mixed,8.0,0.0032,-36246.25533654189,-3.624625533654189e-05,False,2001.1700116775057,resolved
2,inelastic,4,4,1|1|2|2,mixed,4.0,0.0016,50947.4778557613,5.09474778557613e-05,False,2001.1700116775057,resolved
2,inelastic,4,4,1|1|2|2,mixed,2.0,0.0008,6092.854485647287,6.092854485647287e-06,False,2001.1700116775057,resolved
2,inelastic,4,4,1|1|2|2,mixed,1.0,0.0004,2001.166842021048,2.001166842021048e-06,False,2001.1700116775057,resolved
2,inelastic,4,4,1|1|2|2,mixed,0.5,0.0002,2001.3436008691788,2.0013436008691786e-06,False,2001.1700116775057,resolved
2,inelastic,4,4,1|1|2|2,mixed,0.25,0.0001,2002.5692119598389,2.0025692119598386e-06,False,2001.1700116775057,resolved
2,inelastic,4,4,1|1|2|2,mixed,0.125,5e-05,1976.2799377441406,1.9762799377441405e-06,False,2001.1700116775057,resolved
2,inelastic,4,4,1|1|2|2,mixed,0.0625,2.5e-05,2969.19189453125,2.96919189453125e-06,False,2001.1700116775057,resolved
2,inelastic,1,2,1|2,mixed,16.0,0.0064,0.8869381056914416,8.869381056914417e-06,False,-7.334714231560513e-05,reference_unresolved
2,inelastic,1,2,1|2,mixed,8.0,0.0032,0.6243365533507927,6.243365533507928e-06,False,-7.334714231560513e-05,reference_unresolved
2,inelastic,1,2,1|2,mixed,4.0,0.0016,-0.6867941218753731,-6.8679412187537316e-06,False,-7.334714231560513e-05,reference_unresolved
2,inelastic,1,2,1|2,mixed,2.0,0.0008,-0.05195787644146321,-5.195787644146322e-07,False,-7.334714231560513e-05,reference_unresolved
2,inelastic,1,2,1|2,mixed,1.0,0.0004,-7.333995358749235e-05,-7.333995358749235e-10,False,-7.334714231560513e-05,reference_unresolved
2,inelastic,1,2,1|2,mixed,0.5,0.0002,-7.335104328376474e-05,-7.335104328376474e-10,False,-7.334714231560513e-05,reference_unresolved
2,inelastic,1,2,1|2,mixed,0.25,0.0001,-7.330155676754657e-05,-7.330155676754658e-10,False,-7.334714231560513e-05,reference_unresolved
2,inelastic,1,2,1|2,mixed,0.125,5e-05,-7.282554724952206e-05,-7.282554724952206e-10,False,-7.334714231560513e-05,reference_unresolved
2,inelastic,1,2,1|2,mixed,0.0625,2.5e-05,-7.12770561221987e-05,-7.12770561221987e-10,False,-7.334714231560513e-05,reference_unresolved
2,inelastic,2,2,1|2,mixed,16.0,0.0064,-0.9007278074049081,-9.007278074049081e-06,False,-0.2652483111328552,resolved
2,inelastic,2,2,1|2,mixed,8.0,0.0032,-0.7218920223339698,-7.218920223339697e-06,False,-0.2652483111328552,resolved
2,inelastic,2,2,1|2,mixed,4.0,0.0016,0.2728035449332644,2.7280354493326444e-06,False,-0.2652483111328552,resolved
2,inelastic,2,2,1|2,mixed,2.0,0.0008,-0.22168796622984743,-2.216879662298474e-06,False,-0.2652483111328552,resolved
2,inelastic,2,2,1|2,mixed,1.0,0.0004,-0.2652483113936981,-2.652483113936981e-06,False,-0.2652483111328552,resolved
2,inelastic,2,2,1|2,mixed,0.5,0.0002,-0.265248334523946,-2.65248334523946e-06,False,-0.2652483111328552,resolved
2,inelastic,2,2,1|2,mixed,0.25,0.0001,-0.2652482781913932,-2.652482781913932e-06,False,-0.2652483111328552,resolved
2,inelastic,2,2,1|2,mixed,0.125,5e-05,-0.26524821392467857,-2.6524821392467857e-06,False,-0.2652483111328552,resolved
2,inelastic,2,2,1|2,mixed,0.0625,2.5e-05,-0.2652485882208566,-2.6524858822085665e-06,False,-0.2652483111328552,resolved
2,inelastic,3,2,1|2,mixed,16.0,0.0064,0.01378970171991778,1.378970171991778e-07,False,0.26532165827516924,resolved
2,inelastic,3,2,1|2,mixed,8.0,0.0032,0.09755546885545918,9.755546885545918e-07,False,0.26532165827516924,resolved
2,inelastic,3,2,1|2,mixed,4.0,0.0016,0.4139905777595878,4.139905777595878e-06,False,0.26532165827516924,resolved
2,inelastic,3,2,1|2,mixed,2.0,0.0008,0.2736458427041948,2.7364584270419477e-06,False,0.26532165827516924,resolved
2,inelastic,3,2,1|2,mixed,1.0,0.0004,0.2653216610216731,2.6532166102167313e-06,False,0.26532165827516924,resolved
2,inelastic,3,2,1|2,mixed,0.5,0.0002,0.2653216489937904,2.653216489937904e-06,False,0.26532165827516924,resolved
2,inelastic,3,2,1|2,mixed,0.25,0.0001,0.2653216605176567,2.6532166051765673e-06,False,0.26532165827516924,resolved
2,inelastic,3,2,1|2,mixed,0.125,5e-05,0.26532161237628316,2.6532161237628315e-06,False,0.26532165827516924,resolved
2,inelastic,3,2,1|2,mixed,0.0625,2.5e-05,0.26532109023537487,2.6532109023537487e-06,False,0.26532165827516924,resolved
2,inelastic,4,2,1|2,mixed,16.0,0.0064,0.0063902584128816,6.3902584128816e-08,False,-0.041088551374191644,resolved
2,inelastic,4,2,1|2,mixed,8.0,0.0032,-0.016716084615513493,-1.6716084615513495e-07,False,-0.041088551374191644,resolved
2,inelastic,4,2,1|2,mixed,4.0,0.0016,-0.07306490536399446,-7.306490536399446e-07,False,-0.041088551374191644,resolved
2,inelastic,4,2,1|2,mixed,2.0,0.0008,-0.04362250949257884,-4.3622509492578846e-07,False,-0.041088551374191644,resolved
2,inelastic,4,2,1|2,mixed,1.0,0.0004,-0.041088551841856,-4.108855184185601e-07,False,-0.041088551374191644,resolved
2,inelastic,4,2,1|2,mixed,0.5,0.0002,-0.04108855255218202,-4.108855255218202e-07,False,-0.041088551374191644,resolved
2,inelastic,4,2,1|2,mixed,0.25,0.0001,-0.04108855292389535,-4.108855292389535e-07,False,-0.041088551374191644,resolved
2,inelastic,4,2,1|2,mixed,0.125,5e-05,-0.04108858851645891,-4.108858851645891e-07,False,-0.041088551374191644,resolved
2,inelastic,4,2,1|2,mixed,0.0625,2.5e-05,-0.04108855894719454,-4.1088558947194546e-07,False,-0.041088551374191644,resolved
3,inelastic,1,2,1|1,repeated,16.0,0.0064,-2.9487181925916275,-2.9487181925916278e-05,False,-2.9484674368621855,resolved
3,inelastic,1,2,1|1,repeated,8.0,0.0032,-2.9484678535229705,-2.9484678535229707e-05,False,-2.9484674368621855,resolved
3,inelastic,1,2,1|1,repeated,4.0,0.0016,-2.9484674342529615,-2.948467434252962e-05,False,-2.9484674368621855,resolved
3,inelastic,1,2,1|1,repeated,2.0,0.0008,-2.9484674304840155,-2.9484674304840152e-05,False,-2.9484674368621855,resolved
3,inelastic,1,2,1|1,repeated,1.0,0.0004,-2.9484673702681903,-2.9484673702681906e-05,False,-2.9484674368621855,resolved
3,inelastic,1,2,1|1,repeated,0.5,0.0002,-2.948467142530717,-2.948467142530717e-05,False,-2.9484674368621855,resolved
3,inelastic,1,2,1|1,repeated,0.25,0.0001,-2.948466748930514,-2.9484667489305142e-05,False,-2.9484674368621855,resolved
3,inelastic,1,2,1|1,repeated,0.125,5e-05,-2.94846423715353,-2.9484642371535302e-05,False,-2.9484674368621855,resolved
3,inelastic,1,2,1|1,repeated,0.0625,2.5e-05,-2.9484555050730705,-2.9484555050730706e-05,False,-2.9484674368621855,resolved
3,inelastic,2,2,1|1,repeated,16.0,0.0064,2.001301462474032,2.0013014624740322e-05,False,2.001174745700026,resolved
3,inelastic,2,2,1|1,repeated,8.0,0.0032,2.0011745111897454,2.0011745111897453e-05,False,2.001174745700026,resolved
3,inelastic,2,2,1|1,repeated,4.0,0.0016,2.0011747464350265,2.0011747464350264e-05,False,2.001174745700026,resolved
3,inelastic,2,2,1|1,repeated,2.0,0.0008,2.0011747455246223,2.0011747455246225e-05,False,2.001174745700026,resolved
3,inelastic,2,2,1|1,repeated,1.0,0.0004,2.0011747348617064,2.0011747348617062e-05,False,2.001174745700026,resolved
3,inelastic,2,2,1|1,repeated,0.5,0.0002,2.0011748774559237,2.0011748774559238e-05,False,2.001174745700026,resolved
3,inelastic,2,2,1|1,repeated,0.25,0.0001,2.0011751090642065,2.0011751090642066e-05,False,2.001174745700026,resolved
3,inelastic,2,2,1|1,repeated,0.125,5e-05,2.001175217330456,2.001175217330456e-05,False,2.001174745700026,resolved
3,inelastic,2,2,1|1,repeated,0.0625,2.5e-05,2.0011813081800938,2.001181308180094e-05,False,2.001174745700026,resolved
3,inelastic,3,2,1|1,repeated,16.0,0.0064,0.9474167303655463,9.474167303655463e-06,False,0.9472926911621578,resolved
3,inelastic,3,2,1|1,repeated,8.0,0.0032,0.9472933437525626,9.472933437525627e-06,False,0.9472926911621578,resolved
3,inelastic,3,2,1|1,repeated,4.0,0.0016,0.9472926954151148,9.47292695415115e-06,False,0.9472926911621578,resolved
3,inelastic,3,2,1|1,repeated,2.0,0.0008,0.9472926940479738,9.47292694047974e-06,False,0.9472926911621578,resolved
3,inelastic,3,2,1|1,repeated,1.0,0.0004,0.9472927004280791,9.472927004280792e-06,False,0.9472926911621578,resolved
3,inelastic,3,2,1|1,repeated,0.5,0.0002,0.947292787313927,9.47292787313927e-06,False,0.9472926911621578,resolved
3,inelastic,3,2,1|1,repeated,0.25,0.0001,0.947293103672564,9.472931036725641e-06,False,0.9472926911621578,resolved
3,inelastic,3,2,1|1,repeated,0.125,5e-05,0.9472936629317701,9.472936629317701e-06,False,0.9472926911621578,resolved
3,inelastic,3,2,1|1,repeated,0.0625,2.5e-05,0.9472991283982992,9.472991283982992e-06,False,0.9472926911621578,resolved
3,inelastic,4,2,1|1,repeated,16.0,0.0064,-0.07049868972095652,-7.049868972095653e-07,False,-0.07049851060607314,resolved
3,inelastic,4,2,1|1,repeated,8.0,0.0032,-0.07049845124274157,-7.049845124274157e-07,False,-0.07049851060607314,resolved
3,inelastic,4,2,1|1,repeated,4.0,0.0016,-0.07049851031013077,-7.049851031013078e-07,False,-0.07049851060607314,resolved
3,inelastic,4,2,1|1,repeated,2.0,0.0008,-0.07049851063266033,-7.049851063266033e-07,False,-0.07049851060607314,resolved
3,inelastic,4,2,1|1,repeated,1.0,0.0004,-0.07049851055671752,-7.049851055671753e-07,False,-0.07049851060607314,resolved
3,inelastic,4,2,1|1,repeated,0.5,0.0002,-0.0704985062693595,-7.04985062693595e-07,False,-0.07049851060607314,resolved
3,inelastic,4,2,1|1,repeated,0.25,0.0001,-0.0704984970507212,-7.049849705072119e-07,False,-0.07049851060607314,resolved
3,inelastic,4,2,1|1,repeated,0.125,5e-05,-0.07049849804025143,-7.049849804025144e-07,False,-0.07049851060607314,resolved
3,inelastic,4,2,1|1,repeated,0.0625,2.5e-05,-0.0704984636977315,-7.04984636977315e-07,False,-0.07049851060607314,resolved
3,inelastic,1,3,1|1|1,repeated,16.0,0.0064,-264.99673495348543,-2.6499673495348546e-05,False,-264.10454819964514,resolved
3,inelastic,1,3,1|1|1,repeated,8.0,0.0032,-264.10833706054837,-2.6410833706054842e-05,False,-264.10454819964514,resolved
3,inelastic,1,3,1|1|1,repeated,4.0,0.0016,-264.10457864403725,-2.641045786440373e-05,False,-264.10454819964514,resolved
3,inelastic,1,3,1|1|1,repeated,2.0,0.0008,-264.1045482158661,-2.6410454821586612e-05,False,-264.10454819964514,resolved
3,inelastic,1,3,1|1|1,repeated,1.0,0.0004,-264.10470485687256,-2.641047048568726e-05,False,-264.10454819964514,resolved
3,inelastic,1,3,1|1|1,repeated,0.5,0.0002,-264.1045684814453,-2.641045684814454e-05,False,-264.10454819964514,resolved
3,inelastic,1,3,1|1|1,repeated,0.25,0.0001,-264.0948486328125,-2.6409484863281256e-05,False,-264.10454819964514,resolved
3,inelastic,1,3,1|1|1,repeated,0.125,5e-05,-264.0615234375,-2.6406152343750005e-05,False,-264.10454819964514,resolved
3,inelastic,1,3,1|1|1,repeated,0.0625,2.5e-05,-264.46875,-2.6446875000000004e-05,False,-264.10454819964514,resolved
3,inelastic,2,3,1|1|1,repeated,16.0,0.0064,180.67384283372667,1.806738428337267e-05,False,180.52539051178093,resolved
3,inelastic,2,3,1|1|1,repeated,8.0,0.0032,180.52008842932992,1.8052008842932994e-05,False,180.52539051178093,resolved
3,inelastic,2,3,1|1|1,repeated,4.0,0.0016,180.52530504018068,1.805253050401807e-05,False,180.52539051178093,resolved
3,inelastic,2,3,1|1|1,repeated,2.0,0.0008,180.5253934264183,1.8052539342641833e-05,False,180.52539051178093,resolved
3,inelastic,2,3,1|1|1,repeated,1.0,0.0004,180.52534008026123,1.805253400802613e-05,False,180.52539051178093,resolved
3,inelastic,2,3,1|1|1,repeated,0.5,0.0002,180.52573013305664,1.8052573013305668e-05,False,180.52539051178093,resolved
3,inelastic,2,3,1|1|1,repeated,0.25,0.0001,180.525634765625,1.8052563476562504e-05,False,180.52539051178093,resolved
3,inelastic,2,3,1|1|1,repeated,0.125,5e-05,180.541259765625,1.8054125976562502e-05,False,180.52539051178093,resolved
3,inelastic,2,3,1|1|1,repeated,0.0625,2.5e-05,180.302734375,1.8030273437500004e-05,False,180.52539051178093,resolved
3,inelastic,3,3,1|1|1,repeated,16.0,0.0064,84.32289214502089,8.43228921450209e-06,False,83.57915768786398,resolved
3,inelastic,3,3,1|1|1,repeated,8.0,0.0032,83.58824852434918,8.35882485243492e-06,False,83.57915768786398,resolved
3,inelastic,3,3,1|1|1,repeated,4.0,0.0016,83.57927380758338,8.357927380758339e-06,False,83.57915768786398,resolved
3,inelastic,3,3,1|1|1,repeated,2.0,0.0008,83.57915985584259,8.35791598558426e-06,False,83.57915768786398,resolved
3,inelastic,3,3,1|1|1,repeated,1.0,0.0004,83.57916355133057,8.357916355133058e-06,False,83.57915768786398,resolved
3,inelastic,3,3,1|1|1,repeated,0.5,0.0002,83.57889747619629,8.35788974761963e-06,False,83.57915768786398,resolved
3,inelastic,3,3,1|1|1,repeated,0.25,0.0001,83.58110046386719,8.35811004638672e-06,False,83.57915768786398,resolved
3,inelastic,3,3,1|1|1,repeated,0.125,5e-05,83.55859375,8.355859375000002e-06,False,83.57915768786398,resolved
3,inelastic,3,3,1|1|1,repeated,0.0625,2.5e-05,83.609375,8.3609375e-06,False,83.57915768786398,resolved
3,inelastic,4,3,1|1|1,repeated,16.0,0.0064,-6.445311873496394,-6.445311873496394e-07,False,-6.485132746617206,resolved
3,inelastic,4,3,1|1|1,repeated,8.0,0.0032,-6.4841699342941865,-6.484169934294187e-07,False,-6.485132746617206,resolved
3,inelastic,4,3,1|1|1,repeated,4.0,0.0016,-6.485119393095374,-6.485119393095375e-07,False,-6.485132746617206,resolved
3,inelastic,4,3,1|1|1,repeated,2.0,0.0008,-6.485132664442062,-6.485132664442064e-07,False,-6.485132746617206,resolved
3,inelastic,4,3,1|1|1,repeated,1.0,0.0004,-6.48513400554657,-6.485134005546571e-07,False,-6.485132746617206,resolved
3,inelastic,4,3,1|1|1,repeated,0.5,0.0002,-6.485123157501221,-6.485123157501221e-07,False,-6.485132746617206,resolved
3,inelastic,4,3,1|1|1,repeated,0.25,0.0001,-6.485107421875,-6.485107421875001e-07,False,-6.485132746617206,resolved
3,inelastic,4,3,1|1|1,repeated,0.125,5e-05,-6.4859619140625,-6.485961914062501e-07,False,-6.485132746617206,resolved
3,inelastic,4,3,1|1|1,repeated,0.0625,2.5e-05,-6.482666015625,-6.482666015625e-07,False,-6.485132746617206,resolved
3,inelastic,1,4,1|1|1|1,repeated,16.0,0.0064,-23021.782068043947,-2.3021782068043947e-05,False,-23124.65858951564,resolved
3,inelastic,1,4,1|1|1|1,repeated,8.0,0.0032,-23123.969805836678,-2.312396980583668e-05,False,-23124.65858951564,resolved
3,inelastic,1,4,1|1|1|1,repeated,4.0,0.0016,-23124.65200805664,-2.3124652008056643e-05,False,-23124.65858951564,resolved
3,inelastic,1,4,1|1|1|1,repeated,2.0,0.0008,-23124.6123046875,-2.31246123046875e-05,False,-23124.65858951564,resolved
3,inelastic,1,4,1|1|1|1,repeated,1.0,0.0004,-23125.44140625,-2.312544140625e-05,False,-23124.65858951564,resolved
3,inelastic,1,4,1|1|1|1,repeated,0.5,0.0002,-23135.5,-2.3135500000000002e-05,False,-23124.65858951564,resolved
3,inelastic,1,4,1|1|1|1,repeated,0.25,0.0001,-23012.0,-2.3012e-05,False,-23124.65858951564,resolved
3,inelastic,1,4,1|1|1|1,repeated,0.125,5e-05,-25728.0,-2.5728e-05,False,-23124.65858951564,resolved
3,inelastic,1,4,1|1|1|1,repeated,0.0625,2.5e-05,17408.0,1.7408e-05,False,-23124.65858951564,resolved
3,inelastic,2,4,1|1|1|1,repeated,16.0,0.0064,13808.10741403699,1.3808107414036989e-05,False,13858.241311332453,resolved
3,inelastic,2,4,1|1|1|1,repeated,8.0,0.0032,13858.636213481426,1.3858636213481427e-05,False,13858.241311332453,resolved
3,inelastic,2,4,1|1|1|1,repeated,4.0,0.0016,13858.243774414062,1.3858243774414063e-05,False,13858.241311332453,resolved
3,inelastic,2,4,1|1|1|1,repeated,2.0,0.0008,13858.218688964844,1.3858218688964844e-05,False,13858.241311332453,resolved
3,inelastic,2,4,1|1|1|1,repeated,1.0,0.0004,13857.4580078125,1.3857458007812499e-05,False,13858.241311332453,resolved
3,inelastic,2,4,1|1|1|1,repeated,0.5,0.0002,13829.703125,1.3829703124999998e-05,False,13858.241311332453,resolved
3,inelastic,2,4,1|1|1|1,repeated,0.25,0.0001,13589.0,1.3589e-05,False,13858.241311332453,resolved
3,inelastic,2,4,1|1|1|1,repeated,0.125,5e-05,8984.0,8.984e-06,False,13858.241311332453,resolved
3,inelastic,2,4,1|1|1|1,repeated,0.0625,2.5e-05,-81664.0,-8.1664e-05,False,13858.241311332453,resolved
3,inelastic,3,4,1|1|1|1,repeated,16.0,0.0064,9213.674639314413,9.213674639314414e-06,False,9266.417278183178,resolved
3,inelastic,3,4,1|1|1|1,repeated,8.0,0.0032,9265.333093881607,9.265333093881608e-06,False,9266.417278183178,resolved
3,inelastic,3,4,1|1|1|1,repeated,4.0,0.0016,9266.39986217022,9.26639986217022e-06,False,9266.417278183178,resolved
3,inelastic,3,4,1|1|1|1,repeated,2.0,0.0008,9266.426544189453,9.266426544189454e-06,False,9266.417278183178,resolved
3,inelastic,3,4,1|1|1|1,repeated,1.0,0.0004,9266.455078125,9.266455078125e-06,False,9266.417278183178,resolved
3,inelastic,3,4,1|1|1|1,repeated,0.5,0.0002,9261.4453125,9.2614453125e-06,False,9266.417278183178,resolved
3,inelastic,3,4,1|1|1|1,repeated,0.25,0.0001,9246.25,9.24625e-06,False,9266.417278183178,resolved
3,inelastic,3,4,1|1|1|1,repeated,0.125,5e-05,9324.0,9.324000000000001e-06,False,9266.417278183178,resolved
3,inelastic,3,4,1|1|1|1,repeated,0.0625,2.5e-05,1472.0,1.472e-06,False,9266.417278183178,resolved
3,inelastic,4,4,1|1|1|1,repeated,16.0,0.0064,-307.3405286818743,-3.073405286818743e-07,False,-307.1660191084168,resolved
3,inelastic,4,4,1|1|1|1,repeated,8.0,0.0032,-307.26497691869736,-3.0726497691869735e-07,False,-307.1660191084168,resolved
3,inelastic,4,4,1|1|1|1,repeated,4.0,0.0016,-307.1674385070801,-3.0716743850708007e-07,False,-307.1660191084168,resolved
3,inelastic,4,4,1|1|1|1,repeated,2.0,0.0008,-307.1604690551758,-3.071604690551758e-07,False,-307.1660191084168,resolved
3,inelastic,4,4,1|1|1|1,repeated,1.0,0.0004,-307.1346435546875,-3.071346435546875e-07,False,-307.1660191084168,resolved
3,inelastic,4,4,1|1|1|1,repeated,0.5,0.0002,-306.431640625,-3.0643164062500003e-07,False,-307.1660191084168,resolved
3,inelastic,4,4,1|1|1|1,repeated,0.25,0.0001,-299.90625,-2.9990625e-07,False,-307.1660191084168,resolved
3,inelastic,4,4,1|1|1|1,repeated,0.125,5e-05,-133.5,-1.335e-07,False,-307.1660191084168,resolved
3,inelastic,4,4,1|1|1|1,repeated,0.0625,2.5e-05,2640.0,2.64e-06,False,-307.1660191084168,resolved
3,inelastic,1,3,1|1|2,mixed,16.0,0.0064,173.82622196866862,1.7382622196866864e-05,False,180.52539051178104,resolved
3,inelastic,1,3,1|1|2,mixed,8.0,0.0032,180.5587947744308,1.8055879477443084e-05,False,180.52539051178104,resolved
3,inelastic,1,3,1|1|2,mixed,4.0,0.0016,180.525392806112,1.8052539280611204e-05,False,180.52539051178104,resolved
3,inelastic,1,3,1|1|2,mixed,2.0,0.0008,180.5253761759086,1.8052537617590863e-05,False,180.52539051178104,resolved
3,inelastic,1,3,1|1|2,mixed,1.0,0.0004,180.52551932958886,1.805255193295889e-05,False,180.52539051178104,resolved
3,inelastic,1,3,1|1|2,mixed,0.5,0.0002,180.5250685736537,1.8052506857365374e-05,False,180.52539051178104,resolved
3,inelastic,1,3,1|1|2,mixed,0.25,0.0001,180.52494156360626,1.805249415636063e-05,False,180.52539051178104,resolved
3,inelastic,1,3,1|1|2,mixed,0.125,5e-05,180.52714371681213,1.8052714371681217e-05,False,180.52539051178104,resolved
3,inelastic,1,3,1|1|2,mixed,0.0625,2.5e-05,180.4576587677002,1.804576587677002e-05,False,180.52539051178104,resolved
3,inelastic,2,3,1|1|2,mixed,16.0,0.0064,-156.2890808665889,-1.562890808665889e-05,False,-163.02871886757626,resolved
3,inelastic,2,3,1|1|2,mixed,8.0,0.0032,-163.0563820311461,-1.630563820311461e-05,False,-163.02871886757626,resolved
3,inelastic,2,3,1|1|2,mixed,4.0,0.0016,-163.02871583859917,-1.630287158385992e-05,False,-163.02871886757626,resolved
3,inelastic,2,3,1|1|2,mixed,2.0,0.0008,-163.02872169059992,-1.6302872169059997e-05,False,-163.02871886757626,resolved
3,inelastic,2,3,1|1|2,mixed,1.0,0.0004,-163.02877475495916,-1.6302877475495917e-05,False,-163.02871886757626,resolved
3,inelastic,2,3,1|1|2,mixed,0.5,0.0002,-163.02811433002353,-1.6302811433002354e-05,False,-163.02871886757626,resolved
3,inelastic,2,3,1|1|2,mixed,0.25,0.0001,-163.0284586623311,-1.6302845866233113e-05,False,-163.02871886757626,resolved
3,inelastic,2,3,1|1|2,mixed,0.125,5e-05,-163.03579550981522,-1.6303579550981522e-05,False,-163.02871886757626,resolved
3,inelastic,2,3,1|1|2,mixed,0.0625,2.5e-05,-163.44054508209229,-1.634405450820923e-05,False,-163.02871886757626,resolved
3,inelastic,3,3,1|1|2,mixed,16.0,0.0064,-17.537141111635542,-1.7537141111635545e-06,False,-17.496671644204806,resolved
3,inelastic,3,3,1|1|2,mixed,8.0,0.0032,-17.50241299726474,-1.7502412997264743e-06,False,-17.496671644204806,resolved
3,inelastic,3,3,1|1|2,mixed,4.0,0.0016,-17.49667376088837,-1.7496673760888372e-06,False,-17.496671644204806,resolved
3,inelastic,3,3,1|1|2,mixed,2.0,0.0008,-17.496673759877012,-1.7496673759877015e-06,False,-17.496671644204806,resolved
3,inelastic,3,3,1|1|2,mixed,1.0,0.0004,-17.49669538711896,-1.7496695387118965e-06,False,-17.496671644204806,resolved
3,inelastic,3,3,1|1|2,mixed,0.5,0.0002,-17.496663347352296,-1.7496663347352297e-06,False,-17.496671644204806,resolved
3,inelastic,3,3,1|1|2,mixed,0.25,0.0001,-17.494084618985653,-1.7494084618985656e-06,False,-17.496671644204806,resolved
3,inelastic,3,3,1|1|2,mixed,0.125,5e-05,-17.49015724658966,-1.7490157246589664e-06,False,-17.496671644204806,resolved
3,inelastic,3,3,1|1|2,mixed,0.0625,2.5e-05,-17.461583137512207,-1.746158313751221e-06,False,-17.496671644204806,resolved
3,inelastic,4,3,1|1|2,mixed,16.0,0.0064,4.201534303329463,4.2015343033294643e-07,False,5.019290359274168,resolved
3,inelastic,4,3,1|1|2,mixed,8.0,0.0032,5.023529736686697,5.023529736686698e-07,False,5.019290359274168,resolved
3,inelastic,4,3,1|1|2,mixed,4.0,0.0016,5.019290659479566,5.019290659479567e-07,False,5.019290359274168,resolved
3,inelastic,4,3,1|1|2,mixed,2.0,0.0008,5.0192905007734225,5.019290500773423e-07,False,5.019290359274168,resolved
3,inelastic,4,3,1|1|2,mixed,1.0,0.0004,5.019288038514787,5.019288038514788e-07,False,5.019290359274168,resolved
3,inelastic,4,3,1|1|2,mixed,0.5,0.0002,5.019265275448561,5.019265275448562e-07,False,5.019290359274168,resolved
3,inelastic,4,3,1|1|2,mixed,0.25,0.0001,5.019363414496183,5.019363414496185e-07,False,5.019290359274168,resolved
3,inelastic,4,3,1|1|2,mixed,0.125,5e-05,5.019086636602879,5.019086636602879e-07,False,5.019290359274168,resolved
3,inelastic,4,3,1|1|2,mixed,0.0625,2.5e-05,5.036235570907593,5.036235570907593e-07,False,5.019290359274168,resolved
3,inelastic,1,4,1|1|2|2,mixed,16.0,0.0064,-12374.005888073556,-1.2374005888073554e-05,False,-10824.496300241293,resolved
3,inelastic,1,4,1|1|2|2,mixed,8.0,0.0032,-10817.560519066523,-1.0817560519066523e-05,False,-10824.496300241293,resolved
3,inelastic,1,4,1|1|2|2,mixed,4.0,0.0016,-10824.496348889079,-1.082449634888908e-05,False,-10824.496300241293,resolved
3,inelastic,1,4,1|1|2|2,mixed,2.0,0.0008,-10824.50217719376,-1.0824502177193761e-05,False,-10824.496300241293,resolved
3,inelastic,1,4,1|1|2|2,mixed,1.0,0.0004,-10825.288345813751,-1.0825288345813752e-05,False,-10824.496300241293,resolved
3,inelastic,1,4,1|1|2|2,mixed,0.5,0.0002,-10840.430488586426,-1.0840430488586426e-05,False,-10824.496300241293,resolved
3,inelastic,1,4,1|1|2|2,mixed,0.25,0.0001,-11292.80078125,-1.129280078125e-05,False,-10824.496300241293,resolved
3,inelastic,1,4,1|1|2|2,mixed,0.125,5e-05,-16867.376953125,-1.6867376953124998e-05,False,-10824.496300241293,resolved
3,inelastic,1,4,1|1|2|2,mixed,0.0625,2.5e-05,-63675.8125,-6.36758125e-05,False,-10824.496300241293,resolved
3,inelastic,2,4,1|1|2|2,mixed,16.0,0.0064,12522.260298377372,1.2522260298377372e-05,False,10916.781076745317,resolved
3,inelastic,2,4,1|1|2|2,mixed,8.0,0.0032,10910.857150398595,1.0910857150398596e-05,False,10916.781076745317,resolved
3,inelastic,2,4,1|1|2|2,mixed,4.0,0.0016,10916.777413267002,1.0916777413267001e-05,False,10916.781076745317,resolved
3,inelastic,2,4,1|1|2|2,mixed,2.0,0.0008,10916.78573487699,1.091678573487699e-05,False,10916.781076745317,resolved
3,inelastic,2,4,1|1|2|2,mixed,1.0,0.0004,10917.045011162758,1.0917045011162758e-05,False,10916.781076745317,resolved
3,inelastic,2,4,1|1|2|2,mixed,0.5,0.0002,10903.512186050415,1.0903512186050415e-05,False,10916.781076745317,resolved
3,inelastic,2,4,1|1|2|2,mixed,0.25,0.0001,10840.386627197266,1.0840386627197266e-05,False,10916.781076745317,resolved
3,inelastic,2,4,1|1|2|2,mixed,0.125,5e-05,9466.86328125,9.46686328125e-06,False,10916.781076745317,resolved
3,inelastic,2,4,1|1|2|2,mixed,0.0625,2.5e-05,40494.890625,4.0494890625e-05,False,10916.781076745317,resolved
3,inelastic,3,4,1|1|2|2,mixed,16.0,0.0064,-148.25442872424355,-1.4825442872424355e-07,False,-92.28477650402601,resolved
3,inelastic,3,4,1|1|2|2,mixed,8.0,0.0032,-93.29680347179237,-9.329680347179237e-08,False,-92.28477650402601,resolved
3,inelastic,3,4,1|1|2|2,mixed,4.0,0.0016,-92.2875907481648,-9.228759074816481e-08,False,-92.28477650402601,resolved
3,inelastic,3,4,1|1|2|2,mixed,2.0,0.0008,-92.2845645910129,-9.228456459101289e-08,False,-92.28477650402601,resolved
3,inelastic,3,4,1|1|2|2,mixed,1.0,0.0004,-92.37425622344017,-9.237425622344018e-08,False,-92.28477650402601,resolved
3,inelastic,3,4,1|1|2|2,mixed,0.5,0.0002,-101.89785861968994,-1.0189785861968996e-07,False,-92.28477650402601,resolved
3,inelastic,3,4,1|1|2|2,mixed,0.25,0.0001,-181.97813415527344,-1.8197813415527345e-07,False,-92.28477650402601,resolved
3,inelastic,3,4,1|1|2|2,mixed,0.125,5e-05,-2525.357177734375,-2.525357177734375e-06,False,-92.28477650402601,resolved
3,inelastic,3,4,1|1|2|2,mixed,0.0625,2.5e-05,-12953.55078125,-1.295355078125e-05,False,-92.28477650402601,resolved
3,inelastic,4,4,1|1|2|2,mixed,16.0,0.0064,-285.46562545984966,-2.854656254598497e-07,False,-64.91805275500735,resolved
3,inelastic,4,4,1|1|2|2,mixed,8.0,0.0032,-64.02229597640326,-6.402229597640325e-08,False,-64.91805275500735,resolved
3,inelastic,4,4,1|1|2|2,mixed,4.0,0.0016,-64.91805986792315,-6.491805986792315e-08,False,-64.91805275500735,resolved
3,inelastic,4,4,1|1|2|2,mixed,2.0,0.0008,-64.91733919549733,-6.491733919549733e-08,False,-64.91805275500735,resolved
3,inelastic,4,4,1|1|2|2,mixed,1.0,0.0004,-64.90311205387115,-6.490311205387115e-08,False,-64.91805275500735,resolved
3,inelastic,4,4,1|1|2|2,mixed,0.5,0.0002,-65.7586669921875,-6.57586669921875e-08,False,-64.91805275500735,resolved
3,inelastic,4,4,1|1|2|2,mixed,0.25,0.0001,-68.29804992675781,-6.829804992675782e-08,False,-64.91805275500735,resolved
3,inelastic,4,4,1|1|2|2,mixed,0.125,5e-05,-20.51220703125,-2.0512207031250002e-08,False,-64.91805275500735,resolved
3,inelastic,4,4,1|1|2|2,mixed,0.0625,2.5e-05,4604.5810546875,4.6045810546875e-06,False,-64.91805275500735,resolved
3,inelastic,1,2,1|2,mixed,16.0,0.0064,2.0462182077316347,2.0462182077316347e-05,False,2.001174745700027,resolved
3,inelastic,1,2,1|2,mixed,8.0,0.0032,2.000978390992633,2.000978390992633e-05,False,2.001174745700027,resolved
3,inelastic,1,2,1|2,mixed,4.0,0.0016,2.001174743937945,2.0011747439379448e-05,False,2.001174745700027,resolved
3,inelastic,1,2,1|2,mixed,2.0,0.0008,2.001174740177646,2.001174740177646e-05,False,2.001174745700027,resolved
3,inelastic,1,2,1|2,mixed,1.0,0.0004,2.0011747276867027,2.001174727686703e-05,False,2.001174745700027,resolved
3,inelastic,1,2,1|2,mixed,0.5,0.0002,2.0011748405240724,2.0011748405240723e-05,False,2.001174745700027,resolved
3,inelastic,1,2,1|2,mixed,0.25,0.0001,2.001174645301944,2.0011746453019444e-05,False,2.001174745700027,resolved
3,inelastic,1,2,1|2,mixed,0.125,5e-05,2.0011734060099116,2.0011734060099115e-05,False,2.001174745700027,resolved
3,inelastic,1,2,1|2,mixed,0.0625,2.5e-05,2.0011766299721785,2.0011766299721786e-05,False,2.001174745700027,resolved
3,inelastic,2,2,1|2,mixed,16.0,0.0064,-1.9965982258153896,-1.9965982258153896e-05,False,-1.9505428687316984,resolved
3,inelastic,2,2,1|2,mixed,8.0,0.0032,-1.9503723907230985,-1.9503723907230986e-05,False,-1.9505428687316984,resolved
3,inelastic,2,2,1|2,mixed,4.0,0.0016,-1.9505428702527232,-1.9505428702527234e-05,False,-1.9505428687316984,resolved
3,inelastic,2,2,1|2,mixed,2.0,0.0008,-1.950542868265778,-1.950542868265778e-05,False,-1.9505428687316984,resolved
3,inelastic,2,2,1|2,mixed,1.0,0.0004,-1.950542890625627,-1.9505428906256272e-05,False,-1.9505428687316984,resolved
3,inelastic,2,2,1|2,mixed,0.5,0.0002,-1.950542912585206,-1.950542912585206e-05,False,-1.9505428687316984,resolved
3,inelastic,2,2,1|2,mixed,0.25,0.0001,-1.950542982242041,-1.950542982242041e-05,False,-1.9505428687316984,resolved
3,inelastic,2,2,1|2,mixed,0.125,5e-05,-1.9505426503892522,-1.9505426503892523e-05,False,-1.9505428687316984,resolved
3,inelastic,2,2,1|2,mixed,0.0625,2.5e-05,-1.950539974233834,-1.9505399742338342e-05,False,-1.9505428687316984,resolved
3,inelastic,3,2,1|2,mixed,16.0,0.0064,-0.04961998197725481,-4.961998197725481e-07,False,-0.050631876968328327,resolved
3,inelastic,3,2,1|2,mixed,8.0,0.0032,-0.05060600105449531,-5.06060010544953e-07,False,-0.050631876968328327,resolved
3,inelastic,3,2,1|2,mixed,4.0,0.0016,-0.05063187373400879,-5.06318737340088e-07,False,-0.050631876968328327,resolved
3,inelastic,3,2,1|2,mixed,2.0,0.0008,-0.05063187581841522,-5.063187581841522e-07,False,-0.050631876968328327,resolved
3,inelastic,3,2,1|2,mixed,1.0,0.0004,-0.050631882748291446,-5.063188274829145e-07,False,-0.050631876968328327,resolved
3,inelastic,3,2,1|2,mixed,0.5,0.0002,-0.05063190239775395,-5.063190239775395e-07,False,-0.050631876968328327,resolved
3,inelastic,3,2,1|2,mixed,0.25,0.0001,-0.05063199873029589,-5.063199873029589e-07,False,-0.050631876968328327,resolved
3,inelastic,3,2,1|2,mixed,0.125,5e-05,-0.05063163254453684,-5.063163254453684e-07,False,-0.050631876968328327,resolved
3,inelastic,3,2,1|2,mixed,0.0625,2.5e-05,-0.05063083533605095,-5.063083533605096e-07,False,-0.050631876968328327,resolved
3,inelastic,4,2,1|2,mixed,16.0,0.0064,0.05156548892782761,5.156548892782761e-07,False,0.046308422449004696,resolved
3,inelastic,4,2,1|2,mixed,8.0,0.0032,0.046283482080143656,4.6283482080143657e-07,False,0.046308422449004696,resolved
3,inelastic,4,2,1|2,mixed,4.0,0.0016,0.04630842115407319,4.630842115407319e-07,False,0.046308422449004696,resolved
3,inelastic,4,2,1|2,mixed,2.0,0.0008,0.046308422493504864,4.630842249350487e-07,False,0.046308422449004696,resolved
3,inelastic,4,2,1|2,mixed,1.0,0.0004,0.04630842249764555,4.6308422497645557e-07,False,0.046308422449004696,resolved
3,inelastic,4,2,1|2,mixed,0.5,0.0002,0.04630842100308996,4.630842100308996e-07,False,0.046308422449004696,resolved
3,inelastic,4,2,1|2,mixed,0.25,0.0001,0.04630842093172305,4.630842093172305e-07,False,0.046308422449004696,resolved
3,inelastic,4,2,1|2,mixed,0.125,5e-05,0.046308347311878606,4.6308347311878603e-07,False,0.046308422449004696,resolved
3,inelastic,4,2,1|2,mixed,0.0625,2.5e-05,0.046308432678415556,4.6308432678415564e-07,False,0.046308422449004696,resolved
4,inelastic,1,2,1|1,repeated,16.0,0.0064,-4.581759073228795,-4.5817590732287955e-05,False,-4.581722234504001,resolved
4,inelastic,1,2,1|1,repeated,8.0,0.0032,-4.581722281077191,-4.5817222810771906e-05,False,-4.581722234504001,resolved
4,inelastic,1,2,1|1,repeated,4.0,0.0016,-4.581722236178393,-4.581722236178394e-05,False,-4.581722234504001,resolved
4,inelastic,1,2,1|1,repeated,2.0,0.0008,-4.581722238348448,-4.5817222383484476e-05,False,-4.581722234504001,resolved
4,inelastic,1,2,1|1,repeated,1.0,0.0004,-4.581722250382882,-4.581722250382882e-05,False,-4.581722234504001,resolved
4,inelastic,1,2,1|1,repeated,0.5,0.0002,-4.581722297589295,-4.581722297589295e-05,False,-4.581722234504001,resolved
4,inelastic,1,2,1|1,repeated,0.25,0.0001,-4.581722215283662,-4.5817222152836625e-05,False,-4.581722234504001,resolved
4,inelastic,1,2,1|1,repeated,0.125,5e-05,-4.581723354756832,-4.581723354756832e-05,False,-4.581722234504001,resolved
4,inelastic,1,2,1|1,repeated,0.0625,2.5e-05,-4.581726290285587,-4.5817262902855876e-05,False,-4.581722234504001,resolved
4,inelastic,2,2,1|1,repeated,16.0,0.0064,3.2576622362264516,3.2576622362264515e-05,False,3.257654927449099,resolved
4,inelastic,2,2,1|1,repeated,8.0,0.0032,3.257654856651925,3.257654856651925e-05,False,3.257654927449099,resolved
4,inelastic,2,2,1|1,repeated,4.0,0.0016,3.2576549261866603,3.257654926186661e-05,False,3.257654927449099,resolved
4,inelastic,2,2,1|1,repeated,2.0,0.0008,3.257654929311684,3.2576549293116845e-05,False,3.257654927449099,resolved
4,inelastic,2,2,1|1,repeated,1.0,0.0004,3.257654911300051,3.257654911300051e-05,False,3.257654927449099,resolved
4,inelastic,2,2,1|1,repeated,0.5,0.0002,3.25765496364329,3.2576549636432906e-05,False,3.257654927449099,resolved
4,inelastic,2,2,1|1,repeated,0.25,0.0001,3.2576548187062144,3.2576548187062144e-05,False,3.257654927449099,resolved
4,inelastic,2,2,1|1,repeated,0.125,5e-05,3.2576524689793587,3.257652468979359e-05,False,3.257654927449099,resolved
4,inelastic,2,2,1|1,repeated,0.0625,2.5e-05,3.257656630128622,3.257656630128622e-05,False,3.257654927449099,resolved
4,inelastic,3,2,1|1,repeated,16.0,0.0064,1.324096837050547,1.324096837050547e-05,False,1.3240673070549032,resolved
4,inelastic,3,2,1|1,repeated,8.0,0.0032,1.3240674246484332,1.3240674246484334e-05,False,1.3240673070549032,resolved
4,inelastic,3,2,1|1,repeated,4.0,0.0016,1.324067307129468,1.3240673071294681e-05,False,1.3240673070549032,resolved
4,inelastic,3,2,1|1,repeated,2.0,0.0008,1.3240673059071923,1.3240673059071925e-05,False,1.3240673070549032,resolved
4,inelastic,3,2,1|1,repeated,1.0,0.0004,1.3240673014843196,1.3240673014843195e-05,False,1.3240673070549032,resolved
4,inelastic,3,2,1|1,repeated,0.5,0.0002,1.3240673264081124,1.3240673264081125e-05,False,1.3240673070549032,resolved
4,inelastic,3,2,1|1,repeated,0.25,0.0001,1.324067187961191,1.3240671879611909e-05,False,1.3240673070549032,resolved
4,inelastic,3,2,1|1,repeated,0.125,5e-05,1.3240667502395809,1.324066750239581e-05,False,1.3240673070549032,resolved
4,inelastic,3,2,1|1,repeated,0.0625,2.5e-05,1.3240662030875683,1.3240662030875684e-05,False,1.3240673070549032,resolved
4,inelastic,4,2,1|1,repeated,16.0,0.0064,-0.1300313338034087,-1.3003133380340871e-06,False,-0.13003282817154996,resolved
4,inelastic,4,2,1|1,repeated,8.0,0.0032,-0.13003281550700763,-1.3003281550700763e-06,False,-0.13003282817154996,resolved
4,inelastic,4,2,1|1,repeated,4.0,0.0016,-0.13003282802981175,-1.3003282802981176e-06,False,-0.13003282817154996,resolved
4,inelastic,4,2,1|1,repeated,2.0,0.0008,-0.1300328280103713,-1.300328280103713e-06,False,-0.13003282817154996,resolved
4,inelastic,4,2,1|1,repeated,1.0,0.0004,-0.13003282962199592,-1.3003282962199592e-06,False,-0.13003282817154996,resolved
4,inelastic,4,2,1|1,repeated,0.5,0.0002,-0.130032817934989,-1.3003281793498902e-06,False,-0.13003282817154996,resolved
4,inelastic,4,2,1|1,repeated,0.25,0.0001,-0.1300328092474956,-1.3003280924749563e-06,False,-0.13003282817154996,resolved
4,inelastic,4,2,1|1,repeated,0.125,5e-05,-0.13003284437581897,-1.3003284437581898e-06,False,-0.13003282817154996,resolved
4,inelastic,4,2,1|1,repeated,0.0625,2.5e-05,-0.13003238243982196,-1.3003238243982195e-06,False,-0.13003282817154996,resolved
4,inelastic,1,3,1|1|1,repeated,16.0,0.0064,-400.59865055186674,-4.005986505518668e-05,False,-400.2971069694073,resolved
4,inelastic,1,3,1|1|1,repeated,8.0,0.0032,-400.29988919757307,-4.0029988919757314e-05,False,-400.2971069694073,resolved
4,inelastic,1,3,1|1|1,repeated,4.0,0.0016,-400.29714335501194,-4.0029714335501204e-05,False,-400.2971069694073,resolved
4,inelastic,1,3,1|1|1,repeated,2.0,0.0008,-400.297123670578,-4.0029712367057804e-05,False,-400.2971069694073,resolved
4,inelastic,1,3,1|1|1,repeated,1.0,0.0004,-400.29715728759766,-4.0029715728759773e-05,False,-400.2971069694073,resolved
4,inelastic,1,3,1|1|1,repeated,0.5,0.0002,-400.29644775390625,-4.002964477539064e-05,False,-400.2971069694073,resolved
4,inelastic,1,3,1|1|1,repeated,0.25,0.0001,-400.29443359375,-4.002944335937501e-05,False,-400.2971069694073,resolved
4,inelastic,1,3,1|1|1,repeated,0.125,5e-05,-400.3173828125,-4.003173828125001e-05,False,-400.2971069694073,resolved
4,inelastic,1,3,1|1|1,repeated,0.0625,2.5e-05,-400.6953125,-4.0069531250000004e-05,False,-400.2971069694073,resolved
4,inelastic,2,3,1|1|1,repeated,16.0,0.0064,274.8317082702415,2.7483170827024158e-05,False,274.77114056974943,resolved
4,inelastic,2,3,1|1|1,repeated,8.0,0.0032,274.77098072320223,2.7477098072320228e-05,False,274.77114056974943,resolved
4,inelastic,2,3,1|1|1,repeated,4.0,0.0016,274.77113758027554,2.7477113758027556e-05,False,274.77114056974943,resolved
4,inelastic,2,3,1|1|1,repeated,2.0,0.0008,274.7711289525032,2.7477112895250323e-05,False,274.77114056974943,resolved
4,inelastic,2,3,1|1|1,repeated,1.0,0.0004,274.7711281776428,2.7477112817764287e-05,False,274.77114056974943,resolved
4,inelastic,2,3,1|1|1,repeated,0.5,0.0002,274.7713623046875,2.7477136230468754e-05,False,274.77114056974943,resolved
4,inelastic,2,3,1|1|1,repeated,0.25,0.0001,274.7716064453125,2.747716064453125e-05,False,274.77114056974943,resolved
4,inelastic,2,3,1|1|1,repeated,0.125,5e-05,274.76611328125,2.7476611328125006e-05,False,274.77114056974943,resolved
4,inelastic,2,3,1|1|1,repeated,0.0625,2.5e-05,274.71484375,2.7471484375000004e-05,False,274.77114056974943,resolved
4,inelastic,3,3,1|1|1,repeated,16.0,0.0064,125.76694220281206,1.2576694220281209e-05,False,125.52596639965795,resolved
4,inelastic,3,3,1|1|1,repeated,8.0,0.0032,125.52890883153304,1.2552890883153306e-05,False,125.52596639965795,resolved
4,inelastic,3,3,1|1|1,repeated,4.0,0.0016,125.52600784646347,1.2552600784646349e-05,False,125.52596639965795,resolved
4,inelastic,3,3,1|1|1,repeated,2.0,0.0008,125.52596428990364,1.2552596428990365e-05,False,125.52596639965795,resolved
4,inelastic,3,3,1|1|1,repeated,1.0,0.0004,125.5259599685669,1.2552595996856691e-05,False,125.52596639965795,resolved
4,inelastic,3,3,1|1|1,repeated,0.5,0.0002,125.52603530883789,1.255260353088379e-05,False,125.52596639965795,resolved
4,inelastic,3,3,1|1|1,repeated,0.25,0.0001,125.52644348144531,1.2552644348144532e-05,False,125.52596639965795,resolved
4,inelastic,3,3,1|1|1,repeated,0.125,5e-05,125.519287109375,1.2551928710937503e-05,False,125.52596639965795,resolved
4,inelastic,3,3,1|1|1,repeated,0.0625,2.5e-05,125.5263671875,1.2552636718750001e-05,False,125.52596639965795,resolved
4,inelastic,4,3,1|1|1,repeated,16.0,0.0064,-10.024533106960007,-1.002453310696001e-06,False,-10.036665462481675,resolved
4,inelastic,4,3,1|1|1,repeated,8.0,0.0032,-10.036456816829741,-1.0036456816829741e-06,False,-10.036665462481675,resolved
4,inelastic,4,3,1|1|1,repeated,4.0,0.0016,-10.036662484519184,-1.0036662484519185e-06,False,-10.036665462481675,resolved
4,inelastic,4,3,1|1|1,repeated,2.0,0.0008,-10.03666590899229,-1.0036665908992292e-06,False,-10.036665462481675,resolved
4,inelastic,4,3,1|1|1,repeated,1.0,0.0004,-10.036663949489594,-1.0036663949489595e-06,False,-10.036665462481675,resolved
4,inelastic,4,3,1|1|1,repeated,0.5,0.0002,-10.036727905273438,-1.0036727905273439e-06,False,-10.036665462481675,resolved
4,inelastic,4,3,1|1|1,repeated,0.25,0.0001,-10.036354064941406,-1.0036354064941407e-06,False,-10.036665462481675,resolved
4,inelastic,4,3,1|1|1,repeated,0.125,5e-05,-10.037628173828125,-1.0037628173828127e-06,False,-10.036665462481675,resolved
4,inelastic,4,3,1|1|1,repeated,0.0625,2.5e-05,-10.052001953125,-1.0052001953125002e-06,False,-10.036665462481675,resolved
4,inelastic,1,4,1|1|1|1,repeated,16.0,0.0064,-34323.75327780843,-3.4323753277808426e-05,False,-34338.7994122473,resolved
4,inelastic,1,4,1|1|1|1,repeated,8.0,0.0032,-34338.72254729271,-3.433872254729271e-05,False,-34338.7994122473,resolved
4,inelastic,1,4,1|1|1|1,repeated,4.0,0.0016,-34338.79507446289,-3.4338795074462894e-05,False,-34338.7994122473,resolved
4,inelastic,1,4,1|1|1|1,repeated,2.0,0.0008,-34338.703857421875,-3.433870385742187e-05,False,-34338.7994122473,resolved
4,inelastic,1,4,1|1|1|1,repeated,1.0,0.0004,-34338.73046875,-3.4338730468750004e-05,False,-34338.7994122473,resolved
4,inelastic,1,4,1|1|1|1,repeated,0.5,0.0002,-34318.4375,-3.4318437500000006e-05,False,-34338.7994122473,resolved
4,inelastic,1,4,1|1|1|1,repeated,0.25,0.0001,-34342.0,-3.4342e-05,False,-34338.7994122473,resolved
4,inelastic,1,4,1|1|1|1,repeated,0.125,5e-05,-29680.0,-2.968e-05,False,-34338.7994122473,resolved
4,inelastic,1,4,1|1|1|1,repeated,0.0625,2.5e-05,96768.0,9.6768e-05,False,-34338.7994122473,resolved
4,inelastic,2,4,1|1|1|1,repeated,16.0,0.0064,22058.8434445709,2.20588434445709e-05,False,22061.52284147443,resolved
4,inelastic,2,4,1|1|1|1,repeated,8.0,0.0032,22061.6415258646,2.20616415258646e-05,False,22061.52284147443,resolved
4,inelastic,2,4,1|1|1|1,repeated,4.0,0.0016,22061.521774291992,2.2061521774291993e-05,False,22061.52284147443,resolved
4,inelastic,2,4,1|1|1|1,repeated,2.0,0.0008,22061.4453125,2.20614453125e-05,False,22061.52284147443,resolved
4,inelastic,2,4,1|1|1|1,repeated,1.0,0.0004,22060.859375,2.2060859375e-05,False,22061.52284147443,resolved
4,inelastic,2,4,1|1|1|1,repeated,0.5,0.0002,22041.40625,2.204140625e-05,False,22061.52284147443,resolved
4,inelastic,2,4,1|1|1|1,repeated,0.25,0.0001,21814.0,2.1813999999999998e-05,False,22061.52284147443,resolved
4,inelastic,2,4,1|1|1|1,repeated,0.125,5e-05,19680.0,1.968e-05,False,22061.52284147443,resolved
4,inelastic,2,4,1|1|1|1,repeated,0.0625,2.5e-05,-65408.0,-6.540800000000001e-05,False,22061.52284147443,resolved
4,inelastic,3,4,1|1|1|1,repeated,16.0,0.0064,12264.909841269255,1.2264909841269255e-05,False,12277.27657077287,resolved
4,inelastic,3,4,1|1|1|1,repeated,8.0,0.0032,12277.08102107048,1.2277081021070481e-05,False,12277.27657077287,resolved
4,inelastic,3,4,1|1|1|1,repeated,4.0,0.0016,12277.275717258453,1.2277275717258454e-05,False,12277.27657077287,resolved
4,inelastic,3,4,1|1|1|1,repeated,2.0,0.0008,12277.296173095703,1.2277296173095702e-05,False,12277.27657077287,resolved
4,inelastic,3,4,1|1|1|1,repeated,1.0,0.0004,12277.51806640625,1.227751806640625e-05,False,12277.27657077287,resolved
4,inelastic,3,4,1|1|1|1,repeated,0.5,0.0002,12283.8984375,1.22838984375e-05,False,12277.27657077287,resolved
4,inelastic,3,4,1|1|1|1,repeated,0.25,0.0001,12418.0,1.2417999999999999e-05,False,12277.27657077287,resolved
4,inelastic,3,4,1|1|1|1,repeated,0.125,5e-05,13730.0,1.373e-05,False,12277.27657077287,resolved
4,inelastic,3,4,1|1|1|1,repeated,0.0625,2.5e-05,42848.0,4.2848e-05,False,12277.27657077287,resolved
4,inelastic,4,4,1|1|1|1,repeated,16.0,0.0064,-658.6372767072171,-6.586372767072171e-07,False,-657.9858087045931,resolved
4,inelastic,4,4,1|1|1|1,repeated,8.0,0.0032,-658.006953805685,-6.58006953805685e-07,False,-657.9858087045931,resolved
4,inelastic,4,4,1|1|1|1,repeated,4.0,0.0016,-657.9860653877258,-6.579860653877258e-07,False,-657.9858087045931,resolved
4,inelastic,4,4,1|1|1|1,repeated,2.0,0.0008,-657.9842376708984,-6.579842376708985e-07,False,-657.9858087045931,resolved
4,inelastic,4,4,1|1|1|1,repeated,1.0,0.0004,-657.9058837890625,-6.579058837890626e-07,False,-657.9858087045931,resolved
4,inelastic,4,4,1|1|1|1,repeated,0.5,0.0002,-657.982421875,-6.57982421875e-07,False,-657.9858087045931,resolved
4,inelastic,4,4,1|1|1|1,repeated,0.25,0.0001,-650.71875,-6.5071875e-07,False,-657.9858087045931,resolved
4,inelastic,4,4,1|1|1|1,repeated,0.125,5e-05,-365.5,-3.6550000000000004e-07,False,-657.9858087045931,resolved
4,inelastic,4,4,1|1|1|1,repeated,0.0625,2.5e-05,4192.0,4.192e-06,False,-657.9858087045931,resolved
4,inelastic,1,3,1|1|2,mixed,16.0,0.0064,276.32624576429146,2.763262457642915e-05,False,274.7711405697493,resolved
4,inelastic,1,3,1|1|2,mixed,8.0,0.0032,274.77111693878305,2.747711169387831e-05,False,274.7711405697493,resolved
4,inelastic,1,3,1|1|2,mixed,4.0,0.0016,274.771140446097,2.74771140446097e-05,False,274.7711405697493,resolved
4,inelastic,1,3,1|1|2,mixed,2.0,0.0008,274.77114994599833,2.7477114994599836e-05,False,274.7711405697493,resolved
4,inelastic,1,3,1|1|2,mixed,1.0,0.0004,274.7709357147105,2.7477093571471055e-05,False,274.7711405697493,resolved
4,inelastic,1,3,1|1|2,mixed,0.5,0.0002,274.772234512493,2.7477223451249303e-05,False,274.7711405697493,resolved
4,inelastic,1,3,1|1|2,mixed,0.25,0.0001,274.77379235625267,2.7477379235625272e-05,False,274.7711405697493,resolved
4,inelastic,1,3,1|1|2,mixed,0.125,5e-05,274.8005757331848,2.748005757331849e-05,False,274.7711405697493,resolved
4,inelastic,1,3,1|1|2,mixed,0.0625,2.5e-05,275.00728607177734,2.750072860717774e-05,False,274.7711405697493,resolved
4,inelastic,2,3,1|1|2,mixed,16.0,0.0064,-247.7259026258943,-2.4772590262589436e-05,False,-246.39751584795957,resolved
4,inelastic,2,3,1|1|2,mixed,8.0,0.0032,-246.39736872619724,-2.4639736872619728e-05,False,-246.39751584795957,resolved
4,inelastic,2,3,1|1|2,mixed,4.0,0.0016,-246.39751521711185,-2.463975152171119e-05,False,-246.39751584795957,resolved
4,inelastic,2,3,1|1|2,mixed,2.0,0.0008,-246.3975070360175,-2.4639750703601752e-05,False,-246.39751584795957,resolved
4,inelastic,2,3,1|1|2,mixed,1.0,0.0004,-246.39744754554704,-2.463974475455471e-05,False,-246.39751584795957,resolved
4,inelastic,2,3,1|1|2,mixed,0.5,0.0002,-246.39777159970254,-2.4639777159970257e-05,False,-246.39751584795957,resolved
4,inelastic,2,3,1|1|2,mixed,0.25,0.0001,-246.39835128188133,-2.463983512818814e-05,False,-246.39751584795957,resolved
4,inelastic,2,3,1|1|2,mixed,0.125,5e-05,-246.37862771749496,-2.4637862771749502e-05,False,-246.39751584795957,resolved
4,inelastic,2,3,1|1|2,mixed,0.0625,2.5e-05,-246.2821340560913,-2.462821340560913e-05,False,-246.39751584795957,resolved
4,inelastic,3,3,1|1|2,mixed,16.0,0.0064,-28.600343161188555,-2.8600343161188558e-06,False,-28.37362472179,resolved
4,inelastic,3,3,1|1|2,mixed,8.0,0.0032,-28.373748229667058,-2.837374822966706e-06,False,-28.37362472179,resolved
4,inelastic,3,3,1|1|2,mixed,4.0,0.0016,-28.373624974602535,-2.837362497460254e-06,False,-28.37362472179,resolved
4,inelastic,3,3,1|1|2,mixed,2.0,0.0008,-28.373626376590437,-2.837362637659044e-06,False,-28.37362472179,resolved
4,inelastic,3,3,1|1|2,mixed,1.0,0.0004,-28.37361192930257,-2.8373611929302573e-06,False,-28.37362472179,resolved
4,inelastic,3,3,1|1|2,mixed,0.5,0.0002,-28.37363250879571,-2.8373632508795713e-06,False,-28.37362472179,resolved
4,inelastic,3,3,1|1|2,mixed,0.25,0.0001,-28.37473638355732,-2.8374736383557325e-06,False,-28.37362472179,resolved
4,inelastic,3,3,1|1|2,mixed,0.125,5e-05,-28.39293885231018,-2.8392938852310183e-06,False,-28.37362472179,resolved
4,inelastic,3,3,1|1|2,mixed,0.0625,2.5e-05,-28.40828824043274,-2.8408288240432744e-06,False,-28.37362472179,resolved
4,inelastic,4,3,1|1|2,mixed,16.0,0.0064,7.636967276711328,7.63696727671133e-07,False,7.374614640363042,resolved
4,inelastic,4,3,1|1|2,mixed,8.0,0.0032,7.374627143905968,7.37462714390597e-07,False,7.374614640363042,resolved
4,inelastic,4,3,1|1|2,mixed,4.0,0.0016,7.374614727635617,7.374614727635618e-07,False,7.374614640363042,resolved
4,inelastic,4,3,1|1|2,mixed,2.0,0.0008,7.374614120299157,7.374614120299157e-07,False,7.374614640363042,resolved
4,inelastic,4,3,1|1|2,mixed,1.0,0.0004,7.374611026170896,7.374611026170898e-07,False,7.374614640363042,resolved
4,inelastic,4,3,1|1|2,mixed,0.5,0.0002,7.374584686360322,7.374584686360323e-07,False,7.374614640363042,resolved
4,inelastic,4,3,1|1|2,mixed,0.25,0.0001,7.3746987814083695,7.374698781408372e-07,False,7.374614640363042,resolved
4,inelastic,4,3,1|1|2,mixed,0.125,5e-05,7.378294982016087,7.378294982016088e-07,False,7.374614640363042,resolved
4,inelastic,4,3,1|1|2,mixed,0.0625,2.5e-05,7.389312207698822,7.389312207698823e-07,False,7.374614640363042,resolved
4,inelastic,1,4,1|1|2|2,mixed,16.0,0.0064,-17817.540612613066,-1.781754061261307e-05,False,-18051.10530889213,resolved
4,inelastic,1,4,1|1|2|2,mixed,8.0,0.0032,-18051.107623375545,-1.8051107623375544e-05,False,-18051.10530889213,resolved
4,inelastic,1,4,1|1|2|2,mixed,4.0,0.0016,-18051.105937816203,-1.8051105937816205e-05,False,-18051.10530889213,resolved
4,inelastic,1,4,1|1|2|2,mixed,2.0,0.0008,-18051.112157598138,-1.8051112157598137e-05,False,-18051.10530889213,resolved
4,inelastic,1,4,1|1|2|2,mixed,1.0,0.0004,-18051.813948631287,-1.8051813948631288e-05,False,-18051.10530889213,resolved
4,inelastic,1,4,1|1|2|2,mixed,0.5,0.0002,-18072.98361968994,-1.8072983619689943e-05,False,-18051.10530889213,resolved
4,inelastic,1,4,1|1|2|2,mixed,0.25,0.0001,-18305.509399414062,-1.8305509399414064e-05,False,-18051.10530889213,resolved
4,inelastic,1,4,1|1|2|2,mixed,0.125,5e-05,-19134.88671875,-1.913488671875e-05,False,-18051.10530889213,resolved
4,inelastic,1,4,1|1|2|2,mixed,0.0625,2.5e-05,-895.34375,-8.9534375e-07,False,-18051.10530889213,resolved
4,inelastic,2,4,1|1|2|2,mixed,16.0,0.0064,17422.18870692048,1.742218870692048e-05,False,17653.339204560933,resolved
4,inelastic,2,4,1|1|2|2,mixed,8.0,0.0032,17653.340629034967,1.765334062903497e-05,False,17653.339204560933,resolved
4,inelastic,2,4,1|1|2|2,mixed,4.0,0.0016,17653.33983874778,1.7653339838747782e-05,False,17653.339204560933,resolved
4,inelastic,2,4,1|1|2|2,mixed,2.0,0.0008,17653.34233320877,1.7653342333208773e-05,False,17653.339204560933,resolved
4,inelastic,2,4,1|1|2|2,mixed,1.0,0.0004,17653.688856601715,1.7653688856601716e-05,False,17653.339204560933,resolved
4,inelastic,2,4,1|1|2|2,mixed,0.5,0.0002,17648.241539001465,1.7648241539001464e-05,False,17653.339204560933,resolved
4,inelastic,2,4,1|1|2|2,mixed,0.25,0.0001,17786.435180664062,1.7786435180664063e-05,False,17653.339204560933,resolved
4,inelastic,2,4,1|1|2|2,mixed,0.125,5e-05,18652.7333984375,1.86527333984375e-05,False,17653.339204560933,resolved
4,inelastic,2,4,1|1|2|2,mixed,0.0625,2.5e-05,25749.328125,2.5749328124999997e-05,False,17653.339204560933,resolved
4,inelastic,3,4,1|1|2|2,mixed,16.0,0.0064,395.3518881544687,3.9535188815446876e-07,False,397.7661043312112,resolved
4,inelastic,3,4,1|1|2|2,mixed,8.0,0.0032,397.767041724248,3.97767041724248e-07,False,397.7661043312112,resolved
4,inelastic,3,4,1|1|2|2,mixed,4.0,0.0016,397.7664515215438,3.977664515215438e-07,False,397.7661043312112,resolved
4,inelastic,3,4,1|1|2|2,mixed,2.0,0.0008,397.77980941697024,3.9777980941697023e-07,False,397.7661043312112,resolved
4,inelastic,3,4,1|1|2|2,mixed,1.0,0.0004,397.6983621418476,3.9769836214184764e-07,False,397.7661043312112,resolved
4,inelastic,3,4,1|1|2|2,mixed,0.5,0.0002,397.9745273590088,3.9797452735900874e-07,False,397.7661043312112,resolved
4,inelastic,3,4,1|1|2|2,mixed,0.25,0.0001,478.76861572265625,4.787686157226563e-07,False,397.7661043312112,resolved
4,inelastic,3,4,1|1|2|2,mixed,0.125,5e-05,672.63916015625,6.7263916015625e-07,False,397.7661043312112,resolved
4,inelastic,3,4,1|1|2|2,mixed,0.0625,2.5e-05,-418.8515625,-4.188515625e-07,False,397.7661043312112,resolved
4,inelastic,4,4,1|1|2|2,mixed,16.0,0.0064,-289.05451898286447,-2.8905451898286446e-07,False,-333.8428045660004,resolved
4,inelastic,4,4,1|1|2|2,mixed,8.0,0.0032,-333.8414301076409,-3.338414301076409e-07,False,-333.8428045660004,resolved
4,inelastic,4,4,1|1|2|2,mixed,4.0,0.0016,-333.84258471260546,-3.3384258471260546e-07,False,-333.8428045660004,resolved
4,inelastic,4,4,1|1|2|2,mixed,2.0,0.0008,-333.8423234419897,-3.338423234419897e-07,False,-333.8428045660004,resolved
4,inelastic,4,4,1|1|2|2,mixed,1.0,0.0004,-333.7974728643894,-3.337974728643894e-07,False,-333.8428045660004,resolved
4,inelastic,4,4,1|1|2|2,mixed,0.5,0.0002,-333.3460593223572,-3.333460593223572e-07,False,-333.8428045660004,resolved
4,inelastic,4,4,1|1|2|2,mixed,0.25,0.0001,-329.86474990844727,-3.2986474990844727e-07,False,-333.8428045660004,resolved
4,inelastic,4,4,1|1|2|2,mixed,0.125,5e-05,-328.25689697265625,-3.2825689697265626e-07,False,-333.8428045660004,resolved
4,inelastic,4,4,1|1|2|2,mixed,0.0625,2.5e-05,4334.72265625,4.33472265625e-06,False,-333.8428045660004,resolved
4,inelastic,1,2,1|2,mixed,16.0,0.0064,3.245375953982427,3.2453759539824274e-05,False,3.2576549274490985,resolved
4,inelastic,1,2,1|2,mixed,8.0,0.0032,3.257654769220877,3.257654769220877e-05,False,3.2576549274490985,resolved
4,inelastic,1,2,1|2,mixed,4.0,0.0016,3.2576549247173148,3.257654924717315e-05,False,3.2576549274490985,resolved
4,inelastic,1,2,1|2,mixed,2.0,0.0008,3.257654924497274,3.257654924497274e-05,False,3.2576549274490985,resolved
4,inelastic,1,2,1|2,mixed,1.0,0.0004,3.257654927032263,3.257654927032263e-05,False,3.2576549274490985,resolved
4,inelastic,1,2,1|2,mixed,0.5,0.0002,3.2576550073354156,3.257655007335416e-05,False,3.2576549274490985,resolved
4,inelastic,1,2,1|2,mixed,0.25,0.0001,3.2576550689373107,3.257655068937311e-05,False,3.2576549274490985,resolved
4,inelastic,1,2,1|2,mixed,0.125,5e-05,3.2576542840106413,3.257654284010641e-05,False,3.2576549274490985,resolved
4,inelastic,1,2,1|2,mixed,0.0625,2.5e-05,3.257654634770006,3.257654634770006e-05,False,3.2576549274490985,resolved
4,inelastic,2,2,1|2,mixed,16.0,0.0064,-3.1376740785677546,-3.137674078567755e-05,False,-3.1494616953061056,resolved
4,inelastic,2,2,1|2,mixed,8.0,0.0032,-3.149461571947716,-3.149461571947716e-05,False,-3.1494616953061056,resolved
4,inelastic,2,2,1|2,mixed,4.0,0.0016,-3.1494616948333656,-3.1494616948333655e-05,False,-3.1494616953061056,resolved
4,inelastic,2,2,1|2,mixed,2.0,0.0008,-3.1494616991154913,-3.149461699115492e-05,False,-3.1494616953061056,resolved
4,inelastic,2,2,1|2,mixed,1.0,0.0004,-3.1494617013174775,-3.149461701317477e-05,False,-3.1494616953061056,resolved
4,inelastic,2,2,1|2,mixed,0.5,0.0002,-3.1494617297062177,-3.149461729706218e-05,False,-3.1494616953061056,resolved
4,inelastic,2,2,1|2,mixed,0.25,0.0001,-3.149461554208756,-3.149461554208756e-05,False,-3.1494616953061056,resolved
4,inelastic,2,2,1|2,mixed,0.125,5e-05,-3.1494616098643746,-3.149461609864375e-05,False,-3.1494616953061056,resolved
4,inelastic,2,2,1|2,mixed,0.0625,2.5e-05,-3.1494642815960106,-3.149464281596011e-05,False,-3.1494616953061056,resolved
4,inelastic,3,2,1|2,mixed,16.0,0.0064,-0.10770187542126614,-1.0770187542126615e-06,False,-0.10819323214299367,resolved
4,inelastic,3,2,1|2,mixed,8.0,0.0032,-0.1081931971738177,-1.0819319717381771e-06,False,-0.10819323214299367,resolved
4,inelastic,3,2,1|2,mixed,4.0,0.0016,-0.10819323103812906,-1.0819323103812907e-06,False,-0.10819323214299367,resolved
4,inelastic,3,2,1|2,mixed,2.0,0.0008,-0.10819323160311667,-1.0819323160311667e-06,False,-0.10819323214299367,resolved
4,inelastic,3,2,1|2,mixed,1.0,0.0004,-0.10819322718191415,-1.0819322718191417e-06,False,-0.10819323214299367,resolved
4,inelastic,3,2,1|2,mixed,0.5,0.0002,-0.10819324005319686,-1.0819324005319686e-06,False,-0.10819323214299367,resolved
4,inelastic,3,2,1|2,mixed,0.25,0.0001,-0.10819317887171565,-1.0819317887171564e-06,False,-0.10819323214299367,resolved
4,inelastic,3,2,1|2,mixed,0.125,5e-05,-0.10819316349443397,-1.0819316349443398e-06,False,-0.10819323214299367,resolved
4,inelastic,3,2,1|2,mixed,0.0625,2.5e-05,-0.10819358320441097,-1.0819358320441098e-06,False,-0.10819323214299367,resolved
4,inelastic,4,2,1|2,mixed,16.0,0.0064,0.09131026250359248,9.131026250359249e-07,False,0.09338934099668178,resolved
4,inelastic,4,2,1|2,mixed,8.0,0.0032,0.09338925081889737,9.338925081889737e-07,False,0.09338934099668178,resolved
4,inelastic,4,2,1|2,mixed,4.0,0.0016,0.09338934063123627,9.338934063123627e-07,False,0.09338934099668178,resolved
4,inelastic,4,2,1|2,mixed,2.0,0.0008,0.09338934098811436,9.338934098811436e-07,False,0.09338934099668178,resolved
4,inelastic,4,2,1|2,mixed,1.0,0.0004,0.09338934120803799,9.338934120803799e-07,False,0.09338934099668178,resolved
4,inelastic,4,2,1|2,mixed,0.5,0.0002,0.09338933970832386,9.338933970832386e-07,False,0.09338934099668178,resolved
4,inelastic,4,2,1|2,mixed,0.25,0.0001,0.09338934732568305,9.338934732568306e-07,False,0.09338934099668178,resolved
4,inelastic,4,2,1|2,mixed,0.125,5e-05,0.09338934708284796,9.338934708284796e-07,False,0.09338934099668178,resolved
4,inelastic,4,2,1|2,mixed,0.0625,2.5e-05,0.09338956066130777,9.338956066130777e-07,False,0.09338934099668178,resolved
