increment,branch,stress_component,order,directions,direction_pattern,step_factor,step,fd_value,fd_value_normalized,invariant_across_stencil,oti_derivative,reference_classification
1,elastic,1,2,1|1,repeated,16.0,0.00032,4.156415202195854e-73,1.6625660808783416e-81,False,0.0,expected_zero_independently_supported
1,elastic,1,2,1|1,repeated,8.0,0.00016,-2.051677291296677e-72,-8.206709165186709e-81,False,0.0,expected_zero_independently_supported
1,elastic,1,2,1|1,repeated,4.0,8e-05,8.472012263199209e-72,3.388804905279684e-80,False,0.0,expected_zero_independently_supported
1,elastic,1,2,1|1,repeated,2.0,4e-05,-2.63534410692418e-71,-1.054137642769672e-79,False,0.0,expected_zero_independently_supported
1,elastic,1,2,1|1,repeated,1.0,2e-05,-2.227838548376978e-70,-8.911354193507911e-79,False,0.0,expected_zero_independently_supported
1,elastic,1,2,1|1,repeated,0.5,1e-05,3.5373746401666845e-70,1.414949856066674e-78,False,0.0,expected_zero_independently_supported
1,elastic,1,2,1|1,repeated,0.25,5e-06,7.629409623911505e-70,3.051763849564602e-78,False,0.0,expected_zero_independently_supported
1,elastic,1,2,1|1,repeated,0.125,2.5e-06,3.1966547148258295e-69,1.2786618859303316e-77,False,0.0,expected_zero_independently_supported
1,elastic,1,2,1|1,repeated,0.0625,1.25e-06,1.2207055398258408e-68,4.8828221593033635e-77,False,0.0,expected_zero_independently_supported
1,elastic,2,2,1|1,repeated,16.0,0.00032,9.064522515427129e-73,3.6258090061708516e-81,False,0.0,expected_zero_independently_supported
1,elastic,2,2,1|1,repeated,8.0,0.00016,-3.4135665277608506e-72,-1.3654266111043402e-80,False,0.0,expected_zero_independently_supported
1,elastic,2,2,1|1,repeated,4.0,8e-05,-9.347512486640464e-72,-3.7390049946561855e-80,False,0.0,expected_zero_independently_supported
1,elastic,2,2,1|1,repeated,2.0,4e-05,-1.5688256529139246e-71,-6.275302611655698e-80,False,0.0,expected_zero_independently_supported
1,elastic,2,2,1|1,repeated,1.0,2e-05,-7.24984932502162e-71,-2.899939730008648e-79,False,0.0,expected_zero_independently_supported
1,elastic,2,2,1|1,repeated,0.5,1e-05,-2.924701352489815e-70,-1.1698805409959258e-78,False,0.0,expected_zero_independently_supported
1,elastic,2,2,1|1,repeated,0.25,5e-06,-1.131959884853339e-72,-4.5278395394133555e-81,False,0.0,expected_zero_independently_supported
1,elastic,2,2,1|1,repeated,0.125,2.5e-06,-6.565367332149366e-70,-2.6261469328597464e-78,False,0.0,expected_zero_independently_supported
1,elastic,2,2,1|1,repeated,0.0625,1.25e-06,-2.3182538441796384e-69,-9.273015376718552e-78,False,0.0,expected_zero_independently_supported
1,elastic,3,2,1|1,repeated,16.0,0.00032,9.064522515427129e-73,3.6258090061708516e-81,False,0.0,expected_zero_independently_supported
1,elastic,3,2,1|1,repeated,8.0,0.00016,-3.4135665277608506e-72,-1.3654266111043402e-80,False,0.0,expected_zero_independently_supported
1,elastic,3,2,1|1,repeated,4.0,8e-05,-9.347512486640464e-72,-3.7390049946561855e-80,False,0.0,expected_zero_independently_supported
1,elastic,3,2,1|1,repeated,2.0,4e-05,-1.5688256529139246e-71,-6.275302611655698e-80,False,0.0,expected_zero_independently_supported
1,elastic,3,2,1|1,repeated,1.0,2e-05,-7.24984932502162e-71,-2.899939730008648e-79,False,0.0,expected_zero_independently_supported
1,elastic,3,2,1|1,repeated,0.5,1e-05,-2.924701352489815e-70,-1.1698805409959258e-78,False,0.0,expected_zero_independently_supported
1,elastic,3,2,1|1,repeated,0.25,5e-06,-1.131959884853339e-72,-4.5278395394133555e-81,False,0.0,expected_zero_independently_supported
1,elastic,3,2,1|1,repeated,0.125,2.5e-06,-6.565367332149366e-70,-2.6261469328597464e-78,False,0.0,expected_zero_independently_supported
1,elastic,3,2,1|1,repeated,0.0625,1.25e-06,-2.3182538441796384e-69,-9.273015376718552e-78,False,0.0,expected_zero_independently_supported
1,elastic,4,2,1|1,repeated,16.0,0.00032,0.0,0.0,True,0.0,expected_zero_independently_supported
1,elastic,4,2,1|1,repeated,8.0,0.00016,0.0,0.0,True,0.0,expected_zero_independently_supported
1,elastic,4,2,1|1,repeated,4.0,8e-05,0.0,0.0,True,0.0,expected_zero_independently_supported
1,elastic,4,2,1|1,repeated,2.0,4e-05,0.0,0.0,True,0.0,expected_zero_independently_supported
1,elastic,4,2,1|1,repeated,1.0,2e-05,0.0,0.0,True,0.0,expected_zero_independently_supported
1,elastic,4,2,1|1,repeated,0.5,1e-05,0.0,0.0,True,0.0,expected_zero_independently_supported
1,elastic,4,2,1|1,repeated,0.25,5e-06,0.0,0.0,True,0.0,expected_zero_independently_supported
1,elastic,4,2,1|1,repeated,0.125,2.5e-06,0.0,0.0,True,0.0,expected_zero_independently_supported
1,elastic,4,2,1|1,repeated,0.0625,1.25e-06,0.0,0.0,True,0.0,expected_zero_independently_supported
1,elastic,5,2,1|1,repeated,16.0,0.00032,0.0,0.0,True,0.0,expected_zero_independently_supported
1,elastic,5,2,1|1,repeated,8.0,0.00016,0.0,0.0,True,0.0,expected_zero_independently_supported
1,elastic,5,2,1|1,repeated,4.0,8e-05,0.0,0.0,True,0.0,expected_zero_independently_supported
1,elastic,5,2,1|1,repeated,2.0,4e-05,0.0,0.0,True,0.0,expected_zero_independently_supported
1,elastic,5,2,1|1,repeated,1.0,2e-05,0.0,0.0,True,0.0,expected_zero_independently_supported
1,elastic,5,2,1|1,repeated,0.5,1e-05,0.0,0.0,True,0.0,expected_zero_independently_supported
1,elastic,5,2,1|1,repeated,0.25,5e-06,0.0,0.0,True,0.0,expected_zero_independently_supported
1,elastic,5,2,1|1,repeated,0.125,2.5e-06,0.0,0.0,True,0.0,expected_zero_independently_supported
1,elastic,5,2,1|1,repeated,0.0625,1.25e-06,0.0,0.0,True,0.0,expected_zero_independently_supported
1,elastic,6,2,1|1,repeated,16.0,0.00032,0.0,0.0,True,0.0,expected_zero_independently_supported
1,elastic,6,2,1|1,repeated,8.0,0.00016,0.0,0.0,True,0.0,expected_zero_independently_supported
1,elastic,6,2,1|1,repeated,4.0,8e-05,0.0,0.0,True,0.0,expected_zero_independently_supported
1,elastic,6,2,1|1,repeated,2.0,4e-05,0.0,0.0,True,0.0,expected_zero_independently_supported
1,elastic,6,2,1|1,repeated,1.0,2e-05,0.0,0.0,True,0.0,expected_zero_independently_supported
1,elastic,6,2,1|1,repeated,0.5,1e-05,0.0,0.0,True,0.0,expected_zero_independently_supported
1,elastic,6,2,1|1,repeated,0.25,5e-06,0.0,0.0,True,0.0,expected_zero_independently_supported
1,elastic,6,2,1|1,repeated,0.125,2.5e-06,0.0,0.0,True,0.0,expected_zero_independently_supported
1,elastic,6,2,1|1,repeated,0.0625,1.25e-06,0.0,0.0,True,0.0,expected_zero_independently_supported
1,elastic,1,3,1|1|1,repeated,16.0,0.00032,1.3901825606524244e-68,5.560730242609698e-80,False,0.0,expected_zero_independently_supported
1,elastic,1,3,1|1|1,repeated,8.0,0.00016,1.1529689552469497e-68,4.611875820987799e-80,False,0.0,expected_zero_independently_supported
1,elastic,1,3,1|1|1,repeated,4.0,8e-05,7.369148566631887e-68,2.947659426652755e-79,False,0.0,expected_zero_independently_supported
1,elastic,1,3,1|1|1,repeated,2.0,4e-05,5.431668084469582e-67,2.172667233787833e-78,False,0.0,expected_zero_independently_supported
1,elastic,1,3,1|1|1,repeated,1.0,2e-05,1.617770208826854e-65,6.471080835307416e-77,False,0.0,expected_zero_independently_supported
1,elastic,1,3,1|1|1,repeated,0.5,1e-05,-4.476270413013299e-65,-1.79050816520532e-76,False,0.0,expected_zero_independently_supported
1,elastic,1,3,1|1|1,repeated,0.25,5e-06,-2.2041590072754684e-64,-8.816636029101874e-76,False,0.0,expected_zero_independently_supported
1,elastic,1,3,1|1|1,repeated,0.125,2.5e-06,-4.877873426429589e-63,-1.9511493705718354e-74,False,0.0,expected_zero_independently_supported
1,elastic,1,3,1|1|1,repeated,0.0625,1.25e-06,5.821162630514363e-62,2.3284650522057453e-73,False,0.0,expected_zero_independently_supported
1,elastic,2,3,1|1|1,repeated,16.0,0.00032,-1.1624258328984993e-69,-4.649703331593997e-81,False,0.0,expected_zero_independently_supported
1,elastic,2,3,1|1|1,repeated,8.0,0.00016,2.721309138264131e-68,1.0885236553056525e-79,False,0.0,expected_zero_independently_supported
1,elastic,2,3,1|1|1,repeated,4.0,8e-05,3.919918505929833e-68,1.567967402371933e-79,False,0.0,expected_zero_independently_supported
1,elastic,2,3,1|1|1,repeated,2.0,4e-05,7.71315883680635e-68,3.08526353472254e-79,False,0.0,expected_zero_independently_supported
1,elastic,2,3,1|1|1,repeated,1.0,2e-05,1.386712983212148e-66,5.546851932848593e-78,False,0.0,expected_zero_independently_supported
1,elastic,2,3,1|1|1,repeated,0.5,1e-05,-2.6220910010218275e-65,-1.0488364004087311e-76,False,0.0,expected_zero_independently_supported
1,elastic,2,3,1|1|1,repeated,0.25,5e-06,-2.9351492912310025e-65,-1.1740597164924012e-76,False,0.0,expected_zero_independently_supported
1,elastic,2,3,1|1|1,repeated,0.125,2.5e-06,-1.9060318665522048e-63,-7.624127466208819e-75,False,0.0,expected_zero_independently_supported
1,elastic,2,3,1|1|1,repeated,0.0625,1.25e-06,-1.2707792106592145e-63,-5.083116842636858e-75,False,0.0,expected_zero_independently_supported
1,elastic,3,3,1|1|1,repeated,16.0,0.00032,-1.1624258328984993e-69,-4.649703331593997e-81,False,0.0,expected_zero_independently_supported
1,elastic,3,3,1|1|1,repeated,8.0,0.00016,2.721309138264131e-68,1.0885236553056525e-79,False,0.0,expected_zero_independently_supported
1,elastic,3,3,1|1|1,repeated,4.0,8e-05,3.919918505929833e-68,1.567967402371933e-79,False,0.0,expected_zero_independently_supported
1,elastic,3,3,1|1|1,repeated,2.0,4e-05,7.71315883680635e-68,3.08526353472254e-79,False,0.0,expected_zero_independently_supported
1,elastic,3,3,1|1|1,repeated,1.0,2e-05,1.386712983212148e-66,5.546851932848593e-78,False,0.0,expected_zero_independently_supported
1,elastic,3,3,1|1|1,repeated,0.5,1e-05,-2.6220910010218275e-65,-1.0488364004087311e-76,False,0.0,expected_zero_independently_supported
1,elastic,3,3,1|1|1,repeated,0.25,5e-06,-2.9351492912310025e-65,-1.1740597164924012e-76,False,0.0,expected_zero_independently_supported
1,elastic,3,3,1|1|1,repeated,0.125,2.5e-06,-1.9060318665522048e-63,-7.624127466208819e-75,False,0.0,expected_zero_independently_supported
1,elastic,3,3,1|1|1,repeated,0.0625,1.25e-06,-1.2707792106592145e-63,-5.083116842636858e-75,False,0.0,expected_zero_independently_supported
1,elastic,4,3,1|1|1,repeated,16.0,0.00032,0.0,0.0,True,0.0,expected_zero_independently_supported
1,elastic,4,3,1|1|1,repeated,8.0,0.00016,0.0,0.0,True,0.0,expected_zero_independently_supported
1,elastic,4,3,1|1|1,repeated,4.0,8e-05,0.0,0.0,True,0.0,expected_zero_independently_supported
1,elastic,4,3,1|1|1,repeated,2.0,4e-05,0.0,0.0,True,0.0,expected_zero_independently_supported
1,elastic,4,3,1|1|1,repeated,1.0,2e-05,0.0,0.0,True,0.0,expected_zero_independently_supported
1,elastic,4,3,1|1|1,repeated,0.5,1e-05,0.0,0.0,True,0.0,expected_zero_independently_supported
1,elastic,4,3,1|1|1,repeated,0.25,5e-06,0.0,0.0,True,0.0,expected_zero_independently_supported
1,elastic,4,3,1|1|1,repeated,0.125,2.5e-06,0.0,0.0,True,0.0,expected_zero_independently_supported
1,elastic,4,3,1|1|1,repeated,0.0625,1.25e-06,0.0,0.0,True,0.0,expected_zero_independently_supported
1,elastic,5,3,1|1|1,repeated,16.0,0.00032,0.0,0.0,True,0.0,expected_zero_independently_supported
1,elastic,5,3,1|1|1,repeated,8.0,0.00016,0.0,0.0,True,0.0,expected_zero_independently_supported
1,elastic,5,3,1|1|1,repeated,4.0,8e-05,0.0,0.0,True,0.0,expected_zero_independently_supported
1,elastic,5,3,1|1|1,repeated,2.0,4e-05,0.0,0.0,True,0.0,expected_zero_independently_supported
1,elastic,5,3,1|1|1,repeated,1.0,2e-05,0.0,0.0,True,0.0,expected_zero_independently_supported
1,elastic,5,3,1|1|1,repeated,0.5,1e-05,0.0,0.0,True,0.0,expected_zero_independently_supported
1,elastic,5,3,1|1|1,repeated,0.25,5e-06,0.0,0.0,True,0.0,expected_zero_independently_supported
1,elastic,5,3,1|1|1,repeated,0.125,2.5e-06,0.0,0.0,True,0.0,expected_zero_independently_supported
1,elastic,5,3,1|1|1,repeated,0.0625,1.25e-06,0.0,0.0,True,0.0,expected_zero_independently_supported
1,elastic,6,3,1|1|1,repeated,16.0,0.00032,0.0,0.0,True,0.0,expected_zero_independently_supported
1,elastic,6,3,1|1|1,repeated,8.0,0.00016,0.0,0.0,True,0.0,expected_zero_independently_supported
1,elastic,6,3,1|1|1,repeated,4.0,8e-05,0.0,0.0,True,0.0,expected_zero_independently_supported
1,elastic,6,3,1|1|1,repeated,2.0,4e-05,0.0,0.0,True,0.0,expected_zero_independently_supported
1,elastic,6,3,1|1|1,repeated,1.0,2e-05,0.0,0.0,True,0.0,expected_zero_independently_supported
1,elastic,6,3,1|1|1,repeated,0.5,1e-05,0.0,0.0,True,0.0,expected_zero_independently_supported
1,elastic,6,3,1|1|1,repeated,0.25,5e-06,0.0,0.0,True,0.0,expected_zero_independently_supported
1,elastic,6,3,1|1|1,repeated,0.125,2.5e-06,0.0,0.0,True,0.0,expected_zero_independently_supported
1,elastic,6,3,1|1|1,repeated,0.0625,1.25e-06,0.0,0.0,True,0.0,expected_zero_independently_supported
1,elastic,1,4,1|1|1|1,repeated,16.0,0.00032,6.409508228387864e-65,2.563803291355146e-79,False,0.0,expected_zero_independently_supported
1,elastic,1,4,1|1|1|1,repeated,8.0,0.00016,1.9940692266095577e-64,7.976276906438233e-79,False,0.0,expected_zero_independently_supported
1,elastic,1,4,1|1|1|1,repeated,4.0,8e-05,7.520489654641761e-63,3.008195861856705e-77,False,0.0,expected_zero_independently_supported
1,elastic,1,4,1|1|1|1,repeated,2.0,4e-05,1.6013325446449325e-61,6.405330178579732e-76,False,0.0,expected_zero_independently_supported
1,elastic,1,4,1|1|1|1,repeated,1.0,2e-05,5.418398849356439e-60,2.167359539742576e-74,False,0.0,expected_zero_independently_supported
1,elastic,1,4,1|1|1|1,repeated,0.5,1e-05,8.55664600705907e-61,3.4226584028236286e-75,False,0.0,expected_zero_independently_supported
1,elastic,1,4,1|1|1|1,repeated,0.25,5e-06,3.522226647269406e-58,1.4088906589077628e-72,False,0.0,expected_zero_independently_supported
1,elastic,1,4,1|1|1|1,repeated,0.125,2.5e-06,1.5831350866878745e-56,6.332540346751499e-71,False,0.0,expected_zero_independently_supported
1,elastic,1,4,1|1|1|1,repeated,0.0625,1.25e-06,4.906723086287953e-56,1.9626892345151815e-70,False,0.0,expected_zero_independently_supported
1,elastic,2,4,1|1|1|1,repeated,16.0,0.00032,-5.816035244277877e-65,-2.3264140977111513e-79,False,0.0,expected_zero_independently_supported
1,elastic,2,4,1|1|1|1,repeated,8.0,0.00016,7.121675809319849e-64,2.84867032372794e-78,False,0.0,expected_zero_independently_supported
1,elastic,2,4,1|1|1|1,repeated,4.0,8e-05,-1.5192908393215678e-64,-6.077163357286273e-79,False,0.0,expected_zero_independently_supported
1,elastic,2,4,1|1|1|1,repeated,2.0,4e-05,3.539947655619253e-62,1.4159790622477013e-76,False,0.0,expected_zero_independently_supported
1,elastic,2,4,1|1|1|1,repeated,1.0,2e-05,1.0574264241678112e-61,4.229705696671245e-76,False,0.0,expected_zero_independently_supported
1,elastic,2,4,1|1|1|1,repeated,0.5,1e-05,-2.566993802117721e-60,-1.0267975208470887e-74,False,0.0,expected_zero_independently_supported
1,elastic,2,4,1|1|1|1,repeated,0.25,5e-06,3.7960393194952964e-59,1.5184157277981187e-73,False,0.0,expected_zero_independently_supported
1,elastic,2,4,1|1|1|1,repeated,0.125,2.5e-06,4.480571000060022e-58,1.792228400024009e-72,False,0.0,expected_zero_independently_supported
1,elastic,2,4,1|1|1|1,repeated,0.0625,1.25e-06,9.717860657907959e-57,3.887144263163184e-71,False,0.0,expected_zero_independently_supported
1,elastic,3,4,1|1|1|1,repeated,16.0,0.00032,-5.816035244277877e-65,-2.3264140977111513e-79,False,0.0,expected_zero_independently_supported
1,elastic,3,4,1|1|1|1,repeated,8.0,0.00016,7.121675809319849e-64,2.84867032372794e-78,False,0.0,expected_zero_independently_supported
1,elastic,3,4,1|1|1|1,repeated,4.0,8e-05,-1.5192908393215678e-64,-6.077163357286273e-79,False,0.0,expected_zero_independently_supported
1,elastic,3,4,1|1|1|1,repeated,2.0,4e-05,3.539947655619253e-62,1.4159790622477013e-76,False,0.0,expected_zero_independently_supported
1,elastic,3,4,1|1|1|1,repeated,1.0,2e-05,1.0574264241678112e-61,4.229705696671245e-76,False,0.0,expected_zero_independently_supported
1,elastic,3,4,1|1|1|1,repeated,0.5,1e-05,-2.566993802117721e-60,-1.0267975208470887e-74,False,0.0,expected_zero_independently_supported
1,elastic,3,4,1|1|1|1,repeated,0.25,5e-06,3.7960393194952964e-59,1.5184157277981187e-73,False,0.0,expected_zero_independently_supported
1,elastic,3,4,1|1|1|1,repeated,0.125,2.5e-06,4.480571000060022e-58,1.792228400024009e-72,False,0.0,expected_zero_independently_supported
1,elastic,3,4,1|1|1|1,repeated,0.0625,1.25e-06,9.717860657907959e-57,3.887144263163184e-71,False,0.0,expected_zero_independently_supported
1,elastic,4,4,1|1|1|1,repeated,16.0,0.00032,0.0,0.0,True,0.0,expected_zero_independently_supported
1,elastic,4,4,1|1|1|1,repeated,8.0,0.00016,0.0,0.0,True,0.0,expected_zero_independently_supported
1,elastic,4,4,1|1|1|1,repeated,4.0,8e-05,0.0,0.0,True,0.0,expected_zero_independently_supported
1,elastic,4,4,1|1|1|1,repeated,2.0,4e-05,0.0,0.0,True,0.0,expected_zero_independently_supported
1,elastic,4,4,1|1|1|1,repeated,1.0,2e-05,0.0,0.0,True,0.0,expected_zero_independently_supported
1,elastic,4,4,1|1|1|1,repeated,0.5,1e-05,0.0,0.0,True,0.0,expected_zero_independently_supported
1,elastic,4,4,1|1|1|1,repeated,0.25,5e-06,0.0,0.0,True,0.0,expected_zero_independently_supported
1,elastic,4,4,1|1|1|1,repeated,0.125,2.5e-06,0.0,0.0,True,0.0,expected_zero_independently_supported
1,elastic,4,4,1|1|1|1,repeated,0.0625,1.25e-06,0.0,0.0,True,0.0,expected_zero_independently_supported
1,elastic,5,4,1|1|1|1,repeated,16.0,0.00032,0.0,0.0,True,0.0,expected_zero_independently_supported
1,elastic,5,4,1|1|1|1,repeated,8.0,0.00016,0.0,0.0,True,0.0,expected_zero_independently_supported
1,elastic,5,4,1|1|1|1,repeated,4.0,8e-05,0.0,0.0,True,0.0,expected_zero_independently_supported
1,elastic,5,4,1|1|1|1,repeated,2.0,4e-05,0.0,0.0,True,0.0,expected_zero_independently_supported
1,elastic,5,4,1|1|1|1,repeated,1.0,2e-05,0.0,0.0,True,0.0,expected_zero_independently_supported
1,elastic,5,4,1|1|1|1,repeated,0.5,1e-05,0.0,0.0,True,0.0,expected_zero_independently_supported
1,elastic,5,4,1|1|1|1,repeated,0.25,5e-06,0.0,0.0,True,0.0,expected_zero_independently_supported
1,elastic,5,4,1|1|1|1,repeated,0.125,2.5e-06,0.0,0.0,True,0.0,expected_zero_independently_supported
1,elastic,5,4,1|1|1|1,repeated,0.0625,1.25e-06,0.0,0.0,True,0.0,expected_zero_independently_supported
1,elastic,6,4,1|1|1|1,repeated,16.0,0.00032,0.0,0.0,True,0.0,expected_zero_independently_supported
1,elastic,6,4,1|1|1|1,repeated,8.0,0.00016,0.0,0.0,True,0.0,expected_zero_independently_supported
1,elastic,6,4,1|1|1|1,repeated,4.0,8e-05,0.0,0.0,True,0.0,expected_zero_independently_supported
1,elastic,6,4,1|1|1|1,repeated,2.0,4e-05,0.0,0.0,True,0.0,expected_zero_independently_supported
1,elastic,6,4,1|1|1|1,repeated,1.0,2e-05,0.0,0.0,True,0.0,expected_zero_independently_supported
1,elastic,6,4,1|1|1|1,repeated,0.5,1e-05,0.0,0.0,True,0.0,expected_zero_independently_supported
1,elastic,6,4,1|1|1|1,repeated,0.25,5e-06,0.0,0.0,True,0.0,expected_zero_independently_supported
1,elastic,6,4,1|1|1|1,repeated,0.125,2.5e-06,0.0,0.0,True,0.0,expected_zero_independently_supported
1,elastic,6,4,1|1|1|1,repeated,0.0625,1.25e-06,0.0,0.0,True,0.0,expected_zero_independently_supported
1,elastic,1,3,1|1|2,mixed,16.0,0.00032,500432143.7370983,0.002001728574948393,False,0.0,expected_zero_independently_supported
1,elastic,1,3,1|1|2,mixed,8.0,0.00016,-5.402391746451046e-68,-2.1609566985804187e-79,False,0.0,expected_zero_independently_supported
1,elastic,1,3,1|1|2,mixed,4.0,8e-05,2.60435670507632e-69,1.0417426820305279e-80,False,0.0,expected_zero_independently_supported
1,elastic,1,3,1|1|2,mixed,2.0,4e-05,-1.428423291586112e-66,-5.713693166344448e-78,False,0.0,expected_zero_independently_supported
1,elastic,1,3,1|1|2,mixed,1.0,2e-05,-5.9471859276728e-66,-2.3788743710691202e-77,False,0.0,expected_zero_independently_supported
1,elastic,1,3,1|1|2,mixed,0.5,1e-05,-1.6274431767871584e-65,-6.5097727071486346e-77,False,0.0,expected_zero_independently_supported
1,elastic,1,3,1|1|2,mixed,0.25,5e-06,9.444797986572265e-65,3.777919194628906e-76,False,0.0,expected_zero_independently_supported
1,elastic,1,3,1|1|2,mixed,0.125,2.5e-06,-4.869779663176009e-63,-1.9479118652704035e-74,False,0.0,expected_zero_independently_supported
1,elastic,1,3,1|1|2,mixed,0.0625,1.25e-06,1.6137123910934668e-62,6.454849564373868e-74,False,0.0,expected_zero_independently_supported
1,elastic,2,3,1|1|2,mixed,16.0,0.00032,-499389229.7247801,-0.0019975569188991206,False,0.0,expected_zero_independently_supported
1,elastic,2,3,1|1|2,mixed,8.0,0.00016,-5.42157846649931e-68,-2.168631386599724e-79,False,0.0,expected_zero_independently_supported
1,elastic,2,3,1|1|2,mixed,4.0,8e-05,5.7666564373968504e-68,2.3066625749587403e-79,False,0.0,expected_zero_independently_supported
1,elastic,2,3,1|1|2,mixed,2.0,4e-05,-9.372469372201768e-67,-3.7489877488807076e-78,False,0.0,expected_zero_independently_supported
1,elastic,2,3,1|1|2,mixed,1.0,2e-05,2.2728554610377104e-66,9.091421844150842e-78,False,0.0,expected_zero_independently_supported
1,elastic,2,3,1|1|2,mixed,0.5,1e-05,-3.568946455391352e-65,-1.427578582156541e-76,False,0.0,expected_zero_independently_supported
1,elastic,2,3,1|1|2,mixed,0.25,5e-06,-3.1407847971811e-64,-1.2563139188724402e-75,False,0.0,expected_zero_independently_supported
1,elastic,2,3,1|1|2,mixed,0.125,2.5e-06,1.690776712683224e-63,6.763106850732897e-75,False,0.0,expected_zero_independently_supported
1,elastic,2,3,1|1|2,mixed,0.0625,1.25e-06,-6.89419019609819e-63,-2.757676078439276e-74,False,0.0,expected_zero_independently_supported
1,elastic,3,3,1|1|2,mixed,16.0,0.00032,-1042914.0123181462,-4.171656049272585e-06,False,0.0,expected_zero_independently_supported
1,elastic,3,3,1|1|2,mixed,8.0,0.00016,-3.768046840451954e-69,-1.5072187361807817e-80,False,0.0,expected_zero_independently_supported
1,elastic,3,3,1|1|2,mixed,4.0,8e-05,-1.1390770826293544e-67,-4.556308330517418e-79,False,0.0,expected_zero_independently_supported
1,elastic,3,3,1|1|2,mixed,2.0,4e-05,-5.741391092766924e-67,-2.2965564371067696e-78,False,0.0,expected_zero_independently_supported
1,elastic,3,3,1|1|2,mixed,1.0,2e-05,5.157394366093292e-66,2.062957746437317e-77,False,0.0,expected_zero_independently_supported
1,elastic,3,3,1|1|2,mixed,0.5,1e-05,2.4748229131809207e-65,9.899291652723684e-77,False,0.0,expected_zero_independently_supported
1,elastic,3,3,1|1|2,mixed,0.25,5e-06,2.7480870850635956e-64,1.0992348340254383e-75,False,0.0,expected_zero_independently_supported
1,elastic,3,3,1|1|2,mixed,0.125,2.5e-06,-1.399961040946265e-63,-5.59984416378506e-75,False,0.0,expected_zero_independently_supported
1,elastic,3,3,1|1|2,mixed,0.0625,1.25e-06,4.885358329008896e-63,1.9541433316035584e-74,False,0.0,expected_zero_independently_supported
1,elastic,4,3,1|1|2,mixed,16.0,0.00032,0.0,0.0,True,0.0,expected_zero_independently_supported
1,elastic,4,3,1|1|2,mixed,8.0,0.00016,0.0,0.0,True,0.0,expected_zero_independently_supported
1,elastic,4,3,1|1|2,mixed,4.0,8e-05,0.0,0.0,True,0.0,expected_zero_independently_supported
1,elastic,4,3,1|1|2,mixed,2.0,4e-05,0.0,0.0,True,0.0,expected_zero_independently_supported
1,elastic,4,3,1|1|2,mixed,1.0,2e-05,0.0,0.0,True,0.0,expected_zero_independently_supported
1,elastic,4,3,1|1|2,mixed,0.5,1e-05,0.0,0.0,True,0.0,expected_zero_independently_supported
1,elastic,4,3,1|1|2,mixed,0.25,5e-06,0.0,0.0,True,0.0,expected_zero_independently_supported
1,elastic,4,3,1|1|2,mixed,0.125,2.5e-06,0.0,0.0,True,0.0,expected_zero_independently_supported
1,elastic,4,3,1|1|2,mixed,0.0625,1.25e-06,0.0,0.0,True,0.0,expected_zero_independently_supported
1,elastic,5,3,1|1|2,mixed,16.0,0.00032,0.0,0.0,True,0.0,expected_zero_independently_supported
1,elastic,5,3,1|1|2,mixed,8.0,0.00016,0.0,0.0,True,0.0,expected_zero_independently_supported
1,elastic,5,3,1|1|2,mixed,4.0,8e-05,0.0,0.0,True,0.0,expected_zero_independently_supported
1,elastic,5,3,1|1|2,mixed,2.0,4e-05,0.0,0.0,True,0.0,expected_zero_independently_supported
1,elastic,5,3,1|1|2,mixed,1.0,2e-05,0.0,0.0,True,0.0,expected_zero_independently_supported
1,elastic,5,3,1|1|2,mixed,0.5,1e-05,0.0,0.0,True,0.0,expected_zero_independently_supported
1,elastic,5,3,1|1|2,mixed,0.25,5e-06,0.0,0.0,True,0.0,expected_zero_independently_supported
1,elastic,5,3,1|1|2,mixed,0.125,2.5e-06,0.0,0.0,True,0.0,expected_zero_independently_supported
1,elastic,5,3,1|1|2,mixed,0.0625,1.25e-06,0.0,0.0,True,0.0,expected_zero_independently_supported
1,elastic,6,3,1|1|2,mixed,16.0,0.00032,0.0,0.0,True,0.0,expected_zero_independently_supported
1,elastic,6,3,1|1|2,mixed,8.0,0.00016,0.0,0.0,True,0.0,expected_zero_independently_supported
1,elastic,6,3,1|1|2,mixed,4.0,8e-05,0.0,0.0,True,0.0,expected_zero_independently_supported
1,elastic,6,3,1|1|2,mixed,2.0,4e-05,0.0,0.0,True,0.0,expected_zero_independently_supported
1,elastic,6,3,1|1|2,mixed,1.0,2e-05,0.0,0.0,True,0.0,expected_zero_independently_supported
1,elastic,6,3,1|1|2,mixed,0.5,1e-05,0.0,0.0,True,0.0,expected_zero_independently_supported
1,elastic,6,3,1|1|2,mixed,0.25,5e-06,0.0,0.0,True,0.0,expected_zero_independently_supported
1,elastic,6,3,1|1|2,mixed,0.125,2.5e-06,0.0,0.0,True,0.0,expected_zero_independently_supported
1,elastic,6,3,1|1|2,mixed,0.0625,1.25e-06,0.0,0.0,True,0.0,expected_zero_independently_supported
1,elastic,1,4,1|1|2|2,mixed,16.0,0.00032,-1483616982598.1492,-0.005934467930392598,False,0.0,expected_zero_independently_supported
1,elastic,1,4,1|1|2|2,mixed,8.0,0.00016,-1.6388779638735744e-64,-6.555511855494299e-79,False,0.0,expected_zero_independently_supported
1,elastic,1,4,1|1|2|2,mixed,4.0,8e-05,-9.487330989851428e-63,-3.794932395940573e-77,False,0.0,expected_zero_independently_supported
1,elastic,1,4,1|1|2|2,mixed,2.0,4e-05,-2.3809755001560712e-61,-9.523902000624286e-76,False,0.0,expected_zero_independently_supported
1,elastic,1,4,1|1|2|2,mixed,1.0,2e-05,-2.1385692157266257e-60,-8.554276862906504e-75,False,0.0,expected_zero_independently_supported
1,elastic,1,4,1|1|2|2,mixed,0.5,1e-05,-4.684967843571375e-59,-1.8739871374285504e-73,False,0.0,expected_zero_independently_supported
1,elastic,1,4,1|1|2|2,mixed,0.25,5e-06,-1.0508062662645514e-57,-4.2032250650582065e-72,False,0.0,expected_zero_independently_supported
1,elastic,1,4,1|1|2|2,mixed,0.125,2.5e-06,-5.623872604196974e-57,-2.2495490416787903e-71,False,0.0,expected_zero_independently_supported
1,elastic,1,4,1|1|2|2,mixed,0.0625,1.25e-06,-1.9173697368157026e-55,-7.669478947262812e-70,False,0.0,expected_zero_independently_supported
1,elastic,2,4,1|1|2|2,mixed,16.0,0.00032,1435129521560.8052,0.005740518086243222,False,0.0,expected_zero_independently_supported
1,elastic,2,4,1|1|2|2,mixed,8.0,0.00016,-1.7412694405363786e-64,-6.965077762145515e-79,False,0.0,expected_zero_independently_supported
1,elastic,2,4,1|1|2|2,mixed,4.0,8e-05,-4.934551675582388e-63,-1.9738206702329555e-77,False,0.0,expected_zero_independently_supported
1,elastic,2,4,1|1|2|2,mixed,2.0,4e-05,-9.91267168661075e-62,-3.965068674644301e-76,False,0.0,expected_zero_independently_supported
1,elastic,2,4,1|1|2|2,mixed,1.0,2e-05,-7.054850565848757e-61,-2.821940226339503e-75,False,0.0,expected_zero_independently_supported
1,elastic,2,4,1|1|2|2,mixed,0.5,1e-05,-1.275010878534074e-59,-5.100043514136297e-74,False,0.0,expected_zero_independently_supported
1,elastic,2,4,1|1|2|2,mixed,0.25,5e-06,-4.4834230887881384e-58,-1.7933692355152558e-72,False,0.0,expected_zero_independently_supported
1,elastic,2,4,1|1|2|2,mixed,0.125,2.5e-06,-4.3198154440677427e-57,-1.7279261776270973e-71,False,0.0,expected_zero_independently_supported
1,elastic,2,4,1|1|2|2,mixed,0.0625,1.25e-06,-7.131999451344673e-56,-2.8527997805378697e-70,False,0.0,expected_zero_independently_supported
1,elastic,3,4,1|1|2|2,mixed,16.0,0.00032,48487461037.34392,0.0001939498441493757,False,0.0,expected_zero_independently_supported
1,elastic,3,4,1|1|2|2,mixed,8.0,0.00016,-3.074685584448928e-64,-1.2298742337795715e-78,False,0.0,expected_zero_independently_supported
1,elastic,3,4,1|1|2|2,mixed,4.0,8e-05,-2.3956580217829523e-63,-9.58263208713181e-78,False,0.0,expected_zero_independently_supported
1,elastic,3,4,1|1|2|2,mixed,2.0,4e-05,-6.823140352281772e-62,-2.7292561409127093e-76,False,0.0,expected_zero_independently_supported
1,elastic,3,4,1|1|2|2,mixed,1.0,2e-05,-1.1957023114299366e-60,-4.782809245719748e-75,False,0.0,expected_zero_independently_supported
1,elastic,3,4,1|1|2|2,mixed,0.5,1e-05,-1.24916365806592e-59,-4.996654632263681e-74,False,0.0,expected_zero_independently_supported
1,elastic,3,4,1|1|2|2,mixed,0.25,5e-06,-4.617058771546734e-58,-1.846823508618694e-72,False,0.0,expected_zero_independently_supported
1,elastic,3,4,1|1|2|2,mixed,0.125,2.5e-06,-4.2011114276425414e-57,-1.680444571057017e-71,False,0.0,expected_zero_independently_supported
1,elastic,3,4,1|1|2|2,mixed,0.0625,1.25e-06,-7.195723127789971e-56,-2.8782892511159888e-70,False,0.0,expected_zero_independently_supported
1,elastic,4,4,1|1|2|2,mixed,16.0,0.00032,0.0,0.0,True,0.0,expected_zero_independently_supported
1,elastic,4,4,1|1|2|2,mixed,8.0,0.00016,0.0,0.0,True,0.0,expected_zero_independently_supported
1,elastic,4,4,1|1|2|2,mixed,4.0,8e-05,0.0,0.0,True,0.0,expected_zero_independently_supported
1,elastic,4,4,1|1|2|2,mixed,2.0,4e-05,0.0,0.0,True,0.0,expected_zero_independently_supported
1,elastic,4,4,1|1|2|2,mixed,1.0,2e-05,0.0,0.0,True,0.0,expected_zero_independently_supported
1,elastic,4,4,1|1|2|2,mixed,0.5,1e-05,0.0,0.0,True,0.0,expected_zero_independently_supported
1,elastic,4,4,1|1|2|2,mixed,0.25,5e-06,0.0,0.0,True,0.0,expected_zero_independently_supported
1,elastic,4,4,1|1|2|2,mixed,0.125,2.5e-06,0.0,0.0,True,0.0,expected_zero_independently_supported
1,elastic,4,4,1|1|2|2,mixed,0.0625,1.25e-06,0.0,0.0,True,0.0,expected_zero_independently_supported
1,elastic,5,4,1|1|2|2,mixed,16.0,0.00032,0.0,0.0,True,0.0,expected_zero_independently_supported
1,elastic,5,4,1|1|2|2,mixed,8.0,0.00016,0.0,0.0,True,0.0,expected_zero_independently_supported
1,elastic,5,4,1|1|2|2,mixed,4.0,8e-05,0.0,0.0,True,0.0,expected_zero_independently_supported
1,elastic,5,4,1|1|2|2,mixed,2.0,4e-05,0.0,0.0,True,0.0,expected_zero_independently_supported
1,elastic,5,4,1|1|2|2,mixed,1.0,2e-05,0.0,0.0,True,0.0,expected_zero_independently_supported
1,elastic,5,4,1|1|2|2,mixed,0.5,1e-05,0.0,0.0,True,0.0,expected_zero_independently_supported
1,elastic,5,4,1|1|2|2,mixed,0.25,5e-06,0.0,0.0,True,0.0,expected_zero_independently_supported
1,elastic,5,4,1|1|2|2,mixed,0.125,2.5e-06,0.0,0.0,True,0.0,expected_zero_independently_supported
1,elastic,5,4,1|1|2|2,mixed,0.0625,1.25e-06,0.0,0.0,True,0.0,expected_zero_independently_supported
1,elastic,6,4,1|1|2|2,mixed,16.0,0.00032,0.0,0.0,True,0.0,expected_zero_independently_supported
1,elastic,6,4,1|1|2|2,mixed,8.0,0.00016,0.0,0.0,True,0.0,expected_zero_independently_supported
1,elastic,6,4,1|1|2|2,mixed,4.0,8e-05,0.0,0.0,True,0.0,expected_zero_independently_supported
1,elastic,6,4,1|1|2|2,mixed,2.0,4e-05,0.0,0.0,True,0.0,expected_zero_independently_supported
1,elastic,6,4,1|1|2|2,mixed,1.0,2e-05,0.0,0.0,True,0.0,expected_zero_independently_supported
1,elastic,6,4,1|1|2|2,mixed,0.5,1e-05,0.0,0.0,True,0.0,expected_zero_independently_supported
1,elastic,6,4,1|1|2|2,mixed,0.25,5e-06,0.0,0.0,True,0.0,expected_zero_independently_supported
1,elastic,6,4,1|1|2|2,mixed,0.125,2.5e-06,0.0,0.0,True,0.0,expected_zero_independently_supported
1,elastic,6,4,1|1|2|2,mixed,0.0625,1.25e-06,0.0,0.0,True,0.0,expected_zero_independently_supported
1,elastic,1,2,1|2,mixed,16.0,0.00032,308313.1793444392,0.0012332527173777568,False,0.0,expected_zero_independently_supported
1,elastic,1,2,1|2,mixed,8.0,0.00016,-3.709034580111662e-72,-1.4836138320446648e-80,False,0.0,expected_zero_independently_supported
1,elastic,1,2,1|2,mixed,4.0,8e-05,6.704454021183616e-73,2.681781608473446e-81,False,0.0,expected_zero_independently_supported
1,elastic,1,2,1|2,mixed,2.0,4e-05,-6.263013795804392e-72,-2.505205518321757e-80,False,0.0,expected_zero_independently_supported
1,elastic,1,2,1|2,mixed,1.0,2e-05,-5.335085449590281e-71,-2.134034179836112e-79,False,0.0,expected_zero_independently_supported
1,elastic,1,2,1|2,mixed,0.5,1e-05,-3.2559994678274476e-71,-1.302399787130979e-79,False,0.0,expected_zero_independently_supported
1,elastic,1,2,1|2,mixed,0.25,5e-06,-2.944833610249568e-70,-1.177933444099827e-78,False,0.0,expected_zero_independently_supported
1,elastic,1,2,1|2,mixed,0.125,2.5e-06,-1.8036457736425982e-70,-7.214583094570393e-79,False,0.0,expected_zero_independently_supported
1,elastic,1,2,1|2,mixed,0.0625,1.25e-06,4.691207811371933e-69,1.876483124548773e-77,False,0.0,expected_zero_independently_supported
1,elastic,2,2,1|2,mixed,16.0,0.00032,-299168.8258055003,-0.0011966753032220012,False,0.0,expected_zero_independently_supported
1,elastic,2,2,1|2,mixed,8.0,0.00016,-8.656624450323669e-73,-3.462649780129468e-81,False,0.0,expected_zero_independently_supported
1,elastic,2,2,1|2,mixed,4.0,8e-05,-1.8041450633212902e-72,-7.21658025328516e-81,False,0.0,expected_zero_independently_supported
1,elastic,2,2,1|2,mixed,2.0,4e-05,8.63033523484974e-72,3.452134093939896e-80,False,0.0,expected_zero_independently_supported
1,elastic,2,2,1|2,mixed,1.0,2e-05,-1.0981258849821931e-71,-4.392503539928772e-80,False,0.0,expected_zero_independently_supported
1,elastic,2,2,1|2,mixed,0.5,1e-05,4.4485067121394524e-71,1.7794026848557807e-79,False,0.0,expected_zero_independently_supported
1,elastic,2,2,1|2,mixed,0.25,5e-06,7.53665064307083e-70,3.0146602572283317e-78,False,0.0,expected_zero_independently_supported
1,elastic,2,2,1|2,mixed,0.125,2.5e-06,-6.640121250410498e-70,-2.656048500164199e-78,False,0.0,expected_zero_independently_supported
1,elastic,2,2,1|2,mixed,0.0625,1.25e-06,-1.4320907424653536e-68,-5.7283629698614136e-77,False,0.0,expected_zero_independently_supported
1,elastic,3,2,1|2,mixed,16.0,0.00032,-9144.353538938867,-3.6577414155755466e-05,False,0.0,expected_zero_independently_supported
1,elastic,3,2,1|2,mixed,8.0,0.00016,-2.158119610358962e-73,-8.632478441435848e-82,False,0.0,expected_zero_independently_supported
1,elastic,3,2,1|2,mixed,4.0,8e-05,1.3470122641870186e-72,5.388049056748074e-81,False,0.0,expected_zero_independently_supported
1,elastic,3,2,1|2,mixed,2.0,4e-05,-1.3344791354753603e-71,-5.337916541901441e-80,False,0.0,expected_zero_independently_supported
1,elastic,3,2,1|2,mixed,1.0,2e-05,-5.83857370072206e-72,-2.335429480288824e-80,False,0.0,expected_zero_independently_supported
1,elastic,3,2,1|2,mixed,0.5,1e-05,-8.05345956449565e-71,-3.2213838257982596e-79,False,0.0,expected_zero_independently_supported
1,elastic,3,2,1|2,mixed,0.25,5e-06,-3.01621245469061e-70,-1.2064849818762438e-78,False,0.0,expected_zero_independently_supported
1,elastic,3,2,1|2,mixed,0.125,2.5e-06,-2.444392930525279e-69,-9.777571722101115e-78,False,0.0,expected_zero_independently_supported
1,elastic,3,2,1|2,mixed,0.0625,1.25e-06,-4.818675095682454e-69,-1.9274700382729814e-77,False,0.0,expected_zero_independently_supported
1,elastic,4,2,1|2,mixed,16.0,0.00032,0.0,0.0,True,0.0,expected_zero_independently_supported
1,elastic,4,2,1|2,mixed,8.0,0.00016,0.0,0.0,True,0.0,expected_zero_independently_supported
1,elastic,4,2,1|2,mixed,4.0,8e-05,0.0,0.0,True,0.0,expected_zero_independently_supported
1,elastic,4,2,1|2,mixed,2.0,4e-05,0.0,0.0,True,0.0,expected_zero_independently_supported
1,elastic,4,2,1|2,mixed,1.0,2e-05,0.0,0.0,True,0.0,expected_zero_independently_supported
1,elastic,4,2,1|2,mixed,0.5,1e-05,0.0,0.0,True,0.0,expected_zero_independently_supported
1,elastic,4,2,1|2,mixed,0.25,5e-06,0.0,0.0,True,0.0,expected_zero_independently_supported
1,elastic,4,2,1|2,mixed,0.125,2.5e-06,0.0,0.0,True,0.0,expected_zero_independently_supported
1,elastic,4,2,1|2,mixed,0.0625,1.25e-06,0.0,0.0,True,0.0,expected_zero_independently_supported
1,elastic,5,2,1|2,mixed,16.0,0.00032,0.0,0.0,True,0.0,expected_zero_independently_supported
1,elastic,5,2,1|2,mixed,8.0,0.00016,0.0,0.0,True,0.0,expected_zero_independently_supported
1,elastic,5,2,1|2,mixed,4.0,8e-05,0.0,0.0,True,0.0,expected_zero_independently_supported
1,elastic,5,2,1|2,mixed,2.0,4e-05,0.0,0.0,True,0.0,expected_zero_independently_supported
1,elastic,5,2,1|2,mixed,1.0,2e-05,0.0,0.0,True,0.0,expected_zero_independently_supported
1,elastic,5,2,1|2,mixed,0.5,1e-05,0.0,0.0,True,0.0,expected_zero_independently_supported
1,elastic,5,2,1|2,mixed,0.25,5e-06,0.0,0.0,True,0.0,expected_zero_independently_supported
1,elastic,5,2,1|2,mixed,0.125,2.5e-06,0.0,0.0,True,0.0,expected_zero_independently_supported
1,elastic,5,2,1|2,mixed,0.0625,1.25e-06,0.0,0.0,True,0.0,expected_zero_independently_supported
1,elastic,6,2,1|2,mixed,16.0,0.00032,0.0,0.0,True,0.0,expected_zero_independently_supported
1,elastic,6,2,1|2,mixed,8.0,0.00016,0.0,0.0,True,0.0,expected_zero_independently_supported
1,elastic,6,2,1|2,mixed,4.0,8e-05,0.0,0.0,True,0.0,expected_zero_independently_supported
1,elastic,6,2,1|2,mixed,2.0,4e-05,0.0,0.0,True,0.0,expected_zero_independently_supported
1,elastic,6,2,1|2,mixed,1.0,2e-05,0.0,0.0,True,0.0,expected_zero_independently_supported
1,elastic,6,2,1|2,mixed,0.5,1e-05,0.0,0.0,True,0.0,expected_zero_independently_supported
1,elastic,6,2,1|2,mixed,0.25,5e-06,0.0,0.0,True,0.0,expected_zero_independently_supported
1,elastic,6,2,1|2,mixed,0.125,2.5e-06,0.0,0.0,True,0.0,expected_zero_independently_supported
1,elastic,6,2,1|2,mixed,0.0625,1.25e-06,0.0,0.0,True,0.0,expected_zero_independently_supported
2,plastic,1,2,1|1,repeated,16.0,0.00032,21965124.055600345,0.08786049622240139,False,0.0,expected_zero_independently_supported
2,plastic,1,2,1|1,repeated,8.0,0.00016,665938.1917561037,0.002663752767024414,False,0.0,expected_zero_independently_supported
2,plastic,1,2,1|1,repeated,4.0,8e-05,-2.3219327138054117e-70,-9.287730855221646e-79,False,0.0,expected_zero_independently_supported
2,plastic,1,2,1|1,repeated,2.0,4e-05,-1.0266876155619785e-69,-4.106750462247914e-78,False,0.0,expected_zero_independently_supported
2,plastic,1,2,1|1,repeated,1.0,2e-05,-8.711563273831297e-69,-3.484625309532519e-77,False,0.0,expected_zero_independently_supported
2,plastic,1,2,1|1,repeated,0.5,1e-05,-4.998734851512345e-69,-1.999493940604938e-77,False,0.0,expected_zero_independently_supported
2,plastic,1,2,1|1,repeated,0.25,5e-06,-3.267289011640678e-68,-1.306915604656271e-76,False,0.0,expected_zero_independently_supported
2,plastic,1,2,1|1,repeated,0.125,2.5e-06,-2.7963936995416888e-67,-1.1185574798166754e-75,False,0.0,expected_zero_independently_supported
2,plastic,1,2,1|1,repeated,0.0625,1.25e-06,-1.0629193875563642e-66,-4.2516775502254566e-75,False,0.0,expected_zero_independently_supported
2,plastic,2,2,1|1,repeated,16.0,0.00032,-10982562.027800173,-0.04393024811120069,False,-1.4901161193847656e-08,expected_zero_independently_supported
2,plastic,2,2,1|1,repeated,8.0,0.00016,-332969.0958780518,-0.001331876383512207,False,-1.4901161193847656e-08,expected_zero_independently_supported
2,plastic,2,2,1|1,repeated,4.0,8e-05,1.1156879615085723e-70,4.462751846034289e-79,False,-1.4901161193847656e-08,expected_zero_independently_supported
2,plastic,2,2,1|1,repeated,2.0,4e-05,1.474377750021474e-70,5.897511000085896e-79,False,-1.4901161193847656e-08,expected_zero_independently_supported
2,plastic,2,2,1|1,repeated,1.0,2e-05,7.697327217002706e-70,3.078930886801082e-78,False,-1.4901161193847656e-08,expected_zero_independently_supported
2,plastic,2,2,1|1,repeated,0.5,1e-05,1.2361001942598462e-68,4.9444007770393844e-77,False,-1.4901161193847656e-08,expected_zero_independently_supported
2,plastic,2,2,1|1,repeated,0.25,5e-06,7.715438575160359e-69,3.0861754300641434e-77,False,-1.4901161193847656e-08,expected_zero_independently_supported
2,plastic,2,2,1|1,repeated,0.125,2.5e-06,4.9262894188817315e-68,1.9705157675526925e-76,False,-1.4901161193847656e-08,expected_zero_independently_supported
2,plastic,2,2,1|1,repeated,0.0625,1.25e-06,7.911041243263016e-67,3.164416497305206e-75,False,-1.4901161193847656e-08,expected_zero_independently_supported
2,plastic,3,2,1|1,repeated,16.0,0.00032,-10982562.027800173,-0.04393024811120069,False,-1.4901161193847656e-08,expected_zero_independently_supported
2,plastic,3,2,1|1,repeated,8.0,0.00016,-332969.0958780518,-0.001331876383512207,False,-1.4901161193847656e-08,expected_zero_independently_supported
2,plastic,3,2,1|1,repeated,4.0,8e-05,1.1156879615085723e-70,4.462751846034289e-79,False,-1.4901161193847656e-08,expected_zero_independently_supported
2,plastic,3,2,1|1,repeated,2.0,4e-05,1.474377750021474e-70,5.897511000085896e-79,False,-1.4901161193847656e-08,expected_zero_independently_supported
2,plastic,3,2,1|1,repeated,1.0,2e-05,7.697327217002706e-70,3.078930886801082e-78,False,-1.4901161193847656e-08,expected_zero_independently_supported
2,plastic,3,2,1|1,repeated,0.5,1e-05,1.2361001942598462e-68,4.9444007770393844e-77,False,-1.4901161193847656e-08,expected_zero_independently_supported
2,plastic,3,2,1|1,repeated,0.25,5e-06,7.715438575160359e-69,3.0861754300641434e-77,False,-1.4901161193847656e-08,expected_zero_independently_supported
2,plastic,3,2,1|1,repeated,0.125,2.5e-06,4.9262894188817315e-68,1.9705157675526925e-76,False,-1.4901161193847656e-08,expected_zero_independently_supported
2,plastic,3,2,1|1,repeated,0.0625,1.25e-06,7.911041243263016e-67,3.164416497305206e-75,False,-1.4901161193847656e-08,expected_zero_independently_supported
2,plastic,4,2,1|1,repeated,16.0,0.00032,0.0,0.0,True,0.0,expected_zero_independently_supported
2,plastic,4,2,1|1,repeated,8.0,0.00016,0.0,0.0,True,0.0,expected_zero_independently_supported
2,plastic,4,2,1|1,repeated,4.0,8e-05,0.0,0.0,True,0.0,expected_zero_independently_supported
2,plastic,4,2,1|1,repeated,2.0,4e-05,0.0,0.0,True,0.0,expected_zero_independently_supported
2,plastic,4,2,1|1,repeated,1.0,2e-05,0.0,0.0,True,0.0,expected_zero_independently_supported
2,plastic,4,2,1|1,repeated,0.5,1e-05,0.0,0.0,True,0.0,expected_zero_independently_supported
2,plastic,4,2,1|1,repeated,0.25,5e-06,0.0,0.0,True,0.0,expected_zero_independently_supported
2,plastic,4,2,1|1,repeated,0.125,2.5e-06,0.0,0.0,True,0.0,expected_zero_independently_supported
2,plastic,4,2,1|1,repeated,0.0625,1.25e-06,0.0,0.0,True,0.0,expected_zero_independently_supported
2,plastic,5,2,1|1,repeated,16.0,0.00032,0.0,0.0,True,0.0,expected_zero_independently_supported
2,plastic,5,2,1|1,repeated,8.0,0.00016,0.0,0.0,True,0.0,expected_zero_independently_supported
2,plastic,5,2,1|1,repeated,4.0,8e-05,0.0,0.0,True,0.0,expected_zero_independently_supported
2,plastic,5,2,1|1,repeated,2.0,4e-05,0.0,0.0,True,0.0,expected_zero_independently_supported
2,plastic,5,2,1|1,repeated,1.0,2e-05,0.0,0.0,True,0.0,expected_zero_independently_supported
2,plastic,5,2,1|1,repeated,0.5,1e-05,0.0,0.0,True,0.0,expected_zero_independently_supported
2,plastic,5,2,1|1,repeated,0.25,5e-06,0.0,0.0,True,0.0,expected_zero_independently_supported
2,plastic,5,2,1|1,repeated,0.125,2.5e-06,0.0,0.0,True,0.0,expected_zero_independently_supported
2,plastic,5,2,1|1,repeated,0.0625,1.25e-06,0.0,0.0,True,0.0,expected_zero_independently_supported
2,plastic,6,2,1|1,repeated,16.0,0.00032,0.0,0.0,True,0.0,expected_zero_independently_supported
2,plastic,6,2,1|1,repeated,8.0,0.00016,0.0,0.0,True,0.0,expected_zero_independently_supported
2,plastic,6,2,1|1,repeated,4.0,8e-05,0.0,0.0,True,0.0,expected_zero_independently_supported
2,plastic,6,2,1|1,repeated,2.0,4e-05,0.0,0.0,True,0.0,expected_zero_independently_supported
2,plastic,6,2,1|1,repeated,1.0,2e-05,0.0,0.0,True,0.0,expected_zero_independently_supported
2,plastic,6,2,1|1,repeated,0.5,1e-05,0.0,0.0,True,0.0,expected_zero_independently_supported
2,plastic,6,2,1|1,repeated,0.25,5e-06,0.0,0.0,True,0.0,expected_zero_independently_supported
2,plastic,6,2,1|1,repeated,0.125,2.5e-06,0.0,0.0,True,0.0,expected_zero_independently_supported
2,plastic,6,2,1|1,repeated,0.0625,1.25e-06,0.0,0.0,True,0.0,expected_zero_independently_supported
2,plastic,1,3,1|1|1,repeated,16.0,0.00032,342441598725.8397,1.369766394903359,False,0.0,expected_zero_independently_supported
2,plastic,1,3,1|1|1,repeated,8.0,0.00016,82232530409.52771,0.32893012163811086,False,0.0,expected_zero_independently_supported
2,plastic,1,3,1|1|1,repeated,4.0,8e-05,-6.055467630329967e-66,-2.422187052131987e-77,False,0.0,expected_zero_independently_supported
2,plastic,1,3,1|1|1,repeated,2.0,4e-05,-2.0847247281525316e-65,-8.338898912610126e-77,False,0.0,expected_zero_independently_supported
2,plastic,1,3,1|1|1,repeated,1.0,2e-05,2.0354916383242962e-64,8.141966553297185e-76,False,0.0,expected_zero_independently_supported
2,plastic,1,3,1|1|1,repeated,0.5,1e-05,-1.0113745226617872e-63,-4.045498090647149e-75,False,0.0,expected_zero_independently_supported
2,plastic,1,3,1|1|1,repeated,0.25,5e-06,1.6521515415715102e-62,6.608606166286042e-74,False,0.0,expected_zero_independently_supported
2,plastic,1,3,1|1|1,repeated,0.125,2.5e-06,-1.0848354562281552e-61,-4.339341824912621e-73,False,0.0,expected_zero_independently_supported
2,plastic,1,3,1|1|1,repeated,0.0625,1.25e-06,3.3784084510307194e-61,1.3513633804122878e-72,False,0.0,expected_zero_independently_supported
2,plastic,2,3,1|1|1,repeated,16.0,0.00032,-171220799362.91986,-0.6848831974516795,False,2.288818359375e-05,expected_zero_independently_supported
2,plastic,2,3,1|1|1,repeated,8.0,0.00016,-41116265204.763855,-0.16446506081905543,False,2.288818359375e-05,expected_zero_independently_supported
2,plastic,2,3,1|1|1,repeated,4.0,8e-05,1.6203865086079246e-67,6.481546034431699e-79,False,2.288818359375e-05,expected_zero_independently_supported
2,plastic,2,3,1|1|1,repeated,2.0,4e-05,2.5480333309368326e-65,1.0192133323747332e-76,False,2.288818359375e-05,expected_zero_independently_supported
2,plastic,2,3,1|1|1,repeated,1.0,2e-05,8.277417771650917e-65,3.310967108660367e-76,False,2.288818359375e-05,expected_zero_independently_supported
2,plastic,2,3,1|1|1,repeated,0.5,1e-05,-2.053538953555229e-63,-8.214155814220916e-75,False,2.288818359375e-05,expected_zero_independently_supported
2,plastic,2,3,1|1|1,repeated,0.25,5e-06,3.246504740772471e-63,1.2986018963089884e-74,False,2.288818359375e-05,expected_zero_independently_supported
2,plastic,2,3,1|1|1,repeated,0.125,2.5e-06,-9.800209456246017e-62,-3.920083782498407e-73,False,2.288818359375e-05,expected_zero_independently_supported
2,plastic,2,3,1|1|1,repeated,0.0625,1.25e-06,3.2753998719593544e-62,1.3101599487837418e-73,False,2.288818359375e-05,expected_zero_independently_supported
2,plastic,3,3,1|1|1,repeated,16.0,0.00032,-171220799362.91986,-0.6848831974516795,False,2.288818359375e-05,expected_zero_independently_supported
2,plastic,3,3,1|1|1,repeated,8.0,0.00016,-41116265204.763855,-0.16446506081905543,False,2.288818359375e-05,expected_zero_independently_supported
2,plastic,3,3,1|1|1,repeated,4.0,8e-05,1.6203865086079246e-67,6.481546034431699e-79,False,2.288818359375e-05,expected_zero_independently_supported
2,plastic,3,3,1|1|1,repeated,2.0,4e-05,2.5480333309368326e-65,1.0192133323747332e-76,False,2.288818359375e-05,expected_zero_independently_supported
2,plastic,3,3,1|1|1,repeated,1.0,2e-05,8.277417771650917e-65,3.310967108660367e-76,False,2.288818359375e-05,expected_zero_independently_supported
2,plastic,3,3,1|1|1,repeated,0.5,1e-05,-2.053538953555229e-63,-8.214155814220916e-75,False,2.288818359375e-05,expected_zero_independently_supported
2,plastic,3,3,1|1|1,repeated,0.25,5e-06,3.246504740772471e-63,1.2986018963089884e-74,False,2.288818359375e-05,expected_zero_independently_supported
2,plastic,3,3,1|1|1,repeated,0.125,2.5e-06,-9.800209456246017e-62,-3.920083782498407e-73,False,2.288818359375e-05,expected_zero_independently_supported
2,plastic,3,3,1|1|1,repeated,0.0625,1.25e-06,3.2753998719593544e-62,1.3101599487837418e-73,False,2.288818359375e-05,expected_zero_independently_supported
2,plastic,4,3,1|1|1,repeated,16.0,0.00032,0.0,0.0,True,0.0,expected_zero_independently_supported
2,plastic,4,3,1|1|1,repeated,8.0,0.00016,0.0,0.0,True,0.0,expected_zero_independently_supported
2,plastic,4,3,1|1|1,repeated,4.0,8e-05,0.0,0.0,True,0.0,expected_zero_independently_supported
2,plastic,4,3,1|1|1,repeated,2.0,4e-05,0.0,0.0,True,0.0,expected_zero_independently_supported
2,plastic,4,3,1|1|1,repeated,1.0,2e-05,0.0,0.0,True,0.0,expected_zero_independently_supported
2,plastic,4,3,1|1|1,repeated,0.5,1e-05,0.0,0.0,True,0.0,expected_zero_independently_supported
2,plastic,4,3,1|1|1,repeated,0.25,5e-06,0.0,0.0,True,0.0,expected_zero_independently_supported
2,plastic,4,3,1|1|1,repeated,0.125,2.5e-06,0.0,0.0,True,0.0,expected_zero_independently_supported
2,plastic,4,3,1|1|1,repeated,0.0625,1.25e-06,0.0,0.0,True,0.0,expected_zero_independently_supported
2,plastic,5,3,1|1|1,repeated,16.0,0.00032,0.0,0.0,True,0.0,expected_zero_independently_supported
2,plastic,5,3,1|1|1,repeated,8.0,0.00016,0.0,0.0,True,0.0,expected_zero_independently_supported
2,plastic,5,3,1|1|1,repeated,4.0,8e-05,0.0,0.0,True,0.0,expected_zero_independently_supported
2,plastic,5,3,1|1|1,repeated,2.0,4e-05,0.0,0.0,True,0.0,expected_zero_independently_supported
2,plastic,5,3,1|1|1,repeated,1.0,2e-05,0.0,0.0,True,0.0,expected_zero_independently_supported
2,plastic,5,3,1|1|1,repeated,0.5,1e-05,0.0,0.0,True,0.0,expected_zero_independently_supported
2,plastic,5,3,1|1|1,repeated,0.25,5e-06,0.0,0.0,True,0.0,expected_zero_independently_supported
2,plastic,5,3,1|1|1,repeated,0.125,2.5e-06,0.0,0.0,True,0.0,expected_zero_independently_supported
2,plastic,5,3,1|1|1,repeated,0.0625,1.25e-06,0.0,0.0,True,0.0,expected_zero_independently_supported
2,plastic,6,3,1|1|1,repeated,16.0,0.00032,0.0,0.0,True,0.0,expected_zero_independently_supported
2,plastic,6,3,1|1|1,repeated,8.0,0.00016,0.0,0.0,True,0.0,expected_zero_independently_supported
2,plastic,6,3,1|1|1,repeated,4.0,8e-05,0.0,0.0,True,0.0,expected_zero_independently_supported
2,plastic,6,3,1|1|1,repeated,2.0,4e-05,0.0,0.0,True,0.0,expected_zero_independently_supported
2,plastic,6,3,1|1|1,repeated,1.0,2e-05,0.0,0.0,True,0.0,expected_zero_independently_supported
2,plastic,6,3,1|1|1,repeated,0.5,1e-05,0.0,0.0,True,0.0,expected_zero_independently_supported
2,plastic,6,3,1|1|1,repeated,0.25,5e-06,0.0,0.0,True,0.0,expected_zero_independently_supported
2,plastic,6,3,1|1|1,repeated,0.125,2.5e-06,0.0,0.0,True,0.0,expected_zero_independently_supported
2,plastic,6,3,1|1|1,repeated,0.0625,1.25e-06,0.0,0.0,True,0.0,expected_zero_independently_supported
2,plastic,1,4,1|1|1|1,repeated,16.0,0.00032,-2853208596142294.0,-11.412834384569178,False,0.0,expected_zero_independently_supported
2,plastic,1,4,1|1|1|1,repeated,8.0,0.00016,-436375456182635.4,-1.7455018247305418,False,0.0,expected_zero_independently_supported
2,plastic,1,4,1|1|1|1,repeated,4.0,8e-05,2.1148528483356224e-61,8.45941139334249e-76,False,0.0,expected_zero_independently_supported
2,plastic,1,4,1|1|1|1,repeated,2.0,4e-05,1.6627118945535238e-60,6.650847578214096e-75,False,0.0,expected_zero_independently_supported
2,plastic,1,4,1|1|1|1,repeated,1.0,2e-05,1.2617163475863465e-58,5.046865390345387e-73,False,0.0,expected_zero_independently_supported
2,plastic,1,4,1|1|1|1,repeated,0.5,1e-05,3.0866155778191263e-58,1.2346462311276505e-72,False,0.0,expected_zero_independently_supported
2,plastic,1,4,1|1|1|1,repeated,0.25,5e-06,8.722178213450176e-57,3.4888712853800713e-71,False,0.0,expected_zero_independently_supported
2,plastic,1,4,1|1|1|1,repeated,0.125,2.5e-06,1.9117102933589427e-55,7.646841173435772e-70,False,0.0,expected_zero_independently_supported
2,plastic,1,4,1|1|1|1,repeated,0.0625,1.25e-06,3.0587364693743084e-54,1.2234945877497235e-68,False,0.0,expected_zero_independently_supported
2,plastic,2,4,1|1|1|1,repeated,16.0,0.00032,1426604298071147.0,5.706417192284589,False,-0.05859375,expected_zero_independently_supported
2,plastic,2,4,1|1|1|1,repeated,8.0,0.00016,218187728091317.7,0.8727509123652709,False,-0.05859375,expected_zero_independently_supported
2,plastic,2,4,1|1|1|1,repeated,4.0,8e-05,1.9446922743316068e-62,7.77876909732643e-77,False,-0.05859375,expected_zero_independently_supported
2,plastic,2,4,1|1|1|1,repeated,2.0,4e-05,2.644781493090985e-60,1.0579125972363943e-74,False,-0.05859375,expected_zero_independently_supported
2,plastic,2,4,1|1|1|1,repeated,1.0,2e-05,2.9948261024706744e-59,1.19793044098827e-73,False,-0.05859375,expected_zero_independently_supported
2,plastic,2,4,1|1|1|1,repeated,0.5,1e-05,-8.089919861219484e-59,-3.2359679444877944e-73,False,-0.05859375,expected_zero_independently_supported
2,plastic,2,4,1|1|1|1,repeated,0.25,5e-06,6.671072377867144e-57,2.6684289511468583e-71,False,-0.05859375,expected_zero_independently_supported
2,plastic,2,4,1|1|1|1,repeated,0.125,2.5e-06,6.117472938748617e-56,2.4469891754994472e-70,False,-0.05859375,expected_zero_independently_supported
2,plastic,2,4,1|1|1|1,repeated,0.0625,1.25e-06,-2.497968116655685e-55,-9.991872466622743e-70,False,-0.05859375,expected_zero_independently_supported
2,plastic,3,4,1|1|1|1,repeated,16.0,0.00032,1426604298071147.0,5.706417192284589,False,-0.05859375,expected_zero_independently_supported
2,plastic,3,4,1|1|1|1,repeated,8.0,0.00016,218187728091317.7,0.8727509123652709,False,-0.05859375,expected_zero_independently_supported
2,plastic,3,4,1|1|1|1,repeated,4.0,8e-05,1.9446922743316068e-62,7.77876909732643e-77,False,-0.05859375,expected_zero_independently_supported
2,plastic,3,4,1|1|1|1,repeated,2.0,4e-05,2.644781493090985e-60,1.0579125972363943e-74,False,-0.05859375,expected_zero_independently_supported
2,plastic,3,4,1|1|1|1,repeated,1.0,2e-05,2.9948261024706744e-59,1.19793044098827e-73,False,-0.05859375,expected_zero_independently_supported
2,plastic,3,4,1|1|1|1,repeated,0.5,1e-05,-8.089919861219484e-59,-3.2359679444877944e-73,False,-0.05859375,expected_zero_independently_supported
2,plastic,3,4,1|1|1|1,repeated,0.25,5e-06,6.671072377867144e-57,2.6684289511468583e-71,False,-0.05859375,expected_zero_independently_supported
2,plastic,3,4,1|1|1|1,repeated,0.125,2.5e-06,6.117472938748617e-56,2.4469891754994472e-70,False,-0.05859375,expected_zero_independently_supported
2,plastic,3,4,1|1|1|1,repeated,0.0625,1.25e-06,-2.497968116655685e-55,-9.991872466622743e-70,False,-0.05859375,expected_zero_independently_supported
2,plastic,4,4,1|1|1|1,repeated,16.0,0.00032,0.0,0.0,True,0.0,expected_zero_independently_supported
2,plastic,4,4,1|1|1|1,repeated,8.0,0.00016,0.0,0.0,True,0.0,expected_zero_independently_supported
2,plastic,4,4,1|1|1|1,repeated,4.0,8e-05,0.0,0.0,True,0.0,expected_zero_independently_supported
2,plastic,4,4,1|1|1|1,repeated,2.0,4e-05,0.0,0.0,True,0.0,expected_zero_independently_supported
2,plastic,4,4,1|1|1|1,repeated,1.0,2e-05,0.0,0.0,True,0.0,expected_zero_independently_supported
2,plastic,4,4,1|1|1|1,repeated,0.5,1e-05,0.0,0.0,True,0.0,expected_zero_independently_supported
2,plastic,4,4,1|1|1|1,repeated,0.25,5e-06,0.0,0.0,True,0.0,expected_zero_independently_supported
2,plastic,4,4,1|1|1|1,repeated,0.125,2.5e-06,0.0,0.0,True,0.0,expected_zero_independently_supported
2,plastic,4,4,1|1|1|1,repeated,0.0625,1.25e-06,0.0,0.0,True,0.0,expected_zero_independently_supported
2,plastic,5,4,1|1|1|1,repeated,16.0,0.00032,0.0,0.0,True,0.0,expected_zero_independently_supported
2,plastic,5,4,1|1|1|1,repeated,8.0,0.00016,0.0,0.0,True,0.0,expected_zero_independently_supported
2,plastic,5,4,1|1|1|1,repeated,4.0,8e-05,0.0,0.0,True,0.0,expected_zero_independently_supported
2,plastic,5,4,1|1|1|1,repeated,2.0,4e-05,0.0,0.0,True,0.0,expected_zero_independently_supported
2,plastic,5,4,1|1|1|1,repeated,1.0,2e-05,0.0,0.0,True,0.0,expected_zero_independently_supported
2,plastic,5,4,1|1|1|1,repeated,0.5,1e-05,0.0,0.0,True,0.0,expected_zero_independently_supported
2,plastic,5,4,1|1|1|1,repeated,0.25,5e-06,0.0,0.0,True,0.0,expected_zero_independently_supported
2,plastic,5,4,1|1|1|1,repeated,0.125,2.5e-06,0.0,0.0,True,0.0,expected_zero_independently_supported
2,plastic,5,4,1|1|1|1,repeated,0.0625,1.25e-06,0.0,0.0,True,0.0,expected_zero_independently_supported
2,plastic,6,4,1|1|1|1,repeated,16.0,0.00032,0.0,0.0,True,0.0,expected_zero_independently_supported
2,plastic,6,4,1|1|1|1,repeated,8.0,0.00016,0.0,0.0,True,0.0,expected_zero_independently_supported
2,plastic,6,4,1|1|1|1,repeated,4.0,8e-05,0.0,0.0,True,0.0,expected_zero_independently_supported
2,plastic,6,4,1|1|1|1,repeated,2.0,4e-05,0.0,0.0,True,0.0,expected_zero_independently_supported
2,plastic,6,4,1|1|1|1,repeated,1.0,2e-05,0.0,0.0,True,0.0,expected_zero_independently_supported
2,plastic,6,4,1|1|1|1,repeated,0.5,1e-05,0.0,0.0,True,0.0,expected_zero_independently_supported
2,plastic,6,4,1|1|1|1,repeated,0.25,5e-06,0.0,0.0,True,0.0,expected_zero_independently_supported
2,plastic,6,4,1|1|1|1,repeated,0.125,2.5e-06,0.0,0.0,True,0.0,expected_zero_independently_supported
2,plastic,6,4,1|1|1|1,repeated,0.0625,1.25e-06,0.0,0.0,True,0.0,expected_zero_independently_supported
2,plastic,1,3,1|1|2,mixed,16.0,0.00032,144433172811.23703,0.5777326912449481,False,-1.9073486328125e-05,expected_zero_independently_supported
2,plastic,1,3,1|1|2,mixed,8.0,0.00016,-18204064908.880386,-0.07281625963552155,False,-1.9073486328125e-05,expected_zero_independently_supported
2,plastic,1,3,1|1|2,mixed,4.0,8e-05,906.1973072138285,3.6247892288553143e-09,False,-1.9073486328125e-05,expected_zero_independently_supported
2,plastic,1,3,1|1|2,mixed,2.0,4e-05,3.662801520417337,1.465120608166935e-11,False,-1.9073486328125e-05,expected_zero_independently_supported
2,plastic,1,3,1|1|2,mixed,1.0,2e-05,0.014426696692776297,5.77067867711052e-14,False,-1.9073486328125e-05,expected_zero_independently_supported
2,plastic,1,3,1|1|2,mixed,0.5,1e-05,5.6470039664131754e-05,2.2588015865652704e-16,False,-1.9073486328125e-05,expected_zero_independently_supported
2,plastic,1,3,1|1|2,mixed,0.25,5e-06,2.206990503283607e-07,8.827962013134427e-19,False,-1.9073486328125e-05,expected_zero_independently_supported
2,plastic,1,3,1|1|2,mixed,0.125,2.5e-06,8.622159549175862e-10,3.448863819670345e-21,False,-1.9073486328125e-05,expected_zero_independently_supported
2,plastic,1,3,1|1|2,mixed,0.0625,1.25e-06,3.368138773452662e-12,1.347255509381065e-23,False,-1.9073486328125e-05,expected_zero_independently_supported
2,plastic,2,3,1|1|2,mixed,16.0,0.00032,-26063899499.55191,-0.10425559799820765,False,26762979134.93917,resolved
2,plastic,2,3,1|1|2,mixed,8.0,0.00016,36211497096.786606,0.14484598838714643,False,26762979134.93917,resolved
2,plastic,2,3,1|1|2,mixed,4.0,8e-05,26762978872.06273,0.10705191548825092,False,26762979134.93917,resolved
2,plastic,2,3,1|1|2,mixed,2.0,4e-05,26762979133.758488,0.10705191653503396,False,26762979134.93917,resolved
2,plastic,2,3,1|1|2,mixed,1.0,2e-05,26762979134.934387,0.10705191653973756,False,26762979134.93917,resolved
2,plastic,2,3,1|1|2,mixed,0.5,1e-05,26762979134.939137,0.10705191653975654,False,26762979134.93917,resolved
2,plastic,2,3,1|1|2,mixed,0.25,5e-06,26762979134.939156,0.10705191653975664,False,26762979134.93917,resolved
2,plastic,2,3,1|1|2,mixed,0.125,2.5e-06,26762979134.939156,0.10705191653975664,False,26762979134.93917,resolved
2,plastic,2,3,1|1|2,mixed,0.0625,1.25e-06,26762979134.939156,0.10705191653975664,False,26762979134.93917,resolved
2,plastic,3,3,1|1|2,mixed,16.0,0.00032,-118369273311.6851,-0.4734770932467404,False,-26762979134.939175,resolved
2,plastic,3,3,1|1|2,mixed,8.0,0.00016,-18007432187.906223,-0.0720297287516249,False,-26762979134.939175,resolved
2,plastic,3,3,1|1|2,mixed,4.0,8e-05,-26762979778.260036,-0.10705191911304016,False,-26762979134.939175,resolved
2,plastic,3,3,1|1|2,mixed,2.0,4e-05,-26762979137.42129,-0.10705191654968517,False,-26762979134.939175,resolved
2,plastic,3,3,1|1|2,mixed,1.0,2e-05,-26762979134.948814,-0.10705191653979526,False,-26762979134.939175,resolved
2,plastic,3,3,1|1|2,mixed,0.5,1e-05,-26762979134.939194,-0.10705191653975678,False,-26762979134.939175,resolved
2,plastic,3,3,1|1|2,mixed,0.25,5e-06,-26762979134.939156,-0.10705191653975664,False,-26762979134.939175,resolved
2,plastic,3,3,1|1|2,mixed,0.125,2.5e-06,-26762979134.939156,-0.10705191653975664,False,-26762979134.939175,resolved
2,plastic,3,3,1|1|2,mixed,0.0625,1.25e-06,-26762979134.939156,-0.10705191653975664,False,-26762979134.939175,resolved
2,plastic,4,3,1|1|2,mixed,16.0,0.00032,0.0,0.0,True,0.0,expected_zero_independently_supported
2,plastic,4,3,1|1|2,mixed,8.0,0.00016,0.0,0.0,True,0.0,expected_zero_independently_supported
2,plastic,4,3,1|1|2,mixed,4.0,8e-05,0.0,0.0,True,0.0,expected_zero_independently_supported
2,plastic,4,3,1|1|2,mixed,2.0,4e-05,0.0,0.0,True,0.0,expected_zero_independently_supported
2,plastic,4,3,1|1|2,mixed,1.0,2e-05,0.0,0.0,True,0.0,expected_zero_independently_supported
2,plastic,4,3,1|1|2,mixed,0.5,1e-05,0.0,0.0,True,0.0,expected_zero_independently_supported
2,plastic,4,3,1|1|2,mixed,0.25,5e-06,0.0,0.0,True,0.0,expected_zero_independently_supported
2,plastic,4,3,1|1|2,mixed,0.125,2.5e-06,0.0,0.0,True,0.0,expected_zero_independently_supported
2,plastic,4,3,1|1|2,mixed,0.0625,1.25e-06,0.0,0.0,True,0.0,expected_zero_independently_supported
2,plastic,5,3,1|1|2,mixed,16.0,0.00032,0.0,0.0,True,0.0,expected_zero_independently_supported
2,plastic,5,3,1|1|2,mixed,8.0,0.00016,0.0,0.0,True,0.0,expected_zero_independently_supported
2,plastic,5,3,1|1|2,mixed,4.0,8e-05,0.0,0.0,True,0.0,expected_zero_independently_supported
2,plastic,5,3,1|1|2,mixed,2.0,4e-05,0.0,0.0,True,0.0,expected_zero_independently_supported
2,plastic,5,3,1|1|2,mixed,1.0,2e-05,0.0,0.0,True,0.0,expected_zero_independently_supported
2,plastic,5,3,1|1|2,mixed,0.5,1e-05,0.0,0.0,True,0.0,expected_zero_independently_supported
2,plastic,5,3,1|1|2,mixed,0.25,5e-06,0.0,0.0,True,0.0,expected_zero_independently_supported
2,plastic,5,3,1|1|2,mixed,0.125,2.5e-06,0.0,0.0,True,0.0,expected_zero_independently_supported
2,plastic,5,3,1|1|2,mixed,0.0625,1.25e-06,0.0,0.0,True,0.0,expected_zero_independently_supported
2,plastic,6,3,1|1|2,mixed,16.0,0.00032,0.0,0.0,True,0.0,expected_zero_independently_supported
2,plastic,6,3,1|1|2,mixed,8.0,0.00016,0.0,0.0,True,0.0,expected_zero_independently_supported
2,plastic,6,3,1|1|2,mixed,4.0,8e-05,0.0,0.0,True,0.0,expected_zero_independently_supported
2,plastic,6,3,1|1|2,mixed,2.0,4e-05,0.0,0.0,True,0.0,expected_zero_independently_supported
2,plastic,6,3,1|1|2,mixed,1.0,2e-05,0.0,0.0,True,0.0,expected_zero_independently_supported
2,plastic,6,3,1|1|2,mixed,0.5,1e-05,0.0,0.0,True,0.0,expected_zero_independently_supported
2,plastic,6,3,1|1|2,mixed,0.25,5e-06,0.0,0.0,True,0.0,expected_zero_independently_supported
2,plastic,6,3,1|1|2,mixed,0.125,2.5e-06,0.0,0.0,True,0.0,expected_zero_independently_supported
2,plastic,6,3,1|1|2,mixed,0.0625,1.25e-06,0.0,0.0,True,0.0,expected_zero_independently_supported
2,plastic,1,4,1|1|2|2,mixed,16.0,0.00032,12755477430275.395,0.051021909721101585,False,-38232827335627.38,resolved
2,plastic,1,4,1|1|2|2,mixed,8.0,0.00016,-370354181703583.75,-1.4814167268143352,False,-38232827335627.38,resolved
2,plastic,1,4,1|1|2|2,mixed,4.0,8e-05,-38232826756944.66,-0.15293130702777866,False,-38232827335627.38,resolved
2,plastic,1,4,1|1|2|2,mixed,2.0,4e-05,-38232827333255.21,-0.15293130933302088,False,-38232827335627.38,resolved
2,plastic,1,4,1|1|2|2,mixed,1.0,2e-05,-38232827335617.984,-0.15293130934247195,False,-38232827335627.38,resolved
2,plastic,1,4,1|1|2|2,mixed,0.5,1e-05,-38232827335627.33,-0.15293130934250934,False,-38232827335627.38,resolved
2,plastic,1,4,1|1|2|2,mixed,0.25,5e-06,-38232827335627.37,-0.1529313093425095,False,-38232827335627.38,resolved
2,plastic,1,4,1|1|2|2,mixed,0.125,2.5e-06,-38232827335627.37,-0.1529313093425095,False,-38232827335627.38,resolved
2,plastic,1,4,1|1|2|2,mixed,0.0625,1.25e-06,-38232827335627.37,-0.1529313093425095,False,-38232827335627.38,resolved
2,plastic,2,4,1|1|2|2,mixed,16.0,0.00032,179704559573912.78,0.7188182382956512,False,57349241003441.08,resolved
2,plastic,2,4,1|1|2|2,mixed,8.0,0.00016,206750139778768.0,0.8270005591150722,False,57349241003441.08,resolved
2,plastic,2,4,1|1|2|2,mixed,4.0,8e-05,57349241280814.55,0.22939696512325825,False,57349241003441.08,resolved
2,plastic,2,4,1|1|2|2,mixed,2.0,4e-05,57349241004571.766,0.2293969640182871,False,57349241003441.08,resolved
2,plastic,2,4,1|1|2|2,mixed,1.0,2e-05,57349241003445.5,0.22939696401378204,False,57349241003441.08,resolved
2,plastic,2,4,1|1|2|2,mixed,0.5,1e-05,57349241003441.06,0.22939696401376428,False,57349241003441.08,resolved
2,plastic,2,4,1|1|2|2,mixed,0.25,5e-06,57349241003441.05,0.22939696401376422,False,57349241003441.08,resolved
2,plastic,2,4,1|1|2|2,mixed,0.125,2.5e-06,57349241003441.05,0.22939696401376422,False,57349241003441.08,resolved
2,plastic,2,4,1|1|2|2,mixed,0.0625,1.25e-06,57349241003441.05,0.22939696401376422,False,57349241003441.08,resolved
2,plastic,3,4,1|1|2|2,mixed,16.0,0.00032,-192460037004188.2,-0.7698401480167529,False,-19116413667813.67,resolved
2,plastic,3,4,1|1|2|2,mixed,8.0,0.00016,163604041924815.75,0.6544161676992631,False,-19116413667813.67,resolved
2,plastic,3,4,1|1|2|2,mixed,4.0,8e-05,-19116414523869.895,-0.0764656580954796,False,-19116413667813.67,resolved
2,plastic,3,4,1|1|2|2,mixed,2.0,4e-05,-19116413671316.555,-0.07646565468526623,False,-19116413667813.67,resolved
2,plastic,3,4,1|1|2|2,mixed,1.0,2e-05,-19116413667827.52,-0.07646565467131008,False,-19116413667813.67,resolved
2,plastic,3,4,1|1|2|2,mixed,0.5,1e-05,-19116413667813.734,-0.07646565467125495,False,-19116413667813.67,resolved
2,plastic,3,4,1|1|2|2,mixed,0.25,5e-06,-19116413667813.684,-0.07646565467125475,False,-19116413667813.67,resolved
2,plastic,3,4,1|1|2|2,mixed,0.125,2.5e-06,-19116413667813.684,-0.07646565467125475,False,-19116413667813.67,resolved
2,plastic,3,4,1|1|2|2,mixed,0.0625,1.25e-06,-19116413667813.684,-0.07646565467125475,False,-19116413667813.67,resolved
2,plastic,4,4,1|1|2|2,mixed,16.0,0.00032,0.0,0.0,True,0.0,expected_zero_independently_supported
2,plastic,4,4,1|1|2|2,mixed,8.0,0.00016,0.0,0.0,True,0.0,expected_zero_independently_supported
2,plastic,4,4,1|1|2|2,mixed,4.0,8e-05,0.0,0.0,True,0.0,expected_zero_independently_supported
2,plastic,4,4,1|1|2|2,mixed,2.0,4e-05,0.0,0.0,True,0.0,expected_zero_independently_supported
2,plastic,4,4,1|1|2|2,mixed,1.0,2e-05,0.0,0.0,True,0.0,expected_zero_independently_supported
2,plastic,4,4,1|1|2|2,mixed,0.5,1e-05,0.0,0.0,True,0.0,expected_zero_independently_supported
2,plastic,4,4,1|1|2|2,mixed,0.25,5e-06,0.0,0.0,True,0.0,expected_zero_independently_supported
2,plastic,4,4,1|1|2|2,mixed,0.125,2.5e-06,0.0,0.0,True,0.0,expected_zero_independently_supported
2,plastic,4,4,1|1|2|2,mixed,0.0625,1.25e-06,0.0,0.0,True,0.0,expected_zero_independently_supported
2,plastic,5,4,1|1|2|2,mixed,16.0,0.00032,0.0,0.0,True,0.0,expected_zero_independently_supported
2,plastic,5,4,1|1|2|2,mixed,8.0,0.00016,0.0,0.0,True,0.0,expected_zero_independently_supported
2,plastic,5,4,1|1|2|2,mixed,4.0,8e-05,0.0,0.0,True,0.0,expected_zero_independently_supported
2,plastic,5,4,1|1|2|2,mixed,2.0,4e-05,0.0,0.0,True,0.0,expected_zero_independently_supported
2,plastic,5,4,1|1|2|2,mixed,1.0,2e-05,0.0,0.0,True,0.0,expected_zero_independently_supported
2,plastic,5,4,1|1|2|2,mixed,0.5,1e-05,0.0,0.0,True,0.0,expected_zero_independently_supported
2,plastic,5,4,1|1|2|2,mixed,0.25,5e-06,0.0,0.0,True,0.0,expected_zero_independently_supported
2,plastic,5,4,1|1|2|2,mixed,0.125,2.5e-06,0.0,0.0,True,0.0,expected_zero_independently_supported
2,plastic,5,4,1|1|2|2,mixed,0.0625,1.25e-06,0.0,0.0,True,0.0,expected_zero_independently_supported
2,plastic,6,4,1|1|2|2,mixed,16.0,0.00032,0.0,0.0,True,0.0,expected_zero_independently_supported
2,plastic,6,4,1|1|2|2,mixed,8.0,0.00016,0.0,0.0,True,0.0,expected_zero_independently_supported
2,plastic,6,4,1|1|2|2,mixed,4.0,8e-05,0.0,0.0,True,0.0,expected_zero_independently_supported
2,plastic,6,4,1|1|2|2,mixed,2.0,4e-05,0.0,0.0,True,0.0,expected_zero_independently_supported
2,plastic,6,4,1|1|2|2,mixed,1.0,2e-05,0.0,0.0,True,0.0,expected_zero_independently_supported
2,plastic,6,4,1|1|2|2,mixed,0.5,1e-05,0.0,0.0,True,0.0,expected_zero_independently_supported
2,plastic,6,4,1|1|2|2,mixed,0.25,5e-06,0.0,0.0,True,0.0,expected_zero_independently_supported
2,plastic,6,4,1|1|2|2,mixed,0.125,2.5e-06,0.0,0.0,True,0.0,expected_zero_independently_supported
2,plastic,6,4,1|1|2|2,mixed,0.0625,1.25e-06,0.0,0.0,True,0.0,expected_zero_independently_supported
2,plastic,1,2,1|2,mixed,16.0,0.00032,-37158279.16955029,-0.14863311667820117,False,0.0,expected_zero_independently_supported
2,plastic,1,2,1|2,mixed,8.0,0.00016,4438374.192046124,0.017753496768184492,False,0.0,expected_zero_independently_supported
2,plastic,1,2,1|2,mixed,4.0,8e-05,-0.19177599362790446,-7.671039745116178e-10,False,0.0,expected_zero_independently_supported
2,plastic,1,2,1|2,mixed,2.0,4e-05,-0.0007706104917431914,-3.0824419669727658e-12,False,0.0,expected_zero_independently_supported
2,plastic,1,2,1|2,mixed,1.0,2e-05,-3.0309897108516976e-06,-1.2123958843406789e-14,False,0.0,expected_zero_independently_supported
2,plastic,1,2,1|2,mixed,0.5,1e-05,-1.1860057925969843e-08,-4.744023170387937e-17,False,0.0,expected_zero_independently_supported
2,plastic,1,2,1|2,mixed,0.25,5e-06,-4.6348118192629937e-11,-1.8539247277051975e-19,False,0.0,expected_zero_independently_supported
2,plastic,1,2,1|2,mixed,0.125,2.5e-06,-1.8106663719094044e-13,-7.242665487637617e-22,False,0.0,expected_zero_independently_supported
2,plastic,1,2,1|2,mixed,0.0625,1.25e-06,-7.073103989068254e-16,-2.8292415956273017e-24,False,0.0,expected_zero_independently_supported
2,plastic,2,2,1|2,mixed,16.0,0.00032,-12819295.432993364,-0.05127718173197345,False,-28101128.09168612,resolved
2,plastic,2,2,1|2,mixed,8.0,0.00016,-30377890.223736722,-0.12151156089494689,False,-28101128.09168612,resolved
2,plastic,2,2,1|2,mixed,4.0,8e-05,-28101127.974546894,-0.11240451189818758,False,-28101128.09168612,resolved
2,plastic,2,2,1|2,mixed,2.0,4e-05,-28101128.091209397,-0.11240451236483759,False,-28101128.09168612,resolved
2,plastic,2,2,1|2,mixed,1.0,2e-05,-28101128.09168423,-0.1124045123667369,False,-28101128.09168612,resolved
2,plastic,2,2,1|2,mixed,0.5,1e-05,-28101128.091686103,-0.11240451236674441,False,-28101128.09168612,resolved
2,plastic,2,2,1|2,mixed,0.25,5e-06,-28101128.09168611,-0.11240451236674444,False,-28101128.09168612,resolved
2,plastic,2,2,1|2,mixed,0.125,2.5e-06,-28101128.09168611,-0.11240451236674444,False,-28101128.09168612,resolved
2,plastic,2,2,1|2,mixed,0.0625,1.25e-06,-28101128.09168611,-0.11240451236674444,False,-28101128.09168612,resolved
2,plastic,3,2,1|2,mixed,16.0,0.00032,49977574.60254365,0.1999102984101746,False,28101128.091686122,resolved
2,plastic,3,2,1|2,mixed,8.0,0.00016,25939516.031690598,0.10375806412676239,False,28101128.091686122,resolved
2,plastic,3,2,1|2,mixed,4.0,8e-05,28101128.166322887,0.11240451266529154,False,28101128.091686122,resolved
2,plastic,3,2,1|2,mixed,2.0,4e-05,28101128.091980007,0.11240451236792003,False,28101128.091686122,resolved
2,plastic,3,2,1|2,mixed,1.0,2e-05,28101128.091687262,0.11240451236674905,False,28101128.091686122,resolved
2,plastic,3,2,1|2,mixed,0.5,1e-05,28101128.09168612,0.11240451236674447,False,28101128.091686122,resolved
2,plastic,3,2,1|2,mixed,0.25,5e-06,28101128.09168611,0.11240451236674444,False,28101128.091686122,resolved
2,plastic,3,2,1|2,mixed,0.125,2.5e-06,28101128.09168611,0.11240451236674444,False,28101128.091686122,resolved
2,plastic,3,2,1|2,mixed,0.0625,1.25e-06,28101128.09168611,0.11240451236674444,False,28101128.091686122,resolved
2,plastic,4,2,1|2,mixed,16.0,0.00032,0.0,0.0,True,0.0,expected_zero_independently_supported
2,plastic,4,2,1|2,mixed,8.0,0.00016,0.0,0.0,True,0.0,expected_zero_independently_supported
2,plastic,4,2,1|2,mixed,4.0,8e-05,0.0,0.0,True,0.0,expected_zero_independently_supported
2,plastic,4,2,1|2,mixed,2.0,4e-05,0.0,0.0,True,0.0,expected_zero_independently_supported
2,plastic,4,2,1|2,mixed,1.0,2e-05,0.0,0.0,True,0.0,expected_zero_independently_supported
2,plastic,4,2,1|2,mixed,0.5,1e-05,0.0,0.0,True,0.0,expected_zero_independently_supported
2,plastic,4,2,1|2,mixed,0.25,5e-06,0.0,0.0,True,0.0,expected_zero_independently_supported
2,plastic,4,2,1|2,mixed,0.125,2.5e-06,0.0,0.0,True,0.0,expected_zero_independently_supported
2,plastic,4,2,1|2,mixed,0.0625,1.25e-06,0.0,0.0,True,0.0,expected_zero_independently_supported
2,plastic,5,2,1|2,mixed,16.0,0.00032,0.0,0.0,True,0.0,expected_zero_independently_supported
2,plastic,5,2,1|2,mixed,8.0,0.00016,0.0,0.0,True,0.0,expected_zero_independently_supported
2,plastic,5,2,1|2,mixed,4.0,8e-05,0.0,0.0,True,0.0,expected_zero_independently_supported
2,plastic,5,2,1|2,mixed,2.0,4e-05,0.0,0.0,True,0.0,expected_zero_independently_supported
2,plastic,5,2,1|2,mixed,1.0,2e-05,0.0,0.0,True,0.0,expected_zero_independently_supported
2,plastic,5,2,1|2,mixed,0.5,1e-05,0.0,0.0,True,0.0,expected_zero_independently_supported
2,plastic,5,2,1|2,mixed,0.25,5e-06,0.0,0.0,True,0.0,expected_zero_independently_supported
2,plastic,5,2,1|2,mixed,0.125,2.5e-06,0.0,0.0,True,0.0,expected_zero_independently_supported
2,plastic,5,2,1|2,mixed,0.0625,1.25e-06,0.0,0.0,True,0.0,expected_zero_independently_supported
2,plastic,6,2,1|2,mixed,16.0,0.00032,0.0,0.0,True,0.0,expected_zero_independently_supported
2,plastic,6,2,1|2,mixed,8.0,0.00016,0.0,0.0,True,0.0,expected_zero_independently_supported
2,plastic,6,2,1|2,mixed,4.0,8e-05,0.0,0.0,True,0.0,expected_zero_independently_supported
2,plastic,6,2,1|2,mixed,2.0,4e-05,0.0,0.0,True,0.0,expected_zero_independently_supported
2,plastic,6,2,1|2,mixed,1.0,2e-05,0.0,0.0,True,0.0,expected_zero_independently_supported
2,plastic,6,2,1|2,mixed,0.5,1e-05,0.0,0.0,True,0.0,expected_zero_independently_supported
2,plastic,6,2,1|2,mixed,0.25,5e-06,0.0,0.0,True,0.0,expected_zero_independently_supported
2,plastic,6,2,1|2,mixed,0.125,2.5e-06,0.0,0.0,True,0.0,expected_zero_independently_supported
2,plastic,6,2,1|2,mixed,0.0625,1.25e-06,0.0,0.0,True,0.0,expected_zero_independently_supported
3,plastic,1,2,1|1,repeated,16.0,0.00032,39962470.07109802,0.15984988028439207,False,-1186158.7412411869,resolved
3,plastic,1,2,1|1,repeated,8.0,0.00016,-11007840.62111047,-0.04403136248444187,False,-1186158.7412411869,resolved
3,plastic,1,2,1|1,repeated,4.0,8e-05,-1186158.725244404,-0.004744634900977616,False,-1186158.7412411869,resolved
3,plastic,1,2,1|1,repeated,2.0,4e-05,-1186158.7411812656,-0.004744634964725062,False,-1186158.7412411869,resolved
3,plastic,1,2,1|1,repeated,1.0,2e-05,-1186158.741241005,-0.00474463496496402,False,-1186158.7412411869,resolved
3,plastic,1,2,1|1,repeated,0.5,1e-05,-1186158.741241236,-0.004744634964964944,False,-1186158.7412411869,resolved
3,plastic,1,2,1|1,repeated,0.25,5e-06,-1186158.741241237,-0.0047446349649649475,False,-1186158.7412411869,resolved
3,plastic,1,2,1|1,repeated,0.125,2.5e-06,-1186158.741241237,-0.0047446349649649475,False,-1186158.7412411869,resolved
3,plastic,1,2,1|1,repeated,0.0625,1.25e-06,-1186158.741241237,-0.0047446349649649475,False,-1186158.7412411869,resolved
3,plastic,2,2,1|1,repeated,16.0,0.00032,-25220770.002018496,-0.10088308000807397,False,-2521943.0295576826,resolved
3,plastic,2,2,1|1,repeated,8.0,0.00016,2868701.1322695157,0.011474804529078063,False,-2521943.0295576826,resolved
3,plastic,2,2,1|1,repeated,4.0,8e-05,-2521943.02771415,-0.0100877721108566,False,-2521943.0295576826,resolved
3,plastic,2,2,1|1,repeated,2.0,4e-05,-2521943.0295504234,-0.010087772118201693,False,-2521943.0295576826,resolved
3,plastic,2,2,1|1,repeated,1.0,2e-05,-2521943.029557635,-0.01008777211823054,False,-2521943.0295576826,resolved
3,plastic,2,2,1|1,repeated,0.5,1e-05,-2521943.0295576635,-0.010087772118230653,False,-2521943.0295576826,resolved
3,plastic,2,2,1|1,repeated,0.25,5e-06,-2521943.0295576635,-0.010087772118230653,False,-2521943.0295576826,resolved
3,plastic,2,2,1|1,repeated,0.125,2.5e-06,-2521943.0295576635,-0.010087772118230653,False,-2521943.0295576826,resolved
3,plastic,2,2,1|1,repeated,0.0625,1.25e-06,-2521943.0295576635,-0.010087772118230653,False,-2521943.0295576826,resolved
3,plastic,3,2,1|1,repeated,16.0,0.00032,-14741700.069079524,-0.05896680027631809,False,3708101.770798877,resolved
3,plastic,3,2,1|1,repeated,8.0,0.00016,8139139.488840954,0.032556557955363816,False,3708101.770798877,resolved
3,plastic,3,2,1|1,repeated,4.0,8e-05,3708101.752958554,0.014832407011834215,False,3708101.770798877,resolved
3,plastic,3,2,1|1,repeated,2.0,4e-05,3708101.7707316885,0.014832407082926753,False,3708101.770798877,resolved
3,plastic,3,2,1|1,repeated,1.0,2e-05,3708101.7707986403,0.014832407083194561,False,3708101.770798877,resolved
3,plastic,3,2,1|1,repeated,0.5,1e-05,3708101.7707988992,0.014832407083195597,False,3708101.770798877,resolved
3,plastic,3,2,1|1,repeated,0.25,5e-06,3708101.7707989006,0.014832407083195602,False,3708101.770798877,resolved
3,plastic,3,2,1|1,repeated,0.125,2.5e-06,3708101.7707989006,0.014832407083195602,False,3708101.770798877,resolved
3,plastic,3,2,1|1,repeated,0.0625,1.25e-06,3708101.7707989006,0.014832407083195602,False,3708101.770798877,resolved
3,plastic,4,2,1|1,repeated,16.0,0.00032,10479069.932938972,0.041916279731755886,False,6230044.800356574,resolved
3,plastic,4,2,1|1,repeated,8.0,0.00016,5270438.356571439,0.021081753426285755,False,6230044.800356574,resolved
3,plastic,4,2,1|1,repeated,4.0,8e-05,6230044.780672704,0.024920179122690816,False,6230044.800356574,resolved
3,plastic,4,2,1|1,repeated,2.0,4e-05,6230044.800282112,0.024920179201128448,False,6230044.800356574,resolved
3,plastic,4,2,1|1,repeated,1.0,2e-05,6230044.800356275,0.0249201792014251,False,6230044.800356574,resolved
3,plastic,4,2,1|1,repeated,0.5,1e-05,6230044.800356563,0.02492017920142625,False,6230044.800356574,resolved
3,plastic,4,2,1|1,repeated,0.25,5e-06,6230044.800356564,0.024920179201426255,False,6230044.800356574,resolved
3,plastic,4,2,1|1,repeated,0.125,2.5e-06,6230044.800356564,0.024920179201426255,False,6230044.800356574,resolved
3,plastic,4,2,1|1,repeated,0.0625,1.25e-06,6230044.800356564,0.024920179201426255,False,6230044.800356574,resolved
3,plastic,5,2,1|1,repeated,16.0,0.00032,0.0,0.0,True,0.0,expected_zero_independently_supported
3,plastic,5,2,1|1,repeated,8.0,0.00016,0.0,0.0,True,0.0,expected_zero_independently_supported
3,plastic,5,2,1|1,repeated,4.0,8e-05,0.0,0.0,True,0.0,expected_zero_independently_supported
3,plastic,5,2,1|1,repeated,2.0,4e-05,0.0,0.0,True,0.0,expected_zero_independently_supported
3,plastic,5,2,1|1,repeated,1.0,2e-05,0.0,0.0,True,0.0,expected_zero_independently_supported
3,plastic,5,2,1|1,repeated,0.5,1e-05,0.0,0.0,True,0.0,expected_zero_independently_supported
3,plastic,5,2,1|1,repeated,0.25,5e-06,0.0,0.0,True,0.0,expected_zero_independently_supported
3,plastic,5,2,1|1,repeated,0.125,2.5e-06,0.0,0.0,True,0.0,expected_zero_independently_supported
3,plastic,5,2,1|1,repeated,0.0625,1.25e-06,0.0,0.0,True,0.0,expected_zero_independently_supported
3,plastic,6,2,1|1,repeated,16.0,0.00032,0.0,0.0,True,0.0,expected_zero_independently_supported
3,plastic,6,2,1|1,repeated,8.0,0.00016,0.0,0.0,True,0.0,expected_zero_independently_supported
3,plastic,6,2,1|1,repeated,4.0,8e-05,0.0,0.0,True,0.0,expected_zero_independently_supported
3,plastic,6,2,1|1,repeated,2.0,4e-05,0.0,0.0,True,0.0,expected_zero_independently_supported
3,plastic,6,2,1|1,repeated,1.0,2e-05,0.0,0.0,True,0.0,expected_zero_independently_supported
3,plastic,6,2,1|1,repeated,0.5,1e-05,0.0,0.0,True,0.0,expected_zero_independently_supported
3,plastic,6,2,1|1,repeated,0.25,5e-06,0.0,0.0,True,0.0,expected_zero_independently_supported
3,plastic,6,2,1|1,repeated,0.125,2.5e-06,0.0,0.0,True,0.0,expected_zero_independently_supported
3,plastic,6,2,1|1,repeated,0.0625,1.25e-06,0.0,0.0,True,0.0,expected_zero_independently_supported
3,plastic,1,3,1|1|1,repeated,16.0,0.00032,734264168845.9465,2.937056675383786,False,2368973255.491287,resolved
3,plastic,1,3,1|1|1,repeated,8.0,0.00016,-667988747400.2161,-2.6719549896008643,False,2368973255.491287,resolved
3,plastic,1,3,1|1|1,repeated,4.0,8e-05,2368993034.773209,0.009475972139092837,False,2368973255.491287,resolved
3,plastic,1,3,1|1|1,repeated,2.0,4e-05,2368973552.128478,0.009475894208513911,False,2368973255.491287,resolved
3,plastic,1,3,1|1|1,repeated,1.0,2e-05,2368973260.0794063,0.009475893040317625,False,2368973255.491287,resolved
3,plastic,1,3,1|1|1,repeated,0.5,1e-05,2368973255.562793,0.009475893022251172,False,2368973255.491287,resolved
3,plastic,1,3,1|1|1,repeated,0.25,5e-06,2368973255.4924016,0.009475893021969608,False,2368973255.491287,resolved
3,plastic,1,3,1|1|1,repeated,0.125,2.5e-06,2368973255.4913025,0.009475893021965212,False,2368973255.491287,resolved
3,plastic,1,3,1|1|1,repeated,0.0625,1.25e-06,2368973255.4912853,0.009475893021965142,False,2368973255.491287,resolved
3,plastic,2,3,1|1|1,repeated,16.0,0.00032,-397886227738.7077,-1.5915449109548307,False,3447659725.967972,resolved
3,plastic,2,3,1|1|1,repeated,8.0,0.00016,370983398601.6022,1.4839335944064087,False,3447659725.967972,resolved
3,plastic,2,3,1|1|1,repeated,4.0,8e-05,3447663621.001294,0.013790654484005177,False,3447659725.967972,resolved
3,plastic,2,3,1|1|1,repeated,2.0,4e-05,3447659786.2564235,0.013790639145025695,False,3447659725.967972,resolved
3,plastic,2,3,1|1|1,repeated,1.0,2e-05,3447659726.9076266,0.013790638907630506,False,3447659725.967972,resolved
3,plastic,2,3,1|1|1,repeated,0.5,1e-05,3447659725.9826403,0.013790638903930562,False,3447659725.967972,resolved
3,plastic,2,3,1|1|1,repeated,0.25,5e-06,3447659725.968197,0.013790638903872788,False,3447659725.967972,resolved
3,plastic,2,3,1|1|1,repeated,0.125,2.5e-06,3447659725.9679713,0.013790638903871884,False,3447659725.967972,resolved
3,plastic,2,3,1|1|1,repeated,0.0625,1.25e-06,3447659725.9679675,0.01379063890387187,False,3447659725.967972,resolved
3,plastic,3,3,1|1|1,repeated,16.0,0.00032,-336377941107.2388,-1.3455117644289551,False,-5816632981.459248,resolved
3,plastic,3,3,1|1|1,repeated,8.0,0.00016,297005348798.6139,1.1880213951944556,False,-5816632981.459248,resolved
3,plastic,3,3,1|1|1,repeated,4.0,8e-05,-5816656655.774503,-0.023266626623098013,False,-5816632981.459248,resolved
3,plastic,3,3,1|1|1,repeated,2.0,4e-05,-5816633338.384901,-0.023266533353539606,False,-5816632981.459248,resolved
3,plastic,3,3,1|1|1,repeated,1.0,2e-05,-5816632986.987033,-0.023266531947948133,False,-5816632981.459248,resolved
3,plastic,3,3,1|1|1,repeated,0.5,1e-05,-5816632981.545433,-0.023266531926181735,False,-5816632981.459248,resolved
3,plastic,3,3,1|1|1,repeated,0.25,5e-06,-5816632981.460598,-0.023266531925842392,False,-5816632981.459248,resolved
3,plastic,3,3,1|1|1,repeated,0.125,2.5e-06,-5816632981.459273,-0.023266531925837098,False,-5816632981.459248,resolved
3,plastic,3,3,1|1|1,repeated,0.0625,1.25e-06,-5816632981.459252,-0.02326653192583701,False,-5816632981.459248,resolved
3,plastic,4,3,1|1|1,repeated,16.0,0.00032,61508286631.46894,0.24603314652587577,False,-9264292707.427238,resolved
3,plastic,4,3,1|1|1,repeated,8.0,0.00016,-73978049802.98828,-0.2959121992119531,False,-9264292707.427238,resolved
3,plastic,4,3,1|1|1,repeated,4.0,8e-05,-9264320276.775797,-0.037057281107103185,False,-9264292707.427238,resolved
3,plastic,4,3,1|1|1,repeated,2.0,4e-05,-9264293124.641325,-0.0370571724985653,False,-9264292707.427238,resolved
3,plastic,4,3,1|1|1,repeated,1.0,2e-05,-9264292713.894659,-0.03705717085557864,False,-9264292707.427238,resolved
3,plastic,4,3,1|1|1,repeated,0.5,1e-05,-9264292707.528074,-0.0370571708301123,False,-9264292707.427238,resolved
3,plastic,4,3,1|1|1,repeated,0.25,5e-06,-9264292707.428795,-0.037057170829715186,False,-9264292707.427238,resolved
3,plastic,4,3,1|1|1,repeated,0.125,2.5e-06,-9264292707.427244,-0.03705717082970898,False,-9264292707.427238,resolved
3,plastic,4,3,1|1|1,repeated,0.0625,1.25e-06,-9264292707.427221,-0.037057170829708885,False,-9264292707.427238,resolved
3,plastic,5,3,1|1|1,repeated,16.0,0.00032,0.0,0.0,True,0.0,expected_zero_independently_supported
3,plastic,5,3,1|1|1,repeated,8.0,0.00016,0.0,0.0,True,0.0,expected_zero_independently_supported
3,plastic,5,3,1|1|1,repeated,4.0,8e-05,0.0,0.0,True,0.0,expected_zero_independently_supported
3,plastic,5,3,1|1|1,repeated,2.0,4e-05,0.0,0.0,True,0.0,expected_zero_independently_supported
3,plastic,5,3,1|1|1,repeated,1.0,2e-05,0.0,0.0,True,0.0,expected_zero_independently_supported
3,plastic,5,3,1|1|1,repeated,0.5,1e-05,0.0,0.0,True,0.0,expected_zero_independently_supported
3,plastic,5,3,1|1|1,repeated,0.25,5e-06,0.0,0.0,True,0.0,expected_zero_independently_supported
3,plastic,5,3,1|1|1,repeated,0.125,2.5e-06,0.0,0.0,True,0.0,expected_zero_independently_supported
3,plastic,5,3,1|1|1,repeated,0.0625,1.25e-06,0.0,0.0,True,0.0,expected_zero_independently_supported
3,plastic,6,3,1|1|1,repeated,16.0,0.00032,0.0,0.0,True,0.0,expected_zero_independently_supported
3,plastic,6,3,1|1|1,repeated,8.0,0.00016,0.0,0.0,True,0.0,expected_zero_independently_supported
3,plastic,6,3,1|1|1,repeated,4.0,8e-05,0.0,0.0,True,0.0,expected_zero_independently_supported
3,plastic,6,3,1|1|1,repeated,2.0,4e-05,0.0,0.0,True,0.0,expected_zero_independently_supported
3,plastic,6,3,1|1|1,repeated,1.0,2e-05,0.0,0.0,True,0.0,expected_zero_independently_supported
3,plastic,6,3,1|1|1,repeated,0.5,1e-05,0.0,0.0,True,0.0,expected_zero_independently_supported
3,plastic,6,3,1|1|1,repeated,0.25,5e-06,0.0,0.0,True,0.0,expected_zero_independently_supported
3,plastic,6,3,1|1|1,repeated,0.125,2.5e-06,0.0,0.0,True,0.0,expected_zero_independently_supported
3,plastic,6,3,1|1|1,repeated,0.0625,1.25e-06,0.0,0.0,True,0.0,expected_zero_independently_supported
3,plastic,1,4,1|1|1|1,repeated,16.0,0.00032,-5460551433946370.0,-21.842205735785484,False,-5899826597029.5,resolved
3,plastic,1,4,1|1|1|1,repeated,8.0,0.00016,5992576979794848.0,23.970307919179394,False,-5899826597029.5,resolved
3,plastic,1,4,1|1|1|1,repeated,4.0,8e-05,-5899869242865.242,-0.023599476971460972,False,-5899826597029.5,resolved
3,plastic,1,4,1|1|1|1,repeated,2.0,4e-05,-5899827237147.061,-0.023599308948588246,False,-5899826597029.5,resolved
3,plastic,1,4,1|1|1|1,repeated,1.0,2e-05,-5899826606932.48,-0.023599306427729925,False,-5899826597029.5,resolved
3,plastic,1,4,1|1|1|1,repeated,0.5,1e-05,-5899826597183.987,-0.023599306388735954,False,-5899826597029.5,resolved
3,plastic,1,4,1|1|1|1,repeated,0.25,5e-06,-5899826597032.049,-0.023599306388128197,False,-5899826597029.5,resolved
3,plastic,1,4,1|1|1|1,repeated,0.125,2.5e-06,-5899826597029.676,-0.023599306388118708,False,-5899826597029.5,resolved
3,plastic,1,4,1|1|1|1,repeated,0.0625,1.25e-06,-5899826597029.639,-0.02359930638811856,False,-5899826597029.5,resolved
3,plastic,2,4,1|1|1|1,repeated,16.0,0.00032,2999369226186833.5,11.997476904747337,False,-6188720097573.516,resolved
3,plastic,2,4,1|1|1|1,repeated,8.0,0.00016,-3298145404248139.0,-13.192581616992559,False,-6188720097573.516,resolved
3,plastic,2,4,1|1|1|1,repeated,4.0,8e-05,-6188725019287.211,-0.024754900077148846,False,-6188720097573.516,resolved
3,plastic,2,4,1|1|1|1,repeated,2.0,4e-05,-6188720174880.6045,-0.024754880699522423,False,-6188720097573.516,resolved
3,plastic,2,4,1|1|1|1,repeated,1.0,2e-05,-6188720098782.5205,-0.02475488039513009,False,-6188720097573.516,resolved
3,plastic,2,4,1|1|1|1,repeated,0.5,1e-05,-6188720097592.32,-0.024754880390369285,False,-6188720097573.516,resolved
3,plastic,2,4,1|1|1|1,repeated,0.25,5e-06,-6188720097573.719,-0.02475488039029488,False,-6188720097573.516,resolved
3,plastic,2,4,1|1|1|1,repeated,0.125,2.5e-06,-6188720097573.428,-0.024754880390293714,False,-6188720097573.516,resolved
3,plastic,2,4,1|1|1|1,repeated,0.0625,1.25e-06,-6188720097573.424,-0.0247548803902937,False,-6188720097573.516,resolved
3,plastic,3,4,1|1|1|1,repeated,16.0,0.00032,2461182207759536.0,9.844728831038147,False,12088546694602.992,resolved
3,plastic,3,4,1|1|1|1,repeated,8.0,0.00016,-2694431575546709.0,-10.777726302186839,False,12088546694602.992,resolved
3,plastic,3,4,1|1|1|1,repeated,4.0,8e-05,12088594262152.453,0.04835437704860982,False,12088546694602.992,resolved
3,plastic,3,4,1|1|1|1,repeated,2.0,4e-05,12088547412027.664,0.04835418964811066,False,12088546694602.992,resolved
3,plastic,3,4,1|1|1|1,repeated,1.0,2e-05,12088546705715.0,0.04835418682286001,False,12088546694602.992,resolved
3,plastic,3,4,1|1|1|1,repeated,0.5,1e-05,12088546694776.307,0.04835418677910523,False,12088546694602.992,resolved
3,plastic,3,4,1|1|1|1,repeated,0.25,5e-06,12088546694605.768,0.048354186778423076,False,12088546694602.992,resolved
3,plastic,3,4,1|1|1|1,repeated,0.125,2.5e-06,12088546694603.104,0.048354186778412425,False,12088546694602.992,resolved
3,plastic,3,4,1|1|1|1,repeated,0.0625,1.25e-06,12088546694603.062,0.04835418677841226,False,12088546694602.992,resolved
3,plastic,4,4,1|1|1|1,repeated,16.0,0.00032,-538187018427297.6,-2.152748073709191,False,18277266792176.543,resolved
3,plastic,4,4,1|1|1|1,repeated,8.0,0.00016,603713828701429.6,2.414855314805719,False,18277266792176.543,resolved
3,plastic,4,4,1|1|1|1,repeated,4.0,8e-05,18277319281439.664,0.07310927712575867,False,18277266792176.543,resolved
3,plastic,4,4,1|1|1|1,repeated,2.0,4e-05,18277267586908.27,0.07310907034763309,False,18277266792176.543,resolved
3,plastic,4,4,1|1|1|1,repeated,1.0,2e-05,18277266804497.523,0.0731090672179901,False,18277266792176.543,resolved
3,plastic,4,4,1|1|1|1,repeated,0.5,1e-05,18277266792368.625,0.07310906716947452,False,18277266792176.543,resolved
3,plastic,4,4,1|1|1|1,repeated,0.25,5e-06,18277266792179.484,0.07310906716871796,False,18277266792176.543,resolved
3,plastic,4,4,1|1|1|1,repeated,0.125,2.5e-06,18277266792176.53,0.07310906716870613,False,18277266792176.543,resolved
3,plastic,4,4,1|1|1|1,repeated,0.0625,1.25e-06,18277266792176.484,0.07310906716870595,False,18277266792176.543,resolved
3,plastic,5,4,1|1|1|1,repeated,16.0,0.00032,0.0,0.0,True,0.0,expected_zero_independently_supported
3,plastic,5,4,1|1|1|1,repeated,8.0,0.00016,0.0,0.0,True,0.0,expected_zero_independently_supported
3,plastic,5,4,1|1|1|1,repeated,4.0,8e-05,0.0,0.0,True,0.0,expected_zero_independently_supported
3,plastic,5,4,1|1|1|1,repeated,2.0,4e-05,0.0,0.0,True,0.0,expected_zero_independently_supported
3,plastic,5,4,1|1|1|1,repeated,1.0,2e-05,0.0,0.0,True,0.0,expected_zero_independently_supported
3,plastic,5,4,1|1|1|1,repeated,0.5,1e-05,0.0,0.0,True,0.0,expected_zero_independently_supported
3,plastic,5,4,1|1|1|1,repeated,0.25,5e-06,0.0,0.0,True,0.0,expected_zero_independently_supported
3,plastic,5,4,1|1|1|1,repeated,0.125,2.5e-06,0.0,0.0,True,0.0,expected_zero_independently_supported
3,plastic,5,4,1|1|1|1,repeated,0.0625,1.25e-06,0.0,0.0,True,0.0,expected_zero_independently_supported
3,plastic,6,4,1|1|1|1,repeated,16.0,0.00032,0.0,0.0,True,0.0,expected_zero_independently_supported
3,plastic,6,4,1|1|1|1,repeated,8.0,0.00016,0.0,0.0,True,0.0,expected_zero_independently_supported
3,plastic,6,4,1|1|1|1,repeated,4.0,8e-05,0.0,0.0,True,0.0,expected_zero_independently_supported
3,plastic,6,4,1|1|1|1,repeated,2.0,4e-05,0.0,0.0,True,0.0,expected_zero_independently_supported
3,plastic,6,4,1|1|1|1,repeated,1.0,2e-05,0.0,0.0,True,0.0,expected_zero_independently_supported
3,plastic,6,4,1|1|1|1,repeated,0.5,1e-05,0.0,0.0,True,0.0,expected_zero_independently_supported
3,plastic,6,4,1|1|1|1,repeated,0.25,5e-06,0.0,0.0,True,0.0,expected_zero_independently_supported
3,plastic,6,4,1|1|1|1,repeated,0.125,2.5e-06,0.0,0.0,True,0.0,expected_zero_independently_supported
3,plastic,6,4,1|1|1|1,repeated,0.0625,1.25e-06,0.0,0.0,True,0.0,expected_zero_independently_supported
3,plastic,1,3,1|1|2,mixed,16.0,0.00032,-159085662855.13278,-0.6363426514205311,False,3447659725.9679756,resolved
3,plastic,1,3,1|1|2,mixed,8.0,0.00016,20340730317.959316,0.08136292127183727,False,3447659725.9679756,resolved
3,plastic,1,3,1|1|2,mixed,4.0,8e-05,2234872330.2587333,0.008939489321034933,False,3447659725.9679756,resolved
3,plastic,1,3,1|1|2,mixed,2.0,4e-05,3447659732.642041,0.013790638930568167,False,3447659725.9679756,resolved
3,plastic,1,3,1|1|2,mixed,1.0,2e-05,3447659725.9941216,0.013790638903976488,False,3447659725.9679756,resolved
3,plastic,1,3,1|1|2,mixed,0.5,1e-05,3447659725.96807,0.013790638903872282,False,3447659725.9679756,resolved
3,plastic,1,3,1|1|2,mixed,0.25,5e-06,3447659725.967968,0.013790638903871872,False,3447659725.9679756,resolved
3,plastic,1,3,1|1|2,mixed,0.125,2.5e-06,3447659725.9679675,0.01379063890387187,False,3447659725.9679756,resolved
3,plastic,1,3,1|1|2,mixed,0.0625,1.25e-06,3447659725.9679675,0.01379063890387187,False,3447659725.9679756,resolved
3,plastic,2,3,1|1|2,mixed,16.0,0.00032,112603083045.58725,0.450412332182349,False,26754974973.618404,resolved
3,plastic,2,3,1|1|2,mixed,8.0,0.00016,14887039309.421839,0.05954815723768735,False,26754974973.618404,resolved
3,plastic,2,3,1|1|2,mixed,4.0,8e-05,27388214930.34293,0.10955285972137173,False,26754974973.618404,resolved
3,plastic,2,3,1|1|2,mixed,2.0,4e-05,26754974968.767365,0.10701989987506946,False,26754974973.618404,resolved
3,plastic,2,3,1|1|2,mixed,1.0,2e-05,26754974973.599068,0.10701989989439628,False,26754974973.618404,resolved
3,plastic,2,3,1|1|2,mixed,0.5,1e-05,26754974973.618263,0.10701989989447305,False,26754974973.618404,resolved
3,plastic,2,3,1|1|2,mixed,0.25,5e-06,26754974973.618336,0.10701989989447336,False,26754974973.618404,resolved
3,plastic,2,3,1|1|2,mixed,0.125,2.5e-06,26754974973.61834,0.10701989989447337,False,26754974973.618404,resolved
3,plastic,2,3,1|1|2,mixed,0.0625,1.25e-06,26754974973.61834,0.10701989989447337,False,26754974973.618404,resolved
3,plastic,3,3,1|1|2,mixed,16.0,0.00032,46482579809.54554,0.18593031923818215,False,-30202634699.586353,resolved
3,plastic,3,3,1|1|2,mixed,8.0,0.00016,-35227769627.38116,-0.14091107850952464,False,-30202634699.586353,resolved
3,plastic,3,3,1|1|2,mixed,4.0,8e-05,-29623087260.601665,-0.11849234904240667,False,-30202634699.586353,resolved
3,plastic,3,3,1|1|2,mixed,2.0,4e-05,-30202634701.409405,-0.12081053880563762,False,-30202634699.586353,resolved
3,plastic,3,3,1|1|2,mixed,1.0,2e-05,-30202634699.59319,-0.12081053879837277,False,-30202634699.586353,resolved
3,plastic,3,3,1|1|2,mixed,0.5,1e-05,-30202634699.58633,-0.12081053879834533,False,-30202634699.586353,resolved
3,plastic,3,3,1|1|2,mixed,0.25,5e-06,-30202634699.586304,-0.12081053879834522,False,-30202634699.586353,resolved
3,plastic,3,3,1|1|2,mixed,0.125,2.5e-06,-30202634699.586304,-0.12081053879834522,False,-30202634699.586353,resolved
3,plastic,3,3,1|1|2,mixed,0.0625,1.25e-06,-30202634699.586304,-0.12081053879834522,False,-30202634699.586353,resolved
3,plastic,4,3,1|1|2,mixed,16.0,0.00032,-7417121999.51259,-0.02966848799805036,False,5342838330.361004,resolved
3,plastic,4,3,1|1|2,mixed,8.0,0.00016,6197147644.451698,0.024788590577806795,False,5342838330.361004,resolved
3,plastic,4,3,1|1|2,mixed,4.0,8e-05,5229002427.544777,0.020916009710179106,False,5342838330.361004,resolved
3,plastic,4,3,1|1|2,mixed,2.0,4e-05,5342838330.623629,0.021371353322494516,False,5342838330.361004,resolved
3,plastic,4,3,1|1|2,mixed,1.0,2e-05,5342838330.362023,0.021371353321448093,False,5342838330.361004,resolved
3,plastic,4,3,1|1|2,mixed,0.5,1e-05,5342838330.360999,0.021371353321444,False,5342838330.361004,resolved
3,plastic,4,3,1|1|2,mixed,0.25,5e-06,5342838330.360995,0.021371353321443985,False,5342838330.361004,resolved
3,plastic,4,3,1|1|2,mixed,0.125,2.5e-06,5342838330.360995,0.021371353321443985,False,5342838330.361004,resolved
3,plastic,4,3,1|1|2,mixed,0.0625,1.25e-06,5342838330.360995,0.021371353321443985,False,5342838330.361004,resolved
3,plastic,5,3,1|1|2,mixed,16.0,0.00032,0.0,0.0,True,0.0,expected_zero_independently_supported
3,plastic,5,3,1|1|2,mixed,8.0,0.00016,0.0,0.0,True,0.0,expected_zero_independently_supported
3,plastic,5,3,1|1|2,mixed,4.0,8e-05,0.0,0.0,True,0.0,expected_zero_independently_supported
3,plastic,5,3,1|1|2,mixed,2.0,4e-05,0.0,0.0,True,0.0,expected_zero_independently_supported
3,plastic,5,3,1|1|2,mixed,1.0,2e-05,0.0,0.0,True,0.0,expected_zero_independently_supported
3,plastic,5,3,1|1|2,mixed,0.5,1e-05,0.0,0.0,True,0.0,expected_zero_independently_supported
3,plastic,5,3,1|1|2,mixed,0.25,5e-06,0.0,0.0,True,0.0,expected_zero_independently_supported
3,plastic,5,3,1|1|2,mixed,0.125,2.5e-06,0.0,0.0,True,0.0,expected_zero_independently_supported
3,plastic,5,3,1|1|2,mixed,0.0625,1.25e-06,0.0,0.0,True,0.0,expected_zero_independently_supported
3,plastic,6,3,1|1|2,mixed,16.0,0.00032,0.0,0.0,True,0.0,expected_zero_independently_supported
3,plastic,6,3,1|1|2,mixed,8.0,0.00016,0.0,0.0,True,0.0,expected_zero_independently_supported
3,plastic,6,3,1|1|2,mixed,4.0,8e-05,0.0,0.0,True,0.0,expected_zero_independently_supported
3,plastic,6,3,1|1|2,mixed,2.0,4e-05,0.0,0.0,True,0.0,expected_zero_independently_supported
3,plastic,6,3,1|1|2,mixed,1.0,2e-05,0.0,0.0,True,0.0,expected_zero_independently_supported
3,plastic,6,3,1|1|2,mixed,0.5,1e-05,0.0,0.0,True,0.0,expected_zero_independently_supported
3,plastic,6,3,1|1|2,mixed,0.25,5e-06,0.0,0.0,True,0.0,expected_zero_independently_supported
3,plastic,6,3,1|1|2,mixed,0.125,2.5e-06,0.0,0.0,True,0.0,expected_zero_independently_supported
3,plastic,6,3,1|1|2,mixed,0.0625,1.25e-06,0.0,0.0,True,0.0,expected_zero_independently_supported
3,plastic,1,4,1|1|2|2,mixed,16.0,0.00032,-2304118749607560.0,-9.216474998430241,False,-37772812800750.91,resolved
3,plastic,1,4,1|1|2|2,mixed,8.0,0.00016,1437604628960051.5,5.750418515840207,False,-37772812800750.91,resolved
3,plastic,1,4,1|1|2|2,mixed,4.0,8e-05,-57179747867236.15,-0.22871899146894464,False,-37772812800750.91,resolved
3,plastic,1,4,1|1|2|2,mixed,2.0,4e-05,-37772812794343.766,-0.1510912511773751,False,-37772812800750.91,resolved
3,plastic,1,4,1|1|2|2,mixed,1.0,2e-05,-37772812800725.48,-0.15109125120290193,False,-37772812800750.91,resolved
3,plastic,1,4,1|1|2|2,mixed,0.5,1e-05,-37772812800750.72,-0.1510912512030029,False,-37772812800750.91,resolved
3,plastic,1,4,1|1|2|2,mixed,0.25,5e-06,-37772812800750.82,-0.15109125120300332,False,-37772812800750.91,resolved
3,plastic,1,4,1|1|2|2,mixed,0.125,2.5e-06,-37772812800750.82,-0.15109125120300332,False,-37772812800750.91,resolved
3,plastic,1,4,1|1|2|2,mixed,0.0625,1.25e-06,-37772812800750.82,-0.15109125120300332,False,-37772812800750.91,resolved
3,plastic,2,4,1|1|2|2,mixed,16.0,0.00032,1185017046498345.5,4.740068185993383,False,72648028304764.4,resolved
3,plastic,2,4,1|1|2|2,mixed,8.0,0.00016,-723768030174639.1,-2.8950721206985572,False,72648028304764.4,resolved
3,plastic,2,4,1|1|2|2,mixed,4.0,8e-05,82132165430501.38,0.32852866172200557,False,72648028304764.4,resolved
3,plastic,2,4,1|1|2|2,mixed,2.0,4e-05,72648028303902.2,0.2905921132156089,False,72648028304764.4,resolved
3,plastic,2,4,1|1|2|2,mixed,1.0,2e-05,72648028304760.73,0.290592113219043,False,72648028304764.4,resolved
3,plastic,2,4,1|1|2|2,mixed,0.5,1e-05,72648028304764.23,0.29059211321905704,False,72648028304764.4,resolved
3,plastic,2,4,1|1|2|2,mixed,0.25,5e-06,72648028304764.25,0.2905921132190571,False,72648028304764.4,resolved
3,plastic,2,4,1|1|2|2,mixed,0.125,2.5e-06,72648028304764.25,0.2905921132190571,False,72648028304764.4,resolved
3,plastic,2,4,1|1|2|2,mixed,0.0625,1.25e-06,72648028304764.25,0.2905921132190571,False,72648028304764.4,resolved
3,plastic,3,4,1|1|2|2,mixed,16.0,0.00032,1119101703109214.8,4.47640681243686,False,-34875215504013.48,resolved
3,plastic,3,4,1|1|2|2,mixed,8.0,0.00016,-713836598785412.4,-2.85534639514165,False,-34875215504013.48,resolved
3,plastic,3,4,1|1|2|2,mixed,4.0,8e-05,-24952417563265.22,-0.09980967025306088,False,-34875215504013.48,resolved
3,plastic,3,4,1|1|2|2,mixed,2.0,4e-05,-34875215509558.43,-0.13950086203823375,False,-34875215504013.48,resolved
3,plastic,3,4,1|1|2|2,mixed,1.0,2e-05,-34875215504035.25,-0.139500862016141,False,-34875215504013.48,resolved
3,plastic,3,4,1|1|2|2,mixed,0.5,1e-05,-34875215504013.516,-0.1395008620160541,False,-34875215504013.48,resolved
3,plastic,3,4,1|1|2|2,mixed,0.25,5e-06,-34875215504013.43,-0.13950086201605372,False,-34875215504013.48,resolved
3,plastic,3,4,1|1|2|2,mixed,0.125,2.5e-06,-34875215504013.43,-0.13950086201605372,False,-34875215504013.48,resolved
3,plastic,3,4,1|1|2|2,mixed,0.0625,1.25e-06,-34875215504013.43,-0.13950086201605372,False,-34875215504013.48,resolved
3,plastic,4,4,1|1|2|2,mixed,16.0,0.00032,-214257783379382.5,-0.8570311335175301,False,-666477201557.7773,resolved
3,plastic,4,4,1|1|2|2,mixed,8.0,0.00016,133874384278260.69,0.5354975371130429,False,-666477201557.7773,resolved
3,plastic,4,4,1|1|2|2,mixed,4.0,8e-05,-2504534442871.052,-0.01001813777148421,False,-666477201557.7773,resolved
3,plastic,4,4,1|1|2|2,mixed,2.0,4e-05,-666477200988.0673,-0.0026659088039522696,False,-666477201557.7773,resolved
3,plastic,4,4,1|1|2|2,mixed,1.0,2e-05,-666477201555.5065,-0.0026659088062220265,False,-666477201557.7773,resolved
3,plastic,4,4,1|1|2|2,mixed,0.5,1e-05,-666477201557.7639,-0.002665908806231056,False,-666477201557.7773,resolved
3,plastic,4,4,1|1|2|2,mixed,0.25,5e-06,-666477201557.7727,-0.0026659088062310913,False,-666477201557.7773,resolved
3,plastic,4,4,1|1|2|2,mixed,0.125,2.5e-06,-666477201557.7728,-0.0026659088062310917,False,-666477201557.7773,resolved
3,plastic,4,4,1|1|2|2,mixed,0.0625,1.25e-06,-666477201557.7728,-0.0026659088062310917,False,-666477201557.7773,resolved
3,plastic,5,4,1|1|2|2,mixed,16.0,0.00032,0.0,0.0,True,0.0,expected_zero_independently_supported
3,plastic,5,4,1|1|2|2,mixed,8.0,0.00016,0.0,0.0,True,0.0,expected_zero_independently_supported
3,plastic,5,4,1|1|2|2,mixed,4.0,8e-05,0.0,0.0,True,0.0,expected_zero_independently_supported
3,plastic,5,4,1|1|2|2,mixed,2.0,4e-05,0.0,0.0,True,0.0,expected_zero_independently_supported
3,plastic,5,4,1|1|2|2,mixed,1.0,2e-05,0.0,0.0,True,0.0,expected_zero_independently_supported
3,plastic,5,4,1|1|2|2,mixed,0.5,1e-05,0.0,0.0,True,0.0,expected_zero_independently_supported
3,plastic,5,4,1|1|2|2,mixed,0.25,5e-06,0.0,0.0,True,0.0,expected_zero_independently_supported
3,plastic,5,4,1|1|2|2,mixed,0.125,2.5e-06,0.0,0.0,True,0.0,expected_zero_independently_supported
3,plastic,5,4,1|1|2|2,mixed,0.0625,1.25e-06,0.0,0.0,True,0.0,expected_zero_independently_supported
3,plastic,6,4,1|1|2|2,mixed,16.0,0.00032,0.0,0.0,True,0.0,expected_zero_independently_supported
3,plastic,6,4,1|1|2|2,mixed,8.0,0.00016,0.0,0.0,True,0.0,expected_zero_independently_supported
3,plastic,6,4,1|1|2|2,mixed,4.0,8e-05,0.0,0.0,True,0.0,expected_zero_independently_supported
3,plastic,6,4,1|1|2|2,mixed,2.0,4e-05,0.0,0.0,True,0.0,expected_zero_independently_supported
3,plastic,6,4,1|1|2|2,mixed,1.0,2e-05,0.0,0.0,True,0.0,expected_zero_independently_supported
3,plastic,6,4,1|1|2|2,mixed,0.5,1e-05,0.0,0.0,True,0.0,expected_zero_independently_supported
3,plastic,6,4,1|1|2|2,mixed,0.25,5e-06,0.0,0.0,True,0.0,expected_zero_independently_supported
3,plastic,6,4,1|1|2|2,mixed,0.125,2.5e-06,0.0,0.0,True,0.0,expected_zero_independently_supported
3,plastic,6,4,1|1|2|2,mixed,0.0625,1.25e-06,0.0,0.0,True,0.0,expected_zero_independently_supported
3,plastic,1,2,1|2,mixed,16.0,0.00032,8241534.562859417,0.03296613825143767,False,-2521943.029557679,resolved
3,plastic,1,2,1|2,mixed,8.0,0.00016,-1256177.8519774268,-0.005024711407909707,False,-2521943.029557679,resolved
3,plastic,1,2,1|2,mixed,4.0,8e-05,-2307171.0139361834,-0.009228684055744733,False,-2521943.029557679,resolved
3,plastic,1,2,1|2,mixed,2.0,4e-05,-2521943.0308710732,-0.010087772123484292,False,-2521943.029557679,resolved
3,plastic,1,2,1|2,mixed,1.0,2e-05,-2521943.02956281,-0.010087772118251239,False,-2521943.029557679,resolved
3,plastic,1,2,1|2,mixed,0.5,1e-05,-2521943.0295576835,-0.010087772118230733,False,-2521943.029557679,resolved
3,plastic,1,2,1|2,mixed,0.25,5e-06,-2521943.0295576635,-0.010087772118230653,False,-2521943.029557679,resolved
3,plastic,1,2,1|2,mixed,0.125,2.5e-06,-2521943.0295576635,-0.010087772118230653,False,-2521943.029557679,resolved
3,plastic,1,2,1|2,mixed,0.0625,1.25e-06,-2521943.0295576635,-0.010087772118230653,False,-2521943.029557679,resolved
3,plastic,2,2,1|2,mixed,16.0,0.00032,-35311585.93608801,-0.14124634374435202,False,-28272815.837251183,resolved
3,plastic,2,2,1|2,mixed,8.0,0.00016,-28332150.43006911,-0.11332860172027644,False,-28272815.837251183,resolved
3,plastic,2,2,1|2,mixed,4.0,8e-05,-28382331.495479528,-0.1135293259819181,False,-28272815.837251183,resolved
3,plastic,2,2,1|2,mixed,2.0,4e-05,-28272815.836130884,-0.11309126334452353,False,-28272815.837251183,resolved
3,plastic,2,2,1|2,mixed,1.0,2e-05,-28272815.83724673,-0.11309126334898692,False,-28272815.837251183,resolved
3,plastic,2,2,1|2,mixed,0.5,1e-05,-28272815.837251138,-0.11309126334900454,False,-28272815.837251183,resolved
3,plastic,2,2,1|2,mixed,0.25,5e-06,-28272815.837251157,-0.11309126334900461,False,-28272815.837251183,resolved
3,plastic,2,2,1|2,mixed,0.125,2.5e-06,-28272815.837251157,-0.11309126334900461,False,-28272815.837251183,resolved
3,plastic,2,2,1|2,mixed,0.0625,1.25e-06,-28272815.837251157,-0.11309126334900461,False,-28272815.837251183,resolved
3,plastic,3,2,1|2,mixed,16.0,0.00032,27070051.373228595,0.10828020549291438,False,30794758.866808843,resolved
3,plastic,3,2,1|2,mixed,8.0,0.00016,29588328.28204654,0.11835331312818616,False,30794758.866808843,resolved
3,plastic,3,2,1|2,mixed,4.0,8e-05,30689502.50941571,0.12275801003766283,False,30794758.866808843,resolved
3,plastic,3,2,1|2,mixed,2.0,4e-05,30794758.86700196,0.12317903546800782,False,30794758.866808843,resolved
3,plastic,3,2,1|2,mixed,1.0,2e-05,30794758.86680954,0.12317903546723816,False,30794758.866808843,resolved
3,plastic,3,2,1|2,mixed,0.5,1e-05,30794758.86680882,0.12317903546723528,False,30794758.866808843,resolved
3,plastic,3,2,1|2,mixed,0.25,5e-06,30794758.86680882,0.12317903546723528,False,30794758.866808843,resolved
3,plastic,3,2,1|2,mixed,0.125,2.5e-06,30794758.86680882,0.12317903546723528,False,30794758.866808843,resolved
3,plastic,3,2,1|2,mixed,0.0625,1.25e-06,30794758.86680882,0.12317903546723528,False,30794758.866808843,resolved
3,plastic,4,2,1|2,mixed,16.0,0.00032,-3124296.475607546,-0.012497185902430184,False,-3470870.022550657,resolved
3,plastic,4,2,1|2,mixed,8.0,0.00016,-3198975.8057274153,-0.01279590322290966,False,-3470870.022550657,resolved
3,plastic,4,2,1|2,mixed,4.0,8e-05,-3450687.4088492272,-0.013802749635396908,False,-3470870.022550657,resolved
3,plastic,4,2,1|2,mixed,2.0,4e-05,-3470870.0223791143,-0.013883480089516457,False,-3470870.022550657,resolved
3,plastic,4,2,1|2,mixed,1.0,2e-05,-3470870.022549993,-0.013883480090199971,False,-3470870.022550657,resolved
3,plastic,4,2,1|2,mixed,0.5,1e-05,-3470870.0225506504,-0.0138834800902026,False,-3470870.022550657,resolved
3,plastic,4,2,1|2,mixed,0.25,5e-06,-3470870.022550653,-0.013883480090202613,False,-3470870.022550657,resolved
3,plastic,4,2,1|2,mixed,0.125,2.5e-06,-3470870.022550653,-0.013883480090202613,False,-3470870.022550657,resolved
3,plastic,4,2,1|2,mixed,0.0625,1.25e-06,-3470870.022550653,-0.013883480090202613,False,-3470870.022550657,resolved
3,plastic,5,2,1|2,mixed,16.0,0.00032,0.0,0.0,True,0.0,expected_zero_independently_supported
3,plastic,5,2,1|2,mixed,8.0,0.00016,0.0,0.0,True,0.0,expected_zero_independently_supported
3,plastic,5,2,1|2,mixed,4.0,8e-05,0.0,0.0,True,0.0,expected_zero_independently_supported
3,plastic,5,2,1|2,mixed,2.0,4e-05,0.0,0.0,True,0.0,expected_zero_independently_supported
3,plastic,5,2,1|2,mixed,1.0,2e-05,0.0,0.0,True,0.0,expected_zero_independently_supported
3,plastic,5,2,1|2,mixed,0.5,1e-05,0.0,0.0,True,0.0,expected_zero_independently_supported
3,plastic,5,2,1|2,mixed,0.25,5e-06,0.0,0.0,True,0.0,expected_zero_independently_supported
3,plastic,5,2,1|2,mixed,0.125,2.5e-06,0.0,0.0,True,0.0,expected_zero_independently_supported
3,plastic,5,2,1|2,mixed,0.0625,1.25e-06,0.0,0.0,True,0.0,expected_zero_independently_supported
3,plastic,6,2,1|2,mixed,16.0,0.00032,0.0,0.0,True,0.0,expected_zero_independently_supported
3,plastic,6,2,1|2,mixed,8.0,0.00016,0.0,0.0,True,0.0,expected_zero_independently_supported
3,plastic,6,2,1|2,mixed,4.0,8e-05,0.0,0.0,True,0.0,expected_zero_independently_supported
3,plastic,6,2,1|2,mixed,2.0,4e-05,0.0,0.0,True,0.0,expected_zero_independently_supported
3,plastic,6,2,1|2,mixed,1.0,2e-05,0.0,0.0,True,0.0,expected_zero_independently_supported
3,plastic,6,2,1|2,mixed,0.5,1e-05,0.0,0.0,True,0.0,expected_zero_independently_supported
3,plastic,6,2,1|2,mixed,0.25,5e-06,0.0,0.0,True,0.0,expected_zero_independently_supported
3,plastic,6,2,1|2,mixed,0.125,2.5e-06,0.0,0.0,True,0.0,expected_zero_independently_supported
3,plastic,6,2,1|2,mixed,0.0625,1.25e-06,0.0,0.0,True,0.0,expected_zero_independently_supported
