increment,branch,stress_component,order,directions,direction_pattern,recovery_factor,oti_derivative,oti_normalized,reference_value,reference_normalized,reference_classification,plateau_points,plateau_step_low,plateau_step_high,plateau_absolute_uncertainty,plateau_relative_uncertainty,steps_swept,steps_admissible,steps_rejected_for_branch_crossing,branch_consistent_over_admissible_steps,zero_support_strength,source_proof_kind,structurally_invariant,affine_in_directions,affine_residual_over_rounding_floor,high_precision_value,absolute_error,relative_error,agreement_tolerance,agrees_with_reference,supports_verification,reference_justification
1,elastic,1,2,1|1,repeated,2,0.0,0.0,0.0,0.0,expected_zero_independently_supported,3,1e-05,4e-05,3.059121588816149e-70,3.115273775216138,9,9,0,True,strong,,False,True,0.09004329004329005,5.764082929304155e-184,0.0,,,True,True,"Derivative is zero on evidence independent of the OTI result: high_precision -- recomputed at 200 decimal digits with step 2.000e-08, where cancellation cannot manufacture a zero, giving normalized magnitude 2.306e-192"
1,elastic,2,2,1|1,repeated,2,0.0,0.0,0.0,0.0,expected_zero_independently_supported,3,2e-05,8e-05,3.0741996482198593e-71,1.2003625690607735,9,9,0,True,strong,,False,True,0.052525252525252523,1.7271564279792952e-184,0.0,,,True,True,"Derivative is zero on evidence independent of the OTI result: high_precision -- recomputed at 200 decimal digits with step 2.000e-08, where cancellation cannot manufacture a zero, giving normalized magnitude 6.909e-193"
1,elastic,3,2,1|1,repeated,2,0.0,0.0,0.0,0.0,expected_zero_independently_supported,3,2e-05,8e-05,3.0741996482198593e-71,1.2003625690607735,9,9,0,True,strong,,False,True,0.052525252525252523,1.7271564279792952e-184,0.0,,,True,True,"Derivative is zero on evidence independent of the OTI result: high_precision -- recomputed at 200 decimal digits with step 2.000e-08, where cancellation cannot manufacture a zero, giving normalized magnitude 6.909e-193"
1,elastic,4,2,1|1,repeated,2,0.0,0.0,0.0,0.0,expected_zero_independently_supported,9,1.25e-06,0.00032,0.0,0.0,9,9,0,True,strong,,True,True,0.0,0.0,0.0,,,True,True,"Derivative is zero on evidence independent of the OTI result: high_precision -- recomputed at 200 decimal digits with step 2.000e-08, where cancellation cannot manufacture a zero, giving normalized magnitude 0.000e+00"
1,elastic,5,2,1|1,repeated,2,0.0,0.0,0.0,0.0,expected_zero_independently_supported,9,1.25e-06,0.00032,0.0,0.0,9,9,0,True,strong,,True,True,0.0,0.0,0.0,,,True,True,"Derivative is zero on evidence independent of the OTI result: high_precision -- recomputed at 200 decimal digits with step 2.000e-08, where cancellation cannot manufacture a zero, giving normalized magnitude 0.000e+00"
1,elastic,6,2,1|1,repeated,2,0.0,0.0,0.0,0.0,expected_zero_independently_supported,9,1.25e-06,0.00032,0.0,0.0,9,9,0,True,strong,,True,True,0.0,0.0,0.0,,,True,True,"Derivative is zero on evidence independent of the OTI result: high_precision -- recomputed at 200 decimal digits with step 2.000e-08, where cancellation cannot manufacture a zero, giving normalized magnitude 0.000e+00"
1,elastic,1,3,1|1|1,repeated,6,0.0,0.0,0.0,0.0,expected_zero_independently_supported,3,1.25e-06,5e-06,5.882252263609091e-62,13.762253066458332,9,9,0,True,strong,,False,True,0.09004329004329005,-4.485214547287396e-176,0.0,,,True,True,"Derivative is zero on evidence independent of the OTI result: high_precision -- recomputed at 200 decimal digits with step 2.000e-08, where cancellation cannot manufacture a zero, giving normalized magnitude 1.794e-187"
1,elastic,2,3,1|1|1,repeated,6,0.0,0.0,0.0,0.0,expected_zero_independently_supported,3,2e-05,8e-05,3.439711662963954e-67,3.083834193797962,9,9,0,True,strong,,False,True,0.052525252525252523,-1.2436013719673403e-176,0.0,,,True,True,"Derivative is zero on evidence independent of the OTI result: high_precision -- recomputed at 200 decimal digits with step 2.000e-08, where cancellation cannot manufacture a zero, giving normalized magnitude 4.974e-188"
1,elastic,3,3,1|1|1,repeated,6,0.0,0.0,0.0,0.0,expected_zero_independently_supported,3,2e-05,8e-05,3.439711662963954e-67,3.083834193797962,9,9,0,True,strong,,False,True,0.052525252525252523,-1.2436013719673403e-176,0.0,,,True,True,"Derivative is zero on evidence independent of the OTI result: high_precision -- recomputed at 200 decimal digits with step 2.000e-08, where cancellation cannot manufacture a zero, giving normalized magnitude 4.974e-188"
1,elastic,4,3,1|1|1,repeated,6,0.0,0.0,0.0,0.0,expected_zero_independently_supported,9,1.25e-06,0.00032,0.0,0.0,9,9,0,True,strong,,True,True,0.0,0.0,0.0,,,True,True,"Derivative is zero on evidence independent of the OTI result: high_precision -- recomputed at 200 decimal digits with step 2.000e-08, where cancellation cannot manufacture a zero, giving normalized magnitude 0.000e+00"
1,elastic,5,3,1|1|1,repeated,6,0.0,0.0,0.0,0.0,expected_zero_independently_supported,9,1.25e-06,0.00032,0.0,0.0,9,9,0,True,strong,,True,True,0.0,0.0,0.0,,,True,True,"Derivative is zero on evidence independent of the OTI result: high_precision -- recomputed at 200 decimal digits with step 2.000e-08, where cancellation cannot manufacture a zero, giving normalized magnitude 0.000e+00"
1,elastic,6,3,1|1|1,repeated,6,0.0,0.0,0.0,0.0,expected_zero_independently_supported,9,1.25e-06,0.00032,0.0,0.0,9,9,0,True,strong,,True,True,0.0,0.0,0.0,,,True,True,"Derivative is zero on evidence independent of the OTI result: high_precision -- recomputed at 200 decimal digits with step 2.000e-08, where cancellation cannot manufacture a zero, giving normalized magnitude 0.000e+00"
1,elastic,1,4,1|1|1|1,repeated,24,0.0,0.0,0.0,0.0,expected_zero_independently_supported,3,8e-05,0.00032,3.113952747625104e-63,1.6315298507462686,9,9,0,True,strong,,False,True,0.09004329004329005,1.8382535963717371e-168,0.0,,,True,True,"Derivative is zero on evidence independent of the OTI result: high_precision -- recomputed at 200 decimal digits with step 2.000e-08, where cancellation cannot manufacture a zero, giving normalized magnitude 7.353e-183"
1,elastic,2,4,1|1|1|1,repeated,24,0.0,0.0,0.0,0.0,expected_zero_independently_supported,3,5e-06,2e-05,7.310584432281093e-59,12.78656462585034,9,9,0,True,strong,,False,True,0.052525252525252523,-1.2917457704233828e-168,0.0,,,True,True,"Derivative is zero on evidence independent of the OTI result: high_precision -- recomputed at 200 decimal digits with step 2.000e-08, where cancellation cannot manufacture a zero, giving normalized magnitude 5.167e-183"
1,elastic,3,4,1|1|1|1,repeated,24,0.0,0.0,0.0,0.0,expected_zero_independently_supported,3,5e-06,2e-05,7.310584432281093e-59,12.78656462585034,9,9,0,True,strong,,False,True,0.052525252525252523,-1.2917457704233828e-168,0.0,,,True,True,"Derivative is zero on evidence independent of the OTI result: high_precision -- recomputed at 200 decimal digits with step 2.000e-08, where cancellation cannot manufacture a zero, giving normalized magnitude 5.167e-183"
1,elastic,4,4,1|1|1|1,repeated,24,0.0,0.0,0.0,0.0,expected_zero_independently_supported,9,1.25e-06,0.00032,0.0,0.0,9,9,0,True,strong,,True,True,0.0,0.0,0.0,,,True,True,"Derivative is zero on evidence independent of the OTI result: high_precision -- recomputed at 200 decimal digits with step 2.000e-08, where cancellation cannot manufacture a zero, giving normalized magnitude 0.000e+00"
1,elastic,5,4,1|1|1|1,repeated,24,0.0,0.0,0.0,0.0,expected_zero_independently_supported,9,1.25e-06,0.00032,0.0,0.0,9,9,0,True,strong,,True,True,0.0,0.0,0.0,,,True,True,"Derivative is zero on evidence independent of the OTI result: high_precision -- recomputed at 200 decimal digits with step 2.000e-08, where cancellation cannot manufacture a zero, giving normalized magnitude 0.000e+00"
1,elastic,6,4,1|1|1|1,repeated,24,0.0,0.0,0.0,0.0,expected_zero_independently_supported,9,1.25e-06,0.00032,0.0,0.0,9,9,0,True,strong,,True,True,0.0,0.0,0.0,,,True,True,"Derivative is zero on evidence independent of the OTI result: high_precision -- recomputed at 200 decimal digits with step 2.000e-08, where cancellation cannot manufacture a zero, giving normalized magnitude 0.000e+00"
1,elastic,1,3,1|1|2,mixed,2,0.0,0.0,0.0,0.0,expected_zero_independently_supported,3,2.5e-06,1e-05,5.193325312030287e-63,3.884629907400985,9,8,1,True,strong,,False,True,0.08156862745098038,1.3321193542335957e-176,0.0,,,True,True,"Derivative is zero on evidence independent of the OTI result: high_precision -- recomputed at 200 decimal digits with step 2.000e-08, where cancellation cannot manufacture a zero, giving normalized magnitude 5.328e-188"
1,elastic,2,3,1|1|2,mixed,2,0.0,0.0,0.0,0.0,expected_zero_independently_supported,3,1.25e-06,5e-06,1.7327799949589928e-63,5.2479182464122225,9,8,1,True,strong,,False,True,0.03969465648854962,-5.762781125423899e-177,0.0,,,True,True,"Derivative is zero on evidence independent of the OTI result: high_precision -- recomputed at 200 decimal digits with step 2.000e-08, where cancellation cannot manufacture a zero, giving normalized magnitude 2.305e-188"
1,elastic,3,3,1|1|2,mixed,2,0.0,0.0,0.0,0.0,expected_zero_independently_supported,3,1.25e-06,5e-06,1.7465052168434583e-63,1.8482189293950249,9,8,1,True,strong,,False,True,0.04227642276422764,-5.31236710263617e-177,0.0,,,True,True,"Derivative is zero on evidence independent of the OTI result: high_precision -- recomputed at 200 decimal digits with step 2.000e-08, where cancellation cannot manufacture a zero, giving normalized magnitude 2.125e-188"
1,elastic,4,3,1|1|2,mixed,2,0.0,0.0,0.0,0.0,expected_zero_independently_supported,8,1.25e-06,0.00016,0.0,0.0,9,8,1,True,strong,,True,True,0.0,0.0,0.0,,,True,True,"Derivative is zero on evidence independent of the OTI result: high_precision -- recomputed at 200 decimal digits with step 2.000e-08, where cancellation cannot manufacture a zero, giving normalized magnitude 0.000e+00"
1,elastic,5,3,1|1|2,mixed,2,0.0,0.0,0.0,0.0,expected_zero_independently_supported,8,1.25e-06,0.00016,0.0,0.0,9,8,1,True,strong,,True,True,0.0,0.0,0.0,,,True,True,"Derivative is zero on evidence independent of the OTI result: high_precision -- recomputed at 200 decimal digits with step 2.000e-08, where cancellation cannot manufacture a zero, giving normalized magnitude 0.000e+00"
1,elastic,6,3,1|1|2,mixed,2,0.0,0.0,0.0,0.0,expected_zero_independently_supported,8,1.25e-06,0.00016,0.0,0.0,9,8,1,True,strong,,True,True,0.0,0.0,0.0,,,True,True,"Derivative is zero on evidence independent of the OTI result: high_precision -- recomputed at 200 decimal digits with step 2.000e-08, where cancellation cannot manufacture a zero, giving normalized magnitude 0.000e+00"
1,elastic,1,4,1|1|2|2,mixed,4,0.0,0.0,0.0,0.0,expected_zero_independently_supported,3,2.5e-06,1e-05,1.4784604468586164e-56,12.052661254484486,9,8,1,True,strong,,False,True,0.08156862745098038,-4.766296391299845e-169,0.0,,,True,True,"Derivative is zero on evidence independent of the OTI result: high_precision -- recomputed at 200 decimal digits with step 2.000e-08, where cancellation cannot manufacture a zero, giving normalized magnitude 1.907e-183"
1,elastic,2,4,1|1|2|2,mixed,4,0.0,0.0,0.0,0.0,expected_zero_independently_supported,3,4e-05,0.00016,3.552938773445786e-62,10.62994952032868,9,8,1,True,strong,,False,True,0.03969465648854962,-1.491456864190282e-168,0.0,,,True,True,"Derivative is zero on evidence independent of the OTI result: high_precision -- recomputed at 200 decimal digits with step 2.000e-08, where cancellation cannot manufacture a zero, giving normalized magnitude 5.966e-183"
1,elastic,3,4,1|1|2|2,mixed,4,0.0,0.0,0.0,0.0,expected_zero_independently_supported,3,2.5e-06,1e-05,2.968755337543813e-57,11.393155938429246,9,8,1,True,strong,,False,True,0.04227642276422764,-1.4063970621008582e-168,0.0,,,True,True,"Derivative is zero on evidence independent of the OTI result: high_precision -- recomputed at 200 decimal digits with step 2.000e-08, where cancellation cannot manufacture a zero, giving normalized magnitude 5.626e-183"
1,elastic,4,4,1|1|2|2,mixed,4,0.0,0.0,0.0,0.0,expected_zero_independently_supported,8,1.25e-06,0.00016,0.0,0.0,9,8,1,True,strong,,True,True,0.0,0.0,0.0,,,True,True,"Derivative is zero on evidence independent of the OTI result: high_precision -- recomputed at 200 decimal digits with step 2.000e-08, where cancellation cannot manufacture a zero, giving normalized magnitude 0.000e+00"
1,elastic,5,4,1|1|2|2,mixed,4,0.0,0.0,0.0,0.0,expected_zero_independently_supported,8,1.25e-06,0.00016,0.0,0.0,9,8,1,True,strong,,True,True,0.0,0.0,0.0,,,True,True,"Derivative is zero on evidence independent of the OTI result: high_precision -- recomputed at 200 decimal digits with step 2.000e-08, where cancellation cannot manufacture a zero, giving normalized magnitude 0.000e+00"
1,elastic,6,4,1|1|2|2,mixed,4,0.0,0.0,0.0,0.0,expected_zero_independently_supported,8,1.25e-06,0.00016,0.0,0.0,9,8,1,True,strong,,True,True,0.0,0.0,0.0,,,True,True,"Derivative is zero on evidence independent of the OTI result: high_precision -- recomputed at 200 decimal digits with step 2.000e-08, where cancellation cannot manufacture a zero, giving normalized magnitude 0.000e+00"
1,elastic,1,2,1|2,mixed,1,0.0,0.0,0.0,0.0,expected_zero_independently_supported,3,1.25e-06,5e-06,4.328876825008261e-69,2.840146829421154,9,8,1,True,strong,,False,True,0.08156862745098038,-9.19329191436025e-187,0.0,,,True,True,"Derivative is zero on evidence independent of the OTI result: high_precision -- recomputed at 200 decimal digits with step 2.000e-08, where cancellation cannot manufacture a zero, giving normalized magnitude 3.677e-195"
1,elastic,2,2,1|2,mixed,1,0.0,0.0,0.0,0.0,expected_zero_independently_supported,3,1e-05,4e-05,2.0394652759899193e-71,1.9074242290468764,9,8,1,True,strong,,False,True,0.03969465648854962,-1.997545087769989e-186,0.0,,,True,True,"Derivative is zero on evidence independent of the OTI result: high_precision -- recomputed at 200 decimal digits with step 2.000e-08, where cancellation cannot manufacture a zero, giving normalized magnitude 7.990e-195"
1,elastic,3,2,1|2,mixed,1,0.0,0.0,0.0,0.0,expected_zero_independently_supported,3,5e-06,2e-05,7.048711861368413e-71,1.7338212587179376,9,8,1,True,strong,,False,True,0.04227642276422764,6.315866257647752e-185,0.0,,,True,True,"Derivative is zero on evidence independent of the OTI result: high_precision -- recomputed at 200 decimal digits with step 2.000e-08, where cancellation cannot manufacture a zero, giving normalized magnitude 2.526e-193"
1,elastic,4,2,1|2,mixed,1,0.0,0.0,0.0,0.0,expected_zero_independently_supported,8,1.25e-06,0.00016,0.0,0.0,9,8,1,True,strong,,True,True,0.0,0.0,0.0,,,True,True,"Derivative is zero on evidence independent of the OTI result: high_precision -- recomputed at 200 decimal digits with step 2.000e-08, where cancellation cannot manufacture a zero, giving normalized magnitude 0.000e+00"
1,elastic,5,2,1|2,mixed,1,0.0,0.0,0.0,0.0,expected_zero_independently_supported,8,1.25e-06,0.00016,0.0,0.0,9,8,1,True,strong,,True,True,0.0,0.0,0.0,,,True,True,"Derivative is zero on evidence independent of the OTI result: high_precision -- recomputed at 200 decimal digits with step 2.000e-08, where cancellation cannot manufacture a zero, giving normalized magnitude 0.000e+00"
1,elastic,6,2,1|2,mixed,1,0.0,0.0,0.0,0.0,expected_zero_independently_supported,8,1.25e-06,0.00016,0.0,0.0,9,8,1,True,strong,,True,True,0.0,0.0,0.0,,,True,True,"Derivative is zero on evidence independent of the OTI result: high_precision -- recomputed at 200 decimal digits with step 2.000e-08, where cancellation cannot manufacture a zero, giving normalized magnitude 0.000e+00"
2,elastic,1,2,1|1,repeated,2,0.0,0.0,0.0,0.0,expected_zero_independently_supported,3,2.5e-06,1e-05,1.790986929814953e-68,1.1606514084507042,9,8,1,True,strong,,False,True,0.10246305418719212,1.9268768452665883e-183,0.0,,,True,True,"Derivative is zero on evidence independent of the OTI result: high_precision -- recomputed at 200 decimal digits with step 2.000e-08, where cancellation cannot manufacture a zero, giving normalized magnitude 7.708e-192"
2,elastic,2,2,1|1,repeated,2,0.0,0.0,0.0,0.0,expected_zero_independently_supported,3,2.5e-06,1e-05,1.727936764228622e-69,1.8525485436893203,9,8,1,True,strong,,False,True,0.05977011494252874,3.415242118399511e-184,0.0,,,True,True,"Derivative is zero on evidence independent of the OTI result: high_precision -- recomputed at 200 decimal digits with step 2.000e-08, where cancellation cannot manufacture a zero, giving normalized magnitude 1.366e-192"
2,elastic,3,2,1|1,repeated,2,0.0,0.0,0.0,0.0,expected_zero_independently_supported,3,2.5e-06,1e-05,1.727936764228622e-69,1.8525485436893203,9,8,1,True,strong,,False,True,0.05977011494252874,3.415242118399511e-184,0.0,,,True,True,"Derivative is zero on evidence independent of the OTI result: high_precision -- recomputed at 200 decimal digits with step 2.000e-08, where cancellation cannot manufacture a zero, giving normalized magnitude 1.366e-192"
2,elastic,4,2,1|1,repeated,2,0.0,0.0,0.0,0.0,expected_zero_independently_supported,8,1.25e-06,0.00016,0.0,0.0,9,8,1,True,strong,,True,True,0.0,0.0,0.0,,,True,True,"Derivative is zero on evidence independent of the OTI result: high_precision -- recomputed at 200 decimal digits with step 2.000e-08, where cancellation cannot manufacture a zero, giving normalized magnitude 0.000e+00"
2,elastic,5,2,1|1,repeated,2,0.0,0.0,0.0,0.0,expected_zero_independently_supported,8,1.25e-06,0.00016,0.0,0.0,9,8,1,True,strong,,True,True,0.0,0.0,0.0,,,True,True,"Derivative is zero on evidence independent of the OTI result: high_precision -- recomputed at 200 decimal digits with step 2.000e-08, where cancellation cannot manufacture a zero, giving normalized magnitude 0.000e+00"
2,elastic,6,2,1|1,repeated,2,0.0,0.0,0.0,0.0,expected_zero_independently_supported,8,1.25e-06,0.00016,0.0,0.0,9,8,1,True,strong,,True,True,0.0,0.0,0.0,,,True,True,"Derivative is zero on evidence independent of the OTI result: high_precision -- recomputed at 200 decimal digits with step 2.000e-08, where cancellation cannot manufacture a zero, giving normalized magnitude 0.000e+00"
2,elastic,1,3,1|1|1,repeated,6,0.0,0.0,0.0,0.0,expected_zero_independently_supported,3,2e-05,8e-05,5.203391874821061e-66,4.1584640676075,9,8,1,True,strong,,False,True,0.10246305418719212,-5.219437022939455e-176,0.0,,,True,True,"Derivative is zero on evidence independent of the OTI result: high_precision -- recomputed at 200 decimal digits with step 2.000e-08, where cancellation cannot manufacture a zero, giving normalized magnitude 2.088e-187"
2,elastic,2,3,1|1|1,repeated,6,0.0,0.0,0.0,0.0,expected_zero_independently_supported,3,4e-05,0.00016,3.554445304447827e-67,10.068784254172595,9,8,1,True,strong,,False,True,0.05977011494252874,-3.4025333451182324e-177,0.0,,,True,True,"Derivative is zero on evidence independent of the OTI result: high_precision -- recomputed at 200 decimal digits with step 2.000e-08, where cancellation cannot manufacture a zero, giving normalized magnitude 1.361e-188"
2,elastic,3,3,1|1|1,repeated,6,0.0,0.0,0.0,0.0,expected_zero_independently_supported,3,4e-05,0.00016,3.554445304447827e-67,10.068784254172595,9,8,1,True,strong,,False,True,0.05977011494252874,-3.4025333451182324e-177,0.0,,,True,True,"Derivative is zero on evidence independent of the OTI result: high_precision -- recomputed at 200 decimal digits with step 2.000e-08, where cancellation cannot manufacture a zero, giving normalized magnitude 1.361e-188"
2,elastic,4,3,1|1|1,repeated,6,0.0,0.0,0.0,0.0,expected_zero_independently_supported,8,1.25e-06,0.00016,0.0,0.0,9,8,1,True,strong,,True,True,0.0,0.0,0.0,,,True,True,"Derivative is zero on evidence independent of the OTI result: high_precision -- recomputed at 200 decimal digits with step 2.000e-08, where cancellation cannot manufacture a zero, giving normalized magnitude 0.000e+00"
2,elastic,5,3,1|1|1,repeated,6,0.0,0.0,0.0,0.0,expected_zero_independently_supported,8,1.25e-06,0.00016,0.0,0.0,9,8,1,True,strong,,True,True,0.0,0.0,0.0,,,True,True,"Derivative is zero on evidence independent of the OTI result: high_precision -- recomputed at 200 decimal digits with step 2.000e-08, where cancellation cannot manufacture a zero, giving normalized magnitude 0.000e+00"
2,elastic,6,3,1|1|1,repeated,6,0.0,0.0,0.0,0.0,expected_zero_independently_supported,8,1.25e-06,0.00016,0.0,0.0,9,8,1,True,strong,,True,True,0.0,0.0,0.0,,,True,True,"Derivative is zero on evidence independent of the OTI result: high_precision -- recomputed at 200 decimal digits with step 2.000e-08, where cancellation cannot manufacture a zero, giving normalized magnitude 0.000e+00"
2,elastic,1,4,1|1|1|1,repeated,24,0.0,0.0,0.0,0.0,expected_zero_independently_supported,3,2.5e-06,1e-05,3.0446102246935636e-57,1.3470539647577093,9,8,1,True,strong,,False,True,0.10246305418719212,-1.238751072149603e-167,0.0,,,True,True,"Derivative is zero on evidence independent of the OTI result: high_precision -- recomputed at 200 decimal digits with step 2.000e-08, where cancellation cannot manufacture a zero, giving normalized magnitude 4.955e-182"
2,elastic,2,4,1|1|1|1,repeated,24,0.0,0.0,0.0,0.0,expected_zero_independently_supported,3,1.25e-06,5e-06,2.6086880044793906e-57,2.046875,9,8,1,True,strong,,False,True,0.05977011494252874,-7.783596308961409e-168,0.0,,,True,True,"Derivative is zero on evidence independent of the OTI result: high_precision -- recomputed at 200 decimal digits with step 2.000e-08, where cancellation cannot manufacture a zero, giving normalized magnitude 3.113e-182"
2,elastic,3,4,1|1|1|1,repeated,24,0.0,0.0,0.0,0.0,expected_zero_independently_supported,3,1.25e-06,5e-06,2.6086880044793906e-57,2.046875,9,8,1,True,strong,,False,True,0.05977011494252874,-7.783596308961409e-168,0.0,,,True,True,"Derivative is zero on evidence independent of the OTI result: high_precision -- recomputed at 200 decimal digits with step 2.000e-08, where cancellation cannot manufacture a zero, giving normalized magnitude 3.113e-182"
2,elastic,4,4,1|1|1|1,repeated,24,0.0,0.0,0.0,0.0,expected_zero_independently_supported,8,1.25e-06,0.00016,0.0,0.0,9,8,1,True,strong,,True,True,0.0,0.0,0.0,,,True,True,"Derivative is zero on evidence independent of the OTI result: high_precision -- recomputed at 200 decimal digits with step 2.000e-08, where cancellation cannot manufacture a zero, giving normalized magnitude 0.000e+00"
2,elastic,5,4,1|1|1|1,repeated,24,0.0,0.0,0.0,0.0,expected_zero_independently_supported,8,1.25e-06,0.00016,0.0,0.0,9,8,1,True,strong,,True,True,0.0,0.0,0.0,,,True,True,"Derivative is zero on evidence independent of the OTI result: high_precision -- recomputed at 200 decimal digits with step 2.000e-08, where cancellation cannot manufacture a zero, giving normalized magnitude 0.000e+00"
2,elastic,6,4,1|1|1|1,repeated,24,0.0,0.0,0.0,0.0,expected_zero_independently_supported,8,1.25e-06,0.00016,0.0,0.0,9,8,1,True,strong,,True,True,0.0,0.0,0.0,,,True,True,"Derivative is zero on evidence independent of the OTI result: high_precision -- recomputed at 200 decimal digits with step 2.000e-08, where cancellation cannot manufacture a zero, giving normalized magnitude 0.000e+00"
2,elastic,1,3,1|1|2,mixed,2,0.0,0.0,0.0,0.0,expected_zero_independently_supported,3,1.25e-06,5e-06,9.196855637778795e-62,7.3109790707754545,9,8,1,True,strong,,False,True,0.09674418604651162,3.2315579439110614e-176,0.0,,,True,True,"Derivative is zero on evidence independent of the OTI result: high_precision -- recomputed at 200 decimal digits with step 2.000e-08, where cancellation cannot manufacture a zero, giving normalized magnitude 1.293e-187"
2,elastic,2,3,1|1|2,mixed,2,0.0,0.0,0.0,0.0,expected_zero_independently_supported,3,2.5e-06,1e-05,3.8683225459908614e-63,4.946086027003394,9,8,1,True,strong,,False,True,0.05977011494252874,-5.464372798127535e-177,0.0,,,True,True,"Derivative is zero on evidence independent of the OTI result: high_precision -- recomputed at 200 decimal digits with step 2.000e-08, where cancellation cannot manufacture a zero, giving normalized magnitude 2.186e-188"
2,elastic,3,3,1|1|2,mixed,2,0.0,0.0,0.0,0.0,expected_zero_independently_supported,3,2e-05,8e-05,2.704466105332864e-66,2.930157632217656,9,8,1,True,strong,,False,True,0.05977011494252874,2.7459831902914813e-177,0.0,,,True,True,"Derivative is zero on evidence independent of the OTI result: high_precision -- recomputed at 200 decimal digits with step 2.000e-08, where cancellation cannot manufacture a zero, giving normalized magnitude 1.098e-188"
2,elastic,4,3,1|1|2,mixed,2,0.0,0.0,0.0,0.0,expected_zero_independently_supported,8,1.25e-06,0.00016,0.0,0.0,9,8,1,True,strong,,True,True,0.0,0.0,0.0,,,True,True,"Derivative is zero on evidence independent of the OTI result: high_precision -- recomputed at 200 decimal digits with step 2.000e-08, where cancellation cannot manufacture a zero, giving normalized magnitude 0.000e+00"
2,elastic,5,3,1|1|2,mixed,2,0.0,0.0,0.0,0.0,expected_zero_independently_supported,8,1.25e-06,0.00016,0.0,0.0,9,8,1,True,strong,,True,True,0.0,0.0,0.0,,,True,True,"Derivative is zero on evidence independent of the OTI result: high_precision -- recomputed at 200 decimal digits with step 2.000e-08, where cancellation cannot manufacture a zero, giving normalized magnitude 0.000e+00"
2,elastic,6,3,1|1|2,mixed,2,0.0,0.0,0.0,0.0,expected_zero_independently_supported,8,1.25e-06,0.00016,0.0,0.0,9,8,1,True,strong,,True,True,0.0,0.0,0.0,,,True,True,"Derivative is zero on evidence independent of the OTI result: high_precision -- recomputed at 200 decimal digits with step 2.000e-08, where cancellation cannot manufacture a zero, giving normalized magnitude 0.000e+00"
2,elastic,1,4,1|1|2|2,mixed,4,0.0,0.0,0.0,0.0,expected_zero_independently_supported,3,5e-06,2e-05,1.4499830131945704e-57,9.208516426989563,9,8,1,True,strong,,False,True,0.09674418604651162,-7.779387364190367e-168,0.0,,,True,True,"Derivative is zero on evidence independent of the OTI result: high_precision -- recomputed at 200 decimal digits with step 2.000e-08, where cancellation cannot manufacture a zero, giving normalized magnitude 3.112e-182"
2,elastic,2,4,1|1|2|2,mixed,4,0.0,0.0,0.0,0.0,expected_zero_independently_supported,3,4e-05,0.00016,2.1100834293587417e-62,4.8194132672039025,9,8,1,True,strong,,False,True,0.05977011494252874,1.756725001909027e-168,0.0,,,True,True,"Derivative is zero on evidence independent of the OTI result: high_precision -- recomputed at 200 decimal digits with step 2.000e-08, where cancellation cannot manufacture a zero, giving normalized magnitude 7.027e-183"
2,elastic,3,4,1|1|2|2,mixed,4,0.0,0.0,0.0,0.0,expected_zero_independently_supported,3,5e-06,2e-05,1.9481655749711105e-59,1.974266563221709,9,8,1,True,strong,,False,True,0.05977011494252874,1.67883728618438e-168,0.0,,,True,True,"Derivative is zero on evidence independent of the OTI result: high_precision -- recomputed at 200 decimal digits with step 2.000e-08, where cancellation cannot manufacture a zero, giving normalized magnitude 6.715e-183"
2,elastic,4,4,1|1|2|2,mixed,4,0.0,0.0,0.0,0.0,expected_zero_independently_supported,8,1.25e-06,0.00016,0.0,0.0,9,8,1,True,strong,,True,True,0.0,0.0,0.0,,,True,True,"Derivative is zero on evidence independent of the OTI result: high_precision -- recomputed at 200 decimal digits with step 2.000e-08, where cancellation cannot manufacture a zero, giving normalized magnitude 0.000e+00"
2,elastic,5,4,1|1|2|2,mixed,4,0.0,0.0,0.0,0.0,expected_zero_independently_supported,8,1.25e-06,0.00016,0.0,0.0,9,8,1,True,strong,,True,True,0.0,0.0,0.0,,,True,True,"Derivative is zero on evidence independent of the OTI result: high_precision -- recomputed at 200 decimal digits with step 2.000e-08, where cancellation cannot manufacture a zero, giving normalized magnitude 0.000e+00"
2,elastic,6,4,1|1|2|2,mixed,4,0.0,0.0,0.0,0.0,expected_zero_independently_supported,8,1.25e-06,0.00016,0.0,0.0,9,8,1,True,strong,,True,True,0.0,0.0,0.0,,,True,True,"Derivative is zero on evidence independent of the OTI result: high_precision -- recomputed at 200 decimal digits with step 2.000e-08, where cancellation cannot manufacture a zero, giving normalized magnitude 0.000e+00"
2,elastic,1,2,1|2,mixed,1,0.0,0.0,0.0,0.0,expected_zero_independently_supported,3,1.25e-06,5e-06,1.611447902631615e-68,1.3858887060651595,9,8,1,True,strong,,False,True,0.09674418604651162,-1.9531795438559874e-185,0.0,,,True,True,"Derivative is zero on evidence independent of the OTI result: high_precision -- recomputed at 200 decimal digits with step 2.000e-08, where cancellation cannot manufacture a zero, giving normalized magnitude 7.813e-194"
2,elastic,2,2,1|2,mixed,1,0.0,0.0,0.0,0.0,expected_zero_independently_supported,3,2.5e-06,1e-05,1.4718558317058954e-69,7.254563455095172,9,8,1,True,strong,,False,True,0.05977011494252874,-1.1816206588239166e-184,0.0,,,True,True,"Derivative is zero on evidence independent of the OTI result: high_precision -- recomputed at 200 decimal digits with step 2.000e-08, where cancellation cannot manufacture a zero, giving normalized magnitude 4.726e-193"
2,elastic,3,2,1|2,mixed,1,0.0,0.0,0.0,0.0,expected_zero_independently_supported,3,4e-05,0.00016,3.666871042072368e-72,0.6435098738200147,9,8,1,True,strong,,False,True,0.05977011494252874,-5.1481453062461326e-185,0.0,,,True,True,"Derivative is zero on evidence independent of the OTI result: high_precision -- recomputed at 200 decimal digits with step 2.000e-08, where cancellation cannot manufacture a zero, giving normalized magnitude 2.059e-193"
2,elastic,4,2,1|2,mixed,1,0.0,0.0,0.0,0.0,expected_zero_independently_supported,8,1.25e-06,0.00016,0.0,0.0,9,8,1,True,strong,,True,True,0.0,0.0,0.0,,,True,True,"Derivative is zero on evidence independent of the OTI result: high_precision -- recomputed at 200 decimal digits with step 2.000e-08, where cancellation cannot manufacture a zero, giving normalized magnitude 0.000e+00"
2,elastic,5,2,1|2,mixed,1,0.0,0.0,0.0,0.0,expected_zero_independently_supported,8,1.25e-06,0.00016,0.0,0.0,9,8,1,True,strong,,True,True,0.0,0.0,0.0,,,True,True,"Derivative is zero on evidence independent of the OTI result: high_precision -- recomputed at 200 decimal digits with step 2.000e-08, where cancellation cannot manufacture a zero, giving normalized magnitude 0.000e+00"
2,elastic,6,2,1|2,mixed,1,0.0,0.0,0.0,0.0,expected_zero_independently_supported,8,1.25e-06,0.00016,0.0,0.0,9,8,1,True,strong,,True,True,0.0,0.0,0.0,,,True,True,"Derivative is zero on evidence independent of the OTI result: high_precision -- recomputed at 200 decimal digits with step 2.000e-08, where cancellation cannot manufacture a zero, giving normalized magnitude 0.000e+00"
3,elastic,1,2,1|1,repeated,2,0.0,0.0,0.0,0.0,expected_zero_independently_supported,3,1.25e-06,5e-06,1.4887536405591115e-68,1.5110294117647058,9,8,1,True,strong,,False,True,0.07160068846815835,1.0121619306481458e-183,0.0,,,True,True,"Derivative is zero on evidence independent of the OTI result: high_precision -- recomputed at 200 decimal digits with step 2.000e-08, where cancellation cannot manufacture a zero, giving normalized magnitude 4.049e-192"
3,elastic,2,2,1|1,repeated,2,0.0,0.0,0.0,0.0,expected_zero_independently_supported,3,1e-05,4e-05,7.432731593918238e-70,1.398562300319489,9,8,1,True,strong,,False,True,0.0,6.798308335279781e-184,0.0,,,True,True,"Derivative is zero on evidence independent of the OTI result: high_precision -- recomputed at 200 decimal digits with step 2.000e-08, where cancellation cannot manufacture a zero, giving normalized magnitude 2.719e-192"
3,elastic,3,2,1|1,repeated,2,0.0,0.0,0.0,0.0,expected_zero_independently_supported,3,1e-05,4e-05,7.432731593918238e-70,1.398562300319489,9,8,1,True,strong,,False,True,0.0,6.798308335279781e-184,0.0,,,True,True,"Derivative is zero on evidence independent of the OTI result: high_precision -- recomputed at 200 decimal digits with step 2.000e-08, where cancellation cannot manufacture a zero, giving normalized magnitude 2.719e-192"
3,elastic,4,2,1|1,repeated,2,0.0,0.0,0.0,0.0,expected_zero_independently_supported,8,1.25e-06,0.00016,0.0,0.0,9,8,1,True,strong,,True,True,0.0,0.0,0.0,,,True,True,"Derivative is zero on evidence independent of the OTI result: high_precision -- recomputed at 200 decimal digits with step 2.000e-08, where cancellation cannot manufacture a zero, giving normalized magnitude 0.000e+00"
3,elastic,5,2,1|1,repeated,2,0.0,0.0,0.0,0.0,expected_zero_independently_supported,8,1.25e-06,0.00016,0.0,0.0,9,8,1,True,strong,,True,True,0.0,0.0,0.0,,,True,True,"Derivative is zero on evidence independent of the OTI result: high_precision -- recomputed at 200 decimal digits with step 2.000e-08, where cancellation cannot manufacture a zero, giving normalized magnitude 0.000e+00"
3,elastic,6,2,1|1,repeated,2,0.0,0.0,0.0,0.0,expected_zero_independently_supported,8,1.25e-06,0.00016,0.0,0.0,9,8,1,True,strong,,True,True,0.0,0.0,0.0,,,True,True,"Derivative is zero on evidence independent of the OTI result: high_precision -- recomputed at 200 decimal digits with step 2.000e-08, where cancellation cannot manufacture a zero, giving normalized magnitude 0.000e+00"
3,elastic,1,3,1|1|1,repeated,6,0.0,0.0,0.0,0.0,expected_zero_independently_supported,3,2.5e-06,1e-05,5.371875337029525e-63,2.0859808701061193,9,8,1,True,strong,,False,True,0.07160068846815835,-7.582379740222646e-176,0.0,,,True,True,"Derivative is zero on evidence independent of the OTI result: high_precision -- recomputed at 200 decimal digits with step 2.000e-08, where cancellation cannot manufacture a zero, giving normalized magnitude 3.033e-187"
3,elastic,2,3,1|1|1,repeated,6,0.0,0.0,0.0,0.0,expected_zero_independently_supported,3,1e-05,4e-05,6.454916344711881e-65,4.85241907808169,9,8,1,True,strong,,False,True,0.0,-1.9663571874682934e-176,0.0,,,True,True,"Derivative is zero on evidence independent of the OTI result: high_precision -- recomputed at 200 decimal digits with step 2.000e-08, where cancellation cannot manufacture a zero, giving normalized magnitude 7.865e-188"
3,elastic,3,3,1|1|1,repeated,6,0.0,0.0,0.0,0.0,expected_zero_independently_supported,3,1e-05,4e-05,6.454916344711881e-65,4.85241907808169,9,8,1,True,strong,,False,True,0.0,-1.9663571874682934e-176,0.0,,,True,True,"Derivative is zero on evidence independent of the OTI result: high_precision -- recomputed at 200 decimal digits with step 2.000e-08, where cancellation cannot manufacture a zero, giving normalized magnitude 7.865e-188"
3,elastic,4,3,1|1|1,repeated,6,0.0,0.0,0.0,0.0,expected_zero_independently_supported,8,1.25e-06,0.00016,0.0,0.0,9,8,1,True,strong,,True,True,0.0,0.0,0.0,,,True,True,"Derivative is zero on evidence independent of the OTI result: high_precision -- recomputed at 200 decimal digits with step 2.000e-08, where cancellation cannot manufacture a zero, giving normalized magnitude 0.000e+00"
3,elastic,5,3,1|1|1,repeated,6,0.0,0.0,0.0,0.0,expected_zero_independently_supported,8,1.25e-06,0.00016,0.0,0.0,9,8,1,True,strong,,True,True,0.0,0.0,0.0,,,True,True,"Derivative is zero on evidence independent of the OTI result: high_precision -- recomputed at 200 decimal digits with step 2.000e-08, where cancellation cannot manufacture a zero, giving normalized magnitude 0.000e+00"
3,elastic,6,3,1|1|1,repeated,6,0.0,0.0,0.0,0.0,expected_zero_independently_supported,8,1.25e-06,0.00016,0.0,0.0,9,8,1,True,strong,,True,True,0.0,0.0,0.0,,,True,True,"Derivative is zero on evidence independent of the OTI result: high_precision -- recomputed at 200 decimal digits with step 2.000e-08, where cancellation cannot manufacture a zero, giving normalized magnitude 0.000e+00"
3,elastic,1,4,1|1|1|1,repeated,24,0.0,0.0,0.0,0.0,expected_zero_independently_supported,3,4e-05,0.00016,2.1771437727478067e-61,50.44664466446645,9,8,1,True,strong,,False,True,0.07160068846815835,-6.193755360748015e-168,0.0,,,True,True,"Derivative is zero on evidence independent of the OTI result: high_precision -- recomputed at 200 decimal digits with step 2.000e-08, where cancellation cannot manufacture a zero, giving normalized magnitude 2.478e-182"
3,elastic,2,4,1|1|1|1,repeated,24,0.0,0.0,0.0,0.0,expected_zero_independently_supported,3,1.25e-06,5e-06,2.5387413127562314e-56,2.2765625,9,8,1,True,strong,,False,True,0.0,-2.699417443320659e-168,0.0,,,True,True,"Derivative is zero on evidence independent of the OTI result: high_precision -- recomputed at 200 decimal digits with step 2.000e-08, where cancellation cannot manufacture a zero, giving normalized magnitude 1.080e-182"
3,elastic,3,4,1|1|1|1,repeated,24,0.0,0.0,0.0,0.0,expected_zero_independently_supported,3,1.25e-06,5e-06,2.5387413127562314e-56,2.2765625,9,8,1,True,strong,,False,True,0.0,-2.699417443320659e-168,0.0,,,True,True,"Derivative is zero on evidence independent of the OTI result: high_precision -- recomputed at 200 decimal digits with step 2.000e-08, where cancellation cannot manufacture a zero, giving normalized magnitude 1.080e-182"
3,elastic,4,4,1|1|1|1,repeated,24,0.0,0.0,0.0,0.0,expected_zero_independently_supported,8,1.25e-06,0.00016,0.0,0.0,9,8,1,True,strong,,True,True,0.0,0.0,0.0,,,True,True,"Derivative is zero on evidence independent of the OTI result: high_precision -- recomputed at 200 decimal digits with step 2.000e-08, where cancellation cannot manufacture a zero, giving normalized magnitude 0.000e+00"
3,elastic,5,4,1|1|1|1,repeated,24,0.0,0.0,0.0,0.0,expected_zero_independently_supported,8,1.25e-06,0.00016,0.0,0.0,9,8,1,True,strong,,True,True,0.0,0.0,0.0,,,True,True,"Derivative is zero on evidence independent of the OTI result: high_precision -- recomputed at 200 decimal digits with step 2.000e-08, where cancellation cannot manufacture a zero, giving normalized magnitude 0.000e+00"
3,elastic,6,4,1|1|1|1,repeated,24,0.0,0.0,0.0,0.0,expected_zero_independently_supported,8,1.25e-06,0.00016,0.0,0.0,9,8,1,True,strong,,True,True,0.0,0.0,0.0,,,True,True,"Derivative is zero on evidence independent of the OTI result: high_precision -- recomputed at 200 decimal digits with step 2.000e-08, where cancellation cannot manufacture a zero, giving normalized magnitude 0.000e+00"
3,elastic,1,3,1|1|2,mixed,2,0.0,0.0,0.0,0.0,expected_zero_independently_supported,3,2.5e-06,1e-05,4.579520372361653e-63,2.806772908366534,9,7,2,True,strong,,False,True,0.06876033057851239,-3.453415166692433e-177,0.0,,,True,True,"Derivative is zero on evidence independent of the OTI result: high_precision -- recomputed at 200 decimal digits with step 2.000e-08, where cancellation cannot manufacture a zero, giving normalized magnitude 1.381e-188"
3,elastic,2,3,1|1|2,mixed,2,0.0,0.0,0.0,0.0,expected_zero_independently_supported,3,5e-06,2e-05,2.0983674670591997e-64,7.0204677193199325,9,7,2,True,strong,,False,True,0.0,2.668293398640227e-176,0.0,,,True,True,"Derivative is zero on evidence independent of the OTI result: high_precision -- recomputed at 200 decimal digits with step 2.000e-08, where cancellation cannot manufacture a zero, giving normalized magnitude 1.067e-187"
3,elastic,3,3,1|1|2,mixed,2,0.0,0.0,0.0,0.0,expected_zero_independently_supported,3,2e-05,8e-05,5.878372388332739e-66,13.176424692986908,9,7,2,True,strong,,False,True,0.0,-1.3700334185113269e-176,0.0,,,True,True,"Derivative is zero on evidence independent of the OTI result: high_precision -- recomputed at 200 decimal digits with step 2.000e-08, where cancellation cannot manufacture a zero, giving normalized magnitude 5.480e-188"
3,elastic,4,3,1|1|2,mixed,2,0.0,0.0,0.0,0.0,expected_zero_independently_supported,7,1.25e-06,8e-05,0.0,0.0,9,7,2,True,strong,,True,True,0.0,0.0,0.0,,,True,True,"Derivative is zero on evidence independent of the OTI result: high_precision -- recomputed at 200 decimal digits with step 2.000e-08, where cancellation cannot manufacture a zero, giving normalized magnitude 0.000e+00"
3,elastic,5,3,1|1|2,mixed,2,0.0,0.0,0.0,0.0,expected_zero_independently_supported,7,1.25e-06,8e-05,0.0,0.0,9,7,2,True,strong,,True,True,0.0,0.0,0.0,,,True,True,"Derivative is zero on evidence independent of the OTI result: high_precision -- recomputed at 200 decimal digits with step 2.000e-08, where cancellation cannot manufacture a zero, giving normalized magnitude 0.000e+00"
3,elastic,6,3,1|1|2,mixed,2,0.0,0.0,0.0,0.0,expected_zero_independently_supported,7,1.25e-06,8e-05,0.0,0.0,9,7,2,True,strong,,True,True,0.0,0.0,0.0,,,True,True,"Derivative is zero on evidence independent of the OTI result: high_precision -- recomputed at 200 decimal digits with step 2.000e-08, where cancellation cannot manufacture a zero, giving normalized magnitude 0.000e+00"
3,elastic,1,4,1|1|2|2,mixed,4,0.0,0.0,0.0,0.0,expected_zero_independently_supported,3,1.25e-06,5e-06,6.647970679466573e-55,10.659665580152343,9,7,2,True,strong,,False,True,0.06876033057851239,5.776616992858295e-168,0.0,,,True,True,"Derivative is zero on evidence independent of the OTI result: high_precision -- recomputed at 200 decimal digits with step 2.000e-08, where cancellation cannot manufacture a zero, giving normalized magnitude 2.311e-182"
3,elastic,2,4,1|1|2|2,mixed,4,0.0,0.0,0.0,0.0,expected_zero_independently_supported,3,2.5e-06,1e-05,6.342847310761133e-57,6.114151756960165,9,7,2,True,strong,,False,True,0.0,-4.0850558361701017e-168,0.0,,,True,True,"Derivative is zero on evidence independent of the OTI result: high_precision -- recomputed at 200 decimal digits with step 2.000e-08, where cancellation cannot manufacture a zero, giving normalized magnitude 1.634e-182"
3,elastic,3,4,1|1|2|2,mixed,4,0.0,0.0,0.0,0.0,expected_zero_independently_supported,3,2.5e-06,1e-05,6.645368502686843e-57,6.398328975373565,9,7,2,True,strong,,False,True,0.0,-3.08957166385021e-169,0.0,,,True,True,"Derivative is zero on evidence independent of the OTI result: high_precision -- recomputed at 200 decimal digits with step 2.000e-08, where cancellation cannot manufacture a zero, giving normalized magnitude 1.236e-183"
3,elastic,4,4,1|1|2|2,mixed,4,0.0,0.0,0.0,0.0,expected_zero_independently_supported,7,1.25e-06,8e-05,0.0,0.0,9,7,2,True,strong,,True,True,0.0,0.0,0.0,,,True,True,"Derivative is zero on evidence independent of the OTI result: high_precision -- recomputed at 200 decimal digits with step 2.000e-08, where cancellation cannot manufacture a zero, giving normalized magnitude 0.000e+00"
3,elastic,5,4,1|1|2|2,mixed,4,0.0,0.0,0.0,0.0,expected_zero_independently_supported,7,1.25e-06,8e-05,0.0,0.0,9,7,2,True,strong,,True,True,0.0,0.0,0.0,,,True,True,"Derivative is zero on evidence independent of the OTI result: high_precision -- recomputed at 200 decimal digits with step 2.000e-08, where cancellation cannot manufacture a zero, giving normalized magnitude 0.000e+00"
3,elastic,6,4,1|1|2|2,mixed,4,0.0,0.0,0.0,0.0,expected_zero_independently_supported,7,1.25e-06,8e-05,0.0,0.0,9,7,2,True,strong,,True,True,0.0,0.0,0.0,,,True,True,"Derivative is zero on evidence independent of the OTI result: high_precision -- recomputed at 200 decimal digits with step 2.000e-08, where cancellation cannot manufacture a zero, giving normalized magnitude 0.000e+00"
3,elastic,1,2,1|2,mixed,1,0.0,0.0,0.0,0.0,expected_zero_independently_supported,3,1.25e-06,5e-06,5.587399747703543e-69,1.421604425600734,9,7,2,True,strong,,False,True,0.06876033057851239,2.863655058017934e-184,0.0,,,True,True,"Derivative is zero on evidence independent of the OTI result: high_precision -- recomputed at 200 decimal digits with step 2.000e-08, where cancellation cannot manufacture a zero, giving normalized magnitude 1.145e-192"
3,elastic,2,2,1|2,mixed,1,0.0,0.0,0.0,0.0,expected_zero_independently_supported,3,2e-05,8e-05,3.4695829531323693e-71,2.324134315286798,9,7,2,True,strong,,False,True,0.0,-2.9188156954769797e-185,0.0,,,True,True,"Derivative is zero on evidence independent of the OTI result: high_precision -- recomputed at 200 decimal digits with step 2.000e-08, where cancellation cannot manufacture a zero, giving normalized magnitude 1.168e-193"
3,elastic,3,2,1|2,mixed,1,0.0,0.0,0.0,0.0,expected_zero_independently_supported,3,2e-05,8e-05,3.680626262570521e-71,2.0083045602051763,9,7,2,True,strong,,False,True,0.0,9.353634058168347e-185,0.0,,,True,True,"Derivative is zero on evidence independent of the OTI result: high_precision -- recomputed at 200 decimal digits with step 2.000e-08, where cancellation cannot manufacture a zero, giving normalized magnitude 3.741e-193"
3,elastic,4,2,1|2,mixed,1,0.0,0.0,0.0,0.0,expected_zero_independently_supported,7,1.25e-06,8e-05,0.0,0.0,9,7,2,True,strong,,True,True,0.0,0.0,0.0,,,True,True,"Derivative is zero on evidence independent of the OTI result: high_precision -- recomputed at 200 decimal digits with step 2.000e-08, where cancellation cannot manufacture a zero, giving normalized magnitude 0.000e+00"
3,elastic,5,2,1|2,mixed,1,0.0,0.0,0.0,0.0,expected_zero_independently_supported,7,1.25e-06,8e-05,0.0,0.0,9,7,2,True,strong,,True,True,0.0,0.0,0.0,,,True,True,"Derivative is zero on evidence independent of the OTI result: high_precision -- recomputed at 200 decimal digits with step 2.000e-08, where cancellation cannot manufacture a zero, giving normalized magnitude 0.000e+00"
3,elastic,6,2,1|2,mixed,1,0.0,0.0,0.0,0.0,expected_zero_independently_supported,7,1.25e-06,8e-05,0.0,0.0,9,7,2,True,strong,,True,True,0.0,0.0,0.0,,,True,True,"Derivative is zero on evidence independent of the OTI result: high_precision -- recomputed at 200 decimal digits with step 2.000e-08, where cancellation cannot manufacture a zero, giving normalized magnitude 0.000e+00"
4,elastic,1,2,1|1,repeated,2,0.0,0.0,0.0,0.0,expected_zero_independently_supported,3,1.25e-06,5e-06,4.839354899724995e-68,2.532701421800948,9,7,2,True,strong,,False,True,0.0,2.0519032054556417e-183,0.0,,,True,True,"Derivative is zero on evidence independent of the OTI result: high_precision -- recomputed at 200 decimal digits with step 2.000e-08, where cancellation cannot manufacture a zero, giving normalized magnitude 8.208e-192"
4,elastic,2,2,1|1,repeated,2,0.0,0.0,0.0,0.0,expected_zero_independently_supported,3,5e-06,2e-05,2.59926288559448e-69,3.3473032069970845,9,7,2,True,strong,,False,True,0.06419753086419754,1.3187523065529203e-183,0.0,,,True,True,"Derivative is zero on evidence independent of the OTI result: high_precision -- recomputed at 200 decimal digits with step 2.000e-08, where cancellation cannot manufacture a zero, giving normalized magnitude 5.275e-192"
4,elastic,3,2,1|1,repeated,2,0.0,0.0,0.0,0.0,expected_zero_independently_supported,3,5e-06,2e-05,2.59926288559448e-69,3.3473032069970845,9,7,2,True,strong,,False,True,0.06419753086419754,1.3187523065529203e-183,0.0,,,True,True,"Derivative is zero on evidence independent of the OTI result: high_precision -- recomputed at 200 decimal digits with step 2.000e-08, where cancellation cannot manufacture a zero, giving normalized magnitude 5.275e-192"
4,elastic,4,2,1|1,repeated,2,0.0,0.0,0.0,0.0,expected_zero_independently_supported,7,1.25e-06,8e-05,0.0,0.0,9,7,2,True,strong,,True,True,0.0,0.0,0.0,,,True,True,"Derivative is zero on evidence independent of the OTI result: high_precision -- recomputed at 200 decimal digits with step 2.000e-08, where cancellation cannot manufacture a zero, giving normalized magnitude 0.000e+00"
4,elastic,5,2,1|1,repeated,2,0.0,0.0,0.0,0.0,expected_zero_independently_supported,7,1.25e-06,8e-05,0.0,0.0,9,7,2,True,strong,,True,True,0.0,0.0,0.0,,,True,True,"Derivative is zero on evidence independent of the OTI result: high_precision -- recomputed at 200 decimal digits with step 2.000e-08, where cancellation cannot manufacture a zero, giving normalized magnitude 0.000e+00"
4,elastic,6,2,1|1,repeated,2,0.0,0.0,0.0,0.0,expected_zero_independently_supported,7,1.25e-06,8e-05,0.0,0.0,9,7,2,True,strong,,True,True,0.0,0.0,0.0,,,True,True,"Derivative is zero on evidence independent of the OTI result: high_precision -- recomputed at 200 decimal digits with step 2.000e-08, where cancellation cannot manufacture a zero, giving normalized magnitude 0.000e+00"
4,elastic,1,3,1|1|1,repeated,6,0.0,0.0,0.0,0.0,expected_zero_independently_supported,3,1e-05,4e-05,2.8262182470667027e-64,4.998831529321728,9,7,2,True,strong,,False,True,0.0,-2.936889902608235e-176,0.0,,,True,True,"Derivative is zero on evidence independent of the OTI result: high_precision -- recomputed at 200 decimal digits with step 2.000e-08, where cancellation cannot manufacture a zero, giving normalized magnitude 1.175e-187"
4,elastic,2,3,1|1|1,repeated,6,0.0,0.0,0.0,0.0,expected_zero_independently_supported,3,1e-05,4e-05,6.493544022440907e-65,1.8740058025756987,9,7,2,True,strong,,False,True,0.06419753086419754,-6.805066690236465e-177,0.0,,,True,True,"Derivative is zero on evidence independent of the OTI result: high_precision -- recomputed at 200 decimal digits with step 2.000e-08, where cancellation cannot manufacture a zero, giving normalized magnitude 2.722e-188"
4,elastic,3,3,1|1|1,repeated,6,0.0,0.0,0.0,0.0,expected_zero_independently_supported,3,1e-05,4e-05,6.493544022440907e-65,1.8740058025756987,9,7,2,True,strong,,False,True,0.06419753086419754,-6.805066690236465e-177,0.0,,,True,True,"Derivative is zero on evidence independent of the OTI result: high_precision -- recomputed at 200 decimal digits with step 2.000e-08, where cancellation cannot manufacture a zero, giving normalized magnitude 2.722e-188"
4,elastic,4,3,1|1|1,repeated,6,0.0,0.0,0.0,0.0,expected_zero_independently_supported,7,1.25e-06,8e-05,0.0,0.0,9,7,2,True,strong,,True,True,0.0,0.0,0.0,,,True,True,"Derivative is zero on evidence independent of the OTI result: high_precision -- recomputed at 200 decimal digits with step 2.000e-08, where cancellation cannot manufacture a zero, giving normalized magnitude 0.000e+00"
4,elastic,5,3,1|1|1,repeated,6,0.0,0.0,0.0,0.0,expected_zero_independently_supported,7,1.25e-06,8e-05,0.0,0.0,9,7,2,True,strong,,True,True,0.0,0.0,0.0,,,True,True,"Derivative is zero on evidence independent of the OTI result: high_precision -- recomputed at 200 decimal digits with step 2.000e-08, where cancellation cannot manufacture a zero, giving normalized magnitude 0.000e+00"
4,elastic,6,3,1|1|1,repeated,6,0.0,0.0,0.0,0.0,expected_zero_independently_supported,7,1.25e-06,8e-05,0.0,0.0,9,7,2,True,strong,,True,True,0.0,0.0,0.0,,,True,True,"Derivative is zero on evidence independent of the OTI result: high_precision -- recomputed at 200 decimal digits with step 2.000e-08, where cancellation cannot manufacture a zero, giving normalized magnitude 0.000e+00"
4,elastic,1,4,1|1|1|1,repeated,24,0.0,0.0,0.0,0.0,expected_zero_independently_supported,3,2.5e-06,1e-05,2.793884939148538e-56,6.49537037037037,9,7,2,True,strong,,False,True,0.0,-1.907809137856073e-167,0.0,,,True,True,"Derivative is zero on evidence independent of the OTI result: high_precision -- recomputed at 200 decimal digits with step 2.000e-08, where cancellation cannot manufacture a zero, giving normalized magnitude 7.631e-182"
4,elastic,2,4,1|1|1|1,repeated,24,0.0,0.0,0.0,0.0,expected_zero_independently_supported,3,5e-06,2e-05,1.2895254471092885e-58,4.272551546391752,9,7,2,True,strong,,False,True,0.06419753086419754,-1.3877986610446088e-167,0.0,,,True,True,"Derivative is zero on evidence independent of the OTI result: high_precision -- recomputed at 200 decimal digits with step 2.000e-08, where cancellation cannot manufacture a zero, giving normalized magnitude 5.551e-182"
4,elastic,3,4,1|1|1|1,repeated,24,0.0,0.0,0.0,0.0,expected_zero_independently_supported,3,5e-06,2e-05,1.2895254471092885e-58,4.272551546391752,9,7,2,True,strong,,False,True,0.06419753086419754,-1.3877986610446088e-167,0.0,,,True,True,"Derivative is zero on evidence independent of the OTI result: high_precision -- recomputed at 200 decimal digits with step 2.000e-08, where cancellation cannot manufacture a zero, giving normalized magnitude 5.551e-182"
4,elastic,4,4,1|1|1|1,repeated,24,0.0,0.0,0.0,0.0,expected_zero_independently_supported,7,1.25e-06,8e-05,0.0,0.0,9,7,2,True,strong,,True,True,0.0,0.0,0.0,,,True,True,"Derivative is zero on evidence independent of the OTI result: high_precision -- recomputed at 200 decimal digits with step 2.000e-08, where cancellation cannot manufacture a zero, giving normalized magnitude 0.000e+00"
4,elastic,5,4,1|1|1|1,repeated,24,0.0,0.0,0.0,0.0,expected_zero_independently_supported,7,1.25e-06,8e-05,0.0,0.0,9,7,2,True,strong,,True,True,0.0,0.0,0.0,,,True,True,"Derivative is zero on evidence independent of the OTI result: high_precision -- recomputed at 200 decimal digits with step 2.000e-08, where cancellation cannot manufacture a zero, giving normalized magnitude 0.000e+00"
4,elastic,6,4,1|1|1|1,repeated,24,0.0,0.0,0.0,0.0,expected_zero_independently_supported,7,1.25e-06,8e-05,0.0,0.0,9,7,2,True,strong,,True,True,0.0,0.0,0.0,,,True,True,"Derivative is zero on evidence independent of the OTI result: high_precision -- recomputed at 200 decimal digits with step 2.000e-08, where cancellation cannot manufacture a zero, giving normalized magnitude 0.000e+00"
4,elastic,1,3,1|1|2,mixed,2,0.0,0.0,0.0,0.0,expected_zero_independently_supported,3,2.5e-06,1e-05,5.269982142550584e-63,1.088089982079402,9,7,2,True,strong,,False,True,0.0,3.322436022024091e-176,0.0,,,True,True,"Derivative is zero on evidence independent of the OTI result: high_precision -- recomputed at 200 decimal digits with step 2.000e-08, where cancellation cannot manufacture a zero, giving normalized magnitude 1.329e-187"
4,elastic,2,3,1|1|2,mixed,2,0.0,0.0,0.0,0.0,expected_zero_independently_supported,3,5e-06,2e-05,1.1912738583653277e-63,7.4530167881359,9,7,2,True,strong,,False,True,0.06419753086419754,-1.6293588703953855e-176,0.0,,,True,True,"Derivative is zero on evidence independent of the OTI result: high_precision -- recomputed at 200 decimal digits with step 2.000e-08, where cancellation cannot manufacture a zero, giving normalized magnitude 6.517e-188"
4,elastic,3,3,1|1|2,mixed,2,0.0,0.0,0.0,0.0,expected_zero_independently_supported,3,1.25e-06,5e-06,2.8853789460489865e-62,4.110135763461427,9,7,2,True,strong,,False,True,0.06419753086419754,-3.497757692210326e-177,0.0,,,True,True,"Derivative is zero on evidence independent of the OTI result: high_precision -- recomputed at 200 decimal digits with step 2.000e-08, where cancellation cannot manufacture a zero, giving normalized magnitude 1.399e-188"
4,elastic,4,3,1|1|2,mixed,2,0.0,0.0,0.0,0.0,expected_zero_independently_supported,7,1.25e-06,8e-05,0.0,0.0,9,7,2,True,strong,,True,True,0.0,0.0,0.0,,,True,True,"Derivative is zero on evidence independent of the OTI result: high_precision -- recomputed at 200 decimal digits with step 2.000e-08, where cancellation cannot manufacture a zero, giving normalized magnitude 0.000e+00"
4,elastic,5,3,1|1|2,mixed,2,0.0,0.0,0.0,0.0,expected_zero_independently_supported,7,1.25e-06,8e-05,0.0,0.0,9,7,2,True,strong,,True,True,0.0,0.0,0.0,,,True,True,"Derivative is zero on evidence independent of the OTI result: high_precision -- recomputed at 200 decimal digits with step 2.000e-08, where cancellation cannot manufacture a zero, giving normalized magnitude 0.000e+00"
4,elastic,6,3,1|1|2,mixed,2,0.0,0.0,0.0,0.0,expected_zero_independently_supported,7,1.25e-06,8e-05,0.0,0.0,9,7,2,True,strong,,True,True,0.0,0.0,0.0,,,True,True,"Derivative is zero on evidence independent of the OTI result: high_precision -- recomputed at 200 decimal digits with step 2.000e-08, where cancellation cannot manufacture a zero, giving normalized magnitude 0.000e+00"
4,elastic,1,4,1|1|2|2,mixed,4,0.0,0.0,0.0,0.0,expected_zero_independently_supported,3,2e-05,8e-05,3.2458253842402176e-60,8.834510892500115,9,7,2,True,strong,,False,True,0.0,-1.9444516207292735e-168,0.0,,,True,True,"Derivative is zero on evidence independent of the OTI result: high_precision -- recomputed at 200 decimal digits with step 2.000e-08, where cancellation cannot manufacture a zero, giving normalized magnitude 7.778e-183"
4,elastic,2,4,1|1|2|2,mixed,4,0.0,0.0,0.0,0.0,expected_zero_independently_supported,3,2e-05,8e-05,4.0270953778132843e-60,7.779908797471153,9,7,2,True,strong,,False,True,0.06419753086419754,-3.502387878079753e-168,0.0,,,True,True,"Derivative is zero on evidence independent of the OTI result: high_precision -- recomputed at 200 decimal digits with step 2.000e-08, where cancellation cannot manufacture a zero, giving normalized magnitude 1.401e-182"
4,elastic,3,4,1|1|2|2,mixed,4,0.0,0.0,0.0,0.0,expected_zero_independently_supported,3,2.5e-06,1e-05,1.5335959823977563e-56,6.230707859211645,9,7,2,True,strong,,False,True,0.06419753086419754,3.646013569820131e-169,0.0,,,True,True,"Derivative is zero on evidence independent of the OTI result: high_precision -- recomputed at 200 decimal digits with step 2.000e-08, where cancellation cannot manufacture a zero, giving normalized magnitude 1.458e-183"
4,elastic,4,4,1|1|2|2,mixed,4,0.0,0.0,0.0,0.0,expected_zero_independently_supported,7,1.25e-06,8e-05,0.0,0.0,9,7,2,True,strong,,True,True,0.0,0.0,0.0,,,True,True,"Derivative is zero on evidence independent of the OTI result: high_precision -- recomputed at 200 decimal digits with step 2.000e-08, where cancellation cannot manufacture a zero, giving normalized magnitude 0.000e+00"
4,elastic,5,4,1|1|2|2,mixed,4,0.0,0.0,0.0,0.0,expected_zero_independently_supported,7,1.25e-06,8e-05,0.0,0.0,9,7,2,True,strong,,True,True,0.0,0.0,0.0,,,True,True,"Derivative is zero on evidence independent of the OTI result: high_precision -- recomputed at 200 decimal digits with step 2.000e-08, where cancellation cannot manufacture a zero, giving normalized magnitude 0.000e+00"
4,elastic,6,4,1|1|2|2,mixed,4,0.0,0.0,0.0,0.0,expected_zero_independently_supported,7,1.25e-06,8e-05,0.0,0.0,9,7,2,True,strong,,True,True,0.0,0.0,0.0,,,True,True,"Derivative is zero on evidence independent of the OTI result: high_precision -- recomputed at 200 decimal digits with step 2.000e-08, where cancellation cannot manufacture a zero, giving normalized magnitude 0.000e+00"
4,elastic,1,2,1|2,mixed,1,0.0,0.0,0.0,0.0,expected_zero_independently_supported,3,2e-05,8e-05,8.712057513766016e-71,1.287997628518933,9,7,2,True,strong,,False,True,0.0,-1.838640663414359e-186,0.0,,,True,True,"Derivative is zero on evidence independent of the OTI result: high_precision -- recomputed at 200 decimal digits with step 2.000e-08, where cancellation cannot manufacture a zero, giving normalized magnitude 7.355e-195"
4,elastic,2,2,1|2,mixed,1,0.0,0.0,0.0,0.0,expected_zero_independently_supported,3,2e-05,8e-05,3.530280654830603e-71,4.435434472873629,9,7,2,True,strong,,False,True,0.06419753086419754,1.470537477175824e-185,0.0,,,True,True,"Derivative is zero on evidence independent of the OTI result: high_precision -- recomputed at 200 decimal digits with step 2.000e-08, where cancellation cannot manufacture a zero, giving normalized magnitude 5.882e-194"
4,elastic,3,2,1|2,mixed,1,0.0,0.0,0.0,0.0,expected_zero_independently_supported,3,1.25e-06,5e-06,1.992052995075316e-69,1.1194775196225786,9,7,2,True,strong,,False,True,0.06419753086419754,-7.515731452634084e-185,0.0,,,True,True,"Derivative is zero on evidence independent of the OTI result: high_precision -- recomputed at 200 decimal digits with step 2.000e-08, where cancellation cannot manufacture a zero, giving normalized magnitude 3.006e-193"
4,elastic,4,2,1|2,mixed,1,0.0,0.0,0.0,0.0,expected_zero_independently_supported,7,1.25e-06,8e-05,0.0,0.0,9,7,2,True,strong,,True,True,0.0,0.0,0.0,,,True,True,"Derivative is zero on evidence independent of the OTI result: high_precision -- recomputed at 200 decimal digits with step 2.000e-08, where cancellation cannot manufacture a zero, giving normalized magnitude 0.000e+00"
4,elastic,5,2,1|2,mixed,1,0.0,0.0,0.0,0.0,expected_zero_independently_supported,7,1.25e-06,8e-05,0.0,0.0,9,7,2,True,strong,,True,True,0.0,0.0,0.0,,,True,True,"Derivative is zero on evidence independent of the OTI result: high_precision -- recomputed at 200 decimal digits with step 2.000e-08, where cancellation cannot manufacture a zero, giving normalized magnitude 0.000e+00"
4,elastic,6,2,1|2,mixed,1,0.0,0.0,0.0,0.0,expected_zero_independently_supported,7,1.25e-06,8e-05,0.0,0.0,9,7,2,True,strong,,True,True,0.0,0.0,0.0,,,True,True,"Derivative is zero on evidence independent of the OTI result: high_precision -- recomputed at 200 decimal digits with step 2.000e-08, where cancellation cannot manufacture a zero, giving normalized magnitude 0.000e+00"
5,elastic,1,2,1|1,repeated,2,0.0,0.0,0.0,0.0,expected_zero_independently_supported,3,2.5e-06,1e-05,4.632885416727746e-68,3.370223978919631,9,7,2,True,strong,,False,True,0.08936627282491943,2.963860185658149e-183,0.0,,,True,True,"Derivative is zero on evidence independent of the OTI result: high_precision -- recomputed at 200 decimal digits with step 2.000e-08, where cancellation cannot manufacture a zero, giving normalized magnitude 1.186e-191"
5,elastic,2,2,1|1,repeated,2,0.0,0.0,0.0,0.0,expected_zero_independently_supported,3,5e-06,2e-05,3.7552769180009523e-69,3.420103092783505,9,7,2,True,strong,,False,True,0.10426065162907269,-6.343249156650505e-185,0.0,,,True,True,"Derivative is zero on evidence independent of the OTI result: high_precision -- recomputed at 200 decimal digits with step 2.000e-08, where cancellation cannot manufacture a zero, giving normalized magnitude 2.537e-193"
5,elastic,3,2,1|1,repeated,2,0.0,0.0,0.0,0.0,expected_zero_independently_supported,3,5e-06,2e-05,3.7552769180009523e-69,3.420103092783505,9,7,2,True,strong,,False,True,0.10426065162907269,-6.343249156650505e-185,0.0,,,True,True,"Derivative is zero on evidence independent of the OTI result: high_precision -- recomputed at 200 decimal digits with step 2.000e-08, where cancellation cannot manufacture a zero, giving normalized magnitude 2.537e-193"
5,elastic,4,2,1|1,repeated,2,0.0,0.0,0.0,0.0,expected_zero_independently_supported,7,1.25e-06,8e-05,0.0,0.0,9,7,2,True,strong,,True,True,0.0,0.0,0.0,,,True,True,"Derivative is zero on evidence independent of the OTI result: high_precision -- recomputed at 200 decimal digits with step 2.000e-08, where cancellation cannot manufacture a zero, giving normalized magnitude 0.000e+00"
5,elastic,5,2,1|1,repeated,2,0.0,0.0,0.0,0.0,expected_zero_independently_supported,7,1.25e-06,8e-05,0.0,0.0,9,7,2,True,strong,,True,True,0.0,0.0,0.0,,,True,True,"Derivative is zero on evidence independent of the OTI result: high_precision -- recomputed at 200 decimal digits with step 2.000e-08, where cancellation cannot manufacture a zero, giving normalized magnitude 0.000e+00"
5,elastic,6,2,1|1,repeated,2,0.0,0.0,0.0,0.0,expected_zero_independently_supported,7,1.25e-06,8e-05,0.0,0.0,9,7,2,True,strong,,True,True,0.0,0.0,0.0,,,True,True,"Derivative is zero on evidence independent of the OTI result: high_precision -- recomputed at 200 decimal digits with step 2.000e-08, where cancellation cannot manufacture a zero, giving normalized magnitude 0.000e+00"
5,elastic,1,3,1|1|1,repeated,6,0.0,0.0,0.0,0.0,expected_zero_independently_supported,3,2e-05,8e-05,2.053897169207089e-65,5.9756662806379826,9,7,2,True,strong,,False,True,0.08936627282491943,4.966040418268443e-176,0.0,,,True,True,"Derivative is zero on evidence independent of the OTI result: high_precision -- recomputed at 200 decimal digits with step 2.000e-08, where cancellation cannot manufacture a zero, giving normalized magnitude 1.986e-187"
5,elastic,2,3,1|1|1,repeated,6,0.0,0.0,0.0,0.0,expected_zero_independently_supported,3,2e-05,8e-05,1.1100123991943837e-65,7.350014328439567,9,7,2,True,strong,,False,True,0.10426065162907269,2.0366434557029052e-176,0.0,,,True,True,"Derivative is zero on evidence independent of the OTI result: high_precision -- recomputed at 200 decimal digits with step 2.000e-08, where cancellation cannot manufacture a zero, giving normalized magnitude 8.147e-188"
5,elastic,3,3,1|1|1,repeated,6,0.0,0.0,0.0,0.0,expected_zero_independently_supported,3,2e-05,8e-05,1.1100123991943837e-65,7.350014328439567,9,7,2,True,strong,,False,True,0.10426065162907269,2.0366434557029052e-176,0.0,,,True,True,"Derivative is zero on evidence independent of the OTI result: high_precision -- recomputed at 200 decimal digits with step 2.000e-08, where cancellation cannot manufacture a zero, giving normalized magnitude 8.147e-188"
5,elastic,4,3,1|1|1,repeated,6,0.0,0.0,0.0,0.0,expected_zero_independently_supported,7,1.25e-06,8e-05,0.0,0.0,9,7,2,True,strong,,True,True,0.0,0.0,0.0,,,True,True,"Derivative is zero on evidence independent of the OTI result: high_precision -- recomputed at 200 decimal digits with step 2.000e-08, where cancellation cannot manufacture a zero, giving normalized magnitude 0.000e+00"
5,elastic,5,3,1|1|1,repeated,6,0.0,0.0,0.0,0.0,expected_zero_independently_supported,7,1.25e-06,8e-05,0.0,0.0,9,7,2,True,strong,,True,True,0.0,0.0,0.0,,,True,True,"Derivative is zero on evidence independent of the OTI result: high_precision -- recomputed at 200 decimal digits with step 2.000e-08, where cancellation cannot manufacture a zero, giving normalized magnitude 0.000e+00"
5,elastic,6,3,1|1|1,repeated,6,0.0,0.0,0.0,0.0,expected_zero_independently_supported,7,1.25e-06,8e-05,0.0,0.0,9,7,2,True,strong,,True,True,0.0,0.0,0.0,,,True,True,"Derivative is zero on evidence independent of the OTI result: high_precision -- recomputed at 200 decimal digits with step 2.000e-08, where cancellation cannot manufacture a zero, giving normalized magnitude 0.000e+00"
5,elastic,1,4,1|1|1|1,repeated,24,0.0,0.0,0.0,0.0,expected_zero_independently_supported,3,1.25e-06,5e-06,8.79755137449563e-55,9.142901490066226,9,7,2,True,strong,,False,True,0.08936627282491943,-2.4576291324465386e-167,0.0,,,True,True,"Derivative is zero on evidence independent of the OTI result: high_precision -- recomputed at 200 decimal digits with step 2.000e-08, where cancellation cannot manufacture a zero, giving normalized magnitude 9.831e-182"
5,elastic,2,4,1|1|1|1,repeated,24,0.0,0.0,0.0,0.0,expected_zero_independently_supported,3,5e-06,2e-05,3.3942658956183865e-58,5.623067010309279,9,7,2,True,strong,,False,True,0.10426065162907269,2.9809517779001143e-168,0.0,,,True,True,"Derivative is zero on evidence independent of the OTI result: high_precision -- recomputed at 200 decimal digits with step 2.000e-08, where cancellation cannot manufacture a zero, giving normalized magnitude 1.192e-182"
5,elastic,3,4,1|1|1|1,repeated,24,0.0,0.0,0.0,0.0,expected_zero_independently_supported,3,5e-06,2e-05,3.3942658956183865e-58,5.623067010309279,9,7,2,True,strong,,False,True,0.10426065162907269,2.9809517779001143e-168,0.0,,,True,True,"Derivative is zero on evidence independent of the OTI result: high_precision -- recomputed at 200 decimal digits with step 2.000e-08, where cancellation cannot manufacture a zero, giving normalized magnitude 1.192e-182"
5,elastic,4,4,1|1|1|1,repeated,24,0.0,0.0,0.0,0.0,expected_zero_independently_supported,7,1.25e-06,8e-05,0.0,0.0,9,7,2,True,strong,,True,True,0.0,0.0,0.0,,,True,True,"Derivative is zero on evidence independent of the OTI result: high_precision -- recomputed at 200 decimal digits with step 2.000e-08, where cancellation cannot manufacture a zero, giving normalized magnitude 0.000e+00"
5,elastic,5,4,1|1|1|1,repeated,24,0.0,0.0,0.0,0.0,expected_zero_independently_supported,7,1.25e-06,8e-05,0.0,0.0,9,7,2,True,strong,,True,True,0.0,0.0,0.0,,,True,True,"Derivative is zero on evidence independent of the OTI result: high_precision -- recomputed at 200 decimal digits with step 2.000e-08, where cancellation cannot manufacture a zero, giving normalized magnitude 0.000e+00"
5,elastic,6,4,1|1|1|1,repeated,24,0.0,0.0,0.0,0.0,expected_zero_independently_supported,7,1.25e-06,8e-05,0.0,0.0,9,7,2,True,strong,,True,True,0.0,0.0,0.0,,,True,True,"Derivative is zero on evidence independent of the OTI result: high_precision -- recomputed at 200 decimal digits with step 2.000e-08, where cancellation cannot manufacture a zero, giving normalized magnitude 0.000e+00"
5,elastic,1,3,1|1|2,mixed,2,0.0,0.0,0.0,0.0,expected_zero_independently_supported,3,1.25e-06,5e-06,3.74085958867585e-62,2.287049068430028,9,6,3,True,strong,,False,True,0.08936627282491943,-5.259192220812675e-176,0.0,,,True,True,"Derivative is zero on evidence independent of the OTI result: high_precision -- recomputed at 200 decimal digits with step 2.000e-08, where cancellation cannot manufacture a zero, giving normalized magnitude 2.104e-187"
5,elastic,2,3,1|1|2,mixed,2,0.0,0.0,0.0,0.0,expected_zero_independently_supported,3,1.25e-06,5e-06,2.173107970995551e-62,3.7792132185984104,9,6,3,True,strong,,False,True,0.09142857142857143,1.513260980894054e-176,0.0,,,True,True,"Derivative is zero on evidence independent of the OTI result: high_precision -- recomputed at 200 decimal digits with step 2.000e-08, where cancellation cannot manufacture a zero, giving normalized magnitude 6.053e-188"
5,elastic,3,3,1|1|2,mixed,2,0.0,0.0,0.0,0.0,expected_zero_independently_supported,3,1.25e-06,5e-06,2.1494543633726175e-62,1.5380884698787827,9,6,3,True,strong,,False,True,0.09834515366430259,-1.0607262286250344e-177,0.0,,,True,True,"Derivative is zero on evidence independent of the OTI result: high_precision -- recomputed at 200 decimal digits with step 2.000e-08, where cancellation cannot manufacture a zero, giving normalized magnitude 4.243e-189"
5,elastic,4,3,1|1|2,mixed,2,0.0,0.0,0.0,0.0,expected_zero_independently_supported,6,1.25e-06,4e-05,0.0,0.0,9,6,3,True,strong,,True,True,0.0,0.0,0.0,,,True,True,"Derivative is zero on evidence independent of the OTI result: high_precision -- recomputed at 200 decimal digits with step 2.000e-08, where cancellation cannot manufacture a zero, giving normalized magnitude 0.000e+00"
5,elastic,5,3,1|1|2,mixed,2,0.0,0.0,0.0,0.0,expected_zero_independently_supported,6,1.25e-06,4e-05,0.0,0.0,9,6,3,True,strong,,True,True,0.0,0.0,0.0,,,True,True,"Derivative is zero on evidence independent of the OTI result: high_precision -- recomputed at 200 decimal digits with step 2.000e-08, where cancellation cannot manufacture a zero, giving normalized magnitude 0.000e+00"
5,elastic,6,3,1|1|2,mixed,2,0.0,0.0,0.0,0.0,expected_zero_independently_supported,6,1.25e-06,4e-05,0.0,0.0,9,6,3,True,strong,,True,True,0.0,0.0,0.0,,,True,True,"Derivative is zero on evidence independent of the OTI result: high_precision -- recomputed at 200 decimal digits with step 2.000e-08, where cancellation cannot manufacture a zero, giving normalized magnitude 0.000e+00"
5,elastic,1,4,1|1|2|2,mixed,4,0.0,0.0,0.0,0.0,expected_zero_independently_supported,3,1e-05,4e-05,1.3371662446174293e-58,7.07701879603271,9,6,3,True,strong,,False,True,0.08936627282491943,-2.6869612309761567e-167,0.0,,,True,True,"Derivative is zero on evidence independent of the OTI result: high_precision -- recomputed at 200 decimal digits with step 2.000e-08, where cancellation cannot manufacture a zero, giving normalized magnitude 1.075e-181"
5,elastic,2,4,1|1|2|2,mixed,4,0.0,0.0,0.0,0.0,expected_zero_independently_supported,3,1e-05,4e-05,8.929668280588028e-59,8.979494537571998,9,6,3,True,strong,,False,True,0.09142857142857143,-2.0213406723247684e-168,0.0,,,True,True,"Derivative is zero on evidence independent of the OTI result: high_precision -- recomputed at 200 decimal digits with step 2.000e-08, where cancellation cannot manufacture a zero, giving normalized magnitude 8.085e-183"
5,elastic,3,4,1|1|2|2,mixed,4,0.0,0.0,0.0,0.0,expected_zero_independently_supported,3,5e-06,2e-05,4.678204245621747e-58,4.476787280450673,9,6,3,True,strong,,False,True,0.09834515366430259,-8.02005328979221e-168,0.0,,,True,True,"Derivative is zero on evidence independent of the OTI result: high_precision -- recomputed at 200 decimal digits with step 2.000e-08, where cancellation cannot manufacture a zero, giving normalized magnitude 3.208e-182"
5,elastic,4,4,1|1|2|2,mixed,4,0.0,0.0,0.0,0.0,expected_zero_independently_supported,6,1.25e-06,4e-05,0.0,0.0,9,6,3,True,strong,,True,True,0.0,0.0,0.0,,,True,True,"Derivative is zero on evidence independent of the OTI result: high_precision -- recomputed at 200 decimal digits with step 2.000e-08, where cancellation cannot manufacture a zero, giving normalized magnitude 0.000e+00"
5,elastic,5,4,1|1|2|2,mixed,4,0.0,0.0,0.0,0.0,expected_zero_independently_supported,6,1.25e-06,4e-05,0.0,0.0,9,6,3,True,strong,,True,True,0.0,0.0,0.0,,,True,True,"Derivative is zero on evidence independent of the OTI result: high_precision -- recomputed at 200 decimal digits with step 2.000e-08, where cancellation cannot manufacture a zero, giving normalized magnitude 0.000e+00"
5,elastic,6,4,1|1|2|2,mixed,4,0.0,0.0,0.0,0.0,expected_zero_independently_supported,6,1.25e-06,4e-05,0.0,0.0,9,6,3,True,strong,,True,True,0.0,0.0,0.0,,,True,True,"Derivative is zero on evidence independent of the OTI result: high_precision -- recomputed at 200 decimal digits with step 2.000e-08, where cancellation cannot manufacture a zero, giving normalized magnitude 0.000e+00"
5,elastic,1,2,1|2,mixed,1,0.0,0.0,0.0,0.0,expected_zero_independently_supported,3,1.25e-06,5e-06,1.173342169858221e-68,2.144732909085096,9,6,3,True,strong,,False,True,0.08936627282491943,5.388314187938433e-184,0.0,,,True,True,"Derivative is zero on evidence independent of the OTI result: high_precision -- recomputed at 200 decimal digits with step 2.000e-08, where cancellation cannot manufacture a zero, giving normalized magnitude 2.155e-192"
5,elastic,2,2,1|2,mixed,1,0.0,0.0,0.0,0.0,expected_zero_independently_supported,3,2.5e-06,1e-05,1.1042587943779305e-70,0.9526914475771536,9,6,3,True,strong,,False,True,0.09142857142857143,-2.1804920747931881e-184,0.0,,,True,True,"Derivative is zero on evidence independent of the OTI result: high_precision -- recomputed at 200 decimal digits with step 2.000e-08, where cancellation cannot manufacture a zero, giving normalized magnitude 8.722e-193"
5,elastic,3,2,1|2,mixed,1,0.0,0.0,0.0,0.0,expected_zero_independently_supported,3,1.25e-06,5e-06,3.773235167744371e-69,1.6276580528469453,9,6,3,True,strong,,False,True,0.09834515366430259,9.300835901231187e-186,0.0,,,True,True,"Derivative is zero on evidence independent of the OTI result: high_precision -- recomputed at 200 decimal digits with step 2.000e-08, where cancellation cannot manufacture a zero, giving normalized magnitude 3.720e-194"
5,elastic,4,2,1|2,mixed,1,0.0,0.0,0.0,0.0,expected_zero_independently_supported,6,1.25e-06,4e-05,0.0,0.0,9,6,3,True,strong,,True,True,0.0,0.0,0.0,,,True,True,"Derivative is zero on evidence independent of the OTI result: high_precision -- recomputed at 200 decimal digits with step 2.000e-08, where cancellation cannot manufacture a zero, giving normalized magnitude 0.000e+00"
5,elastic,5,2,1|2,mixed,1,0.0,0.0,0.0,0.0,expected_zero_independently_supported,6,1.25e-06,4e-05,0.0,0.0,9,6,3,True,strong,,True,True,0.0,0.0,0.0,,,True,True,"Derivative is zero on evidence independent of the OTI result: high_precision -- recomputed at 200 decimal digits with step 2.000e-08, where cancellation cannot manufacture a zero, giving normalized magnitude 0.000e+00"
5,elastic,6,2,1|2,mixed,1,0.0,0.0,0.0,0.0,expected_zero_independently_supported,6,1.25e-06,4e-05,0.0,0.0,9,6,3,True,strong,,True,True,0.0,0.0,0.0,,,True,True,"Derivative is zero on evidence independent of the OTI result: high_precision -- recomputed at 200 decimal digits with step 2.000e-08, where cancellation cannot manufacture a zero, giving normalized magnitude 0.000e+00"
6,elastic,1,2,1|1,repeated,2,0.0,0.0,0.0,0.0,expected_zero_independently_supported,3,1.25e-06,5e-06,4.1147194598372816e-67,3.5454119850187267,9,5,4,True,strong,,False,True,0.0,3.048436841080156e-183,0.0,,,True,True,"Derivative is zero on evidence independent of the OTI result: high_precision -- recomputed at 200 decimal digits with step 2.000e-08, where cancellation cannot manufacture a zero, giving normalized magnitude 1.219e-191"
6,elastic,2,2,1|1,repeated,2,0.0,0.0,0.0,0.0,expected_zero_independently_supported,3,1.25e-06,5e-06,7.604959290398673e-68,3.6386481802426345,9,5,4,True,strong,,False,True,0.08776371308016877,9.101183572585507e-185,0.0,,,True,True,"Derivative is zero on evidence independent of the OTI result: high_precision -- recomputed at 200 decimal digits with step 2.000e-08, where cancellation cannot manufacture a zero, giving normalized magnitude 3.640e-193"
6,elastic,3,2,1|1,repeated,2,0.0,0.0,0.0,0.0,expected_zero_independently_supported,3,1.25e-06,5e-06,7.604959290398673e-68,3.6386481802426345,9,5,4,True,strong,,False,True,0.08776371308016877,9.101183572585507e-185,0.0,,,True,True,"Derivative is zero on evidence independent of the OTI result: high_precision -- recomputed at 200 decimal digits with step 2.000e-08, where cancellation cannot manufacture a zero, giving normalized magnitude 3.640e-193"
6,elastic,4,2,1|1,repeated,2,0.0,0.0,0.0,0.0,expected_zero_independently_supported,5,1.25e-06,2e-05,0.0,0.0,9,5,4,True,strong,,True,True,0.0,0.0,0.0,,,True,True,"Derivative is zero on evidence independent of the OTI result: high_precision -- recomputed at 200 decimal digits with step 2.000e-08, where cancellation cannot manufacture a zero, giving normalized magnitude 0.000e+00"
6,elastic,5,2,1|1,repeated,2,0.0,0.0,0.0,0.0,expected_zero_independently_supported,5,1.25e-06,2e-05,0.0,0.0,9,5,4,True,strong,,True,True,0.0,0.0,0.0,,,True,True,"Derivative is zero on evidence independent of the OTI result: high_precision -- recomputed at 200 decimal digits with step 2.000e-08, where cancellation cannot manufacture a zero, giving normalized magnitude 0.000e+00"
6,elastic,6,2,1|1,repeated,2,0.0,0.0,0.0,0.0,expected_zero_independently_supported,5,1.25e-06,2e-05,0.0,0.0,9,5,4,True,strong,,True,True,0.0,0.0,0.0,,,True,True,"Derivative is zero on evidence independent of the OTI result: high_precision -- recomputed at 200 decimal digits with step 2.000e-08, where cancellation cannot manufacture a zero, giving normalized magnitude 0.000e+00"
6,elastic,1,3,1|1|1,repeated,6,0.0,0.0,0.0,0.0,expected_zero_independently_supported,3,2.5e-06,1e-05,1.5719428172837184e-62,4.950413274931595,9,5,4,True,strong,,False,True,0.0,4.97214532517599e-176,0.0,,,True,True,"Derivative is zero on evidence independent of the OTI result: high_precision -- recomputed at 200 decimal digits with step 2.000e-08, where cancellation cannot manufacture a zero, giving normalized magnitude 1.989e-187"
6,elastic,2,3,1|1|1,repeated,6,0.0,0.0,0.0,0.0,expected_zero_independently_supported,3,1.25e-06,5e-06,1.666190309432315e-61,15.590926121186452,9,5,4,True,strong,,False,True,0.08776371308016877,5.1486348511279135e-176,0.0,,,True,True,"Derivative is zero on evidence independent of the OTI result: high_precision -- recomputed at 200 decimal digits with step 2.000e-08, where cancellation cannot manufacture a zero, giving normalized magnitude 2.059e-187"
6,elastic,3,3,1|1|1,repeated,6,0.0,0.0,0.0,0.0,expected_zero_independently_supported,3,1.25e-06,5e-06,1.666190309432315e-61,15.590926121186452,9,5,4,True,strong,,False,True,0.08776371308016877,5.1486348511279135e-176,0.0,,,True,True,"Derivative is zero on evidence independent of the OTI result: high_precision -- recomputed at 200 decimal digits with step 2.000e-08, where cancellation cannot manufacture a zero, giving normalized magnitude 2.059e-187"
6,elastic,4,3,1|1|1,repeated,6,0.0,0.0,0.0,0.0,expected_zero_independently_supported,5,1.25e-06,2e-05,0.0,0.0,9,5,4,True,strong,,True,True,0.0,0.0,0.0,,,True,True,"Derivative is zero on evidence independent of the OTI result: high_precision -- recomputed at 200 decimal digits with step 2.000e-08, where cancellation cannot manufacture a zero, giving normalized magnitude 0.000e+00"
6,elastic,5,3,1|1|1,repeated,6,0.0,0.0,0.0,0.0,expected_zero_independently_supported,5,1.25e-06,2e-05,0.0,0.0,9,5,4,True,strong,,True,True,0.0,0.0,0.0,,,True,True,"Derivative is zero on evidence independent of the OTI result: high_precision -- recomputed at 200 decimal digits with step 2.000e-08, where cancellation cannot manufacture a zero, giving normalized magnitude 0.000e+00"
6,elastic,6,3,1|1|1,repeated,6,0.0,0.0,0.0,0.0,expected_zero_independently_supported,5,1.25e-06,2e-05,0.0,0.0,9,5,4,True,strong,,True,True,0.0,0.0,0.0,,,True,True,"Derivative is zero on evidence independent of the OTI result: high_precision -- recomputed at 200 decimal digits with step 2.000e-08, where cancellation cannot manufacture a zero, giving normalized magnitude 0.000e+00"
6,elastic,1,4,1|1|1|1,repeated,24,0.0,0.0,0.0,0.0,expected_zero_independently_supported,3,2.5e-06,1e-05,1.0959352205841257e-56,15.724107142857143,9,5,4,True,strong,,False,True,0.0,-2.1595339546565272e-167,0.0,,,True,True,"Derivative is zero on evidence independent of the OTI result: high_precision -- recomputed at 200 decimal digits with step 2.000e-08, where cancellation cannot manufacture a zero, giving normalized magnitude 8.638e-182"
6,elastic,2,4,1|1|1|1,repeated,24,0.0,0.0,0.0,0.0,expected_zero_independently_supported,3,5e-06,2e-05,1.6825477557517062e-58,7.952205882352941,9,5,4,True,strong,,False,True,0.08776371308016877,7.154284266960274e-168,0.0,,,True,True,"Derivative is zero on evidence independent of the OTI result: high_precision -- recomputed at 200 decimal digits with step 2.000e-08, where cancellation cannot manufacture a zero, giving normalized magnitude 2.862e-182"
6,elastic,3,4,1|1|1|1,repeated,24,0.0,0.0,0.0,0.0,expected_zero_independently_supported,3,5e-06,2e-05,1.6825477557517062e-58,7.952205882352941,9,5,4,True,strong,,False,True,0.08776371308016877,7.154284266960274e-168,0.0,,,True,True,"Derivative is zero on evidence independent of the OTI result: high_precision -- recomputed at 200 decimal digits with step 2.000e-08, where cancellation cannot manufacture a zero, giving normalized magnitude 2.862e-182"
6,elastic,4,4,1|1|1|1,repeated,24,0.0,0.0,0.0,0.0,expected_zero_independently_supported,5,1.25e-06,2e-05,0.0,0.0,9,5,4,True,strong,,True,True,0.0,0.0,0.0,,,True,True,"Derivative is zero on evidence independent of the OTI result: high_precision -- recomputed at 200 decimal digits with step 2.000e-08, where cancellation cannot manufacture a zero, giving normalized magnitude 0.000e+00"
6,elastic,5,4,1|1|1|1,repeated,24,0.0,0.0,0.0,0.0,expected_zero_independently_supported,5,1.25e-06,2e-05,0.0,0.0,9,5,4,True,strong,,True,True,0.0,0.0,0.0,,,True,True,"Derivative is zero on evidence independent of the OTI result: high_precision -- recomputed at 200 decimal digits with step 2.000e-08, where cancellation cannot manufacture a zero, giving normalized magnitude 0.000e+00"
6,elastic,6,4,1|1|1|1,repeated,24,0.0,0.0,0.0,0.0,expected_zero_independently_supported,5,1.25e-06,2e-05,0.0,0.0,9,5,4,True,strong,,True,True,0.0,0.0,0.0,,,True,True,"Derivative is zero on evidence independent of the OTI result: high_precision -- recomputed at 200 decimal digits with step 2.000e-08, where cancellation cannot manufacture a zero, giving normalized magnitude 0.000e+00"
6,elastic,1,3,1|1|2,mixed,2,0.0,0.0,0.0,0.0,expected_zero_independently_supported,3,1.25e-06,5e-06,2.373495051381826e-61,9.624187823366622,9,5,4,True,strong,,False,True,0.0,3.346752113462979e-176,0.0,,,True,True,"Derivative is zero on evidence independent of the OTI result: high_precision -- recomputed at 200 decimal digits with step 2.000e-08, where cancellation cannot manufacture a zero, giving normalized magnitude 1.339e-187"
6,elastic,2,3,1|1|2,mixed,2,0.0,0.0,0.0,0.0,expected_zero_independently_supported,3,1.25e-06,5e-06,3.486235568652686e-62,4.131009361814346,9,5,4,True,strong,,False,True,0.07849056603773585,-2.0034748302539572e-176,0.0,,,True,True,"Derivative is zero on evidence independent of the OTI result: high_precision -- recomputed at 200 decimal digits with step 2.000e-08, where cancellation cannot manufacture a zero, giving normalized magnitude 8.014e-188"
6,elastic,3,3,1|1|2,mixed,2,0.0,0.0,0.0,0.0,expected_zero_independently_supported,3,2.5e-06,1e-05,5.17711984831428e-63,20.807565716681612,9,5,4,True,strong,,False,True,0.08353413654618473,3.347234097436e-176,0.0,,,True,True,"Derivative is zero on evidence independent of the OTI result: high_precision -- recomputed at 200 decimal digits with step 2.000e-08, where cancellation cannot manufacture a zero, giving normalized magnitude 1.339e-187"
6,elastic,4,3,1|1|2,mixed,2,0.0,0.0,0.0,0.0,expected_zero_independently_supported,5,1.25e-06,2e-05,0.0,0.0,9,5,4,True,strong,,True,True,0.0,0.0,0.0,,,True,True,"Derivative is zero on evidence independent of the OTI result: high_precision -- recomputed at 200 decimal digits with step 2.000e-08, where cancellation cannot manufacture a zero, giving normalized magnitude 0.000e+00"
6,elastic,5,3,1|1|2,mixed,2,0.0,0.0,0.0,0.0,expected_zero_independently_supported,5,1.25e-06,2e-05,0.0,0.0,9,5,4,True,strong,,True,True,0.0,0.0,0.0,,,True,True,"Derivative is zero on evidence independent of the OTI result: high_precision -- recomputed at 200 decimal digits with step 2.000e-08, where cancellation cannot manufacture a zero, giving normalized magnitude 0.000e+00"
6,elastic,6,3,1|1|2,mixed,2,0.0,0.0,0.0,0.0,expected_zero_independently_supported,5,1.25e-06,2e-05,0.0,0.0,9,5,4,True,strong,,True,True,0.0,0.0,0.0,,,True,True,"Derivative is zero on evidence independent of the OTI result: high_precision -- recomputed at 200 decimal digits with step 2.000e-08, where cancellation cannot manufacture a zero, giving normalized magnitude 0.000e+00"
6,elastic,1,4,1|1|2|2,mixed,4,0.0,0.0,0.0,0.0,expected_zero_independently_supported,3,5e-06,2e-05,3.180991793002823e-57,8.338057491603141,9,5,4,True,strong,,False,True,0.0,2.493239797158769e-168,0.0,,,True,True,"Derivative is zero on evidence independent of the OTI result: high_precision -- recomputed at 200 decimal digits with step 2.000e-08, where cancellation cannot manufacture a zero, giving normalized magnitude 9.973e-183"
6,elastic,2,4,1|1|2|2,mixed,4,0.0,0.0,0.0,0.0,expected_zero_independently_supported,3,2.5e-06,1e-05,2.0140036935814392e-56,7.840206747889044,9,5,4,True,strong,,False,True,0.07849056603773585,3.638052559009197e-168,0.0,,,True,True,"Derivative is zero on evidence independent of the OTI result: high_precision -- recomputed at 200 decimal digits with step 2.000e-08, where cancellation cannot manufacture a zero, giving normalized magnitude 1.455e-182"
6,elastic,3,4,1|1|2|2,mixed,4,0.0,0.0,0.0,0.0,expected_zero_independently_supported,3,2.5e-06,1e-05,3.8158560718129473e-56,9.926587862593067,9,5,4,True,strong,,False,True,0.08353413654618473,-7.622803297818683e-168,0.0,,,True,True,"Derivative is zero on evidence independent of the OTI result: high_precision -- recomputed at 200 decimal digits with step 2.000e-08, where cancellation cannot manufacture a zero, giving normalized magnitude 3.049e-182"
6,elastic,4,4,1|1|2|2,mixed,4,0.0,0.0,0.0,0.0,expected_zero_independently_supported,5,1.25e-06,2e-05,0.0,0.0,9,5,4,True,strong,,True,True,0.0,0.0,0.0,,,True,True,"Derivative is zero on evidence independent of the OTI result: high_precision -- recomputed at 200 decimal digits with step 2.000e-08, where cancellation cannot manufacture a zero, giving normalized magnitude 0.000e+00"
6,elastic,5,4,1|1|2|2,mixed,4,0.0,0.0,0.0,0.0,expected_zero_independently_supported,5,1.25e-06,2e-05,0.0,0.0,9,5,4,True,strong,,True,True,0.0,0.0,0.0,,,True,True,"Derivative is zero on evidence independent of the OTI result: high_precision -- recomputed at 200 decimal digits with step 2.000e-08, where cancellation cannot manufacture a zero, giving normalized magnitude 0.000e+00"
6,elastic,6,4,1|1|2|2,mixed,4,0.0,0.0,0.0,0.0,expected_zero_independently_supported,5,1.25e-06,2e-05,0.0,0.0,9,5,4,True,strong,,True,True,0.0,0.0,0.0,,,True,True,"Derivative is zero on evidence independent of the OTI result: high_precision -- recomputed at 200 decimal digits with step 2.000e-08, where cancellation cannot manufacture a zero, giving normalized magnitude 0.000e+00"
6,elastic,1,2,1|2,mixed,1,0.0,0.0,0.0,0.0,expected_zero_independently_supported,3,1.25e-06,5e-06,2.1777314289525955e-67,23.438945736449853,9,5,4,True,strong,,False,True,0.0,4.550591609098177e-184,0.0,,,True,True,"Derivative is zero on evidence independent of the OTI result: high_precision -- recomputed at 200 decimal digits with step 2.000e-08, where cancellation cannot manufacture a zero, giving normalized magnitude 1.820e-192"
6,elastic,2,2,1|2,mixed,1,0.0,0.0,0.0,0.0,expected_zero_independently_supported,3,2.5e-06,1e-05,4.2795887005580683e-69,1.1331440644250665,9,5,4,True,strong,,False,True,0.07849056603773585,6.252034449594385e-185,0.0,,,True,True,"Derivative is zero on evidence independent of the OTI result: high_precision -- recomputed at 200 decimal digits with step 2.000e-08, where cancellation cannot manufacture a zero, giving normalized magnitude 2.501e-193"
6,elastic,3,2,1|2,mixed,1,0.0,0.0,0.0,0.0,expected_zero_independently_supported,3,5e-06,2e-05,1.8169328833919954e-70,1.0063838783786367,9,5,4,True,strong,,False,True,0.08353413654618473,5.148143179911209e-185,0.0,,,True,True,"Derivative is zero on evidence independent of the OTI result: high_precision -- recomputed at 200 decimal digits with step 2.000e-08, where cancellation cannot manufacture a zero, giving normalized magnitude 2.059e-193"
6,elastic,4,2,1|2,mixed,1,0.0,0.0,0.0,0.0,expected_zero_independently_supported,5,1.25e-06,2e-05,0.0,0.0,9,5,4,True,strong,,True,True,0.0,0.0,0.0,,,True,True,"Derivative is zero on evidence independent of the OTI result: high_precision -- recomputed at 200 decimal digits with step 2.000e-08, where cancellation cannot manufacture a zero, giving normalized magnitude 0.000e+00"
6,elastic,5,2,1|2,mixed,1,0.0,0.0,0.0,0.0,expected_zero_independently_supported,5,1.25e-06,2e-05,0.0,0.0,9,5,4,True,strong,,True,True,0.0,0.0,0.0,,,True,True,"Derivative is zero on evidence independent of the OTI result: high_precision -- recomputed at 200 decimal digits with step 2.000e-08, where cancellation cannot manufacture a zero, giving normalized magnitude 0.000e+00"
6,elastic,6,2,1|2,mixed,1,0.0,0.0,0.0,0.0,expected_zero_independently_supported,5,1.25e-06,2e-05,0.0,0.0,9,5,4,True,strong,,True,True,0.0,0.0,0.0,,,True,True,"Derivative is zero on evidence independent of the OTI result: high_precision -- recomputed at 200 decimal digits with step 2.000e-08, where cancellation cannot manufacture a zero, giving normalized magnitude 0.000e+00"
7,plastic,1,2,1|1,repeated,2,1.4901161193847656e-08,5.960464477539062e-17,0.0,0.0,expected_zero_independently_supported,3,2.5e-06,1e-05,3.6390246378265144e-68,1.2357011070110702,9,5,4,True,strong,,False,True,0.06781854728570329,1.8790726487237149e-183,1.4901161193847656e-08,,,True,True,"Derivative is zero on evidence independent of the OTI result: high_precision -- recomputed at 200 decimal digits with step 2.000e-08, where cancellation cannot manufacture a zero, giving normalized magnitude 7.516e-192"
7,plastic,2,2,1|1,repeated,2,1.4901161193847656e-08,5.960464477539062e-17,0.0,0.0,expected_zero_independently_supported,3,1.25e-06,5e-06,1.221429994152147e-67,5.236024844720497,9,5,4,True,strong,,False,True,0.07220987635908067,1.8147208456852315e-183,1.4901161193847656e-08,,,True,True,"Derivative is zero on evidence independent of the OTI result: high_precision -- recomputed at 200 decimal digits with step 2.000e-08, where cancellation cannot manufacture a zero, giving normalized magnitude 7.259e-192"
7,plastic,3,2,1|1,repeated,2,1.4901161193847656e-08,5.960464477539062e-17,0.0,0.0,expected_zero_independently_supported,3,1.25e-06,5e-06,1.221429994152147e-67,5.236024844720497,9,5,4,True,strong,,False,True,0.07220987635908067,1.8147208456852315e-183,1.4901161193847656e-08,,,True,True,"Derivative is zero on evidence independent of the OTI result: high_precision -- recomputed at 200 decimal digits with step 2.000e-08, where cancellation cannot manufacture a zero, giving normalized magnitude 7.259e-192"
7,plastic,4,2,1|1,repeated,2,0.0,0.0,0.0,0.0,expected_zero_independently_supported,5,1.25e-06,2e-05,0.0,0.0,9,5,4,True,strong,,True,True,0.0,0.0,0.0,,,True,True,"Derivative is zero on evidence independent of the OTI result: high_precision -- recomputed at 200 decimal digits with step 2.000e-08, where cancellation cannot manufacture a zero, giving normalized magnitude 0.000e+00"
7,plastic,5,2,1|1,repeated,2,0.0,0.0,0.0,0.0,expected_zero_independently_supported,5,1.25e-06,2e-05,0.0,0.0,9,5,4,True,strong,,True,True,0.0,0.0,0.0,,,True,True,"Derivative is zero on evidence independent of the OTI result: high_precision -- recomputed at 200 decimal digits with step 2.000e-08, where cancellation cannot manufacture a zero, giving normalized magnitude 0.000e+00"
7,plastic,6,2,1|1,repeated,2,0.0,0.0,0.0,0.0,expected_zero_independently_supported,5,1.25e-06,2e-05,0.0,0.0,9,5,4,True,strong,,True,True,0.0,0.0,0.0,,,True,True,"Derivative is zero on evidence independent of the OTI result: high_precision -- recomputed at 200 decimal digits with step 2.000e-08, where cancellation cannot manufacture a zero, giving normalized magnitude 0.000e+00"
7,plastic,1,3,1|1|1,repeated,6,-6.866455078125e-05,-2.7465820312500004e-16,0.0,0.0,expected_zero_independently_supported,3,5e-06,2e-05,3.5178137160697936e-63,5.021685225496911,9,5,4,True,strong,,False,True,0.06781854728570329,-4.893934383438974e-176,6.866455078125e-05,,,True,True,"Derivative is zero on evidence independent of the OTI result: high_precision -- recomputed at 200 decimal digits with step 2.000e-08, where cancellation cannot manufacture a zero, giving normalized magnitude 1.958e-187"
7,plastic,2,3,1|1|1,repeated,6,1.1444091796875e-05,4.577636718750001e-17,0.0,0.0,expected_zero_independently_supported,3,1.25e-06,5e-06,1.2495962110627682e-61,9.980301869117259,9,5,4,True,strong,,False,True,0.07220987635908067,-1.0669223496675644e-176,1.1444091796875e-05,,,True,True,"Derivative is zero on evidence independent of the OTI result: high_precision -- recomputed at 200 decimal digits with step 2.000e-08, where cancellation cannot manufacture a zero, giving normalized magnitude 4.268e-188"
7,plastic,3,3,1|1|1,repeated,6,1.1444091796875e-05,4.577636718750001e-17,0.0,0.0,expected_zero_independently_supported,3,1.25e-06,5e-06,1.2495962110627682e-61,9.980301869117259,9,5,4,True,strong,,False,True,0.07220987635908067,-1.0669223496675644e-176,1.1444091796875e-05,,,True,True,"Derivative is zero on evidence independent of the OTI result: high_precision -- recomputed at 200 decimal digits with step 2.000e-08, where cancellation cannot manufacture a zero, giving normalized magnitude 4.268e-188"
7,plastic,4,3,1|1|1,repeated,6,0.0,0.0,0.0,0.0,expected_zero_independently_supported,5,1.25e-06,2e-05,0.0,0.0,9,5,4,True,strong,,True,True,0.0,0.0,0.0,,,True,True,"Derivative is zero on evidence independent of the OTI result: high_precision -- recomputed at 200 decimal digits with step 2.000e-08, where cancellation cannot manufacture a zero, giving normalized magnitude 0.000e+00"
7,plastic,5,3,1|1|1,repeated,6,0.0,0.0,0.0,0.0,expected_zero_independently_supported,5,1.25e-06,2e-05,0.0,0.0,9,5,4,True,strong,,True,True,0.0,0.0,0.0,,,True,True,"Derivative is zero on evidence independent of the OTI result: high_precision -- recomputed at 200 decimal digits with step 2.000e-08, where cancellation cannot manufacture a zero, giving normalized magnitude 0.000e+00"
7,plastic,6,3,1|1|1,repeated,6,0.0,0.0,0.0,0.0,expected_zero_independently_supported,5,1.25e-06,2e-05,0.0,0.0,9,5,4,True,strong,,True,True,0.0,0.0,0.0,,,True,True,"Derivative is zero on evidence independent of the OTI result: high_precision -- recomputed at 200 decimal digits with step 2.000e-08, where cancellation cannot manufacture a zero, giving normalized magnitude 0.000e+00"
7,plastic,1,4,1|1|1|1,repeated,24,0.28125,1.1250000000000001e-15,0.0,0.0,expected_zero_independently_supported,3,1.25e-06,5e-06,2.045928286871852e-55,2.237369337979094,9,5,4,True,strong,,False,True,0.06781854728570329,1.3248674568444952e-167,0.28125,,,True,True,"Derivative is zero on evidence independent of the OTI result: high_precision -- recomputed at 200 decimal digits with step 2.000e-08, where cancellation cannot manufacture a zero, giving normalized magnitude 5.299e-182"
7,plastic,2,4,1|1|1|1,repeated,24,-0.046875,-1.8750000000000004e-16,0.0,0.0,expected_zero_independently_supported,3,1.25e-06,5e-06,7.879830865438892e-56,3.1305379746835444,9,5,4,True,strong,,False,True,0.07220987635908067,-1.1493225188125996e-167,0.046875,,,True,True,"Derivative is zero on evidence independent of the OTI result: high_precision -- recomputed at 200 decimal digits with step 2.000e-08, where cancellation cannot manufacture a zero, giving normalized magnitude 4.597e-182"
7,plastic,3,4,1|1|1|1,repeated,24,-0.046875,-1.8750000000000004e-16,0.0,0.0,expected_zero_independently_supported,3,1.25e-06,5e-06,7.879830865438892e-56,3.1305379746835444,9,5,4,True,strong,,False,True,0.07220987635908067,-1.1493225188125996e-167,0.046875,,,True,True,"Derivative is zero on evidence independent of the OTI result: high_precision -- recomputed at 200 decimal digits with step 2.000e-08, where cancellation cannot manufacture a zero, giving normalized magnitude 4.597e-182"
7,plastic,4,4,1|1|1|1,repeated,24,0.0,0.0,0.0,0.0,expected_zero_independently_supported,5,1.25e-06,2e-05,0.0,0.0,9,5,4,True,strong,,True,True,0.0,0.0,0.0,,,True,True,"Derivative is zero on evidence independent of the OTI result: high_precision -- recomputed at 200 decimal digits with step 2.000e-08, where cancellation cannot manufacture a zero, giving normalized magnitude 0.000e+00"
7,plastic,5,4,1|1|1|1,repeated,24,0.0,0.0,0.0,0.0,expected_zero_independently_supported,5,1.25e-06,2e-05,0.0,0.0,9,5,4,True,strong,,True,True,0.0,0.0,0.0,,,True,True,"Derivative is zero on evidence independent of the OTI result: high_precision -- recomputed at 200 decimal digits with step 2.000e-08, where cancellation cannot manufacture a zero, giving normalized magnitude 0.000e+00"
7,plastic,6,4,1|1|1|1,repeated,24,0.0,0.0,0.0,0.0,expected_zero_independently_supported,5,1.25e-06,2e-05,0.0,0.0,9,5,4,True,strong,,True,True,0.0,0.0,0.0,,,True,True,"Derivative is zero on evidence independent of the OTI result: high_precision -- recomputed at 200 decimal digits with step 2.000e-08, where cancellation cannot manufacture a zero, giving normalized magnitude 0.000e+00"
7,plastic,1,3,1|1|2,mixed,2,2.288818359375e-05,9.155273437500002e-17,0.0,0.0,expected_zero_independently_supported,3,5e-06,2e-05,0.05353031549951343,255.23987385962334,9,5,4,True,strong,,False,False,1.627617363709319e+76,1.074850769967723e-25,2.288818359375e-05,,,True,True,"Derivative is zero on evidence independent of the OTI result: high_precision -- recomputed at 200 decimal digits with step 2.000e-08, where cancellation cannot manufacture a zero, giving normalized magnitude 4.299e-37"
7,plastic,2,3,1|1|2,mixed,2,46246427945.17488,0.18498571178069956,46246427945.17486,0.18498571178069942,resolved,5,1.25e-06,2e-05,0.0176239013671875,7.621735191345215e-13,9,5,4,True,none,,False,False,5.0552204368949504e+76,46246427945.17486,2.288818359375e-05,4.949178695678711e-16,46246.42794517486,True,True,5 consecutive admissible steps from 1.250e-06 to 2.000e-05 agree to 7.62e-13 relative; the plateau is a genuine independent estimate and its own spread sets the agreement tolerance. 4 step(s) were excluded for leaving the nominal branch.
7,plastic,3,3,1|1|2,mixed,2,-46246427945.174835,-0.18498571178069934,-46246427945.17486,-0.18498571178069942,resolved,5,1.25e-06,2e-05,0.035907745361328125,1.5528873020807903e-12,9,5,4,True,none,,False,False,3.263972666915843e+76,-46246427945.17486,2.288818359375e-05,4.949178695678711e-16,46246.42794517486,True,True,5 consecutive admissible steps from 1.250e-06 to 2.000e-05 agree to 1.55e-12 relative; the plateau is a genuine independent estimate and its own spread sets the agreement tolerance. 4 step(s) were excluded for leaving the nominal branch.
7,plastic,4,3,1|1|2,mixed,2,0.0,0.0,0.0,0.0,expected_zero_independently_supported,5,1.25e-06,2e-05,0.0,0.0,9,5,4,True,strong,,True,True,0.0,0.0,0.0,,,True,True,"Derivative is zero on evidence independent of the OTI result: high_precision -- recomputed at 200 decimal digits with step 2.000e-08, where cancellation cannot manufacture a zero, giving normalized magnitude 0.000e+00"
7,plastic,5,3,1|1|2,mixed,2,0.0,0.0,0.0,0.0,expected_zero_independently_supported,5,1.25e-06,2e-05,0.0,0.0,9,5,4,True,strong,,True,True,0.0,0.0,0.0,,,True,True,"Derivative is zero on evidence independent of the OTI result: high_precision -- recomputed at 200 decimal digits with step 2.000e-08, where cancellation cannot manufacture a zero, giving normalized magnitude 0.000e+00"
7,plastic,6,3,1|1|2,mixed,2,0.0,0.0,0.0,0.0,expected_zero_independently_supported,5,1.25e-06,2e-05,0.0,0.0,9,5,4,True,strong,,True,True,0.0,0.0,0.0,,,True,True,"Derivative is zero on evidence independent of the OTI result: high_precision -- recomputed at 200 decimal digits with step 2.000e-08, where cancellation cannot manufacture a zero, giving normalized magnitude 0.000e+00"
7,plastic,1,4,1|1|2|2,mixed,4,-79279590763156.94,-0.3171183630526278,-79279590763156.89,-0.31711836305262764,resolved,5,1.25e-06,2e-05,41.7421875,1.0530374109700522e-12,9,5,4,True,none,,False,False,1.627617363709319e+76,-79279590763156.89,0.046875,5.912618815104167e-16,79279590.76315689,True,True,5 consecutive admissible steps from 1.250e-06 to 2.000e-05 agree to 1.05e-12 relative; the plateau is a genuine independent estimate and its own spread sets the agreement tolerance. 4 step(s) were excluded for leaving the nominal branch.
7,plastic,2,4,1|1|2|2,mixed,4,118919386144735.34,0.47567754457894146,118919386144735.34,0.47567754457894146,resolved,5,1.25e-06,2e-05,19.8359375,3.3360309270109957e-13,9,5,4,True,none,,False,False,5.0552204368949504e+76,118919386144735.34,0.0,0.0,118919386.14473534,True,True,5 consecutive admissible steps from 1.250e-06 to 2.000e-05 agree to 3.34e-13 relative; the plateau is a genuine independent estimate and its own spread sets the agreement tolerance. 4 step(s) were excluded for leaving the nominal branch.
7,plastic,3,4,1|1|2|2,mixed,4,-39639795381578.41,-0.15855918152631365,-39639795381578.45,-0.15855918152631385,resolved,5,1.25e-06,2e-05,61.58203125,3.1070811873372393e-12,9,5,4,True,none,,False,False,3.263972666915843e+76,-39639795381578.445,0.046875,1.1825237630208332e-15,39639795.38157845,True,True,5 consecutive admissible steps from 1.250e-06 to 2.000e-05 agree to 3.11e-12 relative; the plateau is a genuine independent estimate and its own spread sets the agreement tolerance. 4 step(s) were excluded for leaving the nominal branch.
7,plastic,4,4,1|1|2|2,mixed,4,0.0,0.0,0.0,0.0,expected_zero_independently_supported,5,1.25e-06,2e-05,0.0,0.0,9,5,4,True,strong,,True,True,0.0,0.0,0.0,,,True,True,"Derivative is zero on evidence independent of the OTI result: high_precision -- recomputed at 200 decimal digits with step 2.000e-08, where cancellation cannot manufacture a zero, giving normalized magnitude 0.000e+00"
7,plastic,5,4,1|1|2|2,mixed,4,0.0,0.0,0.0,0.0,expected_zero_independently_supported,5,1.25e-06,2e-05,0.0,0.0,9,5,4,True,strong,,True,True,0.0,0.0,0.0,,,True,True,"Derivative is zero on evidence independent of the OTI result: high_precision -- recomputed at 200 decimal digits with step 2.000e-08, where cancellation cannot manufacture a zero, giving normalized magnitude 0.000e+00"
7,plastic,6,4,1|1|2|2,mixed,4,0.0,0.0,0.0,0.0,expected_zero_independently_supported,5,1.25e-06,2e-05,0.0,0.0,9,5,4,True,strong,,True,True,0.0,0.0,0.0,,,True,True,"Derivative is zero on evidence independent of the OTI result: high_precision -- recomputed at 200 decimal digits with step 2.000e-08, where cancellation cannot manufacture a zero, giving normalized magnitude 0.000e+00"
7,plastic,1,2,1|2,mixed,1,-3.725290298461914e-09,-1.4901161193847654e-17,0.0,0.0,expected_zero_independently_supported,3,5e-06,2e-05,9.373976158607002e-06,255.36614189774568,9,5,4,True,strong,,False,False,1.627617363709319e+76,-1.8809888486752822e-29,3.725290298461914e-09,,,True,True,"Derivative is zero on evidence independent of the OTI result: high_precision -- recomputed at 200 decimal digits with step 2.000e-08, where cancellation cannot manufacture a zero, giving normalized magnitude 7.524e-38"
7,plastic,2,2,1|2,mixed,1,-40465624.45202802,-0.16186249780811207,-40465624.452028,-0.161862497808112,resolved,5,1.25e-06,2e-05,5.815178155899048e-06,2.8741324196259183e-13,9,5,4,True,none,,False,False,5.0552204368949504e+76,-40465624.452028,2.2351741790771484e-08,5.523636937141419e-16,40.465624452027996,True,True,5 consecutive admissible steps from 1.250e-06 to 2.000e-05 agree to 2.87e-13 relative; the plateau is a genuine independent estimate and its own spread sets the agreement tolerance. 4 step(s) were excluded for leaving the nominal branch.
7,plastic,3,2,1|2,mixed,1,40465624.452027984,0.16186249780811193,40465624.452028,0.161862497808112,resolved,5,1.25e-06,2e-05,3.557652235031128e-06,1.7583577583233516e-13,9,5,4,True,none,,False,False,3.263972666915843e+76,40465624.452028,1.4901161193847656e-08,3.682424624760946e-16,40.465624452027996,True,True,5 consecutive admissible steps from 1.250e-06 to 2.000e-05 agree to 1.76e-13 relative; the plateau is a genuine independent estimate and its own spread sets the agreement tolerance. 4 step(s) were excluded for leaving the nominal branch.
7,plastic,4,2,1|2,mixed,1,0.0,0.0,0.0,0.0,expected_zero_independently_supported,5,1.25e-06,2e-05,0.0,0.0,9,5,4,True,strong,,True,True,0.0,0.0,0.0,,,True,True,"Derivative is zero on evidence independent of the OTI result: high_precision -- recomputed at 200 decimal digits with step 2.000e-08, where cancellation cannot manufacture a zero, giving normalized magnitude 0.000e+00"
7,plastic,5,2,1|2,mixed,1,0.0,0.0,0.0,0.0,expected_zero_independently_supported,5,1.25e-06,2e-05,0.0,0.0,9,5,4,True,strong,,True,True,0.0,0.0,0.0,,,True,True,"Derivative is zero on evidence independent of the OTI result: high_precision -- recomputed at 200 decimal digits with step 2.000e-08, where cancellation cannot manufacture a zero, giving normalized magnitude 0.000e+00"
7,plastic,6,2,1|2,mixed,1,0.0,0.0,0.0,0.0,expected_zero_independently_supported,5,1.25e-06,2e-05,0.0,0.0,9,5,4,True,strong,,True,True,0.0,0.0,0.0,,,True,True,"Derivative is zero on evidence independent of the OTI result: high_precision -- recomputed at 200 decimal digits with step 2.000e-08, where cancellation cannot manufacture a zero, giving normalized magnitude 0.000e+00"
8,plastic,1,2,1|1,repeated,2,0.0,0.0,0.0,0.0,expected_zero_independently_supported,3,1.25e-06,5e-06,7.2155650900091244e-68,0.8245033112582781,9,6,3,True,strong,,False,True,0.06228900782214904,1.934231337042415e-183,0.0,,,True,True,"Derivative is zero on evidence independent of the OTI result: high_precision -- recomputed at 200 decimal digits with step 2.000e-08, where cancellation cannot manufacture a zero, giving normalized magnitude 7.737e-192"
8,plastic,2,2,1|1,repeated,2,7.450580596923828e-09,2.980232238769531e-17,0.0,0.0,expected_zero_independently_supported,3,1e-05,4e-05,1.3620307314497802e-69,0.8382096830372693,9,6,3,True,strong,,False,True,0.12161157439967848,2.9270877267790157e-183,7.450580596923828e-09,,,True,True,"Derivative is zero on evidence independent of the OTI result: high_precision -- recomputed at 200 decimal digits with step 2.000e-08, where cancellation cannot manufacture a zero, giving normalized magnitude 1.171e-191"
8,plastic,3,2,1|1,repeated,2,7.450580596923828e-09,2.980232238769531e-17,0.0,0.0,expected_zero_independently_supported,3,1e-05,4e-05,1.3620307314497802e-69,0.8382096830372693,9,6,3,True,strong,,False,True,0.12161157439967848,2.9270877267790157e-183,7.450580596923828e-09,,,True,True,"Derivative is zero on evidence independent of the OTI result: high_precision -- recomputed at 200 decimal digits with step 2.000e-08, where cancellation cannot manufacture a zero, giving normalized magnitude 1.171e-191"
8,plastic,4,2,1|1,repeated,2,0.0,0.0,0.0,0.0,expected_zero_independently_supported,6,1.25e-06,4e-05,0.0,0.0,9,6,3,True,strong,,True,True,0.0,0.0,0.0,,,True,True,"Derivative is zero on evidence independent of the OTI result: high_precision -- recomputed at 200 decimal digits with step 2.000e-08, where cancellation cannot manufacture a zero, giving normalized magnitude 0.000e+00"
8,plastic,5,2,1|1,repeated,2,0.0,0.0,0.0,0.0,expected_zero_independently_supported,6,1.25e-06,4e-05,0.0,0.0,9,6,3,True,strong,,True,True,0.0,0.0,0.0,,,True,True,"Derivative is zero on evidence independent of the OTI result: high_precision -- recomputed at 200 decimal digits with step 2.000e-08, where cancellation cannot manufacture a zero, giving normalized magnitude 0.000e+00"
8,plastic,6,2,1|1,repeated,2,0.0,0.0,0.0,0.0,expected_zero_independently_supported,6,1.25e-06,4e-05,0.0,0.0,9,6,3,True,strong,,True,True,0.0,0.0,0.0,,,True,True,"Derivative is zero on evidence independent of the OTI result: high_precision -- recomputed at 200 decimal digits with step 2.000e-08, where cancellation cannot manufacture a zero, giving normalized magnitude 0.000e+00"
8,plastic,1,3,1|1|1,repeated,6,-2.288818359375e-05,-9.155273437500002e-17,0.0,0.0,expected_zero_independently_supported,3,5e-06,2e-05,8.540610843969947e-63,9.910741315095619,9,6,3,True,strong,,False,True,0.06228900782214904,1.7023555351110714e-175,2.288818359375e-05,,,True,True,"Derivative is zero on evidence independent of the OTI result: high_precision -- recomputed at 200 decimal digits with step 2.000e-08, where cancellation cannot manufacture a zero, giving normalized magnitude 6.809e-187"
8,plastic,2,3,1|1|1,repeated,6,1.1444091796875e-05,4.577636718750001e-17,0.0,0.0,expected_zero_independently_supported,3,2.5e-06,1e-05,1.0452384152960397e-62,4.1540483095850576,9,6,3,True,strong,,False,True,0.12161157439967848,1.0782085008021893e-175,1.1444091796875e-05,,,True,True,"Derivative is zero on evidence independent of the OTI result: high_precision -- recomputed at 200 decimal digits with step 2.000e-08, where cancellation cannot manufacture a zero, giving normalized magnitude 4.313e-187"
8,plastic,3,3,1|1|1,repeated,6,1.1444091796875e-05,4.577636718750001e-17,0.0,0.0,expected_zero_independently_supported,3,2.5e-06,1e-05,1.0452384152960397e-62,4.1540483095850576,9,6,3,True,strong,,False,True,0.12161157439967848,1.0782085008021893e-175,1.1444091796875e-05,,,True,True,"Derivative is zero on evidence independent of the OTI result: high_precision -- recomputed at 200 decimal digits with step 2.000e-08, where cancellation cannot manufacture a zero, giving normalized magnitude 4.313e-187"
8,plastic,4,3,1|1|1,repeated,6,0.0,0.0,0.0,0.0,expected_zero_independently_supported,6,1.25e-06,4e-05,0.0,0.0,9,6,3,True,strong,,True,True,0.0,0.0,0.0,,,True,True,"Derivative is zero on evidence independent of the OTI result: high_precision -- recomputed at 200 decimal digits with step 2.000e-08, where cancellation cannot manufacture a zero, giving normalized magnitude 0.000e+00"
8,plastic,5,3,1|1|1,repeated,6,0.0,0.0,0.0,0.0,expected_zero_independently_supported,6,1.25e-06,4e-05,0.0,0.0,9,6,3,True,strong,,True,True,0.0,0.0,0.0,,,True,True,"Derivative is zero on evidence independent of the OTI result: high_precision -- recomputed at 200 decimal digits with step 2.000e-08, where cancellation cannot manufacture a zero, giving normalized magnitude 0.000e+00"
8,plastic,6,3,1|1|1,repeated,6,0.0,0.0,0.0,0.0,expected_zero_independently_supported,6,1.25e-06,4e-05,0.0,0.0,9,6,3,True,strong,,True,True,0.0,0.0,0.0,,,True,True,"Derivative is zero on evidence independent of the OTI result: high_precision -- recomputed at 200 decimal digits with step 2.000e-08, where cancellation cannot manufacture a zero, giving normalized magnitude 0.000e+00"
8,plastic,1,4,1|1|1|1,repeated,24,0.046875,1.8750000000000004e-16,0.0,0.0,expected_zero_independently_supported,3,2.5e-06,1e-05,7.551255658767824e-56,7.420743639921722,9,6,3,True,strong,,False,True,0.06228900782214904,2.8617137067841097e-167,0.046875,,,True,True,"Derivative is zero on evidence independent of the OTI result: high_precision -- recomputed at 200 decimal digits with step 2.000e-08, where cancellation cannot manufacture a zero, giving normalized magnitude 1.145e-181"
8,plastic,2,4,1|1|1|1,repeated,24,-0.0234375,-9.375000000000002e-17,0.0,0.0,expected_zero_independently_supported,3,1e-05,4e-05,2.6212020992647145e-59,1.02734375,9,6,3,True,strong,,False,True,0.12161157439967848,7.551744504013623e-168,0.0234375,,,True,True,"Derivative is zero on evidence independent of the OTI result: high_precision -- recomputed at 200 decimal digits with step 2.000e-08, where cancellation cannot manufacture a zero, giving normalized magnitude 3.021e-182"
8,plastic,3,4,1|1|1|1,repeated,24,-0.0234375,-9.375000000000002e-17,0.0,0.0,expected_zero_independently_supported,3,1e-05,4e-05,2.6212020992647145e-59,1.02734375,9,6,3,True,strong,,False,True,0.12161157439967848,7.551744504013623e-168,0.0234375,,,True,True,"Derivative is zero on evidence independent of the OTI result: high_precision -- recomputed at 200 decimal digits with step 2.000e-08, where cancellation cannot manufacture a zero, giving normalized magnitude 3.021e-182"
8,plastic,4,4,1|1|1|1,repeated,24,0.0,0.0,0.0,0.0,expected_zero_independently_supported,6,1.25e-06,4e-05,0.0,0.0,9,6,3,True,strong,,True,True,0.0,0.0,0.0,,,True,True,"Derivative is zero on evidence independent of the OTI result: high_precision -- recomputed at 200 decimal digits with step 2.000e-08, where cancellation cannot manufacture a zero, giving normalized magnitude 0.000e+00"
8,plastic,5,4,1|1|1|1,repeated,24,0.0,0.0,0.0,0.0,expected_zero_independently_supported,6,1.25e-06,4e-05,0.0,0.0,9,6,3,True,strong,,True,True,0.0,0.0,0.0,,,True,True,"Derivative is zero on evidence independent of the OTI result: high_precision -- recomputed at 200 decimal digits with step 2.000e-08, where cancellation cannot manufacture a zero, giving normalized magnitude 0.000e+00"
8,plastic,6,4,1|1|1|1,repeated,24,0.0,0.0,0.0,0.0,expected_zero_independently_supported,6,1.25e-06,4e-05,0.0,0.0,9,6,3,True,strong,,True,True,0.0,0.0,0.0,,,True,True,"Derivative is zero on evidence independent of the OTI result: high_precision -- recomputed at 200 decimal digits with step 2.000e-08, where cancellation cannot manufacture a zero, giving normalized magnitude 0.000e+00"
8,plastic,1,3,1|1|2,mixed,2,1.1444091796875e-05,4.577636718750001e-17,0.0,0.0,expected_zero_independently_supported,3,1e-05,4e-05,6.316896890252701,253.34865067767012,9,6,3,True,strong,,False,False,1.3015372269450153e+76,5.0038465029553455e-26,1.1444091796875e-05,,,True,True,"Derivative is zero on evidence independent of the OTI result: high_precision -- recomputed at 200 decimal digits with step 2.000e-08, where cancellation cannot manufacture a zero, giving normalized magnitude 2.002e-37"
8,plastic,2,3,1|1|2,mixed,2,37560327921.48645,0.15024131168594582,37560327921.486404,0.15024131168594562,resolved,6,1.25e-06,4e-05,2.0190048217773438,1.0750730536739382e-10,9,6,3,True,none,,False,False,3.7279097008148916e+76,37560327921.486404,4.57763671875e-05,1.218742479650014e-15,37560.3279214864,True,True,6 consecutive admissible steps from 1.250e-06 to 4.000e-05 agree to 1.08e-10 relative; the plateau is a genuine independent estimate and its own spread sets the agreement tolerance. 3 step(s) were excluded for leaving the nominal branch.
8,plastic,3,3,1|1|2,mixed,2,-37560327921.48642,-0.15024131168594568,-37560327921.486404,-0.15024131168594562,resolved,6,1.25e-06,4e-05,4.2979888916015625,2.2885790031363895e-10,9,6,3,True,none,,False,False,2.407275854507309e+76,-37560327921.486404,1.52587890625e-05,4.0624749321667136e-16,37560.3279214864,True,True,6 consecutive admissible steps from 1.250e-06 to 4.000e-05 agree to 2.29e-10 relative; the plateau is a genuine independent estimate and its own spread sets the agreement tolerance. 3 step(s) were excluded for leaving the nominal branch.
8,plastic,4,3,1|1|2,mixed,2,0.0,0.0,0.0,0.0,expected_zero_independently_supported,6,1.25e-06,4e-05,0.0,0.0,9,6,3,True,strong,,True,True,0.0,0.0,0.0,,,True,True,"Derivative is zero on evidence independent of the OTI result: high_precision -- recomputed at 200 decimal digits with step 2.000e-08, where cancellation cannot manufacture a zero, giving normalized magnitude 0.000e+00"
8,plastic,5,3,1|1|2,mixed,2,0.0,0.0,0.0,0.0,expected_zero_independently_supported,6,1.25e-06,4e-05,0.0,0.0,9,6,3,True,strong,,True,True,0.0,0.0,0.0,,,True,True,"Derivative is zero on evidence independent of the OTI result: high_precision -- recomputed at 200 decimal digits with step 2.000e-08, where cancellation cannot manufacture a zero, giving normalized magnitude 0.000e+00"
8,plastic,6,3,1|1|2,mixed,2,0.0,0.0,0.0,0.0,expected_zero_independently_supported,6,1.25e-06,4e-05,0.0,0.0,9,6,3,True,strong,,True,True,0.0,0.0,0.0,,,True,True,"Derivative is zero on evidence independent of the OTI result: high_precision -- recomputed at 200 decimal digits with step 2.000e-08, where cancellation cannot manufacture a zero, giving normalized magnitude 0.000e+00"
8,plastic,1,4,1|1|2|2,mixed,4,-60062120287344.375,-0.24024848114937755,-60062120287344.164,-0.2402484811493767,resolved,6,1.25e-06,4e-05,4573.30859375,1.5228595233970295e-10,9,6,3,True,none,,False,False,1.3015372269450153e+76,-60062120287344.305,0.2109375,3.5119889040022313e-15,60062120.28734416,True,True,6 consecutive admissible steps from 1.250e-06 to 4.000e-05 agree to 1.52e-10 relative; the plateau is a genuine independent estimate and its own spread sets the agreement tolerance. 3 step(s) were excluded for leaving the nominal branch.
8,plastic,2,4,1|1|2|2,mixed,4,90093180431016.55,0.36037272172406626,90093180431016.52,0.36037272172406615,resolved,6,1.25e-06,4e-05,2182.3515625,4.844654283619182e-11,9,6,3,True,none,,False,False,3.7279097008148916e+76,90093180431016.45,0.03125,3.4686310162984896e-16,90093180.4310165,True,True,6 consecutive admissible steps from 1.250e-06 to 4.000e-05 agree to 4.84e-11 relative; the plateau is a genuine independent estimate and its own spread sets the agreement tolerance. 3 step(s) were excluded for leaving the nominal branch.
8,plastic,3,4,1|1|2|2,mixed,4,-30031060143672.156,-0.12012424057468864,-30031060143672.152,-0.12012424057468862,resolved,6,1.25e-06,4e-05,6755.658203125,4.4991140311431767e-10,9,6,3,True,none,,False,False,2.407275854507309e+76,-30031060143672.152,0.00390625,1.3007366311119345e-16,30031060.14367215,True,True,6 consecutive admissible steps from 1.250e-06 to 4.000e-05 agree to 4.50e-10 relative; the plateau is a genuine independent estimate and its own spread sets the agreement tolerance. 3 step(s) were excluded for leaving the nominal branch.
8,plastic,4,4,1|1|2|2,mixed,4,0.0,0.0,0.0,0.0,expected_zero_independently_supported,6,1.25e-06,4e-05,0.0,0.0,9,6,3,True,strong,,True,True,0.0,0.0,0.0,,,True,True,"Derivative is zero on evidence independent of the OTI result: high_precision -- recomputed at 200 decimal digits with step 2.000e-08, where cancellation cannot manufacture a zero, giving normalized magnitude 0.000e+00"
8,plastic,5,4,1|1|2|2,mixed,4,0.0,0.0,0.0,0.0,expected_zero_independently_supported,6,1.25e-06,4e-05,0.0,0.0,9,6,3,True,strong,,True,True,0.0,0.0,0.0,,,True,True,"Derivative is zero on evidence independent of the OTI result: high_precision -- recomputed at 200 decimal digits with step 2.000e-08, where cancellation cannot manufacture a zero, giving normalized magnitude 0.000e+00"
8,plastic,6,4,1|1|2|2,mixed,4,0.0,0.0,0.0,0.0,expected_zero_independently_supported,6,1.25e-06,4e-05,0.0,0.0,9,6,3,True,strong,,True,True,0.0,0.0,0.0,,,True,True,"Derivative is zero on evidence independent of the OTI result: high_precision -- recomputed at 200 decimal digits with step 2.000e-08, where cancellation cannot manufacture a zero, giving normalized magnitude 0.000e+00"
8,plastic,1,2,1|2,mixed,1,-3.725290298461914e-09,-1.4901161193847654e-17,0.0,0.0,expected_zero_independently_supported,3,1e-05,4e-05,0.0011878532921869962,253.79261433443966,9,6,3,True,strong,,False,False,1.3015372269450153e+76,-9.387586455209374e-30,3.725290298461914e-09,,,True,True,"Derivative is zero on evidence independent of the OTI result: high_precision -- recomputed at 200 decimal digits with step 2.000e-08, where cancellation cannot manufacture a zero, giving normalized magnitude 3.755e-38"
8,plastic,2,2,1|2,mixed,1,-35232977.79416367,-0.14093191117665466,-35232977.794163615,-0.14093191117665443,resolved,6,1.25e-06,4e-05,0.0007339790463447571,4.1664320888956575e-11,9,6,3,True,none,,False,False,3.7279097008148916e+76,-35232977.79416364,5.21540641784668e-08,1.4802627380279558e-15,35.23297779416361,True,True,6 consecutive admissible steps from 1.250e-06 to 4.000e-05 agree to 4.17e-11 relative; the plateau is a genuine independent estimate and its own spread sets the agreement tolerance. 3 step(s) were excluded for leaving the nominal branch.
8,plastic,3,2,1|2,mixed,1,35232977.79416365,0.1409319111766546,35232977.79416365,0.1409319111766546,resolved,6,1.25e-06,4e-05,0.00045389309525489807,2.5765241752009138e-11,9,6,3,True,none,,False,False,2.407275854507309e+76,35232977.79416364,0.0,0.0,35.23297779416365,True,True,6 consecutive admissible steps from 1.250e-06 to 4.000e-05 agree to 2.58e-11 relative; the plateau is a genuine independent estimate and its own spread sets the agreement tolerance. 3 step(s) were excluded for leaving the nominal branch.
8,plastic,4,2,1|2,mixed,1,0.0,0.0,0.0,0.0,expected_zero_independently_supported,6,1.25e-06,4e-05,0.0,0.0,9,6,3,True,strong,,True,True,0.0,0.0,0.0,,,True,True,"Derivative is zero on evidence independent of the OTI result: high_precision -- recomputed at 200 decimal digits with step 2.000e-08, where cancellation cannot manufacture a zero, giving normalized magnitude 0.000e+00"
8,plastic,5,2,1|2,mixed,1,0.0,0.0,0.0,0.0,expected_zero_independently_supported,6,1.25e-06,4e-05,0.0,0.0,9,6,3,True,strong,,True,True,0.0,0.0,0.0,,,True,True,"Derivative is zero on evidence independent of the OTI result: high_precision -- recomputed at 200 decimal digits with step 2.000e-08, where cancellation cannot manufacture a zero, giving normalized magnitude 0.000e+00"
8,plastic,6,2,1|2,mixed,1,0.0,0.0,0.0,0.0,expected_zero_independently_supported,6,1.25e-06,4e-05,0.0,0.0,9,6,3,True,strong,,True,True,0.0,0.0,0.0,,,True,True,"Derivative is zero on evidence independent of the OTI result: high_precision -- recomputed at 200 decimal digits with step 2.000e-08, where cancellation cannot manufacture a zero, giving normalized magnitude 0.000e+00"
9,plastic,1,2,1|1,repeated,2,2.9802322387695312e-08,1.1920928955078123e-16,0.0,0.0,expected_zero_independently_supported,3,1e-05,4e-05,9.171138987081753e-69,16.791709844559584,9,6,3,True,strong,,False,True,0.11518637253094312,6.019651518514132e-183,2.9802322387695312e-08,,,True,True,"Derivative is zero on evidence independent of the OTI result: high_precision -- recomputed at 200 decimal digits with step 2.000e-08, where cancellation cannot manufacture a zero, giving normalized magnitude 2.408e-191"
9,plastic,2,2,1|1,repeated,2,-2.2351741790771484e-08,-8.940696716308594e-17,0.0,0.0,expected_zero_independently_supported,3,1e-05,4e-05,3.350035279223457e-69,3.41743648960739,9,6,3,True,strong,,False,True,0.0,-1.5830543547466913e-183,2.2351741790771484e-08,,,True,True,"Derivative is zero on evidence independent of the OTI result: high_precision -- recomputed at 200 decimal digits with step 2.000e-08, where cancellation cannot manufacture a zero, giving normalized magnitude 6.332e-192"
9,plastic,3,2,1|1,repeated,2,-2.2351741790771484e-08,-8.940696716308594e-17,0.0,0.0,expected_zero_independently_supported,3,1e-05,4e-05,3.350035279223457e-69,3.41743648960739,9,6,3,True,strong,,False,True,0.0,-1.5830543547466913e-183,2.2351741790771484e-08,,,True,True,"Derivative is zero on evidence independent of the OTI result: high_precision -- recomputed at 200 decimal digits with step 2.000e-08, where cancellation cannot manufacture a zero, giving normalized magnitude 6.332e-192"
9,plastic,4,2,1|1,repeated,2,0.0,0.0,0.0,0.0,expected_zero_independently_supported,6,1.25e-06,4e-05,0.0,0.0,9,6,3,True,strong,,True,True,0.0,0.0,0.0,,,True,True,"Derivative is zero on evidence independent of the OTI result: high_precision -- recomputed at 200 decimal digits with step 2.000e-08, where cancellation cannot manufacture a zero, giving normalized magnitude 0.000e+00"
9,plastic,5,2,1|1,repeated,2,0.0,0.0,0.0,0.0,expected_zero_independently_supported,6,1.25e-06,4e-05,0.0,0.0,9,6,3,True,strong,,True,True,0.0,0.0,0.0,,,True,True,"Derivative is zero on evidence independent of the OTI result: high_precision -- recomputed at 200 decimal digits with step 2.000e-08, where cancellation cannot manufacture a zero, giving normalized magnitude 0.000e+00"
9,plastic,6,2,1|1,repeated,2,0.0,0.0,0.0,0.0,expected_zero_independently_supported,6,1.25e-06,4e-05,0.0,0.0,9,6,3,True,strong,,True,True,0.0,0.0,0.0,,,True,True,"Derivative is zero on evidence independent of the OTI result: high_precision -- recomputed at 200 decimal digits with step 2.000e-08, where cancellation cannot manufacture a zero, giving normalized magnitude 0.000e+00"
9,plastic,1,3,1|1|1,repeated,6,0.0,0.0,0.0,0.0,expected_zero_independently_supported,3,5e-06,2e-05,7.718533238314048e-63,15.259899426698997,9,6,3,True,strong,,False,True,0.11518637253094312,-2.0679986789806536e-175,0.0,,,True,True,"Derivative is zero on evidence independent of the OTI result: high_precision -- recomputed at 200 decimal digits with step 2.000e-08, where cancellation cannot manufacture a zero, giving normalized magnitude 8.272e-187"
9,plastic,2,3,1|1|1,repeated,6,2.288818359375e-05,9.155273437500002e-17,0.0,0.0,expected_zero_independently_supported,3,1e-05,4e-05,1.8663893761007754e-64,8.339037044456623,9,6,3,True,strong,,False,True,0.0,-6.389741030625204e-176,2.288818359375e-05,,,True,True,"Derivative is zero on evidence independent of the OTI result: high_precision -- recomputed at 200 decimal digits with step 2.000e-08, where cancellation cannot manufacture a zero, giving normalized magnitude 2.556e-187"
9,plastic,3,3,1|1|1,repeated,6,2.288818359375e-05,9.155273437500002e-17,0.0,0.0,expected_zero_independently_supported,3,1e-05,4e-05,1.8663893761007754e-64,8.339037044456623,9,6,3,True,strong,,False,True,0.0,-6.389741030625204e-176,2.288818359375e-05,,,True,True,"Derivative is zero on evidence independent of the OTI result: high_precision -- recomputed at 200 decimal digits with step 2.000e-08, where cancellation cannot manufacture a zero, giving normalized magnitude 2.556e-187"
9,plastic,4,3,1|1|1,repeated,6,0.0,0.0,0.0,0.0,expected_zero_independently_supported,6,1.25e-06,4e-05,0.0,0.0,9,6,3,True,strong,,True,True,0.0,0.0,0.0,,,True,True,"Derivative is zero on evidence independent of the OTI result: high_precision -- recomputed at 200 decimal digits with step 2.000e-08, where cancellation cannot manufacture a zero, giving normalized magnitude 0.000e+00"
9,plastic,5,3,1|1|1,repeated,6,0.0,0.0,0.0,0.0,expected_zero_independently_supported,6,1.25e-06,4e-05,0.0,0.0,9,6,3,True,strong,,True,True,0.0,0.0,0.0,,,True,True,"Derivative is zero on evidence independent of the OTI result: high_precision -- recomputed at 200 decimal digits with step 2.000e-08, where cancellation cannot manufacture a zero, giving normalized magnitude 0.000e+00"
9,plastic,6,3,1|1|1,repeated,6,0.0,0.0,0.0,0.0,expected_zero_independently_supported,6,1.25e-06,4e-05,0.0,0.0,9,6,3,True,strong,,True,True,0.0,0.0,0.0,,,True,True,"Derivative is zero on evidence independent of the OTI result: high_precision -- recomputed at 200 decimal digits with step 2.000e-08, where cancellation cannot manufacture a zero, giving normalized magnitude 0.000e+00"
9,plastic,1,4,1|1|1|1,repeated,24,0.0,0.0,0.0,0.0,expected_zero_independently_supported,3,1.25e-06,5e-06,3.253292819021359e-55,2.289377802690583,9,6,3,True,strong,,False,True,0.11518637253094312,-5.776422111841999e-167,0.0,,,True,True,"Derivative is zero on evidence independent of the OTI result: high_precision -- recomputed at 200 decimal digits with step 2.000e-08, where cancellation cannot manufacture a zero, giving normalized magnitude 2.311e-181"
9,plastic,2,4,1|1|1|1,repeated,24,-0.0234375,-9.375000000000002e-17,0.0,0.0,expected_zero_independently_supported,3,2.5e-06,1e-05,2.3803033437818867e-57,1.86767578125,9,6,3,True,strong,,False,True,0.0,3.848739962133259e-167,0.0234375,,,True,True,"Derivative is zero on evidence independent of the OTI result: high_precision -- recomputed at 200 decimal digits with step 2.000e-08, where cancellation cannot manufacture a zero, giving normalized magnitude 1.539e-181"
9,plastic,3,4,1|1|1|1,repeated,24,-0.0234375,-9.375000000000002e-17,0.0,0.0,expected_zero_independently_supported,3,2.5e-06,1e-05,2.3803033437818867e-57,1.86767578125,9,6,3,True,strong,,False,True,0.0,3.848739962133259e-167,0.0234375,,,True,True,"Derivative is zero on evidence independent of the OTI result: high_precision -- recomputed at 200 decimal digits with step 2.000e-08, where cancellation cannot manufacture a zero, giving normalized magnitude 1.539e-181"
9,plastic,4,4,1|1|1|1,repeated,24,0.0,0.0,0.0,0.0,expected_zero_independently_supported,6,1.25e-06,4e-05,0.0,0.0,9,6,3,True,strong,,True,True,0.0,0.0,0.0,,,True,True,"Derivative is zero on evidence independent of the OTI result: high_precision -- recomputed at 200 decimal digits with step 2.000e-08, where cancellation cannot manufacture a zero, giving normalized magnitude 0.000e+00"
9,plastic,5,4,1|1|1|1,repeated,24,0.0,0.0,0.0,0.0,expected_zero_independently_supported,6,1.25e-06,4e-05,0.0,0.0,9,6,3,True,strong,,True,True,0.0,0.0,0.0,,,True,True,"Derivative is zero on evidence independent of the OTI result: high_precision -- recomputed at 200 decimal digits with step 2.000e-08, where cancellation cannot manufacture a zero, giving normalized magnitude 0.000e+00"
9,plastic,6,4,1|1|1|1,repeated,24,0.0,0.0,0.0,0.0,expected_zero_independently_supported,6,1.25e-06,4e-05,0.0,0.0,9,6,3,True,strong,,True,True,0.0,0.0,0.0,,,True,True,"Derivative is zero on evidence independent of the OTI result: high_precision -- recomputed at 200 decimal digits with step 2.000e-08, where cancellation cannot manufacture a zero, giving normalized magnitude 0.000e+00"
9,plastic,1,3,1|1|2,mixed,2,-3.814697265625e-06,-1.52587890625e-17,0.0,0.0,expected_zero_independently_supported,3,1e-05,4e-05,6.246321210067581,253.35475147727144,9,6,3,True,strong,,False,False,1.2022515331617826e+76,4.947782883709274e-26,3.814697265625e-06,,,True,True,"Derivative is zero on evidence independent of the OTI result: high_precision -- recomputed at 200 decimal digits with step 2.000e-08, where cancellation cannot manufacture a zero, giving normalized magnitude 1.979e-37"
9,plastic,2,3,1|1|2,mixed,2,37481053647.79277,0.14992421459117108,37481053647.792725,0.14992421459117092,resolved,6,1.25e-06,4e-05,1.99664306640625,1.0654145879508023e-10,9,6,3,True,none,,False,False,3.225452841639338e+76,37481053647.792725,4.57763671875e-05,1.2213201799943473e-15,37481.05364779272,True,True,6 consecutive admissible steps from 1.250e-06 to 4.000e-05 agree to 1.07e-10 relative; the plateau is a genuine independent estimate and its own spread sets the agreement tolerance. 3 step(s) were excluded for leaving the nominal branch.
9,plastic,3,3,1|1|2,mixed,2,-37481053647.79276,-0.14992421459117106,-37481053647.792725,-0.14992421459117092,resolved,6,1.25e-06,4e-05,4.249774932861328,2.2676923508054044e-10,9,6,3,True,none,,False,False,2.0855761536436912e+76,-37481053647.792725,3.814697265625e-05,1.0177668166619561e-15,37481.05364779272,True,True,6 consecutive admissible steps from 1.250e-06 to 4.000e-05 agree to 2.27e-10 relative; the plateau is a genuine independent estimate and its own spread sets the agreement tolerance. 3 step(s) were excluded for leaving the nominal branch.
9,plastic,4,3,1|1|2,mixed,2,0.0,0.0,0.0,0.0,expected_zero_independently_supported,6,1.25e-06,4e-05,0.0,0.0,9,6,3,True,strong,,True,True,0.0,0.0,0.0,,,True,True,"Derivative is zero on evidence independent of the OTI result: high_precision -- recomputed at 200 decimal digits with step 2.000e-08, where cancellation cannot manufacture a zero, giving normalized magnitude 0.000e+00"
9,plastic,5,3,1|1|2,mixed,2,0.0,0.0,0.0,0.0,expected_zero_independently_supported,6,1.25e-06,4e-05,0.0,0.0,9,6,3,True,strong,,True,True,0.0,0.0,0.0,,,True,True,"Derivative is zero on evidence independent of the OTI result: high_precision -- recomputed at 200 decimal digits with step 2.000e-08, where cancellation cannot manufacture a zero, giving normalized magnitude 0.000e+00"
9,plastic,6,3,1|1|2,mixed,2,0.0,0.0,0.0,0.0,expected_zero_independently_supported,6,1.25e-06,4e-05,0.0,0.0,9,6,3,True,strong,,True,True,0.0,0.0,0.0,,,True,True,"Derivative is zero on evidence independent of the OTI result: high_precision -- recomputed at 200 decimal digits with step 2.000e-08, where cancellation cannot manufacture a zero, giving normalized magnitude 0.000e+00"
9,plastic,1,4,1|1|2|2,mixed,4,-59866808307321.69,-0.23946723322928679,-59866808307321.47,-0.2394672332292859,resolved,6,1.25e-06,4e-05,4517.109375,1.509053013754059e-10,9,6,3,True,none,,False,False,1.2022515331617826e+76,-59866808307321.61,0.21875,3.653944584402502e-15,59866808.30732147,True,True,6 consecutive admissible steps from 1.250e-06 to 4.000e-05 agree to 1.51e-10 relative; the plateau is a genuine independent estimate and its own spread sets the agreement tolerance. 3 step(s) were excluded for leaving the nominal branch.
9,plastic,2,4,1|1|2|2,mixed,4,89800212460982.55,0.35920084984393025,89800212460982.48,0.35920084984393,resolved,6,1.25e-06,4e-05,2155.5078125,4.8006741931408055e-11,9,6,3,True,none,,False,False,3.225452841639338e+76,89800212460982.4,0.0625,6.959894446480935e-16,89800212.46098249,True,True,6 consecutive admissible steps from 1.250e-06 to 4.000e-05 agree to 4.80e-11 relative; the plateau is a genuine independent estimate and its own spread sets the agreement tolerance. 3 step(s) were excluded for leaving the nominal branch.
9,plastic,3,4,1|1|2|2,mixed,4,-29933404153660.832,-0.11973361661464335,-29933404153660.805,-0.11973361661464324,resolved,6,1.25e-06,4e-05,6672.61328125,4.4583056754899364e-10,9,6,3,True,none,,False,False,2.0855761536436912e+76,-29933404153660.805,0.02734375,9.134861461006234e-16,29933404.153660804,True,True,6 consecutive admissible steps from 1.250e-06 to 4.000e-05 agree to 4.46e-10 relative; the plateau is a genuine independent estimate and its own spread sets the agreement tolerance. 3 step(s) were excluded for leaving the nominal branch.
9,plastic,4,4,1|1|2|2,mixed,4,0.0,0.0,0.0,0.0,expected_zero_independently_supported,6,1.25e-06,4e-05,0.0,0.0,9,6,3,True,strong,,True,True,0.0,0.0,0.0,,,True,True,"Derivative is zero on evidence independent of the OTI result: high_precision -- recomputed at 200 decimal digits with step 2.000e-08, where cancellation cannot manufacture a zero, giving normalized magnitude 0.000e+00"
9,plastic,5,4,1|1|2|2,mixed,4,0.0,0.0,0.0,0.0,expected_zero_independently_supported,6,1.25e-06,4e-05,0.0,0.0,9,6,3,True,strong,,True,True,0.0,0.0,0.0,,,True,True,"Derivative is zero on evidence independent of the OTI result: high_precision -- recomputed at 200 decimal digits with step 2.000e-08, where cancellation cannot manufacture a zero, giving normalized magnitude 0.000e+00"
9,plastic,6,4,1|1|2|2,mixed,4,0.0,0.0,0.0,0.0,expected_zero_independently_supported,6,1.25e-06,4e-05,0.0,0.0,9,6,3,True,strong,,True,True,0.0,0.0,0.0,,,True,True,"Derivative is zero on evidence independent of the OTI result: high_precision -- recomputed at 200 decimal digits with step 2.000e-08, where cancellation cannot manufacture a zero, giving normalized magnitude 0.000e+00"
9,plastic,1,2,1|2,mixed,1,-1.1175870895385742e-08,-4.470348358154297e-17,0.0,0.0,expected_zero_independently_supported,3,1e-05,4e-05,0.0011759204717299214,253.7976861715422,9,6,3,True,strong,,False,False,1.2022515331617826e+76,-9.293035041489781e-30,1.1175870895385742e-08,,,True,True,"Derivative is zero on evidence independent of the OTI result: high_precision -- recomputed at 200 decimal digits with step 2.000e-08, where cancellation cannot manufacture a zero, giving normalized magnitude 3.717e-38"
9,plastic,2,2,1|2,mixed,1,-35198871.18427463,-0.14079548473709852,-35198871.18427459,-0.14079548473709835,resolved,6,1.25e-06,4e-05,0.0007266141474246979,4.1286218732452944e-11,9,6,3,True,none,,False,False,3.225452841639338e+76,-35198871.184274614,3.725290298461914e-08,1.0583550475124954e-15,35.19887118427459,True,True,6 consecutive admissible steps from 1.250e-06 to 4.000e-05 agree to 4.13e-11 relative; the plateau is a genuine independent estimate and its own spread sets the agreement tolerance. 3 step(s) were excluded for leaving the nominal branch.
9,plastic,3,2,1|2,mixed,1,35198871.184274636,0.14079548473709855,35198871.18427463,0.14079548473709852,resolved,6,1.25e-06,4e-05,0.0004493221640586853,2.5530487140134398e-11,9,6,3,True,none,,False,False,2.0855761536436912e+76,35198871.184274614,7.450580596923828e-09,2.1167100950249887e-16,35.19887118427463,True,True,6 consecutive admissible steps from 1.250e-06 to 4.000e-05 agree to 2.55e-11 relative; the plateau is a genuine independent estimate and its own spread sets the agreement tolerance. 3 step(s) were excluded for leaving the nominal branch.
9,plastic,4,2,1|2,mixed,1,0.0,0.0,0.0,0.0,expected_zero_independently_supported,6,1.25e-06,4e-05,0.0,0.0,9,6,3,True,strong,,True,True,0.0,0.0,0.0,,,True,True,"Derivative is zero on evidence independent of the OTI result: high_precision -- recomputed at 200 decimal digits with step 2.000e-08, where cancellation cannot manufacture a zero, giving normalized magnitude 0.000e+00"
9,plastic,5,2,1|2,mixed,1,0.0,0.0,0.0,0.0,expected_zero_independently_supported,6,1.25e-06,4e-05,0.0,0.0,9,6,3,True,strong,,True,True,0.0,0.0,0.0,,,True,True,"Derivative is zero on evidence independent of the OTI result: high_precision -- recomputed at 200 decimal digits with step 2.000e-08, where cancellation cannot manufacture a zero, giving normalized magnitude 0.000e+00"
9,plastic,6,2,1|2,mixed,1,0.0,0.0,0.0,0.0,expected_zero_independently_supported,6,1.25e-06,4e-05,0.0,0.0,9,6,3,True,strong,,True,True,0.0,0.0,0.0,,,True,True,"Derivative is zero on evidence independent of the OTI result: high_precision -- recomputed at 200 decimal digits with step 2.000e-08, where cancellation cannot manufacture a zero, giving normalized magnitude 0.000e+00"
10,plastic,1,2,1|1,repeated,2,1.4901161193847656e-08,5.960464477539062e-17,0.0,0.0,expected_zero_independently_supported,3,2.5e-06,1e-05,5.482308114321692e-68,0.9689500640204866,9,6,3,True,strong,,False,True,0.10711148966295365,3.452933888750623e-183,1.4901161193847656e-08,,,True,True,"Derivative is zero on evidence independent of the OTI result: high_precision -- recomputed at 200 decimal digits with step 2.000e-08, where cancellation cannot manufacture a zero, giving normalized magnitude 1.381e-191"
10,plastic,2,2,1|1,repeated,2,0.0,0.0,0.0,0.0,expected_zero_independently_supported,3,1e-05,4e-05,3.739712469584219e-69,3.220029239766082,9,6,3,True,strong,,False,True,0.0,3.004309890425196e-183,0.0,,,True,True,"Derivative is zero on evidence independent of the OTI result: high_precision -- recomputed at 200 decimal digits with step 2.000e-08, where cancellation cannot manufacture a zero, giving normalized magnitude 1.202e-191"
10,plastic,3,2,1|1,repeated,2,0.0,0.0,0.0,0.0,expected_zero_independently_supported,3,1e-05,4e-05,3.739712469584219e-69,3.220029239766082,9,6,3,True,strong,,False,True,0.0,3.004309890425196e-183,0.0,,,True,True,"Derivative is zero on evidence independent of the OTI result: high_precision -- recomputed at 200 decimal digits with step 2.000e-08, where cancellation cannot manufacture a zero, giving normalized magnitude 1.202e-191"
10,plastic,4,2,1|1,repeated,2,0.0,0.0,0.0,0.0,expected_zero_independently_supported,6,1.25e-06,4e-05,0.0,0.0,9,6,3,True,strong,,True,True,0.0,0.0,0.0,,,True,True,"Derivative is zero on evidence independent of the OTI result: high_precision -- recomputed at 200 decimal digits with step 2.000e-08, where cancellation cannot manufacture a zero, giving normalized magnitude 0.000e+00"
10,plastic,5,2,1|1,repeated,2,0.0,0.0,0.0,0.0,expected_zero_independently_supported,6,1.25e-06,4e-05,0.0,0.0,9,6,3,True,strong,,True,True,0.0,0.0,0.0,,,True,True,"Derivative is zero on evidence independent of the OTI result: high_precision -- recomputed at 200 decimal digits with step 2.000e-08, where cancellation cannot manufacture a zero, giving normalized magnitude 0.000e+00"
10,plastic,6,2,1|1,repeated,2,0.0,0.0,0.0,0.0,expected_zero_independently_supported,6,1.25e-06,4e-05,0.0,0.0,9,6,3,True,strong,,True,True,0.0,0.0,0.0,,,True,True,"Derivative is zero on evidence independent of the OTI result: high_precision -- recomputed at 200 decimal digits with step 2.000e-08, where cancellation cannot manufacture a zero, giving normalized magnitude 0.000e+00"
10,plastic,1,3,1|1|1,repeated,6,-4.57763671875e-05,-1.8310546875000003e-16,0.0,0.0,expected_zero_independently_supported,3,1.25e-06,5e-06,2.2737351036599776e-61,14.232428241579168,9,6,3,True,strong,,False,True,0.10711148966295365,-4.487695480384467e-176,4.57763671875e-05,,,True,True,"Derivative is zero on evidence independent of the OTI result: high_precision -- recomputed at 200 decimal digits with step 2.000e-08, where cancellation cannot manufacture a zero, giving normalized magnitude 1.795e-187"
10,plastic,2,3,1|1|1,repeated,6,0.0,0.0,0.0,0.0,expected_zero_independently_supported,3,5e-06,2e-05,1.1475419264470879e-63,27.753158205204397,9,6,3,True,strong,,False,True,0.0,-8.45888846505634e-176,0.0,,,True,True,"Derivative is zero on evidence independent of the OTI result: high_precision -- recomputed at 200 decimal digits with step 2.000e-08, where cancellation cannot manufacture a zero, giving normalized magnitude 3.384e-187"
10,plastic,3,3,1|1|1,repeated,6,0.0,0.0,0.0,0.0,expected_zero_independently_supported,3,5e-06,2e-05,1.1475419264470879e-63,27.753158205204397,9,6,3,True,strong,,False,True,0.0,-8.45888846505634e-176,0.0,,,True,True,"Derivative is zero on evidence independent of the OTI result: high_precision -- recomputed at 200 decimal digits with step 2.000e-08, where cancellation cannot manufacture a zero, giving normalized magnitude 3.384e-187"
10,plastic,4,3,1|1|1,repeated,6,0.0,0.0,0.0,0.0,expected_zero_independently_supported,6,1.25e-06,4e-05,0.0,0.0,9,6,3,True,strong,,True,True,0.0,0.0,0.0,,,True,True,"Derivative is zero on evidence independent of the OTI result: high_precision -- recomputed at 200 decimal digits with step 2.000e-08, where cancellation cannot manufacture a zero, giving normalized magnitude 0.000e+00"
10,plastic,5,3,1|1|1,repeated,6,0.0,0.0,0.0,0.0,expected_zero_independently_supported,6,1.25e-06,4e-05,0.0,0.0,9,6,3,True,strong,,True,True,0.0,0.0,0.0,,,True,True,"Derivative is zero on evidence independent of the OTI result: high_precision -- recomputed at 200 decimal digits with step 2.000e-08, where cancellation cannot manufacture a zero, giving normalized magnitude 0.000e+00"
10,plastic,6,3,1|1|1,repeated,6,0.0,0.0,0.0,0.0,expected_zero_independently_supported,6,1.25e-06,4e-05,0.0,0.0,9,6,3,True,strong,,True,True,0.0,0.0,0.0,,,True,True,"Derivative is zero on evidence independent of the OTI result: high_precision -- recomputed at 200 decimal digits with step 2.000e-08, where cancellation cannot manufacture a zero, giving normalized magnitude 0.000e+00"
10,plastic,1,4,1|1|1|1,repeated,24,-0.046875,-1.8750000000000004e-16,0.0,0.0,expected_zero_independently_supported,3,1e-05,4e-05,2.3671766709301484e-58,9.111152694610778,9,6,3,True,strong,,False,True,0.10711148966295365,-8.21417823243587e-168,0.046875,,,True,True,"Derivative is zero on evidence independent of the OTI result: high_precision -- recomputed at 200 decimal digits with step 2.000e-08, where cancellation cannot manufacture a zero, giving normalized magnitude 3.286e-182"
10,plastic,2,4,1|1|1|1,repeated,24,0.0703125,2.8125000000000003e-16,0.0,0.0,expected_zero_independently_supported,3,2.5e-06,1e-05,2.0468741851940867e-56,5.101116625310174,9,6,3,True,strong,,False,True,0.0,-4.637036098955733e-167,0.0703125,,,True,True,"Derivative is zero on evidence independent of the OTI result: high_precision -- recomputed at 200 decimal digits with step 2.000e-08, where cancellation cannot manufacture a zero, giving normalized magnitude 1.855e-181"
10,plastic,3,4,1|1|1|1,repeated,24,0.0703125,2.8125000000000003e-16,0.0,0.0,expected_zero_independently_supported,3,2.5e-06,1e-05,2.0468741851940867e-56,5.101116625310174,9,6,3,True,strong,,False,True,0.0,-4.637036098955733e-167,0.0703125,,,True,True,"Derivative is zero on evidence independent of the OTI result: high_precision -- recomputed at 200 decimal digits with step 2.000e-08, where cancellation cannot manufacture a zero, giving normalized magnitude 1.855e-181"
10,plastic,4,4,1|1|1|1,repeated,24,0.0,0.0,0.0,0.0,expected_zero_independently_supported,6,1.25e-06,4e-05,0.0,0.0,9,6,3,True,strong,,True,True,0.0,0.0,0.0,,,True,True,"Derivative is zero on evidence independent of the OTI result: high_precision -- recomputed at 200 decimal digits with step 2.000e-08, where cancellation cannot manufacture a zero, giving normalized magnitude 0.000e+00"
10,plastic,5,4,1|1|1|1,repeated,24,0.0,0.0,0.0,0.0,expected_zero_independently_supported,6,1.25e-06,4e-05,0.0,0.0,9,6,3,True,strong,,True,True,0.0,0.0,0.0,,,True,True,"Derivative is zero on evidence independent of the OTI result: high_precision -- recomputed at 200 decimal digits with step 2.000e-08, where cancellation cannot manufacture a zero, giving normalized magnitude 0.000e+00"
10,plastic,6,4,1|1|1|1,repeated,24,0.0,0.0,0.0,0.0,expected_zero_independently_supported,6,1.25e-06,4e-05,0.0,0.0,9,6,3,True,strong,,True,True,0.0,0.0,0.0,,,True,True,"Derivative is zero on evidence independent of the OTI result: high_precision -- recomputed at 200 decimal digits with step 2.000e-08, where cancellation cannot manufacture a zero, giving normalized magnitude 0.000e+00"
10,plastic,1,3,1|1|2,mixed,2,3.0517578125e-05,1.220703125e-16,0.0,0.0,expected_zero_independently_supported,3,1e-05,4e-05,6.176611469168486,253.36083116365782,9,6,3,True,strong,,False,False,1.1168882731410331e+76,4.8924092816827325e-26,3.0517578125e-05,,,True,True,"Derivative is zero on evidence independent of the OTI result: high_precision -- recomputed at 200 decimal digits with step 2.000e-08, where cancellation cannot manufacture a zero, giving normalized magnitude 1.957e-37"
10,plastic,2,3,1|1|2,mixed,2,37402028354.042755,0.14960811341617103,37402028354.042694,0.1496081134161708,resolved,6,1.25e-06,4e-05,1.97454833984375,1.0558509400361577e-10,9,6,3,True,none,,False,False,2.8417053179328515e+76,37402028354.042694,6.103515625e-05,1.6318675466541337e-15,37402.02835404269,True,True,6 consecutive admissible steps from 1.250e-06 to 4.000e-05 agree to 1.06e-10 relative; the plateau is a genuine independent estimate and its own spread sets the agreement tolerance. 3 step(s) were excluded for leaving the nominal branch.
10,plastic,3,3,1|1|2,mixed,2,-37402028354.04274,-0.14960811341617097,-37402028354.042694,-0.1496081134161708,resolved,6,1.25e-06,4e-05,4.202156066894531,2.2470204167097427e-10,9,6,3,True,none,,False,False,1.8393172049460336e+76,-37402028354.042694,4.57763671875e-05,1.2239006599906002e-15,37402.02835404269,True,True,6 consecutive admissible steps from 1.250e-06 to 4.000e-05 agree to 2.25e-10 relative; the plateau is a genuine independent estimate and its own spread sets the agreement tolerance. 3 step(s) were excluded for leaving the nominal branch.
10,plastic,4,3,1|1|2,mixed,2,0.0,0.0,0.0,0.0,expected_zero_independently_supported,6,1.25e-06,4e-05,0.0,0.0,9,6,3,True,strong,,True,True,0.0,0.0,0.0,,,True,True,"Derivative is zero on evidence independent of the OTI result: high_precision -- recomputed at 200 decimal digits with step 2.000e-08, where cancellation cannot manufacture a zero, giving normalized magnitude 0.000e+00"
10,plastic,5,3,1|1|2,mixed,2,0.0,0.0,0.0,0.0,expected_zero_independently_supported,6,1.25e-06,4e-05,0.0,0.0,9,6,3,True,strong,,True,True,0.0,0.0,0.0,,,True,True,"Derivative is zero on evidence independent of the OTI result: high_precision -- recomputed at 200 decimal digits with step 2.000e-08, where cancellation cannot manufacture a zero, giving normalized magnitude 0.000e+00"
10,plastic,6,3,1|1|2,mixed,2,0.0,0.0,0.0,0.0,expected_zero_independently_supported,6,1.25e-06,4e-05,0.0,0.0,9,6,3,True,strong,,True,True,0.0,0.0,0.0,,,True,True,"Derivative is zero on evidence independent of the OTI result: high_precision -- recomputed at 200 decimal digits with step 2.000e-08, where cancellation cannot manufacture a zero, giving normalized magnitude 0.000e+00"
10,plastic,1,4,1|1|2|2,mixed,4,-59672339788752.19,-0.2386893591550088,-59672339788751.984,-0.238689359155008,resolved,6,1.25e-06,4e-05,4461.65625,1.4953850530396012e-10,9,6,3,True,none,,False,False,1.1168882731410331e+76,-59672339788752.12,0.203125,3.4040059551726897e-15,59672339.78875198,True,True,6 consecutive admissible steps from 1.250e-06 to 4.000e-05 agree to 1.50e-10 relative; the plateau is a genuine independent estimate and its own spread sets the agreement tolerance. 3 step(s) were excluded for leaving the nominal branch.
10,plastic,2,4,1|1|2|2,mixed,4,89508509683128.33,0.3580340387325133,89508509683128.25,0.35803403873251305,resolved,6,1.25e-06,4e-05,2129.0234375,4.757141963455809e-11,9,6,3,True,none,,False,False,2.8417053179328515e+76,89508509683128.19,0.078125,8.728220397878665e-16,89508509.68312825,True,True,6 consecutive admissible steps from 1.250e-06 to 4.000e-05 agree to 4.76e-11 relative; the plateau is a genuine independent estimate and its own spread sets the agreement tolerance. 3 step(s) were excluded for leaving the nominal branch.
10,plastic,3,4,1|1|2|2,mixed,4,-29836169894376.125,-0.11934467957750453,-29836169894376.062,-0.11934467957750426,resolved,6,1.25e-06,4e-05,6590.68359375,4.417915313582059e-10,9,6,3,True,none,,False,False,1.8393172049460336e+76,-29836169894376.06,0.0625,2.094772895490881e-15,29836169.89437606,True,True,6 consecutive admissible steps from 1.250e-06 to 4.000e-05 agree to 4.42e-10 relative; the plateau is a genuine independent estimate and its own spread sets the agreement tolerance. 3 step(s) were excluded for leaving the nominal branch.
10,plastic,4,4,1|1|2|2,mixed,4,0.0,0.0,0.0,0.0,expected_zero_independently_supported,6,1.25e-06,4e-05,0.0,0.0,9,6,3,True,strong,,True,True,0.0,0.0,0.0,,,True,True,"Derivative is zero on evidence independent of the OTI result: high_precision -- recomputed at 200 decimal digits with step 2.000e-08, where cancellation cannot manufacture a zero, giving normalized magnitude 0.000e+00"
10,plastic,5,4,1|1|2|2,mixed,4,0.0,0.0,0.0,0.0,expected_zero_independently_supported,6,1.25e-06,4e-05,0.0,0.0,9,6,3,True,strong,,True,True,0.0,0.0,0.0,,,True,True,"Derivative is zero on evidence independent of the OTI result: high_precision -- recomputed at 200 decimal digits with step 2.000e-08, where cancellation cannot manufacture a zero, giving normalized magnitude 0.000e+00"
10,plastic,6,4,1|1|2|2,mixed,4,0.0,0.0,0.0,0.0,expected_zero_independently_supported,6,1.25e-06,4e-05,0.0,0.0,9,6,3,True,strong,,True,True,0.0,0.0,0.0,,,True,True,"Derivative is zero on evidence independent of the OTI result: high_precision -- recomputed at 200 decimal digits with step 2.000e-08, where cancellation cannot manufacture a zero, giving normalized magnitude 0.000e+00"
10,plastic,1,2,1|2,mixed,1,-1.4901161193847656e-08,-5.960464477539062e-17,0.0,0.0,expected_zero_independently_supported,3,1e-05,4e-05,0.0011641206179029257,253.80274048166189,9,6,3,True,strong,,False,False,1.1168882731410331e+76,-9.19954026059623e-30,1.4901161193847656e-08,,,True,True,"Derivative is zero on evidence independent of the OTI result: high_precision -- recomputed at 200 decimal digits with step 2.000e-08, where cancellation cannot manufacture a zero, giving normalized magnitude 3.680e-38"
10,plastic,2,2,1|2,mixed,1,-35164828.376487635,-0.14065931350595054,-35164828.376487575,-0.14065931350595032,resolved,6,1.25e-06,4e-05,0.0007193349301815033,4.091218205190932e-11,9,6,3,True,none,,False,False,2.8417053179328515e+76,-35164828.3764876,5.960464477539063e-08,1.6950074130105626e-15,35.16482837648758,True,True,6 consecutive admissible steps from 1.250e-06 to 4.000e-05 agree to 4.09e-11 relative; the plateau is a genuine independent estimate and its own spread sets the agreement tolerance. 3 step(s) were excluded for leaving the nominal branch.
10,plastic,3,2,1|2,mixed,1,35164828.37648761,0.14065931350595046,35164828.376487605,0.14065931350595043,resolved,6,1.25e-06,4e-05,0.000444803386926651,2.529819751510925e-11,9,6,3,True,none,,False,False,1.8393172049460336e+76,35164828.3764876,7.450580596923828e-09,2.1187592662632013e-16,35.164828376487606,True,True,6 consecutive admissible steps from 1.250e-06 to 4.000e-05 agree to 2.53e-11 relative; the plateau is a genuine independent estimate and its own spread sets the agreement tolerance. 3 step(s) were excluded for leaving the nominal branch.
10,plastic,4,2,1|2,mixed,1,0.0,0.0,0.0,0.0,expected_zero_independently_supported,6,1.25e-06,4e-05,0.0,0.0,9,6,3,True,strong,,True,True,0.0,0.0,0.0,,,True,True,"Derivative is zero on evidence independent of the OTI result: high_precision -- recomputed at 200 decimal digits with step 2.000e-08, where cancellation cannot manufacture a zero, giving normalized magnitude 0.000e+00"
10,plastic,5,2,1|2,mixed,1,0.0,0.0,0.0,0.0,expected_zero_independently_supported,6,1.25e-06,4e-05,0.0,0.0,9,6,3,True,strong,,True,True,0.0,0.0,0.0,,,True,True,"Derivative is zero on evidence independent of the OTI result: high_precision -- recomputed at 200 decimal digits with step 2.000e-08, where cancellation cannot manufacture a zero, giving normalized magnitude 0.000e+00"
10,plastic,6,2,1|2,mixed,1,0.0,0.0,0.0,0.0,expected_zero_independently_supported,6,1.25e-06,4e-05,0.0,0.0,9,6,3,True,strong,,True,True,0.0,0.0,0.0,,,True,True,"Derivative is zero on evidence independent of the OTI result: high_precision -- recomputed at 200 decimal digits with step 2.000e-08, where cancellation cannot manufacture a zero, giving normalized magnitude 0.000e+00"
11,plastic,1,2,1|1,repeated,2,-1.4901161193847656e-08,-5.960464477539062e-17,0.0,0.0,expected_zero_independently_supported,3,2.5e-06,1e-05,2.476728228059106e-68,0.5622944078947368,9,6,3,True,strong,,False,True,0.0,2.0960301561106017e-184,1.4901161193847656e-08,,,True,True,"Derivative is zero on evidence independent of the OTI result: high_precision -- recomputed at 200 decimal digits with step 2.000e-08, where cancellation cannot manufacture a zero, giving normalized magnitude 8.384e-193"
11,plastic,2,2,1|1,repeated,2,7.450580596923828e-09,2.980232238769531e-17,0.0,0.0,expected_zero_independently_supported,3,1.25e-06,5e-06,1.2989466070669036e-67,3.2248201438848922,9,6,3,True,strong,,False,True,0.0825162549318699,3.2047197913164726e-183,7.450580596923828e-09,,,True,True,"Derivative is zero on evidence independent of the OTI result: high_precision -- recomputed at 200 decimal digits with step 2.000e-08, where cancellation cannot manufacture a zero, giving normalized magnitude 1.282e-191"
11,plastic,3,2,1|1,repeated,2,7.450580596923828e-09,2.980232238769531e-17,0.0,0.0,expected_zero_independently_supported,3,1.25e-06,5e-06,1.2989466070669036e-67,3.2248201438848922,9,6,3,True,strong,,False,True,0.0825162549318699,3.2047197913164726e-183,7.450580596923828e-09,,,True,True,"Derivative is zero on evidence independent of the OTI result: high_precision -- recomputed at 200 decimal digits with step 2.000e-08, where cancellation cannot manufacture a zero, giving normalized magnitude 1.282e-191"
11,plastic,4,2,1|1,repeated,2,0.0,0.0,0.0,0.0,expected_zero_independently_supported,6,1.25e-06,4e-05,0.0,0.0,9,6,3,True,strong,,True,True,0.0,0.0,0.0,,,True,True,"Derivative is zero on evidence independent of the OTI result: high_precision -- recomputed at 200 decimal digits with step 2.000e-08, where cancellation cannot manufacture a zero, giving normalized magnitude 0.000e+00"
11,plastic,5,2,1|1,repeated,2,0.0,0.0,0.0,0.0,expected_zero_independently_supported,6,1.25e-06,4e-05,0.0,0.0,9,6,3,True,strong,,True,True,0.0,0.0,0.0,,,True,True,"Derivative is zero on evidence independent of the OTI result: high_precision -- recomputed at 200 decimal digits with step 2.000e-08, where cancellation cannot manufacture a zero, giving normalized magnitude 0.000e+00"
11,plastic,6,2,1|1,repeated,2,0.0,0.0,0.0,0.0,expected_zero_independently_supported,6,1.25e-06,4e-05,0.0,0.0,9,6,3,True,strong,,True,True,0.0,0.0,0.0,,,True,True,"Derivative is zero on evidence independent of the OTI result: high_precision -- recomputed at 200 decimal digits with step 2.000e-08, where cancellation cannot manufacture a zero, giving normalized magnitude 0.000e+00"
11,plastic,1,3,1|1|1,repeated,6,2.288818359375e-05,9.155273437500002e-17,0.0,0.0,expected_zero_independently_supported,3,5e-06,2e-05,3.6742446914159323e-63,3.179713548981464,9,6,3,True,strong,,False,True,0.0,-4.878737540297573e-176,2.288818359375e-05,,,True,True,"Derivative is zero on evidence independent of the OTI result: high_precision -- recomputed at 200 decimal digits with step 2.000e-08, where cancellation cannot manufacture a zero, giving normalized magnitude 1.951e-187"
11,plastic,2,3,1|1|1,repeated,6,-1.1444091796875e-05,-4.577636718750001e-17,0.0,0.0,expected_zero_independently_supported,3,1.25e-06,5e-06,5.009364626464076e-61,73.94028738754326,9,6,3,True,strong,,False,True,0.0825162549318699,5.9565871521730854e-176,1.1444091796875e-05,,,True,True,"Derivative is zero on evidence independent of the OTI result: high_precision -- recomputed at 200 decimal digits with step 2.000e-08, where cancellation cannot manufacture a zero, giving normalized magnitude 2.383e-187"
11,plastic,3,3,1|1|1,repeated,6,-1.1444091796875e-05,-4.577636718750001e-17,0.0,0.0,expected_zero_independently_supported,3,1.25e-06,5e-06,5.009364626464076e-61,73.94028738754326,9,6,3,True,strong,,False,True,0.0825162549318699,5.9565871521730854e-176,1.1444091796875e-05,,,True,True,"Derivative is zero on evidence independent of the OTI result: high_precision -- recomputed at 200 decimal digits with step 2.000e-08, where cancellation cannot manufacture a zero, giving normalized magnitude 2.383e-187"
11,plastic,4,3,1|1|1,repeated,6,0.0,0.0,0.0,0.0,expected_zero_independently_supported,6,1.25e-06,4e-05,0.0,0.0,9,6,3,True,strong,,True,True,0.0,0.0,0.0,,,True,True,"Derivative is zero on evidence independent of the OTI result: high_precision -- recomputed at 200 decimal digits with step 2.000e-08, where cancellation cannot manufacture a zero, giving normalized magnitude 0.000e+00"
11,plastic,5,3,1|1|1,repeated,6,0.0,0.0,0.0,0.0,expected_zero_independently_supported,6,1.25e-06,4e-05,0.0,0.0,9,6,3,True,strong,,True,True,0.0,0.0,0.0,,,True,True,"Derivative is zero on evidence independent of the OTI result: high_precision -- recomputed at 200 decimal digits with step 2.000e-08, where cancellation cannot manufacture a zero, giving normalized magnitude 0.000e+00"
11,plastic,6,3,1|1|1,repeated,6,0.0,0.0,0.0,0.0,expected_zero_independently_supported,6,1.25e-06,4e-05,0.0,0.0,9,6,3,True,strong,,True,True,0.0,0.0,0.0,,,True,True,"Derivative is zero on evidence independent of the OTI result: high_precision -- recomputed at 200 decimal digits with step 2.000e-08, where cancellation cannot manufacture a zero, giving normalized magnitude 0.000e+00"
11,plastic,1,4,1|1|1|1,repeated,24,-0.09375,-3.750000000000001e-16,0.0,0.0,expected_zero_independently_supported,3,2.5e-06,1e-05,4.8153692220089515e-57,7.556640625,9,6,3,True,strong,,False,True,0.0,3.2724226184059032e-167,0.09375,,,True,True,"Derivative is zero on evidence independent of the OTI result: high_precision -- recomputed at 200 decimal digits with step 2.000e-08, where cancellation cannot manufacture a zero, giving normalized magnitude 1.309e-181"
11,plastic,2,4,1|1|1|1,repeated,24,0.046875,1.8750000000000004e-16,0.0,0.0,expected_zero_independently_supported,3,1.25e-06,5e-06,5.836093079944847e-55,4.125422297297297,9,6,3,True,strong,,False,True,0.0825162549318699,-5.272972478241091e-167,0.046875,,,True,True,"Derivative is zero on evidence independent of the OTI result: high_precision -- recomputed at 200 decimal digits with step 2.000e-08, where cancellation cannot manufacture a zero, giving normalized magnitude 2.109e-181"
11,plastic,3,4,1|1|1|1,repeated,24,0.046875,1.8750000000000004e-16,0.0,0.0,expected_zero_independently_supported,3,1.25e-06,5e-06,5.836093079944847e-55,4.125422297297297,9,6,3,True,strong,,False,True,0.0825162549318699,-5.272972478241091e-167,0.046875,,,True,True,"Derivative is zero on evidence independent of the OTI result: high_precision -- recomputed at 200 decimal digits with step 2.000e-08, where cancellation cannot manufacture a zero, giving normalized magnitude 2.109e-181"
11,plastic,4,4,1|1|1|1,repeated,24,0.0,0.0,0.0,0.0,expected_zero_independently_supported,6,1.25e-06,4e-05,0.0,0.0,9,6,3,True,strong,,True,True,0.0,0.0,0.0,,,True,True,"Derivative is zero on evidence independent of the OTI result: high_precision -- recomputed at 200 decimal digits with step 2.000e-08, where cancellation cannot manufacture a zero, giving normalized magnitude 0.000e+00"
11,plastic,5,4,1|1|1|1,repeated,24,0.0,0.0,0.0,0.0,expected_zero_independently_supported,6,1.25e-06,4e-05,0.0,0.0,9,6,3,True,strong,,True,True,0.0,0.0,0.0,,,True,True,"Derivative is zero on evidence independent of the OTI result: high_precision -- recomputed at 200 decimal digits with step 2.000e-08, where cancellation cannot manufacture a zero, giving normalized magnitude 0.000e+00"
11,plastic,6,4,1|1|1|1,repeated,24,0.0,0.0,0.0,0.0,expected_zero_independently_supported,6,1.25e-06,4e-05,0.0,0.0,9,6,3,True,strong,,True,True,0.0,0.0,0.0,,,True,True,"Derivative is zero on evidence independent of the OTI result: high_precision -- recomputed at 200 decimal digits with step 2.000e-08, where cancellation cannot manufacture a zero, giving normalized magnitude 0.000e+00"
11,plastic,1,3,1|1|2,mixed,2,1.1444091796875e-05,4.577636718750001e-17,0.0,0.0,expected_zero_independently_supported,3,1e-05,4e-05,6.107756095992176,253.36688983434468,9,6,3,True,strong,,False,False,1.0427112530162193e+76,4.8377164449136133e-26,1.1444091796875e-05,,,True,True,"Derivative is zero on evidence independent of the OTI result: high_precision -- recomputed at 200 decimal digits with step 2.000e-08, where cancellation cannot manufacture a zero, giving normalized magnitude 1.935e-37"
11,plastic,2,3,1|1|2,mixed,2,37323251007.20381,0.14929300402881526,37323251007.20374,0.14929300402881499,resolved,6,1.25e-06,4e-05,1.9527244567871094,1.0463849767053867e-10,9,6,3,True,none,,False,False,2.5390441022055185e+76,37323251007.20374,6.866455078125e-05,1.8397258793987984e-15,37323.25100720374,True,True,6 consecutive admissible steps from 1.250e-06 to 4.000e-05 agree to 1.05e-10 relative; the plateau is a genuine independent estimate and its own spread sets the agreement tolerance. 3 step(s) were excluded for leaving the nominal branch.
11,plastic,3,3,1|1|2,mixed,2,-37323251007.20379,-0.14929300402881518,-37323251007.20374,-0.14929300402881499,resolved,6,1.25e-06,4e-05,4.155124664306641,2.226560951780252e-10,9,6,3,True,none,,False,False,1.6447478356196083e+76,-37323251007.20374,4.57763671875e-05,1.226483919599199e-15,37323.25100720374,True,True,6 consecutive admissible steps from 1.250e-06 to 4.000e-05 agree to 2.23e-10 relative; the plateau is a genuine independent estimate and its own spread sets the agreement tolerance. 3 step(s) were excluded for leaving the nominal branch.
11,plastic,4,3,1|1|2,mixed,2,0.0,0.0,0.0,0.0,expected_zero_independently_supported,6,1.25e-06,4e-05,0.0,0.0,9,6,3,True,strong,,True,True,0.0,0.0,0.0,,,True,True,"Derivative is zero on evidence independent of the OTI result: high_precision -- recomputed at 200 decimal digits with step 2.000e-08, where cancellation cannot manufacture a zero, giving normalized magnitude 0.000e+00"
11,plastic,5,3,1|1|2,mixed,2,0.0,0.0,0.0,0.0,expected_zero_independently_supported,6,1.25e-06,4e-05,0.0,0.0,9,6,3,True,strong,,True,True,0.0,0.0,0.0,,,True,True,"Derivative is zero on evidence independent of the OTI result: high_precision -- recomputed at 200 decimal digits with step 2.000e-08, where cancellation cannot manufacture a zero, giving normalized magnitude 0.000e+00"
11,plastic,6,3,1|1|2,mixed,2,0.0,0.0,0.0,0.0,expected_zero_independently_supported,6,1.25e-06,4e-05,0.0,0.0,9,6,3,True,strong,,True,True,0.0,0.0,0.0,,,True,True,"Derivative is zero on evidence independent of the OTI result: high_precision -- recomputed at 200 decimal digits with step 2.000e-08, where cancellation cannot manufacture a zero, giving normalized magnitude 0.000e+00"
11,plastic,1,4,1|1|2|2,mixed,4,-59478710198085.89,-0.2379148407923436,-59478710198085.625,-0.23791484079234254,resolved,6,1.25e-06,4e-05,4406.953125,1.4818590081470334e-10,9,6,3,True,none,,False,False,1.0427112530162193e+76,-59478710198085.766,0.265625,4.465883660142808e-15,59478710.19808562,True,True,6 consecutive admissible steps from 1.250e-06 to 4.000e-05 agree to 1.48e-10 relative; the plateau is a genuine independent estimate and its own spread sets the agreement tolerance. 3 step(s) were excluded for leaving the nominal branch.
11,plastic,2,4,1|1|2|2,mixed,4,89218065297128.84,0.35687226118851545,89218065297128.7,0.3568722611885149,resolved,6,1.25e-06,4e-05,2102.8984375,4.714064198761946e-11,9,6,3,True,none,,False,False,2.5390441022055185e+76,89218065297128.64,0.140625,1.5761942329915746e-15,89218065.29712869,True,True,6 consecutive admissible steps from 1.250e-06 to 4.000e-05 agree to 4.71e-11 relative; the plateau is a genuine independent estimate and its own spread sets the agreement tolerance. 3 step(s) were excluded for leaving the nominal branch.
11,plastic,3,4,1|1|2|2,mixed,4,-29739355099042.934,-0.11895742039617176,-29739355099042.883,-0.11895742039617156,resolved,6,1.25e-06,4e-05,6509.845703125,4.377933335437062e-10,9,6,3,True,none,,False,False,1.6447478356196083e+76,-29739355099042.883,0.05078125,1.7075437524075402e-15,29739355.09904288,True,True,6 consecutive admissible steps from 1.250e-06 to 4.000e-05 agree to 4.38e-10 relative; the plateau is a genuine independent estimate and its own spread sets the agreement tolerance. 3 step(s) were excluded for leaving the nominal branch.
11,plastic,4,4,1|1|2|2,mixed,4,0.0,0.0,0.0,0.0,expected_zero_independently_supported,6,1.25e-06,4e-05,0.0,0.0,9,6,3,True,strong,,True,True,0.0,0.0,0.0,,,True,True,"Derivative is zero on evidence independent of the OTI result: high_precision -- recomputed at 200 decimal digits with step 2.000e-08, where cancellation cannot manufacture a zero, giving normalized magnitude 0.000e+00"
11,plastic,5,4,1|1|2|2,mixed,4,0.0,0.0,0.0,0.0,expected_zero_independently_supported,6,1.25e-06,4e-05,0.0,0.0,9,6,3,True,strong,,True,True,0.0,0.0,0.0,,,True,True,"Derivative is zero on evidence independent of the OTI result: high_precision -- recomputed at 200 decimal digits with step 2.000e-08, where cancellation cannot manufacture a zero, giving normalized magnitude 0.000e+00"
11,plastic,6,4,1|1|2|2,mixed,4,0.0,0.0,0.0,0.0,expected_zero_independently_supported,6,1.25e-06,4e-05,0.0,0.0,9,6,3,True,strong,,True,True,0.0,0.0,0.0,,,True,True,"Derivative is zero on evidence independent of the OTI result: high_precision -- recomputed at 200 decimal digits with step 2.000e-08, where cancellation cannot manufacture a zero, giving normalized magnitude 0.000e+00"
11,plastic,1,2,1|2,mixed,1,3.725290298461914e-09,1.4901161193847654e-17,0.0,0.0,expected_zero_independently_supported,3,1e-05,4e-05,0.0011524521036950057,253.80777734561806,9,6,3,True,strong,,False,False,1.0427112530162193e+76,-9.107089142116826e-30,3.725290298461914e-09,,,True,True,"Derivative is zero on evidence independent of the OTI result: high_precision -- recomputed at 200 decimal digits with step 2.000e-08, where cancellation cannot manufacture a zero, giving normalized magnitude 3.643e-38"
11,plastic,2,2,1|2,mixed,1,-35130849.200683475,-0.14052339680273387,-35130849.20068341,-0.14052339680273362,resolved,6,1.25e-06,4e-05,0.0007121339440345764,4.0541800738521464e-11,9,6,3,True,none,,False,False,2.5390441022055185e+76,-35130849.20068343,6.705522537231445e-08,1.908727710772503e-15,35.13084920068341,True,True,6 consecutive admissible steps from 1.250e-06 to 4.000e-05 agree to 4.05e-11 relative; the plateau is a genuine independent estimate and its own spread sets the agreement tolerance. 3 step(s) were excluded for leaving the nominal branch.
11,plastic,3,2,1|2,mixed,1,35130849.20068346,0.14052339680273382,35130849.20068344,0.14052339680273374,resolved,6,1.25e-06,4e-05,0.00044033676385879517,2.5068381429859023e-11,9,6,3,True,none,,False,False,1.6447478356196083e+76,35130849.20068343,2.2351741790771484e-08,6.362425702575005e-16,35.130849200683436,True,True,6 consecutive admissible steps from 1.250e-06 to 4.000e-05 agree to 2.51e-11 relative; the plateau is a genuine independent estimate and its own spread sets the agreement tolerance. 3 step(s) were excluded for leaving the nominal branch.
11,plastic,4,2,1|2,mixed,1,0.0,0.0,0.0,0.0,expected_zero_independently_supported,6,1.25e-06,4e-05,0.0,0.0,9,6,3,True,strong,,True,True,0.0,0.0,0.0,,,True,True,"Derivative is zero on evidence independent of the OTI result: high_precision -- recomputed at 200 decimal digits with step 2.000e-08, where cancellation cannot manufacture a zero, giving normalized magnitude 0.000e+00"
11,plastic,5,2,1|2,mixed,1,0.0,0.0,0.0,0.0,expected_zero_independently_supported,6,1.25e-06,4e-05,0.0,0.0,9,6,3,True,strong,,True,True,0.0,0.0,0.0,,,True,True,"Derivative is zero on evidence independent of the OTI result: high_precision -- recomputed at 200 decimal digits with step 2.000e-08, where cancellation cannot manufacture a zero, giving normalized magnitude 0.000e+00"
11,plastic,6,2,1|2,mixed,1,0.0,0.0,0.0,0.0,expected_zero_independently_supported,6,1.25e-06,4e-05,0.0,0.0,9,6,3,True,strong,,True,True,0.0,0.0,0.0,,,True,True,"Derivative is zero on evidence independent of the OTI result: high_precision -- recomputed at 200 decimal digits with step 2.000e-08, where cancellation cannot manufacture a zero, giving normalized magnitude 0.000e+00"
12,plastic,1,2,1|1,repeated,2,2.9802322387695312e-08,1.1920928955078123e-16,0.0,0.0,expected_zero_independently_supported,3,2.5e-06,1e-05,4.459921946322156e-68,1.8106617647058822,9,6,3,True,strong,,False,True,0.0,4.030261493153017e-183,2.9802322387695312e-08,,,True,True,"Derivative is zero on evidence independent of the OTI result: high_precision -- recomputed at 200 decimal digits with step 2.000e-08, where cancellation cannot manufacture a zero, giving normalized magnitude 1.612e-191"
12,plastic,2,2,1|1,repeated,2,3.725290298461914e-08,1.4901161193847654e-16,0.0,0.0,expected_zero_independently_supported,3,1.25e-06,5e-06,3.096498904214006e-67,3.5918067226890757,9,6,3,True,strong,,False,True,0.07452972507004095,3.3205530367857427e-183,3.725290298461914e-08,,,True,True,"Derivative is zero on evidence independent of the OTI result: high_precision -- recomputed at 200 decimal digits with step 2.000e-08, where cancellation cannot manufacture a zero, giving normalized magnitude 1.328e-191"
12,plastic,3,2,1|1,repeated,2,3.725290298461914e-08,1.4901161193847654e-16,0.0,0.0,expected_zero_independently_supported,3,1.25e-06,5e-06,3.096498904214006e-67,3.5918067226890757,9,6,3,True,strong,,False,True,0.07452972507004095,3.3205530367857427e-183,3.725290298461914e-08,,,True,True,"Derivative is zero on evidence independent of the OTI result: high_precision -- recomputed at 200 decimal digits with step 2.000e-08, where cancellation cannot manufacture a zero, giving normalized magnitude 1.328e-191"
12,plastic,4,2,1|1,repeated,2,0.0,0.0,0.0,0.0,expected_zero_independently_supported,6,1.25e-06,4e-05,0.0,0.0,9,6,3,True,strong,,True,True,0.0,0.0,0.0,,,True,True,"Derivative is zero on evidence independent of the OTI result: high_precision -- recomputed at 200 decimal digits with step 2.000e-08, where cancellation cannot manufacture a zero, giving normalized magnitude 0.000e+00"
12,plastic,5,2,1|1,repeated,2,0.0,0.0,0.0,0.0,expected_zero_independently_supported,6,1.25e-06,4e-05,0.0,0.0,9,6,3,True,strong,,True,True,0.0,0.0,0.0,,,True,True,"Derivative is zero on evidence independent of the OTI result: high_precision -- recomputed at 200 decimal digits with step 2.000e-08, where cancellation cannot manufacture a zero, giving normalized magnitude 0.000e+00"
12,plastic,6,2,1|1,repeated,2,0.0,0.0,0.0,0.0,expected_zero_independently_supported,6,1.25e-06,4e-05,0.0,0.0,9,6,3,True,strong,,True,True,0.0,0.0,0.0,,,True,True,"Derivative is zero on evidence independent of the OTI result: high_precision -- recomputed at 200 decimal digits with step 2.000e-08, where cancellation cannot manufacture a zero, giving normalized magnitude 0.000e+00"
12,plastic,1,3,1|1|1,repeated,6,4.57763671875e-05,1.8310546875000003e-16,0.0,0.0,expected_zero_independently_supported,3,2.5e-06,1e-05,6.95366414788402e-63,1.3737107796162966,9,6,3,True,strong,,False,True,0.0,7.957402968187614e-176,4.57763671875e-05,,,True,True,"Derivative is zero on evidence independent of the OTI result: high_precision -- recomputed at 200 decimal digits with step 2.000e-08, where cancellation cannot manufacture a zero, giving normalized magnitude 3.183e-187"
12,plastic,2,3,1|1|1,repeated,6,-9.1552734375e-05,-3.6621093750000007e-16,0.0,0.0,expected_zero_independently_supported,3,1e-05,4e-05,5.787391116789376e-65,4.516886791501675,9,6,3,True,strong,,False,True,0.07452972507004095,-3.571039422664573e-177,9.1552734375e-05,,,True,True,"Derivative is zero on evidence independent of the OTI result: high_precision -- recomputed at 200 decimal digits with step 2.000e-08, where cancellation cannot manufacture a zero, giving normalized magnitude 1.428e-188"
12,plastic,3,3,1|1|1,repeated,6,-9.1552734375e-05,-3.6621093750000007e-16,0.0,0.0,expected_zero_independently_supported,3,1e-05,4e-05,5.787391116789376e-65,4.516886791501675,9,6,3,True,strong,,False,True,0.07452972507004095,-3.571039422664573e-177,9.1552734375e-05,,,True,True,"Derivative is zero on evidence independent of the OTI result: high_precision -- recomputed at 200 decimal digits with step 2.000e-08, where cancellation cannot manufacture a zero, giving normalized magnitude 1.428e-188"
12,plastic,4,3,1|1|1,repeated,6,0.0,0.0,0.0,0.0,expected_zero_independently_supported,6,1.25e-06,4e-05,0.0,0.0,9,6,3,True,strong,,True,True,0.0,0.0,0.0,,,True,True,"Derivative is zero on evidence independent of the OTI result: high_precision -- recomputed at 200 decimal digits with step 2.000e-08, where cancellation cannot manufacture a zero, giving normalized magnitude 0.000e+00"
12,plastic,5,3,1|1|1,repeated,6,0.0,0.0,0.0,0.0,expected_zero_independently_supported,6,1.25e-06,4e-05,0.0,0.0,9,6,3,True,strong,,True,True,0.0,0.0,0.0,,,True,True,"Derivative is zero on evidence independent of the OTI result: high_precision -- recomputed at 200 decimal digits with step 2.000e-08, where cancellation cannot manufacture a zero, giving normalized magnitude 0.000e+00"
12,plastic,6,3,1|1|1,repeated,6,0.0,0.0,0.0,0.0,expected_zero_independently_supported,6,1.25e-06,4e-05,0.0,0.0,9,6,3,True,strong,,True,True,0.0,0.0,0.0,,,True,True,"Derivative is zero on evidence independent of the OTI result: high_precision -- recomputed at 200 decimal digits with step 2.000e-08, where cancellation cannot manufacture a zero, giving normalized magnitude 0.000e+00"
12,plastic,1,4,1|1|1|1,repeated,24,-0.09375,-3.750000000000001e-16,0.0,0.0,expected_zero_independently_supported,3,1.25e-06,5e-06,1.3733049683428413e-54,10.436289346246973,9,6,3,True,strong,,False,True,0.0,4.372062607586834e-167,0.09375,,,True,True,"Derivative is zero on evidence independent of the OTI result: high_precision -- recomputed at 200 decimal digits with step 2.000e-08, where cancellation cannot manufacture a zero, giving normalized magnitude 1.749e-181"
12,plastic,2,4,1|1|1|1,repeated,24,0.1875,7.500000000000002e-16,0.0,0.0,expected_zero_independently_supported,3,2.5e-06,1e-05,4.022557075609442e-57,12.335877862595419,9,6,3,True,strong,,False,True,0.07452972507004095,-4.8622635666192975e-167,0.1875,,,True,True,"Derivative is zero on evidence independent of the OTI result: high_precision -- recomputed at 200 decimal digits with step 2.000e-08, where cancellation cannot manufacture a zero, giving normalized magnitude 1.945e-181"
12,plastic,3,4,1|1|1|1,repeated,24,0.1875,7.500000000000002e-16,0.0,0.0,expected_zero_independently_supported,3,2.5e-06,1e-05,4.022557075609442e-57,12.335877862595419,9,6,3,True,strong,,False,True,0.07452972507004095,-4.8622635666192975e-167,0.1875,,,True,True,"Derivative is zero on evidence independent of the OTI result: high_precision -- recomputed at 200 decimal digits with step 2.000e-08, where cancellation cannot manufacture a zero, giving normalized magnitude 1.945e-181"
12,plastic,4,4,1|1|1|1,repeated,24,0.0,0.0,0.0,0.0,expected_zero_independently_supported,6,1.25e-06,4e-05,0.0,0.0,9,6,3,True,strong,,True,True,0.0,0.0,0.0,,,True,True,"Derivative is zero on evidence independent of the OTI result: high_precision -- recomputed at 200 decimal digits with step 2.000e-08, where cancellation cannot manufacture a zero, giving normalized magnitude 0.000e+00"
12,plastic,5,4,1|1|1|1,repeated,24,0.0,0.0,0.0,0.0,expected_zero_independently_supported,6,1.25e-06,4e-05,0.0,0.0,9,6,3,True,strong,,True,True,0.0,0.0,0.0,,,True,True,"Derivative is zero on evidence independent of the OTI result: high_precision -- recomputed at 200 decimal digits with step 2.000e-08, where cancellation cannot manufacture a zero, giving normalized magnitude 0.000e+00"
12,plastic,6,4,1|1|1|1,repeated,24,0.0,0.0,0.0,0.0,expected_zero_independently_supported,6,1.25e-06,4e-05,0.0,0.0,9,6,3,True,strong,,True,True,0.0,0.0,0.0,,,True,True,"Derivative is zero on evidence independent of the OTI result: high_precision -- recomputed at 200 decimal digits with step 2.000e-08, where cancellation cannot manufacture a zero, giving normalized magnitude 0.000e+00"
12,plastic,1,3,1|1|2,mixed,2,-1.1444091796875e-05,-4.577636718750001e-17,0.0,0.0,expected_zero_independently_supported,3,1e-05,4e-05,6.039743686214313,253.37292758628416,9,6,3,True,strong,,False,False,9.776571918229468e+75,4.783695255646411e-26,1.1444091796875e-05,,,True,True,"Derivative is zero on evidence independent of the OTI result: high_precision -- recomputed at 200 decimal digits with step 2.000e-08, where cancellation cannot manufacture a zero, giving normalized magnitude 1.913e-37"
12,plastic,2,3,1|1|2,mixed,2,37244720579.54267,0.1489788823181707,37244720579.542595,0.14897888231817039,resolved,6,1.25e-06,4e-05,1.9311637878417969,1.037013438571762e-10,9,6,3,True,none,,False,False,2.2942257283308052e+76,37244720579.542595,7.62939453125e-05,2.0484499313012963e-15,37244.72057954259,True,True,6 consecutive admissible steps from 1.250e-06 to 4.000e-05 agree to 1.04e-10 relative; the plateau is a genuine independent estimate and its own spread sets the agreement tolerance. 3 step(s) were excluded for leaving the nominal branch.
12,plastic,3,3,1|1|2,mixed,2,-37244720579.54257,-0.1489788823181703,-37244720579.542595,-0.14897888231817039,resolved,6,1.25e-06,4e-05,4.108673095703125,2.2063116768070993e-10,9,6,3,True,none,,False,False,1.4871401115583078e+76,-37244720579.542595,2.288818359375e-05,6.145349793903888e-16,37244.72057954259,True,True,6 consecutive admissible steps from 1.250e-06 to 4.000e-05 agree to 2.21e-10 relative; the plateau is a genuine independent estimate and its own spread sets the agreement tolerance. 3 step(s) were excluded for leaving the nominal branch.
12,plastic,4,3,1|1|2,mixed,2,0.0,0.0,0.0,0.0,expected_zero_independently_supported,6,1.25e-06,4e-05,0.0,0.0,9,6,3,True,strong,,True,True,0.0,0.0,0.0,,,True,True,"Derivative is zero on evidence independent of the OTI result: high_precision -- recomputed at 200 decimal digits with step 2.000e-08, where cancellation cannot manufacture a zero, giving normalized magnitude 0.000e+00"
12,plastic,5,3,1|1|2,mixed,2,0.0,0.0,0.0,0.0,expected_zero_independently_supported,6,1.25e-06,4e-05,0.0,0.0,9,6,3,True,strong,,True,True,0.0,0.0,0.0,,,True,True,"Derivative is zero on evidence independent of the OTI result: high_precision -- recomputed at 200 decimal digits with step 2.000e-08, where cancellation cannot manufacture a zero, giving normalized magnitude 0.000e+00"
12,plastic,6,3,1|1|2,mixed,2,0.0,0.0,0.0,0.0,expected_zero_independently_supported,6,1.25e-06,4e-05,0.0,0.0,9,6,3,True,strong,,True,True,0.0,0.0,0.0,,,True,True,"Derivative is zero on evidence independent of the OTI result: high_precision -- recomputed at 200 decimal digits with step 2.000e-08, where cancellation cannot manufacture a zero, giving normalized magnitude 0.000e+00"
12,plastic,1,4,1|1|2|2,mixed,4,-59285915030876.39,-0.2371436601235056,-59285915030876.19,-0.2371436601235048,resolved,6,1.25e-06,4e-05,4352.9765625,1.468469048755666e-10,9,6,3,True,none,,False,False,9.776571918229468e+75,-59285915030876.32,0.203125,3.4261932179711188e-15,59285915.03087618,True,True,6 consecutive admissible steps from 1.250e-06 to 4.000e-05 agree to 1.47e-10 relative; the plateau is a genuine independent estimate and its own spread sets the agreement tolerance. 3 step(s) were excluded for leaving the nominal branch.
12,plastic,2,4,1|1|2|2,mixed,4,88928872546314.58,0.3557154901852584,88928872546314.55,0.3557154901852583,resolved,6,1.25e-06,4e-05,2077.109375,4.6713948249332235e-11,9,6,3,True,none,,False,False,2.2942257283308052e+76,88928872546314.48,0.03125,3.514044326124214e-16,88928872.54631454,True,True,6 consecutive admissible steps from 1.250e-06 to 4.000e-05 agree to 4.67e-11 relative; the plateau is a genuine independent estimate and its own spread sets the agreement tolerance. 3 step(s) were excluded for leaving the nominal branch.
12,plastic,3,4,1|1|2|2,mixed,4,-29642957515438.2,-0.11857183006175281,-29642957515438.16,-0.11857183006175266,resolved,6,1.25e-06,4e-05,6430.08984375,4.338359180524538e-10,9,6,3,True,none,,False,False,1.4871401115583078e+76,-29642957515438.16,0.0390625,1.3177666222965811e-15,29642957.515438158,True,True,6 consecutive admissible steps from 1.250e-06 to 4.000e-05 agree to 4.34e-10 relative; the plateau is a genuine independent estimate and its own spread sets the agreement tolerance. 3 step(s) were excluded for leaving the nominal branch.
12,plastic,4,4,1|1|2|2,mixed,4,0.0,0.0,0.0,0.0,expected_zero_independently_supported,6,1.25e-06,4e-05,0.0,0.0,9,6,3,True,strong,,True,True,0.0,0.0,0.0,,,True,True,"Derivative is zero on evidence independent of the OTI result: high_precision -- recomputed at 200 decimal digits with step 2.000e-08, where cancellation cannot manufacture a zero, giving normalized magnitude 0.000e+00"
12,plastic,5,4,1|1|2|2,mixed,4,0.0,0.0,0.0,0.0,expected_zero_independently_supported,6,1.25e-06,4e-05,0.0,0.0,9,6,3,True,strong,,True,True,0.0,0.0,0.0,,,True,True,"Derivative is zero on evidence independent of the OTI result: high_precision -- recomputed at 200 decimal digits with step 2.000e-08, where cancellation cannot manufacture a zero, giving normalized magnitude 0.000e+00"
12,plastic,6,4,1|1|2|2,mixed,4,0.0,0.0,0.0,0.0,expected_zero_independently_supported,6,1.25e-06,4e-05,0.0,0.0,9,6,3,True,strong,,True,True,0.0,0.0,0.0,,,True,True,"Derivative is zero on evidence independent of the OTI result: high_precision -- recomputed at 200 decimal digits with step 2.000e-08, where cancellation cannot manufacture a zero, giving normalized magnitude 0.000e+00"
12,plastic,1,2,1|2,mixed,1,-2.60770320892334e-08,-1.0430812835693359e-16,0.0,0.0,expected_zero_independently_supported,3,1e-05,4e-05,0.001140913323775983,253.81279684376412,9,6,3,True,strong,,False,False,9.776571918229468e+75,-9.015668889079603e-30,2.60770320892334e-08,,,True,True,"Derivative is zero on evidence independent of the OTI result: high_precision -- recomputed at 200 decimal digits with step 2.000e-08, where cancellation cannot manufacture a zero, giving normalized magnitude 3.606e-38"
12,plastic,2,2,1|2,mixed,1,-35096933.48729868,-0.1403877339491947,-35096933.48729862,-0.1403877339491945,resolved,6,1.25e-06,4e-05,0.0007050111889839172,4.017508761778613e-11,9,6,3,True,none,,False,False,2.2942257283308052e+76,-35096933.487298645,5.960464477539063e-08,1.6982863986382514e-15,35.09693348729862,True,True,6 consecutive admissible steps from 1.250e-06 to 4.000e-05 agree to 4.02e-11 relative; the plateau is a genuine independent estimate and its own spread sets the agreement tolerance. 3 step(s) were excluded for leaving the nominal branch.
12,plastic,3,2,1|2,mixed,1,35096933.487298645,0.14038773394919457,35096933.48729866,0.14038773394919463,resolved,6,1.25e-06,4e-05,0.0004359222948551178,2.4841047438681507e-11,9,6,3,True,none,,False,False,1.4871401115583078e+76,35096933.487298645,1.4901161193847656e-08,4.245715996595624e-16,35.09693348729866,True,True,6 consecutive admissible steps from 1.250e-06 to 4.000e-05 agree to 2.48e-11 relative; the plateau is a genuine independent estimate and its own spread sets the agreement tolerance. 3 step(s) were excluded for leaving the nominal branch.
12,plastic,4,2,1|2,mixed,1,0.0,0.0,0.0,0.0,expected_zero_independently_supported,6,1.25e-06,4e-05,0.0,0.0,9,6,3,True,strong,,True,True,0.0,0.0,0.0,,,True,True,"Derivative is zero on evidence independent of the OTI result: high_precision -- recomputed at 200 decimal digits with step 2.000e-08, where cancellation cannot manufacture a zero, giving normalized magnitude 0.000e+00"
12,plastic,5,2,1|2,mixed,1,0.0,0.0,0.0,0.0,expected_zero_independently_supported,6,1.25e-06,4e-05,0.0,0.0,9,6,3,True,strong,,True,True,0.0,0.0,0.0,,,True,True,"Derivative is zero on evidence independent of the OTI result: high_precision -- recomputed at 200 decimal digits with step 2.000e-08, where cancellation cannot manufacture a zero, giving normalized magnitude 0.000e+00"
12,plastic,6,2,1|2,mixed,1,0.0,0.0,0.0,0.0,expected_zero_independently_supported,6,1.25e-06,4e-05,0.0,0.0,9,6,3,True,strong,,True,True,0.0,0.0,0.0,,,True,True,"Derivative is zero on evidence independent of the OTI result: high_precision -- recomputed at 200 decimal digits with step 2.000e-08, where cancellation cannot manufacture a zero, giving normalized magnitude 0.000e+00"
13,plastic,1,2,1|1,repeated,2,-1173558.9447137266,-0.0046942357788549065,-1173558.9447137867,-0.004694235778855147,resolved,7,1.25e-06,8e-05,0.007677271380089223,1.308374226053314e-08,9,7,2,True,none,,False,False,3.125570683786467e+74,-1173558.9447137876,6.007030606269836e-08,5.118644132302072e-14,1.1735589447137866,True,True,7 consecutive admissible steps from 1.250e-06 to 8.000e-05 agree to 1.31e-08 relative; the plateau is a genuine independent estimate and its own spread sets the agreement tolerance. 2 step(s) were excluded for leaving the nominal branch.
13,plastic,2,2,1|1,repeated,2,-2507311.905620195,-0.01002924762248078,-2507311.905620228,-0.01002924762248091,resolved,7,1.25e-06,8e-05,0.0009097759611904621,7.256982740369614e-10,9,7,2,True,none,,False,False,1.0426190701478555e+75,-2507311.905620228,3.306195139884949e-08,1.3186214018582993e-14,2.5073119056202278,True,True,7 consecutive admissible steps from 1.250e-06 to 8.000e-05 agree to 7.26e-10 relative; the plateau is a genuine independent estimate and its own spread sets the agreement tolerance. 2 step(s) were excluded for leaving the nominal branch.
13,plastic,3,2,1|1,repeated,2,3680870.8503340483,0.014723483401336192,3680870.8503340147,0.014723483401336057,resolved,7,1.25e-06,8e-05,0.008587047457695007,4.665769491432056e-09,9,7,2,True,none,,False,False,1.4915736721729865e+75,3680870.8503340157,3.3527612686157227e-08,9.108608818240613e-15,3.6808708503340144,True,True,7 consecutive admissible steps from 1.250e-06 to 8.000e-05 agree to 4.67e-09 relative; the plateau is a genuine independent estimate and its own spread sets the agreement tolerance. 2 step(s) were excluded for leaving the nominal branch.
13,plastic,4,2,1|1,repeated,2,6188182.7559542535,0.024752731023817014,6188182.755954242,0.024752731023816966,resolved,7,1.25e-06,8e-05,0.009496822953224182,3.0693414618649978e-09,9,7,2,True,none,,False,False,8.936140230651008e+76,6188182.755954243,1.1175870895385742e-08,1.806002074620755e-15,6.188182755954242,True,True,7 consecutive admissible steps from 1.250e-06 to 8.000e-05 agree to 3.07e-09 relative; the plateau is a genuine independent estimate and its own spread sets the agreement tolerance. 2 step(s) were excluded for leaving the nominal branch.
13,plastic,5,2,1|1,repeated,2,0.0,0.0,0.0,0.0,expected_zero_independently_supported,7,1.25e-06,8e-05,0.0,0.0,9,7,2,True,strong,,True,True,0.0,0.0,0.0,,,True,True,"Derivative is zero on evidence independent of the OTI result: high_precision -- recomputed at 200 decimal digits with step 2.000e-08, where cancellation cannot manufacture a zero, giving normalized magnitude 0.000e+00"
13,plastic,6,2,1|1,repeated,2,0.0,0.0,0.0,0.0,expected_zero_independently_supported,7,1.25e-06,8e-05,0.0,0.0,9,7,2,True,strong,,True,True,0.0,0.0,0.0,,,True,True,"Derivative is zero on evidence independent of the OTI result: high_precision -- recomputed at 200 decimal digits with step 2.000e-08, where cancellation cannot manufacture a zero, giving normalized magnitude 0.000e+00"
13,plastic,1,3,1|1|1,repeated,6,2334902278.4982376,0.009339609113992951,2334902278.5672665,0.009339609114269067,resolved,7,1.25e-06,8e-05,9527.382353067398,8.160840340533268e-06,9,7,2,True,none,,False,False,3.125570683786467e+74,2334902278.4983506,0.06902885437011719,2.95639158022812e-11,38109.52941226959,True,True,7 consecutive admissible steps from 1.250e-06 to 8.000e-05 agree to 8.16e-06 relative; the plateau is a genuine independent estimate and its own spread sets the agreement tolerance. 2 step(s) were excluded for leaving the nominal branch.
13,plastic,2,3,1|1|1,repeated,6,3416347443.1381645,0.013665389772552659,3416347443.152574,0.013665389772610297,resolved,7,1.25e-06,8e-05,1909.45605301857,1.1178348132276273e-06,9,7,2,True,none,,False,False,1.0426190701478555e+75,3416347443.138195,0.014409542083740234,4.2178210277240545e-12,7637.82421207428,True,True,7 consecutive admissible steps from 1.250e-06 to 8.000e-05 agree to 1.12e-06 relative; the plateau is a genuine independent estimate and its own spread sets the agreement tolerance. 2 step(s) were excluded for leaving the nominal branch.
13,plastic,3,3,1|1|1,repeated,6,-5751249721.636585,-0.023004998886546342,-5751249721.719841,-0.023004998886879367,resolved,7,1.25e-06,8e-05,11436.838406085968,3.977166341045584e-06,9,7,2,True,none,,False,False,1.4915736721729865e+75,-5751249721.636546,0.08325576782226562,1.4476117687577823e-11,45747.35362434387,True,True,7 consecutive admissible steps from 1.250e-06 to 8.000e-05 agree to 3.98e-06 relative; the plateau is a genuine independent estimate and its own spread sets the agreement tolerance. 2 step(s) were excluded for leaving the nominal branch.
13,plastic,4,3,1|1|1,repeated,6,-9167597164.774765,-0.03667038865909906,-9167597164.872416,-0.03667038865948967,resolved,7,1.25e-06,8e-05,13346.294459342957,2.911623235471581e-06,9,7,2,True,none,,False,False,8.936140230651008e+76,-9167597164.774742,0.09765052795410156,1.0651703625053486e-11,53385.177837371826,True,True,7 consecutive admissible steps from 1.250e-06 to 8.000e-05 agree to 2.91e-06 relative; the plateau is a genuine independent estimate and its own spread sets the agreement tolerance. 2 step(s) were excluded for leaving the nominal branch.
13,plastic,5,3,1|1|1,repeated,6,0.0,0.0,0.0,0.0,expected_zero_independently_supported,7,1.25e-06,8e-05,0.0,0.0,9,7,2,True,strong,,True,True,0.0,0.0,0.0,,,True,True,"Derivative is zero on evidence independent of the OTI result: high_precision -- recomputed at 200 decimal digits with step 2.000e-08, where cancellation cannot manufacture a zero, giving normalized magnitude 0.000e+00"
13,plastic,6,3,1|1|1,repeated,6,0.0,0.0,0.0,0.0,expected_zero_independently_supported,7,1.25e-06,8e-05,0.0,0.0,9,7,2,True,strong,,True,True,0.0,0.0,0.0,,,True,True,"Derivative is zero on evidence independent of the OTI result: high_precision -- recomputed at 200 decimal digits with step 2.000e-08, where cancellation cannot manufacture a zero, giving normalized magnitude 0.000e+00"
13,plastic,1,4,1|1|1|1,repeated,24,-5792985848361.984,-0.023171943393447945,-5792985848510.468,-0.023171943394041876,resolved,7,1.25e-06,8e-05,20466966.44482422,7.066119952662002e-06,9,7,2,True,none,,False,False,3.125570683786467e+74,-5792985848362.259,148.4833984375,2.5631583145620677e-11,81867865.77929688,True,True,7 consecutive admissible steps from 1.250e-06 to 8.000e-05 agree to 7.07e-06 relative; the plateau is a genuine independent estimate and its own spread sets the agreement tolerance. 2 step(s) were excluded for leaving the nominal branch.
13,plastic,2,4,1|1|1|1,repeated,24,-6113267376367.898,-0.0244530695054716,-6113267376386.539,-0.02445306950554616,resolved,7,1.25e-06,8e-05,2428780.55078125,7.945932678039893e-07,9,7,2,True,none,,False,False,1.0426190701478555e+75,-6113267376367.917,18.640625,3.0492081978946903e-12,9715122.203125,True,True,7 consecutive admissible steps from 1.250e-06 to 8.000e-05 agree to 7.95e-07 relative; the plateau is a genuine independent estimate and its own spread sets the agreement tolerance. 2 step(s) were excluded for leaving the nominal branch.
13,plastic,3,4,1|1|1|1,repeated,24,11906253224730.234,0.047625012898920946,11906253224897.008,0.047625012899588044,resolved,7,1.25e-06,8e-05,22895746.99609375,3.846003703031741e-06,9,7,2,True,none,,False,False,1.4915736721729865e+75,11906253224730.176,166.7734375,1.4007214053810168e-11,91582987.984375,True,True,7 consecutive admissible steps from 1.250e-06 to 8.000e-05 agree to 3.85e-06 relative; the plateau is a genuine independent estimate and its own spread sets the agreement tolerance. 2 step(s) were excluded for leaving the nominal branch.
13,plastic,4,4,1|1|1|1,repeated,24,18019520601098.16,0.07207808240439266,18019520601283.547,0.07207808240513419,resolved,7,1.25e-06,8e-05,25324527.546875,2.8107881566029135e-06,9,7,2,True,none,,False,False,8.936140230651008e+76,18019520601098.094,185.38671875,1.0288104930871176e-11,101298110.1875,True,True,7 consecutive admissible steps from 1.250e-06 to 8.000e-05 agree to 2.81e-06 relative; the plateau is a genuine independent estimate and its own spread sets the agreement tolerance. 2 step(s) were excluded for leaving the nominal branch.
13,plastic,5,4,1|1|1|1,repeated,24,0.0,0.0,0.0,0.0,expected_zero_independently_supported,7,1.25e-06,8e-05,0.0,0.0,9,7,2,True,strong,,True,True,0.0,0.0,0.0,,,True,True,"Derivative is zero on evidence independent of the OTI result: high_precision -- recomputed at 200 decimal digits with step 2.000e-08, where cancellation cannot manufacture a zero, giving normalized magnitude 0.000e+00"
13,plastic,6,4,1|1|1|1,repeated,24,0.0,0.0,0.0,0.0,expected_zero_independently_supported,7,1.25e-06,8e-05,0.0,0.0,9,7,2,True,strong,,True,True,0.0,0.0,0.0,,,True,True,"Derivative is zero on evidence independent of the OTI result: high_precision -- recomputed at 200 decimal digits with step 2.000e-08, where cancellation cannot manufacture a zero, giving normalized magnitude 0.000e+00"
13,plastic,1,3,1|1|2,mixed,2,3416347443.1382446,0.01366538977255298,3416347443.1382937,0.013665389772553176,resolved,6,1.25e-06,4e-05,3.214522361755371,1.881847449802984e-09,9,6,3,True,none,,False,False,7.495464260857233e+75,3416347443.138195,4.9114227294921875e-05,1.437623898399661e-14,3416.347443138294,True,True,6 consecutive admissible steps from 1.250e-06 to 4.000e-05 agree to 1.88e-09 relative; the plateau is a genuine independent estimate and its own spread sets the agreement tolerance. 3 step(s) were excluded for leaving the nominal branch.
13,plastic,2,3,1|1|2,mixed,2,26590605425.233765,0.10636242170093506,26590605425.23368,0.10636242170093473,resolved,6,1.25e-06,4e-05,2.3321704864501953,1.7541311671204266e-10,9,6,3,True,none,,False,False,1.965219635384293e+76,26590605425.23368,8.392333984375e-05,3.156127455605403e-15,26590.60542523368,True,True,6 consecutive admissible steps from 1.250e-06 to 4.000e-05 agree to 1.75e-10 relative; the plateau is a genuine independent estimate and its own spread sets the agreement tolerance. 3 step(s) were excluded for leaving the nominal branch.
13,plastic,3,3,1|1|2,mixed,2,-30006952868.371906,-0.12002781147348764,-30006952868.37188,-0.12002781147348753,resolved,6,1.25e-06,4e-05,0.8823490142822266,5.880963776313628e-11,9,6,3,True,none,,False,False,1.2045408562990164e+76,-30006952868.37188,2.6702880859375e-05,8.898897857609707e-16,30006.952868371878,True,True,6 consecutive admissible steps from 1.250e-06 to 4.000e-05 agree to 5.88e-11 relative; the plateau is a genuine independent estimate and its own spread sets the agreement tolerance. 3 step(s) were excluded for leaving the nominal branch.
13,plastic,4,3,1|1|2,mixed,2,5284269265.936887,0.021137077063747546,5284269265.93688,0.021137077063747522,resolved,6,1.25e-06,4e-05,0.12622642517089844,4.777441073435496e-11,9,6,3,True,none,,False,False,8.936140230651008e+76,5284269265.936876,6.67572021484375e-06,1.2633194636534425e-15,5284.2692659368795,True,True,6 consecutive admissible steps from 1.250e-06 to 4.000e-05 agree to 4.78e-11 relative; the plateau is a genuine independent estimate and its own spread sets the agreement tolerance. 3 step(s) were excluded for leaving the nominal branch.
13,plastic,5,3,1|1|2,mixed,2,0.0,0.0,0.0,0.0,expected_zero_independently_supported,6,1.25e-06,4e-05,0.0,0.0,9,6,3,True,strong,,True,True,0.0,0.0,0.0,,,True,True,"Derivative is zero on evidence independent of the OTI result: high_precision -- recomputed at 200 decimal digits with step 2.000e-08, where cancellation cannot manufacture a zero, giving normalized magnitude 0.000e+00"
13,plastic,6,3,1|1|2,mixed,2,0.0,0.0,0.0,0.0,expected_zero_independently_supported,6,1.25e-06,4e-05,0.0,0.0,9,6,3,True,strong,,True,True,0.0,0.0,0.0,,,True,True,"Derivative is zero on evidence independent of the OTI result: high_precision -- recomputed at 200 decimal digits with step 2.000e-08, where cancellation cannot manufacture a zero, giving normalized magnitude 0.000e+00"
13,plastic,1,4,1|1|2|2,mixed,4,-37407524108160.97,-0.1496300964326439,-37407524108160.79,-0.14963009643264316,resolved,6,1.25e-06,4e-05,3070.8125,1.641815422544939e-10,9,6,3,True,none,,False,False,7.495464260857233e+75,-37407524108160.88,0.1796875,4.803512242094621e-15,37407524.10816079,True,True,6 consecutive admissible steps from 1.250e-06 to 4.000e-05 agree to 1.64e-10 relative; the plateau is a genuine independent estimate and its own spread sets the agreement tolerance. 3 step(s) were excluded for leaving the nominal branch.
13,plastic,2,4,1|1|2|2,mixed,4,71877942856788.62,0.28751177142715456,71877942856788.47,0.2875117714271539,resolved,6,1.25e-06,4e-05,409.53125,1.1395185608357239e-11,9,6,3,True,none,,False,False,1.965219635384293e+76,71877942856788.47,0.15625,2.173824038221526e-15,71877942.85678847,True,True,6 consecutive admissible steps from 1.250e-06 to 4.000e-05 agree to 1.14e-11 relative; the plateau is a genuine independent estimate and its own spread sets the agreement tolerance. 3 step(s) were excluded for leaving the nominal branch.
13,plastic,3,4,1|1|2|2,mixed,4,-34470418748627.664,-0.13788167499451068,-34470418748627.59,-0.13788167499451037,resolved,6,1.25e-06,4e-05,2661.27734375,1.54409342291843e-10,9,6,3,True,none,,False,False,1.2045408562990164e+76,-34470418748627.586,0.07421875,2.153114255478981e-15,34470418.74862759,True,True,6 consecutive admissible steps from 1.250e-06 to 4.000e-05 agree to 1.54e-10 relative; the plateau is a genuine independent estimate and its own spread sets the agreement tolerance. 3 step(s) were excluded for leaving the nominal branch.
13,plastic,4,4,1|1|2|2,mixed,4,-662976286678.5471,-0.002651905146714189,-662976286678.536,-0.0026519051467141447,resolved,6,1.25e-06,4e-05,272.7926025390625,8.229332120029029e-10,9,6,3,True,none,,False,False,8.936140230651008e+76,-662976286678.5446,0.0111083984375,1.6755348058001116e-14,662976.286678536,True,True,6 consecutive admissible steps from 1.250e-06 to 4.000e-05 agree to 8.23e-10 relative; the plateau is a genuine independent estimate and its own spread sets the agreement tolerance. 3 step(s) were excluded for leaving the nominal branch.
13,plastic,5,4,1|1|2|2,mixed,4,0.0,0.0,0.0,0.0,expected_zero_independently_supported,6,1.25e-06,4e-05,0.0,0.0,9,6,3,True,strong,,True,True,0.0,0.0,0.0,,,True,True,"Derivative is zero on evidence independent of the OTI result: high_precision -- recomputed at 200 decimal digits with step 2.000e-08, where cancellation cannot manufacture a zero, giving normalized magnitude 0.000e+00"
13,plastic,6,4,1|1|2|2,mixed,4,0.0,0.0,0.0,0.0,expected_zero_independently_supported,6,1.25e-06,4e-05,0.0,0.0,9,6,3,True,strong,,True,True,0.0,0.0,0.0,,,True,True,"Derivative is zero on evidence independent of the OTI result: high_precision -- recomputed at 200 decimal digits with step 2.000e-08, where cancellation cannot manufacture a zero, giving normalized magnitude 0.000e+00"
13,plastic,1,2,1|2,mixed,1,-2507311.905620251,-0.010029247622481004,-2507311.905620228,-0.01002924762248091,resolved,6,1.25e-06,4e-05,0.0006347056478261948,5.06283758636873e-10,9,6,3,True,none,,False,False,7.495464260857233e+75,-2507311.905620228,2.2817403078079224e-08,9.100344886064319e-15,2.5073119056202278,True,True,6 consecutive admissible steps from 1.250e-06 to 4.000e-05 agree to 5.06e-10 relative; the plateau is a genuine independent estimate and its own spread sets the agreement tolerance. 3 step(s) were excluded for leaving the nominal branch.
13,plastic,2,2,1|2,mixed,1,-28200273.73004199,-0.11280109492016795,-28200273.730041906,-0.11280109492016761,resolved,6,1.25e-06,4e-05,0.0005410946905612946,3.837513747143975e-11,9,6,3,True,none,,False,False,1.965219635384293e+76,-28200273.730041925,8.195638656616211e-08,2.9062266327880897e-15,28.200273730041904,True,True,6 consecutive admissible steps from 1.250e-06 to 4.000e-05 agree to 3.84e-11 relative; the plateau is a genuine independent estimate and its own spread sets the agreement tolerance. 3 step(s) were excluded for leaving the nominal branch.
13,plastic,3,2,1|2,mixed,1,30707585.63566216,0.12283034254264864,30707585.635662153,0.1228303425426486,resolved,6,1.25e-06,4e-05,9.361095726490021e-05,6.096927213723076e-12,9,6,3,True,none,,False,False,1.2045408562990164e+76,30707585.635662153,7.450580596923828e-09,2.426299705005502e-16,30.707585635662152,True,True,6 consecutive admissible steps from 1.250e-06 to 4.000e-05 agree to 6.10e-12 relative; the plateau is a genuine independent estimate and its own spread sets the agreement tolerance. 3 step(s) were excluded for leaving the nominal branch.
13,plastic,4,2,1|2,mixed,1,-3446159.0613912623,-0.013784636245565049,-3446159.061391256,-0.013784636245565023,resolved,6,1.25e-06,4e-05,8.260505273938179e-05,4.794035984284088e-11,9,6,3,True,none,,False,False,8.936140230651008e+76,-3446159.061391258,6.51925802230835e-09,1.8917461168134377e-15,3.446159061391256,True,True,6 consecutive admissible steps from 1.250e-06 to 4.000e-05 agree to 4.79e-11 relative; the plateau is a genuine independent estimate and its own spread sets the agreement tolerance. 3 step(s) were excluded for leaving the nominal branch.
13,plastic,5,2,1|2,mixed,1,0.0,0.0,0.0,0.0,expected_zero_independently_supported,6,1.25e-06,4e-05,0.0,0.0,9,6,3,True,strong,,True,True,0.0,0.0,0.0,,,True,True,"Derivative is zero on evidence independent of the OTI result: high_precision -- recomputed at 200 decimal digits with step 2.000e-08, where cancellation cannot manufacture a zero, giving normalized magnitude 0.000e+00"
13,plastic,6,2,1|2,mixed,1,0.0,0.0,0.0,0.0,expected_zero_independently_supported,6,1.25e-06,4e-05,0.0,0.0,9,6,3,True,strong,,True,True,0.0,0.0,0.0,,,True,True,"Derivative is zero on evidence independent of the OTI result: high_precision -- recomputed at 200 decimal digits with step 2.000e-08, where cancellation cannot manufacture a zero, giving normalized magnitude 0.000e+00"
14,elastic,1,2,1|1,repeated,2,0.0,0.0,0.0,0.0,expected_zero_independently_supported,3,4e-05,0.00016,7.294066508023703e-71,2.801630434782609,9,8,1,True,strong,,False,True,0.0,2.6071673345305555e-183,0.0,,,True,True,"Derivative is zero on evidence independent of the OTI result: high_precision -- recomputed at 200 decimal digits with step 2.000e-08, where cancellation cannot manufacture a zero, giving normalized magnitude 1.043e-191"
14,elastic,2,2,1|1,repeated,2,0.0,0.0,0.0,0.0,expected_zero_independently_supported,3,5e-06,2e-05,3.715092342088659e-69,2.413235294117647,9,8,1,True,strong,,False,True,0.0,-5.773276044023938e-184,0.0,,,True,True,"Derivative is zero on evidence independent of the OTI result: high_precision -- recomputed at 200 decimal digits with step 2.000e-08, where cancellation cannot manufacture a zero, giving normalized magnitude 2.309e-192"
14,elastic,3,2,1|1,repeated,2,0.0,0.0,0.0,0.0,expected_zero_independently_supported,3,2e-05,8e-05,6.7316239402372e-70,3.4375,9,8,1,True,strong,,False,True,0.09148142395151557,7.53835407022234e-185,0.0,,,True,True,"Derivative is zero on evidence independent of the OTI result: high_precision -- recomputed at 200 decimal digits with step 2.000e-08, where cancellation cannot manufacture a zero, giving normalized magnitude 3.015e-193"
14,elastic,4,2,1|1,repeated,2,0.0,0.0,0.0,0.0,expected_zero_independently_supported,3,4e-05,0.00016,6.814973330196128e-72,3.75,9,8,1,True,strong,,False,True,0.0,-1.3904586013672303e-185,0.0,,,True,True,"Derivative is zero on evidence independent of the OTI result: high_precision -- recomputed at 200 decimal digits with step 2.000e-08, where cancellation cannot manufacture a zero, giving normalized magnitude 5.562e-194"
14,elastic,5,2,1|1,repeated,2,0.0,0.0,0.0,0.0,expected_zero_independently_supported,8,1.25e-06,0.00016,0.0,0.0,9,8,1,True,strong,,True,True,0.0,0.0,0.0,,,True,True,"Derivative is zero on evidence independent of the OTI result: high_precision -- recomputed at 200 decimal digits with step 2.000e-08, where cancellation cannot manufacture a zero, giving normalized magnitude 0.000e+00"
14,elastic,6,2,1|1,repeated,2,0.0,0.0,0.0,0.0,expected_zero_independently_supported,8,1.25e-06,0.00016,0.0,0.0,9,8,1,True,strong,,True,True,0.0,0.0,0.0,,,True,True,"Derivative is zero on evidence independent of the OTI result: high_precision -- recomputed at 200 decimal digits with step 2.000e-08, where cancellation cannot manufacture a zero, giving normalized magnitude 0.000e+00"
14,elastic,1,3,1|1|1,repeated,6,0.0,0.0,0.0,0.0,expected_zero_independently_supported,3,4e-05,0.00016,4.579503164209932e-66,5.2300642064844,9,8,1,True,strong,,False,True,0.0,-7.462846056350913e-176,0.0,,,True,True,"Derivative is zero on evidence independent of the OTI result: high_precision -- recomputed at 200 decimal digits with step 2.000e-08, where cancellation cannot manufacture a zero, giving normalized magnitude 2.985e-187"
14,elastic,2,3,1|1|1,repeated,6,0.0,0.0,0.0,0.0,expected_zero_independently_supported,3,2.5e-06,1e-05,9.318228297108544e-64,1.3198113870027248,9,8,1,True,strong,,False,True,0.0,-2.0896843743350815e-175,0.0,,,True,True,"Derivative is zero on evidence independent of the OTI result: high_precision -- recomputed at 200 decimal digits with step 2.000e-08, where cancellation cannot manufacture a zero, giving normalized magnitude 8.359e-187"
14,elastic,3,3,1|1|1,repeated,6,0.0,0.0,0.0,0.0,expected_zero_independently_supported,3,1e-05,4e-05,1.4635275760985058e-64,2.525023939196466,9,8,1,True,strong,,False,True,0.09148142395151557,-1.299887200217572e-175,0.0,,,True,True,"Derivative is zero on evidence independent of the OTI result: high_precision -- recomputed at 200 decimal digits with step 2.000e-08, where cancellation cannot manufacture a zero, giving normalized magnitude 5.200e-187"
14,elastic,4,3,1|1|1,repeated,6,0.0,0.0,0.0,0.0,expected_zero_independently_supported,3,4e-05,0.00016,9.10578648119299e-70,7.875,9,8,1,True,strong,,False,True,0.0,1.1463272059664155e-179,0.0,,,True,True,"Derivative is zero on evidence independent of the OTI result: high_precision -- recomputed at 200 decimal digits with step 2.000e-08, where cancellation cannot manufacture a zero, giving normalized magnitude 4.585e-191"
14,elastic,5,3,1|1|1,repeated,6,0.0,0.0,0.0,0.0,expected_zero_independently_supported,8,1.25e-06,0.00016,0.0,0.0,9,8,1,True,strong,,True,True,0.0,0.0,0.0,,,True,True,"Derivative is zero on evidence independent of the OTI result: high_precision -- recomputed at 200 decimal digits with step 2.000e-08, where cancellation cannot manufacture a zero, giving normalized magnitude 0.000e+00"
14,elastic,6,3,1|1|1,repeated,6,0.0,0.0,0.0,0.0,expected_zero_independently_supported,8,1.25e-06,0.00016,0.0,0.0,9,8,1,True,strong,,True,True,0.0,0.0,0.0,,,True,True,"Derivative is zero on evidence independent of the OTI result: high_precision -- recomputed at 200 decimal digits with step 2.000e-08, where cancellation cannot manufacture a zero, giving normalized magnitude 0.000e+00"
14,elastic,1,4,1|1|1|1,repeated,24,0.0,0.0,0.0,0.0,expected_zero_independently_supported,3,1e-05,4e-05,1.2646090773444147e-58,15.938419117647058,9,8,1,True,strong,,False,True,0.0,1.9011848005718507e-167,0.0,,,True,True,"Derivative is zero on evidence independent of the OTI result: high_precision -- recomputed at 200 decimal digits with step 2.000e-08, where cancellation cannot manufacture a zero, giving normalized magnitude 7.605e-182"
14,elastic,2,4,1|1|1|1,repeated,24,0.0,0.0,0.0,0.0,expected_zero_independently_supported,3,2e-05,8e-05,3.559546507446501e-60,4.022836538461538,9,8,1,True,strong,,False,True,0.0,8.47915172380477e-168,0.0,,,True,True,"Derivative is zero on evidence independent of the OTI result: high_precision -- recomputed at 200 decimal digits with step 2.000e-08, where cancellation cannot manufacture a zero, giving normalized magnitude 3.392e-182"
14,elastic,3,4,1|1|1|1,repeated,24,0.0,0.0,0.0,0.0,expected_zero_independently_supported,3,5e-06,2e-05,2.5238216336275593e-58,1.05615234375,9,8,1,True,strong,,False,True,0.09148142395151557,7.816717995382522e-168,0.0,,,True,True,"Derivative is zero on evidence independent of the OTI result: high_precision -- recomputed at 200 decimal digits with step 2.000e-08, where cancellation cannot manufacture a zero, giving normalized magnitude 3.127e-182"
14,elastic,4,4,1|1|1|1,repeated,24,0.0,0.0,0.0,0.0,expected_zero_independently_supported,3,4e-05,0.00016,4.8427395503374974e-63,15.9375,9,8,1,True,strong,,False,True,0.0,5.2166656113252e-169,0.0,,,True,True,"Derivative is zero on evidence independent of the OTI result: high_precision -- recomputed at 200 decimal digits with step 2.000e-08, where cancellation cannot manufacture a zero, giving normalized magnitude 2.087e-183"
14,elastic,5,4,1|1|1|1,repeated,24,0.0,0.0,0.0,0.0,expected_zero_independently_supported,8,1.25e-06,0.00016,0.0,0.0,9,8,1,True,strong,,True,True,0.0,0.0,0.0,,,True,True,"Derivative is zero on evidence independent of the OTI result: high_precision -- recomputed at 200 decimal digits with step 2.000e-08, where cancellation cannot manufacture a zero, giving normalized magnitude 0.000e+00"
14,elastic,6,4,1|1|1|1,repeated,24,0.0,0.0,0.0,0.0,expected_zero_independently_supported,8,1.25e-06,0.00016,0.0,0.0,9,8,1,True,strong,,True,True,0.0,0.0,0.0,,,True,True,"Derivative is zero on evidence independent of the OTI result: high_precision -- recomputed at 200 decimal digits with step 2.000e-08, where cancellation cannot manufacture a zero, giving normalized magnitude 0.000e+00"
14,elastic,1,3,1|1|2,mixed,2,0.0,0.0,0.0,0.0,expected_zero_independently_supported,3,5e-06,2e-05,1.4229291409074749e-63,3.2242641844437325,9,7,2,True,strong,,False,True,0.0,4.031892331111729e-176,0.0,,,True,True,"Derivative is zero on evidence independent of the OTI result: high_precision -- recomputed at 200 decimal digits with step 2.000e-08, where cancellation cannot manufacture a zero, giving normalized magnitude 1.613e-187"
14,elastic,2,3,1|1|2,mixed,2,0.0,0.0,0.0,0.0,expected_zero_independently_supported,3,2.5e-06,1e-05,4.420194899539641e-63,2.838419844464558,9,7,2,True,strong,,False,True,0.0,2.4954238219167344e-176,0.0,,,True,True,"Derivative is zero on evidence independent of the OTI result: high_precision -- recomputed at 200 decimal digits with step 2.000e-08, where cancellation cannot manufacture a zero, giving normalized magnitude 9.982e-188"
14,elastic,3,3,1|1|2,mixed,2,0.0,0.0,0.0,0.0,expected_zero_independently_supported,3,1.25e-06,5e-06,3.085702506279931e-62,0.9972569264629726,9,7,2,True,strong,,False,True,0.08912939960765445,3.2576332768514746e-176,0.0,,,True,True,"Derivative is zero on evidence independent of the OTI result: high_precision -- recomputed at 200 decimal digits with step 2.000e-08, where cancellation cannot manufacture a zero, giving normalized magnitude 1.303e-187"
14,elastic,4,3,1|1|2,mixed,2,0.0,0.0,0.0,0.0,expected_zero_independently_supported,3,2e-05,8e-05,1.5787815659804598e-150,7.875,9,7,2,True,strong,,False,True,0.0,-0.0,0.0,,,True,True,"Derivative is zero on evidence independent of the OTI result: high_precision -- recomputed at 200 decimal digits with step 2.000e-08, where cancellation cannot manufacture a zero, giving normalized magnitude 0.000e+00"
14,elastic,5,3,1|1|2,mixed,2,0.0,0.0,0.0,0.0,expected_zero_independently_supported,7,1.25e-06,8e-05,0.0,0.0,9,7,2,True,strong,,True,True,0.0,0.0,0.0,,,True,True,"Derivative is zero on evidence independent of the OTI result: high_precision -- recomputed at 200 decimal digits with step 2.000e-08, where cancellation cannot manufacture a zero, giving normalized magnitude 0.000e+00"
14,elastic,6,3,1|1|2,mixed,2,0.0,0.0,0.0,0.0,expected_zero_independently_supported,7,1.25e-06,8e-05,0.0,0.0,9,7,2,True,strong,,True,True,0.0,0.0,0.0,,,True,True,"Derivative is zero on evidence independent of the OTI result: high_precision -- recomputed at 200 decimal digits with step 2.000e-08, where cancellation cannot manufacture a zero, giving normalized magnitude 0.000e+00"
14,elastic,1,4,1|1|2|2,mixed,4,0.0,0.0,0.0,0.0,expected_zero_independently_supported,3,1e-05,4e-05,3.394912796007891e-58,15.870916768876803,9,7,2,True,strong,,False,True,0.0,-4.690325140341263e-168,0.0,,,True,True,"Derivative is zero on evidence independent of the OTI result: high_precision -- recomputed at 200 decimal digits with step 2.000e-08, where cancellation cannot manufacture a zero, giving normalized magnitude 1.876e-182"
14,elastic,2,4,1|1|2|2,mixed,4,0.0,0.0,0.0,0.0,expected_zero_independently_supported,3,1.25e-06,5e-06,7.381483585662913e-55,10.997343383716595,9,7,2,True,strong,,False,True,0.0,-6.027297861973943e-168,0.0,,,True,True,"Derivative is zero on evidence independent of the OTI result: high_precision -- recomputed at 200 decimal digits with step 2.000e-08, where cancellation cannot manufacture a zero, giving normalized magnitude 2.411e-182"
14,elastic,3,4,1|1|2|2,mixed,4,0.0,0.0,0.0,0.0,expected_zero_independently_supported,3,2e-05,8e-05,1.6559376471021173e-59,34.4524150419504,9,7,2,True,strong,,False,True,0.08912939960765445,-1.0606751068106253e-167,0.0,,,True,True,"Derivative is zero on evidence independent of the OTI result: high_precision -- recomputed at 200 decimal digits with step 2.000e-08, where cancellation cannot manufacture a zero, giving normalized magnitude 4.243e-182"
14,elastic,4,4,1|1|2|2,mixed,4,0.0,0.0,0.0,0.0,expected_zero_independently_supported,3,2e-05,8e-05,5.3460782454223194e-61,15.9375,9,7,2,True,strong,,False,True,0.0,-1.4683597238226786e-169,0.0,,,True,True,"Derivative is zero on evidence independent of the OTI result: high_precision -- recomputed at 200 decimal digits with step 2.000e-08, where cancellation cannot manufacture a zero, giving normalized magnitude 5.873e-184"
14,elastic,5,4,1|1|2|2,mixed,4,0.0,0.0,0.0,0.0,expected_zero_independently_supported,7,1.25e-06,8e-05,0.0,0.0,9,7,2,True,strong,,True,True,0.0,0.0,0.0,,,True,True,"Derivative is zero on evidence independent of the OTI result: high_precision -- recomputed at 200 decimal digits with step 2.000e-08, where cancellation cannot manufacture a zero, giving normalized magnitude 0.000e+00"
14,elastic,6,4,1|1|2|2,mixed,4,0.0,0.0,0.0,0.0,expected_zero_independently_supported,7,1.25e-06,8e-05,0.0,0.0,9,7,2,True,strong,,True,True,0.0,0.0,0.0,,,True,True,"Derivative is zero on evidence independent of the OTI result: high_precision -- recomputed at 200 decimal digits with step 2.000e-08, where cancellation cannot manufacture a zero, giving normalized magnitude 0.000e+00"
14,elastic,1,2,1|2,mixed,1,0.0,0.0,0.0,0.0,expected_zero_independently_supported,3,2.5e-06,1e-05,4.116095994708073e-68,3.544786249334893,9,7,2,True,strong,,False,True,0.0,7.317719139752962e-184,0.0,,,True,True,"Derivative is zero on evidence independent of the OTI result: high_precision -- recomputed at 200 decimal digits with step 2.000e-08, where cancellation cannot manufacture a zero, giving normalized magnitude 2.927e-192"
14,elastic,2,2,1|2,mixed,1,0.0,0.0,0.0,0.0,expected_zero_independently_supported,3,5e-06,2e-05,1.3545543752463578e-69,3.768841338518787,9,7,2,True,strong,,False,True,0.0,-3.244020533938123e-184,0.0,,,True,True,"Derivative is zero on evidence independent of the OTI result: high_precision -- recomputed at 200 decimal digits with step 2.000e-08, where cancellation cannot manufacture a zero, giving normalized magnitude 1.298e-192"
14,elastic,3,2,1|2,mixed,1,0.0,0.0,0.0,0.0,expected_zero_independently_supported,3,5e-06,2e-05,7.756868577941201e-71,1.0384635670029965,9,7,2,True,strong,,False,True,0.08912939960765445,3.56232132224143e-186,0.0,,,True,True,"Derivative is zero on evidence independent of the OTI result: high_precision -- recomputed at 200 decimal digits with step 2.000e-08, where cancellation cannot manufacture a zero, giving normalized magnitude 1.425e-194"
14,elastic,4,2,1|2,mixed,1,0.0,0.0,0.0,0.0,expected_zero_independently_supported,3,2e-05,8e-05,2.096136803016507e-158,3.7499999999999996,9,7,2,True,strong,,False,True,0.0,0.0,0.0,,,True,True,"Derivative is zero on evidence independent of the OTI result: high_precision -- recomputed at 200 decimal digits with step 2.000e-08, where cancellation cannot manufacture a zero, giving normalized magnitude 0.000e+00"
14,elastic,5,2,1|2,mixed,1,0.0,0.0,0.0,0.0,expected_zero_independently_supported,7,1.25e-06,8e-05,0.0,0.0,9,7,2,True,strong,,True,True,0.0,0.0,0.0,,,True,True,"Derivative is zero on evidence independent of the OTI result: high_precision -- recomputed at 200 decimal digits with step 2.000e-08, where cancellation cannot manufacture a zero, giving normalized magnitude 0.000e+00"
14,elastic,6,2,1|2,mixed,1,0.0,0.0,0.0,0.0,expected_zero_independently_supported,7,1.25e-06,8e-05,0.0,0.0,9,7,2,True,strong,,True,True,0.0,0.0,0.0,,,True,True,"Derivative is zero on evidence independent of the OTI result: high_precision -- recomputed at 200 decimal digits with step 2.000e-08, where cancellation cannot manufacture a zero, giving normalized magnitude 0.000e+00"
15,elastic,1,2,1|1,repeated,2,0.0,0.0,0.0,0.0,expected_zero_independently_supported,3,5e-06,2e-05,3.800668509383571e-68,3.4657308009909165,9,7,2,True,strong,,False,True,0.10890683196116044,2.8388338254690957e-183,0.0,,,True,True,"Derivative is zero on evidence independent of the OTI result: high_precision -- recomputed at 200 decimal digits with step 2.000e-08, where cancellation cannot manufacture a zero, giving normalized magnitude 1.136e-191"
15,elastic,2,2,1|1,repeated,2,0.0,0.0,0.0,0.0,expected_zero_independently_supported,3,2e-05,8e-05,1.0797482351644788e-69,1.7382687927107061,9,7,2,True,strong,,False,True,0.0,1.5775384859148213e-183,0.0,,,True,True,"Derivative is zero on evidence independent of the OTI result: high_precision -- recomputed at 200 decimal digits with step 2.000e-08, where cancellation cannot manufacture a zero, giving normalized magnitude 6.310e-192"
15,elastic,3,2,1|1,repeated,2,0.0,0.0,0.0,0.0,expected_zero_independently_supported,3,1.25e-06,5e-06,3.8709405790352665e-67,3.662268677176148,9,7,2,True,strong,,False,True,0.07852951548082693,1.994905894192985e-183,0.0,,,True,True,"Derivative is zero on evidence independent of the OTI result: high_precision -- recomputed at 200 decimal digits with step 2.000e-08, where cancellation cannot manufacture a zero, giving normalized magnitude 7.980e-192"
15,elastic,4,2,1|1,repeated,2,0.0,0.0,0.0,0.0,expected_zero_independently_supported,3,2e-05,8e-05,2.3214021076093867e-73,3.75,9,7,2,True,strong,,False,True,0.0,-1.0112426191761675e-185,0.0,,,True,True,"Derivative is zero on evidence independent of the OTI result: high_precision -- recomputed at 200 decimal digits with step 2.000e-08, where cancellation cannot manufacture a zero, giving normalized magnitude 4.045e-194"
15,elastic,5,2,1|1,repeated,2,0.0,0.0,0.0,0.0,expected_zero_independently_supported,7,1.25e-06,8e-05,0.0,0.0,9,7,2,True,strong,,True,True,0.0,0.0,0.0,,,True,True,"Derivative is zero on evidence independent of the OTI result: high_precision -- recomputed at 200 decimal digits with step 2.000e-08, where cancellation cannot manufacture a zero, giving normalized magnitude 0.000e+00"
15,elastic,6,2,1|1,repeated,2,0.0,0.0,0.0,0.0,expected_zero_independently_supported,7,1.25e-06,8e-05,0.0,0.0,9,7,2,True,strong,,True,True,0.0,0.0,0.0,,,True,True,"Derivative is zero on evidence independent of the OTI result: high_precision -- recomputed at 200 decimal digits with step 2.000e-08, where cancellation cannot manufacture a zero, giving normalized magnitude 0.000e+00"
15,elastic,1,3,1|1|1,repeated,6,0.0,0.0,0.0,0.0,expected_zero_independently_supported,3,2e-05,8e-05,1.0737049722755327e-64,7.560282371330053,9,7,2,True,strong,,False,True,0.10890683196116044,4.986863784465562e-176,0.0,,,True,True,"Derivative is zero on evidence independent of the OTI result: high_precision -- recomputed at 200 decimal digits with step 2.000e-08, where cancellation cannot manufacture a zero, giving normalized magnitude 1.995e-187"
15,elastic,2,3,1|1|1,repeated,6,0.0,0.0,0.0,0.0,expected_zero_independently_supported,3,2.5e-06,1e-05,7.339927426599758e-63,2.7457356320985165,9,7,2,True,strong,,False,True,0.0,6.155016076842782e-176,0.0,,,True,True,"Derivative is zero on evidence independent of the OTI result: high_precision -- recomputed at 200 decimal digits with step 2.000e-08, where cancellation cannot manufacture a zero, giving normalized magnitude 2.462e-187"
15,elastic,3,3,1|1|1,repeated,6,0.0,0.0,0.0,0.0,expected_zero_independently_supported,3,5e-06,2e-05,2.2250757792536866e-63,2.668774467787608,9,7,2,True,strong,,False,True,0.07852951548082693,-3.587185624757841e-177,0.0,,,True,True,"Derivative is zero on evidence independent of the OTI result: high_precision -- recomputed at 200 decimal digits with step 2.000e-08, where cancellation cannot manufacture a zero, giving normalized magnitude 1.435e-188"
15,elastic,4,3,1|1|1,repeated,6,0.0,0.0,0.0,0.0,expected_zero_independently_supported,3,2e-05,8e-05,1.5828430687776426e-69,7.875,9,7,2,True,strong,,False,True,0.0,-2.4908008718724396e-180,0.0,,,True,True,"Derivative is zero on evidence independent of the OTI result: high_precision -- recomputed at 200 decimal digits with step 2.000e-08, where cancellation cannot manufacture a zero, giving normalized magnitude 9.963e-192"
15,elastic,5,3,1|1|1,repeated,6,0.0,0.0,0.0,0.0,expected_zero_independently_supported,7,1.25e-06,8e-05,0.0,0.0,9,7,2,True,strong,,True,True,0.0,0.0,0.0,,,True,True,"Derivative is zero on evidence independent of the OTI result: high_precision -- recomputed at 200 decimal digits with step 2.000e-08, where cancellation cannot manufacture a zero, giving normalized magnitude 0.000e+00"
15,elastic,6,3,1|1|1,repeated,6,0.0,0.0,0.0,0.0,expected_zero_independently_supported,7,1.25e-06,8e-05,0.0,0.0,9,7,2,True,strong,,True,True,0.0,0.0,0.0,,,True,True,"Derivative is zero on evidence independent of the OTI result: high_precision -- recomputed at 200 decimal digits with step 2.000e-08, where cancellation cannot manufacture a zero, giving normalized magnitude 0.000e+00"
15,elastic,1,4,1|1|1|1,repeated,24,0.0,0.0,0.0,0.0,expected_zero_independently_supported,3,1.25e-06,5e-06,1.979814972559855e-55,1.985223642172524,9,7,2,True,strong,,False,True,0.10890683196116044,2.78222165937344e-168,0.0,,,True,True,"Derivative is zero on evidence independent of the OTI result: high_precision -- recomputed at 200 decimal digits with step 2.000e-08, where cancellation cannot manufacture a zero, giving normalized magnitude 1.113e-182"
15,elastic,2,4,1|1|1|1,repeated,24,0.0,0.0,0.0,0.0,expected_zero_independently_supported,3,5e-06,2e-05,1.9544546295487514e-57,15.862058080808081,9,7,2,True,strong,,False,True,0.0,3.047195150742339e-168,0.0,,,True,True,"Derivative is zero on evidence independent of the OTI result: high_precision -- recomputed at 200 decimal digits with step 2.000e-08, where cancellation cannot manufacture a zero, giving normalized magnitude 1.219e-182"
15,elastic,3,4,1|1|1|1,repeated,24,0.0,0.0,0.0,0.0,expected_zero_independently_supported,3,1e-05,4e-05,4.339823896705272e-59,1.362408424908425,9,7,2,True,strong,,False,True,0.07852951548082693,3.4446553877956876e-168,0.0,,,True,True,"Derivative is zero on evidence independent of the OTI result: high_precision -- recomputed at 200 decimal digits with step 2.000e-08, where cancellation cannot manufacture a zero, giving normalized magnitude 1.378e-182"
15,elastic,4,4,1|1|1|1,repeated,24,0.0,0.0,0.0,0.0,expected_zero_independently_supported,3,2e-05,8e-05,6.658766881714059e-63,15.9375,9,7,2,True,strong,,False,True,0.0,9.211969035871881e-170,0.0,,,True,True,"Derivative is zero on evidence independent of the OTI result: high_precision -- recomputed at 200 decimal digits with step 2.000e-08, where cancellation cannot manufacture a zero, giving normalized magnitude 3.685e-184"
15,elastic,5,4,1|1|1|1,repeated,24,0.0,0.0,0.0,0.0,expected_zero_independently_supported,7,1.25e-06,8e-05,0.0,0.0,9,7,2,True,strong,,True,True,0.0,0.0,0.0,,,True,True,"Derivative is zero on evidence independent of the OTI result: high_precision -- recomputed at 200 decimal digits with step 2.000e-08, where cancellation cannot manufacture a zero, giving normalized magnitude 0.000e+00"
15,elastic,6,4,1|1|1|1,repeated,24,0.0,0.0,0.0,0.0,expected_zero_independently_supported,7,1.25e-06,8e-05,0.0,0.0,9,7,2,True,strong,,True,True,0.0,0.0,0.0,,,True,True,"Derivative is zero on evidence independent of the OTI result: high_precision -- recomputed at 200 decimal digits with step 2.000e-08, where cancellation cannot manufacture a zero, giving normalized magnitude 0.000e+00"
15,elastic,1,3,1|1|2,mixed,2,0.0,0.0,0.0,0.0,expected_zero_independently_supported,3,5e-06,2e-05,5.748815155812044e-63,6.739348677434171,9,6,3,True,strong,,False,True,0.10722260964419542,9.389915365592274e-176,0.0,,,True,True,"Derivative is zero on evidence independent of the OTI result: high_precision -- recomputed at 200 decimal digits with step 2.000e-08, where cancellation cannot manufacture a zero, giving normalized magnitude 3.756e-187"
15,elastic,2,3,1|1|2,mixed,2,0.0,0.0,0.0,0.0,expected_zero_independently_supported,3,2.5e-06,1e-05,2.6649004868967443e-62,12.175565177603037,9,6,3,True,strong,,False,True,0.0,-4.609791114763401e-176,0.0,,,True,True,"Derivative is zero on evidence independent of the OTI result: high_precision -- recomputed at 200 decimal digits with step 2.000e-08, where cancellation cannot manufacture a zero, giving normalized magnitude 1.844e-187"
15,elastic,3,3,1|1|2,mixed,2,0.0,0.0,0.0,0.0,expected_zero_independently_supported,3,1e-05,4e-05,8.319169832530841e-65,10.03588439387186,9,6,3,True,strong,,False,True,0.07679001095560264,-3.0320165790805426e-176,0.0,,,True,True,"Derivative is zero on evidence independent of the OTI result: high_precision -- recomputed at 200 decimal digits with step 2.000e-08, where cancellation cannot manufacture a zero, giving normalized magnitude 1.213e-187"
15,elastic,4,3,1|1|2,mixed,2,0.0,0.0,0.0,0.0,expected_zero_independently_supported,3,1e-05,4e-05,4.7833322445479406e-150,7.875,9,6,3,True,strong,,False,True,0.0,0.0,0.0,,,True,True,"Derivative is zero on evidence independent of the OTI result: high_precision -- recomputed at 200 decimal digits with step 2.000e-08, where cancellation cannot manufacture a zero, giving normalized magnitude 0.000e+00"
15,elastic,5,3,1|1|2,mixed,2,0.0,0.0,0.0,0.0,expected_zero_independently_supported,6,1.25e-06,4e-05,0.0,0.0,9,6,3,True,strong,,True,True,0.0,0.0,0.0,,,True,True,"Derivative is zero on evidence independent of the OTI result: high_precision -- recomputed at 200 decimal digits with step 2.000e-08, where cancellation cannot manufacture a zero, giving normalized magnitude 0.000e+00"
15,elastic,6,3,1|1|2,mixed,2,0.0,0.0,0.0,0.0,expected_zero_independently_supported,6,1.25e-06,4e-05,0.0,0.0,9,6,3,True,strong,,True,True,0.0,0.0,0.0,,,True,True,"Derivative is zero on evidence independent of the OTI result: high_precision -- recomputed at 200 decimal digits with step 2.000e-08, where cancellation cannot manufacture a zero, giving normalized magnitude 0.000e+00"
15,elastic,1,4,1|1|2|2,mixed,4,0.0,0.0,0.0,0.0,expected_zero_independently_supported,3,1.25e-06,5e-06,1.2182462668249493e-54,10.831059294927211,9,6,3,True,strong,,False,True,0.10722260964419542,-1.0273512616589154e-167,0.0,,,True,True,"Derivative is zero on evidence independent of the OTI result: high_precision -- recomputed at 200 decimal digits with step 2.000e-08, where cancellation cannot manufacture a zero, giving normalized magnitude 4.109e-182"
15,elastic,2,4,1|1|2|2,mixed,4,0.0,0.0,0.0,0.0,expected_zero_independently_supported,3,5e-06,2e-05,4.4722338298580546e-57,15.853481641002524,9,6,3,True,strong,,False,True,0.0,-8.344214814305477e-168,0.0,,,True,True,"Derivative is zero on evidence independent of the OTI result: high_precision -- recomputed at 200 decimal digits with step 2.000e-08, where cancellation cannot manufacture a zero, giving normalized magnitude 3.338e-182"
15,elastic,3,4,1|1|2|2,mixed,4,0.0,0.0,0.0,0.0,expected_zero_independently_supported,3,2.5e-06,1e-05,4.728421270778166e-58,1.4041483492685674,9,6,3,True,strong,,False,True,0.07679001095560264,-2.0783939092740258e-168,0.0,,,True,True,"Derivative is zero on evidence independent of the OTI result: high_precision -- recomputed at 200 decimal digits with step 2.000e-08, where cancellation cannot manufacture a zero, giving normalized magnitude 8.314e-183"
15,elastic,4,4,1|1|2|2,mixed,4,0.0,0.0,0.0,0.0,expected_zero_independently_supported,3,1e-05,4e-05,2.918086354965133e-60,15.9375,9,6,3,True,strong,,False,True,0.0,3.675751119091039e-171,0.0,,,True,True,"Derivative is zero on evidence independent of the OTI result: high_precision -- recomputed at 200 decimal digits with step 2.000e-08, where cancellation cannot manufacture a zero, giving normalized magnitude 1.470e-185"
15,elastic,5,4,1|1|2|2,mixed,4,0.0,0.0,0.0,0.0,expected_zero_independently_supported,6,1.25e-06,4e-05,0.0,0.0,9,6,3,True,strong,,True,True,0.0,0.0,0.0,,,True,True,"Derivative is zero on evidence independent of the OTI result: high_precision -- recomputed at 200 decimal digits with step 2.000e-08, where cancellation cannot manufacture a zero, giving normalized magnitude 0.000e+00"
15,elastic,6,4,1|1|2|2,mixed,4,0.0,0.0,0.0,0.0,expected_zero_independently_supported,6,1.25e-06,4e-05,0.0,0.0,9,6,3,True,strong,,True,True,0.0,0.0,0.0,,,True,True,"Derivative is zero on evidence independent of the OTI result: high_precision -- recomputed at 200 decimal digits with step 2.000e-08, where cancellation cannot manufacture a zero, giving normalized magnitude 0.000e+00"
15,elastic,1,2,1|2,mixed,1,0.0,0.0,0.0,0.0,expected_zero_independently_supported,3,1.25e-06,5e-06,4.351267524196473e-68,1.3343520338669737,9,6,3,True,strong,,False,True,0.10722260964419542,-5.883595192607108e-185,0.0,,,True,True,"Derivative is zero on evidence independent of the OTI result: high_precision -- recomputed at 200 decimal digits with step 2.000e-08, where cancellation cannot manufacture a zero, giving normalized magnitude 2.353e-193"
15,elastic,2,2,1|2,mixed,1,0.0,0.0,0.0,0.0,expected_zero_independently_supported,3,1e-05,4e-05,3.9183239331099856e-70,2.0672557764177357,9,6,3,True,strong,,False,True,0.0,-6.600656545999016e-184,0.0,,,True,True,"Derivative is zero on evidence independent of the OTI result: high_precision -- recomputed at 200 decimal digits with step 2.000e-08, where cancellation cannot manufacture a zero, giving normalized magnitude 2.640e-192"
15,elastic,3,2,1|2,mixed,1,0.0,0.0,0.0,0.0,expected_zero_independently_supported,3,1e-05,4e-05,3.30127468320037e-70,1.4565966389872858,9,6,3,True,strong,,False,True,0.07679001095560264,-1.0296289549324803e-184,0.0,,,True,True,"Derivative is zero on evidence independent of the OTI result: high_precision -- recomputed at 200 decimal digits with step 2.000e-08, where cancellation cannot manufacture a zero, giving normalized magnitude 4.119e-193"
15,elastic,4,2,1|2,mixed,1,0.0,0.0,0.0,0.0,expected_zero_independently_supported,3,1e-05,4e-05,1.8218391221434164e-158,3.75,9,6,3,True,strong,,False,True,0.0,-0.0,0.0,,,True,True,"Derivative is zero on evidence independent of the OTI result: high_precision -- recomputed at 200 decimal digits with step 2.000e-08, where cancellation cannot manufacture a zero, giving normalized magnitude 0.000e+00"
15,elastic,5,2,1|2,mixed,1,0.0,0.0,0.0,0.0,expected_zero_independently_supported,6,1.25e-06,4e-05,0.0,0.0,9,6,3,True,strong,,True,True,0.0,0.0,0.0,,,True,True,"Derivative is zero on evidence independent of the OTI result: high_precision -- recomputed at 200 decimal digits with step 2.000e-08, where cancellation cannot manufacture a zero, giving normalized magnitude 0.000e+00"
15,elastic,6,2,1|2,mixed,1,0.0,0.0,0.0,0.0,expected_zero_independently_supported,6,1.25e-06,4e-05,0.0,0.0,9,6,3,True,strong,,True,True,0.0,0.0,0.0,,,True,True,"Derivative is zero on evidence independent of the OTI result: high_precision -- recomputed at 200 decimal digits with step 2.000e-08, where cancellation cannot manufacture a zero, giving normalized magnitude 0.000e+00"
