source,repository,bytes,lines,form,kinematics,ntens,nstatv_hint,anchor_status,helper_routines,declared_unsupported,stage,blocker_kind,blocker,original_compiles,compiled,compile_error,seconds
3MAH__simcoon/testBin/Umats/UMABA/external/UMAT_ABAQUS_ELASTIC.f,external,13213,308,fixed,small strain,6,2,ready_with_json_contract,1,,transformed,none,,yes,yes,,1.8
AlexSTA1993__numerical_geolab/numerical_geolab_materials/UMATERIALS/CAUCHY3D-DP/hyplast_Cauchy3D-DP.for,CAUCHY3D-DP,7650,275,fixed,small strain,6,1,ready_with_json_contract,5,io_write,transformed,none,,yes,yes,,1.32
AlexanderJFDR__Hyperelastic_phase_field/umat/NeoHookean_umat.for,umat,3863,106,fixed,finite,6,7,ready_with_json_contract,1,,transformed,none,,yes,yes,,1.32
AnargyrosKarakalas__UMAT_3D/UMAT_3D_Coupled_ML_IP_Original.for,AnargyrosKarakalas__UMAT_3D,199831,4589,fixed,small strain,6,138,ready_with_json_contract,23,io_write,blocked,missing_ddsdde_extraction_point,"DDSDDE assignment is not covered by an old tangent replacement region: DDSDDE(i,:) = dSigma_dEpsilon_FWD(i,:); DDSDDE assignment is not covered by an old tangent replacement region: DDSDDE(i,:) = dSigma_dEpsilon_REV(i,:); DDSDDE assignment is not covered by an old tangent replacement region: DDSDDE(",,,,1.06
BAMresearch__fenics-constitutive/examples/umat/src/umat_linear_elastic.f,src,1300,45,fixed,small strain,6,1,ready_with_json_contract,1,,transformed,none,,yes,yes,,1.29
BBahtiri__ABAQUS-Multiphysics-Diffusion-UEL/Diffusion_3D.for,BBahtiri__ABAQUS-Multiphysics-Diffusion-UEL,17018,538,fixed,small strain,6,24,ready_with_json_contract,6,data;io_write;save,semantic_checks_failed,semantic_check,Semantic check failed: stress_path_consumes_the_seed.,,,,0.28
Batmanabcdefg__ParaFEM-lite/src/programs/dev/xx15/francesc/umat_DP_primal_CPPM_def.f90,francesc,12333,424,free,small strain,6,41,ready_with_json_contract,2,io_write;module_use,semantic_checks_failed,other,transformed file injects no derivative direction: neither DSTRAN_OTI nor DFGRD1_OTI is seeded; Semantic check failed: dstran_initialization_before_seed.; Semantic check failed: dstran_initialization_before_stress_use.; Semantic check failed: stress_path_consumes_the_seed.; Semantic check failed: dst,,,,0.26
Batmanabcdefg__ParaFEM-lite/src/programs/dev/xx15/plasticity_xx15.F90,xx15,42120,1178,free,,,,,16,io_write;module_use,not_a_umat,not_a_umat,the scanner finds no UMAT subroutine in this file,,,,0.09
BristolCompositesInstitute__abaci/example/src/umat.f,src,1451,44,free,small strain,6,2,ready_with_json_contract,1,io_write;module_use,blocked,module_names_unresolved,"UMAT_ELASTIC appears as UMAT_ELASTIC(...) on the stress path but is not declared anywhere in this source, which USEs ABAQUS_DEFINITIONS, ELASTIC_MOD without defining it. The transformer cannot read that module, so it cannot tell whether UMAT_ELASTIC is an array to promote or a call into it.",,,,0.05
BristolCompositesInstitute__abaci/test/data/umat.f,data,13629,365,fixed,small strain,6,1,ready_with_json_contract,1,,transformed,none,,yes,yes,,1.39
BristolCompositesInstitute__abaqus-modern-fortran/src/umat.f,src,1447,44,free,small strain,6,2,ready_with_json_contract,1,io_write;module_use,blocked,module_names_unresolved,"UMAT_ELASTIC appears as UMAT_ELASTIC(...) on the stress path but is not declared anywhere in this source, which USEs ABAQUS_DEFINITIONS, ELASTIC_MOD without defining it. The transformer cannot read that module, so it cannot tell whether UMAT_ELASTIC is an array to promote or a call into it.",,,,0.08
CAEAssistant-Group__Abaqus-CAE-UMAT-subroutine-for-3D-Composite-fatigue-simulation/Abaqus-CAE-UMAT-subroutine-for-3D-Composite-fatigue-simulation-Fortran-Code.for,CAEAssistant-Group__Abaqus-CAE-UMAT-subroutine-for-3D-Composite-fatigue-simulation,21427,764,fixed,finite,6,99,ready_with_json_contract,6,,blocked,missing_ddsdde_extraction_point,"DDSDDE assignment is not covered by an old tangent replacement region: DDSDDE(I,J) = CC(I,J)",,,,0.19
CAEAssistant-Group__Abaqus-CAE-UMAT-subroutine-for-Composite-fatigue-simulation/CAE_ASSISTANT_UMAT_Subroutine_ABAQUS_COMPOSITE_FATIGUE.for,CAEAssistant-Group__Abaqus-CAE-UMAT-subroutine-for-Composite-fatigue-simulation,11959,461,fixed,small strain,6,74,ready_with_json_contract,4,,source_does_not_compile,source_does_not_compile,as shipped: <work>/CAEAssistant-Group__Abaqus-CAE-UMAT-subroutine-for-Composite-fatigue-simulation/CAE_ASSISTANT_UMAT_Subroutine_ABAQUS_COMPOSITE_FATIGUE/baseline/CAE_ASSISTANT_UMAT_Subroutine_ABAQUS_COMPOSITE_FATI,no,no,"CAE_ASSISTANT_UMAT_Subroutine_ABAQUS_COMPOSITE_FATIGUE_oti.for:17:11:

   17 |       ccc===============================================================
      |           1
Error: Invalid character in name at (1)
CAE_ASSISTANT_UMAT_Subroutine_ABAQUS_COMPOSITE_FATIGUE_oti.for:482:36:

  482 |        D",1.51
CAEAssistant-Group__Abaqus-UEL-Subroutine/Abaqus_UEL_Subroutine.f,CAEAssistant-Group__Abaqus-UEL-Subroutine,6681,193,fixed,small strain,6,1,needs_json_completion,2,common_block,anchors_not_located,missing_ddsdde_extraction_point,missing_ddsdde_extraction_point; missing_real_output_extraction_point; missing_stress_update_region; missing_stress_update_regions,,,,0.1
CAEAssistant-Group__Path-dependent-Abaqus-model-for-the-analysis-of-composite-curing/Path_Dependent-Abaqus-Curing-Subroutine.for,CAEAssistant-Group__Path-dependent-Abaqus-model-for-the-analysis-of-composite-curing,9150,277,fixed,small strain,6,8,ready_with_json_contract,5,,source_does_not_compile,source_does_not_compile,"as shipped: <work>/CAEAssistant-Group__Path-dependent-Abaqus-model-for-the-analysis-of-composite-curing/Path_Dependent-Abaqus-Curing-Subroutine/baseline/Path_Dependent-Abaqus-Curing-Subroutine.for:37:96:

   37 |  ",no,no,"Path_Dependent-Abaqus-Curing-Subroutine_oti.for:43:16:

   43 |       EXPAN(1) =
      |                1
Error: Invalid character in name at (1)
Path_Dependent-Abaqus-Curing-Subroutine_oti.for:47:19:

   47 |       DEXPANDT(1) =
      |                   1
Error: Invalid character in name at (1)
Pa",1.27
CAEAssistant-Group__UMAT-Abaqus-Isotropic-Elasticity-Isothermal-Suboutine/ISOTROPIC-ELASTICITY.for,CAEAssistant-Group__UMAT-Abaqus-Isotropic-Elasticity-Isothermal-Suboutine,2554,79,fixed,small strain,6,1,ready_with_json_contract,1,io_write,transformed,none,,yes,yes,,1.35
CAEAssistant-Group__UMAT-Abaqus-Tsai-Hill-Orthotropic-Composite-Subroutine/PLANESTRESS-ORTHOTROPIC.for,CAEAssistant-Group__UMAT-Abaqus-Tsai-Hill-Orthotropic-Composite-Subroutine,3869,112,fixed,small strain,6,4,ready_with_json_contract,1,,transformed,none,,yes,yes,,1.43
CAEAssistant-Group__Viscoelastic-Abaqus-model-for-the-analysis-of-composite-curing/Abaqus-Viscoelastic-Curing-Subroutine.for,CAEAssistant-Group__Viscoelastic-Abaqus-model-for-the-analysis-of-composite-curing,9864,298,fixed,small strain,6,5,ready_with_json_contract,5,,semantic_checks_failed,semantic_check,Semantic check failed: stress_path_consumes_the_seed.,,,,0.15
CLD-Rostock__Christensen_FailureIndex/Subroutine/christensen_subroutine.for,Subroutine,6510,204,fixed,small strain,6,23,ready_with_json_contract,1,,generated_not_compiled,compile_failed,"christensen_subroutine_oti.for:253:25:

  253 |       UTIL_FRAC_OTI = MAX(PS_OTI(1), PS_OTI(2), PS_OTI(3))/T
      |                         1
Error: Generic function ‘max’ at (1) is not consistent with a specific intrinsic interface
",yes,no,"christensen_subroutine_oti.for:253:25:

  253 |       UTIL_FRAC_OTI = MAX(PS_OTI(1), PS_OTI(2), PS_OTI(3))/T
      |                         1
Error: Generic function ‘max’ at (1) is not consistent with a specific intrinsic interface
",1.27
CriticalSoilModels__critical-soil-models/src/models/bingham/umat_bingham.f90,bingham,8598,233,free,finite,6,0,ready_with_json_contract,2,module_use,semantic_checks_failed,semantic_check,Semantic check failed: stress_path_consumes_the_seed.; Semantic check failed: stress_oti_update_before_real_stress_extraction.; Semantic check failed: stress_oti_update_before_ddsdde_extraction.; Semantic check failed: ddsdde_extraction_after_selected_stress_regions.; Semantic check failed: ddsdde_e,,,,0.19
CriticalSoilModels__critical-soil-models/src/umat.f90,src,5285,118,free,finite,6,1,ready_with_json_contract,1,module_use,semantic_checks_failed,other,"STRESS_OTI is passed to UMAT_LINEAR, which was neither lifted, inlined, nor transformed with this file. Fortran's implicit interface makes that compile and the callee then reads a hypercomplex element as a single REAL, so the result is wrong with nothing to show for it.; STATEV_OTI is passed to UMAT",,,,0.07
CriticalSoilModels__incremental-driver/src/elastic.f90,src,1666,62,free,small strain,6,0,ready_with_json_contract,1,module_use,source_does_not_compile,source_does_not_compile,"as shipped: <work>/src/elastic/baseline/elastic.f90:2:7:

    2 |    use stdlib_kinds, only: dp
      |       1
Fatal Error: Cannot open module file ‘stdlib_kinds.mod’ for reading at (1): No such file or directory
",no,no,"elastic_oti.f90:2:7:

    2 |    use stdlib_kinds, only: dp
      |       1
Fatal Error: Cannot open module file ‘stdlib_kinds.mod’ for reading at (1): No such file or directory
compilation terminated.
",1.22
Dr-Ning-An__Viscoelastic-RVE-Calculator/ViscoelasticRVEs/umat3dorthotropic_viscoelastic.for,ViscoelasticRVEs,2936,94,fixed,small strain,6,2,ready_with_json_contract,1,io_write,transformed,none,,yes,yes,,1.4
ElmerCSC__elmerfem/fem/src/modules/ElasticSolve.F90,modules,288575,6008,free,,,,,21,io_write;module_use;save,not_a_umat,not_a_umat,the scanner finds no UMAT subroutine in this file,,,,0.42
Farid-Alisafaei__Implant-Fibrotic-Capsule/CellMatrixModel_20241204.for,Farid-Alisafaei__Implant-Fibrotic-Capsule,103118,3247,fixed,small strain,6,97,ready_with_json_contract,14,,semantic_checks_failed,other,"Helper subroutine pass-through used despite lifting limitation: Completed JSON transforms helper call D2WDPRINSTRAIN at lines [1616, 1617], rewriting ['EMODF', 'PRINEMODVAL1', 'PRINSTRAINVAL1'], but helper lifting is not yet safe here: Helper lifting requires source definitions for ['SPRIND']. The c",,,,1.62
GuGuaTT__STEEL-3dPointClouds/AutoGen/ALLcombinedSolid_CMN.for,AutoGen,27872,785,fixed,finite,6,83,ready_with_json_contract,5,,blocked,missing_ddsdde_extraction_point,"DDSDDE assignment is not covered by an old tangent replacement region: ddsdde(i, j) = 0.; DDSDDE assignment is not covered by an old tangent replacement region: ddsdde(1, 1) = elastic_modulus; DDSDDE assignment is not covered by an old tangent replacement region: ddsdde(1, 1) = (elastic_modulus * A_",,,,0.21
GuGuaTT__STEEL-3dPointClouds/AutoGen/ALLcombinedSolid_DMN.for,AutoGen,27872,785,fixed,finite,6,83,ready_with_json_contract,5,,blocked,missing_ddsdde_extraction_point,"DDSDDE assignment is not covered by an old tangent replacement region: ddsdde(i, j) = 0.; DDSDDE assignment is not covered by an old tangent replacement region: ddsdde(1, 1) = elastic_modulus; DDSDDE assignment is not covered by an old tangent replacement region: ddsdde(1, 1) = (elastic_modulus * A_",,,,0.2
HIT-FSW-314__abaqus/abaqus-umat/uel/UEL9_VPDCL.for,uel,58067,1697,fixed,finite,6,80,ready_with_json_contract,29,io_write,transformed,none,,yes,yes,,1.93
InstituteOfMechanics__Paraqus/examples/example_abaqus_extrusion_umat.f,examples,32622,871,fixed,finite,6,33,ready_with_json_contract,20,io_write,transformed,none,,yes,yes,,1.78
InstituteOfMechanics__Phase_Trafos_Carbon_Repartitioning/simulations/UMAT/umat_main.f,UMAT,10064,249,fixed,,,,,0,,not_a_umat,not_a_umat,the scanner finds no UMAT subroutine in this file,,,,0.02
InstituteOfMechanics__Thermomechanical_Gradient_Enhanced_Damage_UMAT/src/UMAT_DamThermMech_1_H.f,src,90222,2352,fixed,finite,6,52,ready_with_json_contract,41,io_write,blocked,missing_ddsdde_extraction_point,"DDSDDE assignment is not covered by an old tangent replacement region: DDSDDE = 0.0d0; DDSDDE assignment is not covered by an old tangent replacement region: DDSDDE(1,1) = ABATAN(1,1,1,1); DDSDDE assignment is not covered by an old tangent replacement region: DDSDDE(1,2) = ABATAN(1,1,2,2); DDSDDE as",,,,0.69
Jeff97__General-shape-control-of-shell/Abaqus_Files/2Dto2D/From-2D-to-2D-Axe.for,2Dto2D,10319,281,fixed,finite,6,36,ready_with_json_contract,1,,transformed,none,,yes,yes,,1.57
Jeff97__General-shape-control-of-shell/Abaqus_Files/2Dto2D/From-2D-to-2D-Disk.for,2Dto2D,10221,280,fixed,finite,6,36,ready_with_json_contract,1,,transformed,none,,yes,yes,,1.66
Jeff97__General-shape-control-of-shell/Abaqus_Files/2Dto2D/From-2D-to-2D-Scallop.for,2Dto2D,10302,281,fixed,finite,6,36,ready_with_json_contract,1,,transformed,none,,yes,yes,,1.6
Jeff97__General-shape-control-of-shell/Abaqus_Files/2Dto3D/From-2D-to-3D-DupinCyclide.for,2Dto3D,32379,653,fixed,finite,6,42,ready_with_json_contract,1,,transformed,none,,yes,yes,,4.07
Jeff97__General-shape-control-of-shell/Abaqus_Files/2Dto3D/From-2D-to-3D-Genhel.for,2Dto3D,14033,363,fixed,finite,6,43,ready_with_json_contract,1,,transformed,none,,yes,yes,,1.85
Jeff97__General-shape-control-of-shell/Abaqus_Files/2Dto3D/From-2D-to-3D-Saddle.for,2Dto3D,10216,280,fixed,finite,6,38,ready_with_json_contract,1,,transformed,none,,yes,yes,,1.72
Jeff97__General-shape-control-of-shell/Abaqus_Files/3Dto3D/From-3D-to-3D-Petal.for,3Dto3D,14644,369,fixed,finite,6,59,ready_with_json_contract,1,,transformed,none,,yes,yes,,1.9
Jeff97__General-shape-control-of-shell/Abaqus_Files/3Dto3D/From-3D-to-3D-SeaShell.for,3Dto3D,21646,510,fixed,finite,6,77,ready_with_json_contract,1,,transformed,none,,yes,yes,,2.23
Jeff97__General-shape-control-of-shell/Abaqus_Files/Alex_Shocked/Growth-Alex.for,Alex_Shocked,17357,459,fixed,finite,6,66,ready_with_json_contract,1,data;io_open;io_read;save,transformed,none,,yes,yes,,1.88
Jeff97__General-shape-control-of-shell/Abaqus_Files/Beetle_Taxi/Growth-Car.for,Beetle_Taxi,17457,464,fixed,finite,6,65,ready_with_json_contract,1,data;io_open;io_read;save,transformed,none,,yes,yes,,1.92
Jeff97__General-shape-control-of-shell/Abaqus_Files/FaceChange/Growth-Robot.for,FaceChange,26143,653,fixed,finite,6,89,ready_with_json_contract,1,data;io_open;io_read;save,transformed,none,,yes,yes,,2.32
Jeff97__Programming-Plane-Strain-Plates-through-Growth-Under-Body-Forces/Examples-In-Section-3/ArcDown/Th001/BodyForce-Growth-2Stages.for,Th001,19416,608,fixed,finite,6,28,ready_with_json_contract,5,common_block;io_write,transformed,none,,yes,yes,,1.83
Jeff97__Programming-Plane-Strain-Plates-through-Growth-Under-Body-Forces/Examples-In-Section-3/ArcDown/Th001/PureGravity.for,Th001,18617,580,fixed,finite,6,24,ready_with_json_contract,5,common_block;io_write,transformed,none,,yes,yes,,1.61
Jeff97__Programming-Plane-Strain-Plates-through-Growth-Under-Body-Forces/Examples-In-Section-3/ArcDown/Th001/PureGrowth.for,Th001,18499,578,fixed,finite,6,25,ready_with_json_contract,5,common_block;io_write,transformed,none,,yes,yes,,1.79
Jeff97__Programming-Plane-Strain-Plates-through-Growth-Under-Body-Forces/Examples-In-Section-3/ArcDown/Th002/BodyForce-Growth-2Stages.for,Th002,19424,609,fixed,finite,6,28,ready_with_json_contract,5,common_block;io_write,transformed,none,,yes,yes,,1.76
Jeff97__Programming-Plane-Strain-Plates-through-Growth-Under-Body-Forces/Examples-In-Section-3/ArcDown/Th002/PureGravity.for,Th002,18616,580,fixed,finite,6,24,ready_with_json_contract,5,common_block;io_write,transformed,none,,yes,yes,,1.74
Jeff97__Programming-Plane-Strain-Plates-through-Growth-Under-Body-Forces/Examples-In-Section-3/ArcDown/Th002/PureGrowth.for,Th002,18498,578,fixed,finite,6,25,ready_with_json_contract,5,common_block;io_write,transformed,none,,yes,yes,,1.69
Jeff97__Programming-Plane-Strain-Plates-through-Growth-Under-Body-Forces/Examples-In-Section-3/ArcDown/Th005/BodyForce-Growth-2Stages.for,Th005,19417,609,fixed,finite,6,28,ready_with_json_contract,5,common_block;io_write,transformed,none,,yes,yes,,1.77
Jeff97__Programming-Plane-Strain-Plates-through-Growth-Under-Body-Forces/Examples-In-Section-3/ArcDown/Th005/PureGrowth.for,Th005,18499,578,fixed,finite,6,25,ready_with_json_contract,5,common_block;io_write,transformed,none,,yes,yes,,1.73
Jeff97__Programming-Plane-Strain-Plates-through-Growth-Under-Body-Forces/Examples-In-Section-3/ArcDown/Th005-Visualization/BodyForce-Growth-2Stages.for,Th005-Visualization,19278,607,fixed,finite,6,26,ready_with_json_contract,5,common_block;io_write,transformed,none,,yes,yes,,1.8
Jeff97__Programming-Plane-Strain-Plates-through-Growth-Under-Body-Forces/Examples-In-Section-3/ArcDown/Th01/BodyForce-Growth-2Stages.for,Th01,19493,610,fixed,finite,6,28,ready_with_json_contract,5,common_block;io_write,transformed,none,,yes,yes,,1.82
Jeff97__Programming-Plane-Strain-Plates-through-Growth-Under-Body-Forces/Examples-In-Section-3/ArcDown/Th01/PureGravity.for,Th01,18616,580,fixed,finite,6,24,ready_with_json_contract,5,common_block;io_write,transformed,none,,yes,yes,,1.74
Jeff97__Programming-Plane-Strain-Plates-through-Growth-Under-Body-Forces/Examples-In-Section-3/ArcDown/Th01/PureGrowth.for,Th01,18498,578,fixed,finite,6,25,ready_with_json_contract,5,common_block;io_write,transformed,none,,yes,yes,,1.7
Jeff97__Programming-Plane-Strain-Plates-through-Growth-Under-Body-Forces/Examples-In-Section-3/ArcUp/Th001/BodyForce-Growth-2Stages.for,Th001,19531,613,fixed,finite,6,28,ready_with_json_contract,5,common_block;io_write,transformed,none,,yes,yes,,1.76
Jeff97__Programming-Plane-Strain-Plates-through-Growth-Under-Body-Forces/Examples-In-Section-3/ArcUp/Th001/PureGrowth.for,Th001,18500,578,fixed,finite,6,25,ready_with_json_contract,5,common_block;io_write,transformed,none,,yes,yes,,1.72
Jeff97__Programming-Plane-Strain-Plates-through-Growth-Under-Body-Forces/Examples-In-Section-3/ArcUp/Th002/BodyForce-Growth-2Stages.for,Th002,19539,614,fixed,finite,6,28,ready_with_json_contract,5,common_block;io_write,transformed,none,,yes,yes,,1.76
Jeff97__Programming-Plane-Strain-Plates-through-Growth-Under-Body-Forces/Examples-In-Section-3/ArcUp/Th002/PureGrowth.for,Th002,18499,578,fixed,finite,6,25,ready_with_json_contract,5,common_block;io_write,transformed,none,,yes,yes,,1.87
Jeff97__Programming-Plane-Strain-Plates-through-Growth-Under-Body-Forces/Examples-In-Section-3/ArcUp/Th005/BodyForce-Growth-2Stages.for,Th005,19532,614,fixed,finite,6,28,ready_with_json_contract,5,common_block;io_write,transformed,none,,yes,yes,,1.78
Jeff97__Programming-Plane-Strain-Plates-through-Growth-Under-Body-Forces/Examples-In-Section-3/ArcUp/Th005/PureGrowth.for,Th005,18500,578,fixed,finite,6,25,ready_with_json_contract,5,common_block;io_write,transformed,none,,yes,yes,,1.77
Jeff97__Programming-Plane-Strain-Plates-through-Growth-Under-Body-Forces/Examples-In-Section-3/ArcUp/Th005-Visualization/BodyForce-Growth-2Stages.for,Th005-Visualization,19374,607,fixed,finite,6,26,ready_with_json_contract,5,common_block;io_write,transformed,none,,yes,yes,,1.77
Jeff97__Programming-Plane-Strain-Plates-through-Growth-Under-Body-Forces/Examples-In-Section-3/ArcUp/Th01/BodyForce-Growth-2Stages.for,Th01,19476,609,fixed,finite,6,28,ready_with_json_contract,5,common_block;io_write,transformed,none,,yes,yes,,1.81
Jeff97__Programming-Plane-Strain-Plates-through-Growth-Under-Body-Forces/Examples-In-Section-3/ArcUp/Th01/PureGravity.for,Th01,18616,580,fixed,finite,6,24,ready_with_json_contract,5,common_block;io_write,transformed,none,,yes,yes,,1.69
Jeff97__Programming-Plane-Strain-Plates-through-Growth-Under-Body-Forces/Examples-In-Section-3/ArcUp/Th01/PureGrowth.for,Th01,18499,578,fixed,finite,6,25,ready_with_json_contract,5,common_block;io_write,transformed,none,,yes,yes,,1.75
Jeff97__Programming-Plane-Strain-Plates-through-Growth-Under-Body-Forces/Examples-In-Section-3/Flat/Th001/BodyForce-Growth-2Stages.for,Th001,19084,601,fixed,finite,6,28,ready_with_json_contract,5,common_block;io_write,transformed,none,,yes,yes,,1.75
Jeff97__Programming-Plane-Strain-Plates-through-Growth-Under-Body-Forces/Examples-In-Section-3/Flat/Th001/PureGrowth.for,Th001,18498,578,fixed,finite,6,25,ready_with_json_contract,5,common_block;io_write,transformed,none,,yes,yes,,1.75
Jeff97__Programming-Plane-Strain-Plates-through-Growth-Under-Body-Forces/Examples-In-Section-3/Flat/Th002/BodyForce-Growth-2Stages.for,Th002,19092,602,fixed,finite,6,28,ready_with_json_contract,5,common_block;io_write,transformed,none,,yes,yes,,1.7
Jeff97__Programming-Plane-Strain-Plates-through-Growth-Under-Body-Forces/Examples-In-Section-3/Flat/Th002/PureGrowth.for,Th002,18497,578,fixed,finite,6,25,ready_with_json_contract,5,common_block;io_write,transformed,none,,yes,yes,,1.65
Jeff97__Programming-Plane-Strain-Plates-through-Growth-Under-Body-Forces/Examples-In-Section-3/Flat/Th002-Visualization/BodyForce-Growth-2Stages.for,Th002-Visualization,19098,602,fixed,finite,6,28,ready_with_json_contract,5,common_block;io_write,transformed,none,,yes,yes,,1.76
Jeff97__Programming-Plane-Strain-Plates-through-Growth-Under-Body-Forces/Examples-In-Section-3/Flat/Th005/BodyForce-Growth-2Stages.for,Th005,19085,602,fixed,finite,6,28,ready_with_json_contract,5,common_block;io_write,transformed,none,,yes,yes,,1.75
Jeff97__Programming-Plane-Strain-Plates-through-Growth-Under-Body-Forces/Examples-In-Section-3/Flat/Th005/PureGravity.for,Th005,18617,580,fixed,finite,6,24,ready_with_json_contract,5,common_block;io_write,transformed,none,,yes,yes,,1.67
Jeff97__Programming-Plane-Strain-Plates-through-Growth-Under-Body-Forces/Examples-In-Section-3/Flat/Th005/PureGrowth.for,Th005,18498,578,fixed,finite,6,25,ready_with_json_contract,5,common_block;io_write,transformed,none,,yes,yes,,1.59
Jeff97__Programming-Plane-Strain-Plates-through-Growth-Under-Body-Forces/Examples-In-Section-3/Flat/Th005-Visualization/BodyForce-Growth-2Stages.for,Th005-Visualization,19091,602,fixed,finite,6,28,ready_with_json_contract,5,common_block;io_write,transformed,none,,yes,yes,,1.76
Jeff97__Programming-Plane-Strain-Plates-through-Growth-Under-Body-Forces/Examples-In-Section-3/Flat/Th01/BodyForce-Growth-2Stages.for,Th01,19161,603,fixed,finite,6,28,ready_with_json_contract,5,common_block;io_write,transformed,none,,yes,yes,,1.73
Jeff97__Programming-Plane-Strain-Plates-through-Growth-Under-Body-Forces/Examples-In-Section-3/Flat/Th01/PureGrowth.for,Th01,18497,578,fixed,finite,6,25,ready_with_json_contract,5,common_block;io_write,transformed,none,,yes,yes,,1.78
Jeff97__Programming-Plane-Strain-Plates-through-Growth-Under-Body-Forces/Examples-In-Section-3/HelixUp/Th001/BodyForce-Growth-2Stages.for,Th001,22946,675,fixed,finite,6,28,ready_with_json_contract,5,common_block;io_write,transformed,none,,yes,yes,,1.89
Jeff97__Programming-Plane-Strain-Plates-through-Growth-Under-Body-Forces/Examples-In-Section-3/HelixUp/Th001/PureGravity.for,Th001,18690,580,fixed,finite,6,26,ready_with_json_contract,5,common_block;io_write,transformed,none,,yes,yes,,1.79
Jeff97__Programming-Plane-Strain-Plates-through-Growth-Under-Body-Forces/Examples-In-Section-3/HelixUp/Th002/BodyForce-Growth-2Stages.for,Th002,22889,673,fixed,finite,6,28,ready_with_json_contract,5,common_block;io_write,transformed,none,,yes,yes,,1.92
Jeff97__Programming-Plane-Strain-Plates-through-Growth-Under-Body-Forces/Examples-In-Section-3/HelixUp/Th002/PureGravity.for,Th002,18689,580,fixed,finite,6,26,ready_with_json_contract,5,common_block;io_write,transformed,none,,yes,yes,,1.74
Jeff97__Programming-Plane-Strain-Plates-through-Growth-Under-Body-Forces/Examples-In-Section-3/HelixUp/Th002/PureGrowth.for,Th002,18570,578,fixed,finite,6,27,ready_with_json_contract,5,common_block;io_write,transformed,none,,yes,yes,,1.8
Jeff97__Programming-Plane-Strain-Plates-through-Growth-Under-Body-Forces/Examples-In-Section-3/HelixUp/Th005/BodyForce-Growth-2Stages.for,Th005,22876,673,fixed,finite,6,28,ready_with_json_contract,5,common_block;io_write,transformed,none,,yes,yes,,1.89
Jeff97__Programming-Plane-Strain-Plates-through-Growth-Under-Body-Forces/Examples-In-Section-3/HelixUp/Th005/PureGravity.for,Th005,18690,580,fixed,finite,6,26,ready_with_json_contract,5,common_block;io_write,transformed,none,,yes,yes,,1.72
Jeff97__Programming-Plane-Strain-Plates-through-Growth-Under-Body-Forces/Examples-In-Section-3/HelixUp/Th005/PureGrowth.for,Th005,18571,578,fixed,finite,6,27,ready_with_json_contract,5,common_block;io_write,transformed,none,,yes,yes,,1.73
Jeff97__Programming-Plane-Strain-Plates-through-Growth-Under-Body-Forces/Examples-In-Section-3/HelixUp/Th01/BodyForce-Growth-2Stages.for,Th01,22947,674,fixed,finite,6,28,ready_with_json_contract,5,common_block;io_write,transformed,none,,yes,yes,,1.97
Jeff97__Programming-Plane-Strain-Plates-through-Growth-Under-Body-Forces/Examples-In-Section-3/HelixUp/Th01/PureGravity.for,Th01,18689,580,fixed,finite,6,26,ready_with_json_contract,5,common_block;io_write,transformed,none,,yes,yes,,1.72
Jeff97__Programming-Plane-Strain-Plates-through-Growth-Under-Body-Forces/Examples-In-Section-3/ParabolicDown/Th001/BodyForce-Growth-2Stages.for,Th001,20371,624,fixed,finite,6,28,ready_with_json_contract,5,common_block;io_write,transformed,none,,yes,yes,,1.73
Jeff97__Programming-Plane-Strain-Plates-through-Growth-Under-Body-Forces/Examples-In-Section-3/ParabolicDown/Th001/PureGravity.for,Th001,18617,580,fixed,finite,6,24,ready_with_json_contract,5,common_block;io_write,transformed,none,,yes,yes,,1.75
Jeff97__Programming-Plane-Strain-Plates-through-Growth-Under-Body-Forces/Examples-In-Section-3/ParabolicDown/Th002/BodyForce-Growth-2Stages.for,Th002,20386,625,fixed,finite,6,28,ready_with_json_contract,5,common_block;io_write,transformed,none,,yes,yes,,1.81
Jeff97__Programming-Plane-Strain-Plates-through-Growth-Under-Body-Forces/Examples-In-Section-3/ParabolicDown/Th002/PureGrowth.for,Th002,18517,578,fixed,finite,6,27,ready_with_json_contract,5,common_block;io_write,transformed,none,,yes,yes,,1.74
Jeff97__Programming-Plane-Strain-Plates-through-Growth-Under-Body-Forces/Examples-In-Section-3/ParabolicDown/Th005/BodyForce-Growth-2Stages.for,Th005,20361,625,fixed,finite,6,28,ready_with_json_contract,5,common_block;io_write,transformed,none,,yes,yes,,1.74
Jeff97__Programming-Plane-Strain-Plates-through-Growth-Under-Body-Forces/Examples-In-Section-3/ParabolicDown/Th005/PureGravity.for,Th005,18617,580,fixed,finite,6,24,ready_with_json_contract,5,common_block;io_write,transformed,none,,yes,yes,,1.82
Jeff97__Programming-Plane-Strain-Plates-through-Growth-Under-Body-Forces/Examples-In-Section-3/ParabolicDown/Th01/PureGrowth.for,Th01,18517,578,fixed,finite,6,27,ready_with_json_contract,5,common_block;io_write,transformed,none,,yes,yes,,1.63
Jeff97__Programming-Plane-Strain-Plates-through-Growth-Under-Body-Forces/Examples-In-Section-3/ParabolicUp/Th001/PureGrowth.for,Th001,18521,578,fixed,finite,6,27,ready_with_json_contract,5,common_block;io_write,transformed,none,,yes,yes,,1.82
Jeff97__Programming-Plane-Strain-Plates-through-Growth-Under-Body-Forces/Examples-In-Section-3/ParabolicUp/Th002/PureGrowth.for,Th002,18520,578,fixed,finite,6,27,ready_with_json_contract,5,common_block;io_write,transformed,none,,yes,yes,,1.81
Jeff97__Programming-Plane-Strain-Plates-through-Growth-Under-Body-Forces/Examples-In-Section-3/ParabolicUp/Th01/BodyForce-Growth-2Stages.for,Th01,20368,622,fixed,finite,6,28,ready_with_json_contract,5,common_block;io_write,transformed,none,,yes,yes,,1.74
Jeff97__Programming-Plane-Strain-Plates-through-Growth-Under-Body-Forces/Examples-In-Section-4/Experiment-DRAGONSKIN20-ArcDown/Th01/PureGravity.for,Th01,18527,578,fixed,finite,6,25,ready_with_json_contract,5,common_block;io_write,transformed,none,,yes,yes,,1.65
Jeff97__Programming-Plane-Strain-Plates-through-Growth-Under-Body-Forces/Examples-In-Section-4/Experiment-DRAGONSKIN20-ArcDown/Th01/PureGrowth.for,Th01,18875,586,fixed,finite,6,27,ready_with_json_contract,5,common_block;io_write,transformed,none,,yes,yes,,1.81
Jeff97__Programming-Plane-Strain-Plates-through-Growth-Under-Body-Forces/Examples-In-Section-4/Experiment-DRAGONSKIN20-Flat/Th005/PureGrowth.for,Th005,18609,582,fixed,finite,6,27,ready_with_json_contract,5,common_block;io_write,transformed,none,,yes,yes,,1.73
Jeff97__Programming-Plane-Strain-Plates-through-Growth-Under-Body-Forces/Examples-In-Section-4/Experiment-DRAGONSKIN20-Flat/Th01/PureGrowth.for,Th01,18608,582,fixed,finite,6,27,ready_with_json_contract,5,common_block;io_write,transformed,none,,yes,yes,,1.71
Jeff97__Programming-Plane-Strain-Plates-through-Growth-Under-Body-Forces/Examples-In-Section-4/Experiment-ECOFLEX0030-ArcDown/Th005/PureGravity.for,Th005,18524,578,fixed,finite,6,25,ready_with_json_contract,5,common_block;io_write,transformed,none,,yes,yes,,1.75
Jeff97__Programming-Plane-Strain-Plates-through-Growth-Under-Body-Forces/Examples-In-Section-4/Experiment-ECOFLEX0030-ArcDown/Th01/PureGravity.for,Th01,18523,578,fixed,finite,6,25,ready_with_json_contract,5,common_block;io_write,transformed,none,,yes,yes,,1.62
Jeff97__Programming-Plane-Strain-Plates-through-Growth-Under-Body-Forces/Examples-In-Section-4/Experiment-ECOFLEX0030-Flat/Th005/BodyForce-Growth-2Stages.for,Th005,19147,599,fixed,finite,6,30,ready_with_json_contract,5,common_block;io_write,transformed,none,,yes,yes,,1.71
Jeff97__Programming-Plane-Strain-Plates-through-Growth-Under-Body-Forces/Examples-In-Section-4/Experiment-ECOFLEX0030-Flat/Th005/PureGrowth.for,Th005,18605,582,fixed,finite,6,27,ready_with_json_contract,5,common_block;io_write,transformed,none,,yes,yes,,1.68
Jeff97__Programming-Plane-Strain-Plates-through-Growth-Under-Body-Forces/Examples-In-Section-4/Experiment-ECOFLEX0030-Flat/Th01/BodyForce-Growth-2Stages.for,Th01,19146,599,fixed,finite,6,30,ready_with_json_contract,5,common_block;io_write,transformed,none,,yes,yes,,1.75
Jeff97__Programming-Plane-Strain-Plates-through-Growth-Under-Body-Forces/PathSensitivity/Th001-1MPa/BodyForce-Growth-GravityFirst.for,Th001-1MPa,19395,611,fixed,finite,6,26,ready_with_json_contract,5,common_block;io_write,transformed,none,,yes,yes,,1.78
Jeff97__Programming-Plane-Strain-Plates-through-Growth-Under-Body-Forces/PathSensitivity/Th001-5MPa/BodyForce-Growth-Simultaneous.for,Th001-5MPa,19477,609,fixed,finite,6,28,ready_with_json_contract,5,common_block;io_write,transformed,none,,yes,yes,,1.69
Jeff97__Realization-of-planar-and-surface-conformal-mappings/Analytical_Example/2D/inputFile/Growth-EX.for,inputFile,6379,200,fixed,finite,6,19,ready_with_json_contract,1,,transformed,none,,yes,yes,,1.45
Jeff97__Realization-of-planar-and-surface-conformal-mappings/Analytical_Example/2D/inputFile/Growth-Z2.for,inputFile,6428,202,fixed,finite,6,19,ready_with_json_contract,1,,transformed,none,,yes,yes,,1.37
Jeff97__Realization-of-planar-and-surface-conformal-mappings/Analytical_Example/2D/inputFile/Growth-frac.for,inputFile,6460,203,fixed,finite,6,19,ready_with_json_contract,1,,transformed,none,,yes,yes,,1.38
Jeff97__Realization-of-planar-and-surface-conformal-mappings/Analytical_Example/3D/InputFile/Growth-MinSur1.for,InputFile,7239,220,fixed,finite,6,26,ready_with_json_contract,1,,transformed,none,,yes,yes,,1.45
Jeff97__Realization-of-planar-and-surface-conformal-mappings/Analytical_Example/3D/InputFile/Growth-MinSur2.for,InputFile,7483,230,fixed,finite,6,28,ready_with_json_contract,1,,transformed,none,,yes,yes,,1.58
Jeff97__Realization-of-planar-and-surface-conformal-mappings/Analytical_Example/3D/InputFile/Growth-MinSur3.for,InputFile,7089,221,fixed,finite,6,29,ready_with_json_contract,1,,transformed,none,,yes,yes,,1.44
Jeff97__Realization-of-planar-and-surface-conformal-mappings/Analytical_Example/3D/MMAFile/Example1/Growth-MinSur1.for,Example1,7287,221,fixed,finite,6,26,ready_with_json_contract,1,,transformed,none,,yes,yes,,1.44
Jeff97__Realization-of-planar-and-surface-conformal-mappings/Analytical_Example/3D/MMAFile/Example2/Growth-MinSur2.for,Example2,7170,223,fixed,finite,6,28,ready_with_json_contract,1,,transformed,none,,yes,yes,,1.45
Jeff97__Realization-of-planar-and-surface-conformal-mappings/Analytical_Example/3D/MMAFile/Example3-Sphere/Growth-MinSur3.for,Example3-Sphere,7010,221,fixed,finite,6,27,ready_with_json_contract,1,,transformed,none,,yes,yes,,1.44
Jeff97__Realization-of-planar-and-surface-conformal-mappings/Analytical_Example/3D/MMAFile/Example4-Torus/Growth-MinSur3.for,Example4-Torus,7010,221,fixed,finite,6,27,ready_with_json_contract,1,,transformed,none,,yes,yes,,1.44
Jeff97__Realization-of-planar-and-surface-conformal-mappings/Bunny/Part1/ABAQUS_files/Growth-Bunny-Part1.for,ABAQUS_files,9094,296,fixed,finite,6,29,ready_with_json_contract,1,data;io_open;io_read;save,transformed,none,,yes,yes,,1.52
Jeff97__Realization-of-planar-and-surface-conformal-mappings/Bunny/Part2/ABAQUS_files/Growth-Bunny-Part2.for,ABAQUS_files,9094,296,fixed,finite,6,29,ready_with_json_contract,1,data;io_open;io_read;save,transformed,none,,yes,yes,,1.58
Jeff97__Realization-of-planar-and-surface-conformal-mappings/Hunman_face/ABAQUS_files/Growth-Human-face.for,ABAQUS_files,9089,296,fixed,finite,6,29,ready_with_json_contract,1,data;io_open;io_read;save,transformed,none,,yes,yes,,1.45
Jeff97__Realization-of-planar-and-surface-conformal-mappings/Instability_Analysis/Growth-Sphere.for,Instability_Analysis,7089,221,fixed,finite,6,29,ready_with_json_contract,1,,transformed,none,,yes,yes,,1.47
Jeff97__Realization-of-planar-and-surface-conformal-mappings/Mesh_Convergence_test/2D/EX/10/Growth-EX.for,10,6186,196,fixed,finite,6,15,ready_with_json_contract,1,,transformed,none,,yes,yes,,1.42
Jeff97__Realization-of-planar-and-surface-conformal-mappings/Mesh_Convergence_test/2D/Frac/10/Growth-Frac.for,10,6236,196,fixed,finite,6,15,ready_with_json_contract,1,,transformed,none,,yes,yes,,1.46
Jeff97__Realization-of-planar-and-surface-conformal-mappings/Mesh_Convergence_test/2D/Z2/10/Growth-Z2.for,10,6176,196,fixed,finite,6,15,ready_with_json_contract,1,,transformed,none,,yes,yes,,1.35
Jeff97__Realization-of-planar-and-surface-conformal-mappings/Mesh_Convergence_test/3D/Catenoid/10/Growth-Catenoid.for,10,7397,226,fixed,finite,6,29,ready_with_json_contract,1,,transformed,none,,yes,yes,,1.51
Jeff97__Realization-of-planar-and-surface-conformal-mappings/Mesh_Convergence_test/3D/Helicoid/10/Growth-Helicoid.for,10,7239,220,fixed,finite,6,26,ready_with_json_contract,1,,transformed,none,,yes,yes,,1.52
Jeff97__Realization-of-planar-and-surface-conformal-mappings/Mesh_Convergence_test/3D/Sphere/10/Growth-Sphere.for,10,7138,222,fixed,finite,6,26,ready_with_json_contract,1,,transformed,none,,yes,yes,,1.46
Jeff97__Realization-of-planar-and-surface-conformal-mappings/Mesh_Convergence_test/Alex/20470/Growth-Alex.for,20470,9070,296,fixed,finite,6,29,ready_with_json_contract,1,data;io_open;io_read;save,transformed,none,,yes,yes,,1.52
Jeff97__Realization-of-planar-and-surface-conformal-mappings/Mesh_Convergence_test/Alex/749/Growth-Alex.for,749,9069,296,fixed,finite,6,29,ready_with_json_contract,1,data;io_open;io_read;save,transformed,none,,yes,yes,,1.51
Jeff97__Realization-of-planar-and-surface-conformal-mappings/Model_car/ABAQUS_files/Growth-Model-car.for,ABAQUS_files,9083,296,fixed,finite,6,29,ready_with_json_contract,1,data;io_open;io_read;save,transformed,none,,yes,yes,,1.51
Jeff97__growth-of-circular-plate/Bending/Growth-CASE1.for,Bending,5944,187,fixed,finite,6,13,ready_with_json_contract,1,,transformed,none,,yes,yes,,1.4
Jeff97__growth-of-circular-plate/Bending/Growth-CASE2.for,Bending,5968,187,fixed,finite,6,14,ready_with_json_contract,1,,transformed,none,,yes,yes,,1.48
Jeff97__growth-of-circular-plate/Bending/Growth-CASE3.for,Bending,6013,187,fixed,finite,6,15,ready_with_json_contract,1,,transformed,none,,yes,yes,,1.39
Jeff97__growth-of-circular-plate/Combined/Growth-CASE1.for,Combined,5968,187,fixed,finite,6,15,ready_with_json_contract,1,,transformed,none,,yes,yes,,1.32
Jeff97__growth-of-circular-plate/Combined/Growth-CASE2.for,Combined,5958,187,fixed,finite,6,14,ready_with_json_contract,1,,transformed,none,,yes,yes,,1.4
Jeff97__growth-of-circular-plate/Combined/Growth-CASE3.for,Combined,5983,187,fixed,finite,6,14,ready_with_json_contract,1,,transformed,none,,yes,yes,,1.41
Jeff97__growth-of-circular-plate/ShapeProgramming/Growth-CASE1.for,ShapeProgramming,6005,187,fixed,finite,6,14,ready_with_json_contract,1,,transformed,none,,yes,yes,,1.4
Jeff97__growth-of-circular-plate/ShapeProgramming/Growth-CASE2.for,ShapeProgramming,6056,188,fixed,finite,6,15,ready_with_json_contract,1,,transformed,none,,yes,yes,,1.47
Jeff97__growth-of-circular-plate/ShapeProgramming/Growth-CASE3.for,ShapeProgramming,6118,189,fixed,finite,6,15,ready_with_json_contract,1,,transformed,none,,yes,yes,,1.34
Jeff97__growth-of-circular-plate/ShapeProgramming/Growth-CASE4.for,ShapeProgramming,6057,188,fixed,finite,6,15,ready_with_json_contract,1,,transformed,none,,yes,yes,,1.46
Jeff97__growth-of-circular-plate/ShapeProgramming/Growth-CASE5.for,ShapeProgramming,7090,205,fixed,finite,6,15,ready_with_json_contract,1,,transformed,none,,yes,yes,,1.5
Jeff97__growth-of-circular-plate/ShapeProgramming/Growth-CASE6.for,ShapeProgramming,6171,190,fixed,finite,6,15,ready_with_json_contract,1,,transformed,none,,yes,yes,,1.45
Jeff97__growth-of-circular-plate/Wrinkle/l1-is-1--l2-is-101.for,Wrinkle,6804,197,fixed,finite,6,16,ready_with_json_contract,1,,transformed,none,,yes,yes,,1.35
Jeff97__growth-of-circular-plate/Wrinkle/l1-is-1--l2-is-102.for,Wrinkle,6804,197,fixed,finite,6,16,ready_with_json_contract,1,,transformed,none,,yes,yes,,1.45
Jeff97__growth-of-circular-plate/Wrinkle/l1-is-1--l2-is-103.for,Wrinkle,6804,197,fixed,finite,6,16,ready_with_json_contract,1,,transformed,none,,yes,yes,,1.42
Jeff97__growth-of-circular-plate/Wrinkle/l1-is-1--l2-is-11.for,Wrinkle,6803,197,fixed,finite,6,16,ready_with_json_contract,1,,transformed,none,,yes,yes,,1.45
Jeff97__growth-of-circular-plate/Wrinkle/l1-is-1--l2-is-12.for,Wrinkle,6803,197,fixed,finite,6,16,ready_with_json_contract,1,,transformed,none,,yes,yes,,1.4
Jeff97__growth-of-circular-plate/Wrinkle/l1-is-1--l2-is-13.for,Wrinkle,6803,197,fixed,finite,6,16,ready_with_json_contract,1,,transformed,none,,yes,yes,,1.44
Jeff97__growth-of-shell/Input files and UMAT/Example1/SweetMelon.for,Example1,7587,214,fixed,finite,6,30,ready_with_json_contract,1,,transformed,none,,yes,yes,,1.52
Jeff97__growth-of-shell/Input files and UMAT/Example2/MorningGlory.for,Example2,8388,230,fixed,finite,6,30,ready_with_json_contract,1,,transformed,none,,yes,yes,,1.47
Jeff97__growth-of-shell/Input files and UMAT/Example3/Trachea.for,Example3,8007,222,fixed,finite,6,30,ready_with_json_contract,1,,transformed,none,,yes,yes,,1.4
Jeff97__growth-of-shell/Input files and UMAT/Example4/Apple.for,Example4,15201,370,fixed,finite,6,50,ready_with_json_contract,1,,transformed,none,,yes,yes,,1.82
Jeff97__growth-of-shell/Input files and UMAT/Example5/CereusForbesiiSpiralis.for,Example5,12394,314,fixed,finite,6,44,ready_with_json_contract,1,,transformed,none,,yes,yes,,1.74
Jeff97__growth-of-shell/Input files and UMAT/Example6/TendrilOfPumpkin.for,Example6,20439,508,fixed,finite,6,52,ready_with_json_contract,1,data;io_open;io_read;save,transformed,none,,yes,yes,,1.98
JuliaFEM__UMAT.jl/umat_models/drucker_prager_plasticity.f90,umat_models,33173,860,free,small strain,6,39,ready_with_json_contract,3,io_open;io_write,blocked,missing_ddsdde_extraction_point,"DDSDDE assignment is not covered by an old tangent replacement region: DDSDDE(K2,K1)=0.0; DDSDDE assignment is not covered by an old tangent replacement region: DDSDDE(K2,K1)=ELAM; DDSDDE assignment is not covered by an old tangent replacement region: DDSDDE(K1,K1)=EG2+ELAM; DDSDDE assignment is not",,,,0.28
JuliaFEM__UMAT.jl/umat_models/gurson_porous_plasticity.f90,umat_models,33420,1218,free,small strain,6,121,ready_with_json_contract,25,,semantic_checks_failed,other,"Helper subroutine pass-through used despite lifting limitation: Completed JSON transforms helper call LOADSTATEV at lines [66, 67], rewriting ['DEP', 'DEQ', 'EELAS', 'EP', 'EPLAS', 'F', 'STATEV', 'X'], but helper lifting is not yet safe here: Helper lifting for LINEARSOLVE reached external or undefi",,,,0.64
KianAbd__vCANN_FEM/Abaqus/umat.f90,Abaqus,91786,2113,free,finite,6,88,ready_with_json_contract,38,module_use,blocked,missing_ddsdde_extraction_point,"DDSDDE assignment is not covered by an old tangent replacement region: DDSDDE(mm,nn) = CC_tot(ii,jj,kk,ll)",,,,0.53
KianAbd__vCANN_FEM/Abaqus/umat_vCANN.f90,Abaqus,140693,3072,free,finite,6,93,ready_with_json_contract,46,module_use;save,source_does_not_compile,source_does_not_compile,"as shipped: <work>/Abaqus/umat_vCANN/baseline/umat_vCANN.f90:3: Error: Can't open included file 'precision.f90'
",no,no,"umat_vCANN_oti.f90:3: Error: Can't open included file 'precision.f90'
",2.17
KianAbd__vCANN_FEM/Abaqus/umat_vCANN.for,Abaqus,122017,2777,free,finite,6,88,ready_with_json_contract,46,module_use;save,source_does_not_compile,source_does_not_compile,"as shipped: <work>/Abaqus/umat_vCANN/baseline/umat_vCANN.for:3: Error: Can't open included file 'precision.f90'
",no,no,"umat_vCANN_oti.for:3: Error: Can't open included file 'precision.f90'
",2.43
KianAbd__vCANN_FEM/TensorFlow/Results_Liao_Thermo/20260601-103627/UMAT/umat_vCANN.for,UMAT,140693,3072,free,finite,6,93,ready_with_json_contract,46,module_use;save,source_does_not_compile,source_does_not_compile,"as shipped: <work>/UMAT/umat_vCANN/baseline/umat_vCANN.for:3: Error: Can't open included file 'precision.f90'
",no,no,"umat_vCANN_oti.for:3: Error: Can't open included file 'precision.f90'
",2.59
KnutAM__MaterialModels/models/CrystalPlasticity/src/taylor_model.f90,src,7146,138,free,finite,6,3,ready_with_json_contract,1,module_use,blocked,deferred_shape_allocatable,"QROT is declared with a deferred shape (:, :) and is read on the stress path. Its extent is fixed by an ALLOCATE at run time whose bound this routine cannot evaluate where declarations are written, so there is no bound to declare a shadow with and none to count an initialisation loop to.; SUB_STATEV",,,,0.11
KnutAM__MaterialModels/models/GenFiniteStrain/src/GeneralFiniteStrain.for,src,7282,149,free,finite,6,7,ready_with_json_contract,1,io_write;module_use,semantic_checks_failed,other,"NEWTON_TOLERANCE_OTI is passed to SME_SETPARAM, which was neither lifted, inlined, nor transformed with this file. Fortran's implicit interface makes that compile and the callee then reads a hypercomplex element as a single REAL, so the result is wrong with nothing to show for it.; X0_OTI is passed ",,,,0.08
KnutAM__MaterialModels/models/GenSmallStrain/src/GeneralSmallStrain.f90,src,7207,146,free,small strain,6,10,ready_with_json_contract,1,io_write;module_use,blocked,deferred_shape_allocatable,"JAC_INV is declared with a deferred shape (:, :) and is read on the stress path. Its extent is fixed by an ALLOCATE at run time whose bound this routine cannot evaluate where declarations are written, so there is no bound to declare a shadow with and none to count an initialisation loop to.; MPAR is",,,,0.06
KnutAM__MaterialModels/models/MM2021/src/umat.f90,src,6340,123,free,finite,6,11,ready_with_json_contract,1,module_use,blocked,deferred_shape_allocatable,"JAC_INV is declared with a deferred shape (:, :) and is read on the stress path. Its extent is fixed by an ALLOCATE at run time whose bound this routine cannot evaluate where declarations are written, so there is no bound to declare a shadow with and none to count an initialisation loop to.; PARAM i",,,,0.05
KnutAM__MaterialModels/models/Qin2018/src/umat.f90,src,6336,123,free,finite,6,11,ready_with_json_contract,1,module_use,blocked,deferred_shape_allocatable,"JAC_INV is declared with a deferred shape (:, :) and is read on the stress path. Its extent is fixed by an ALLOCATE at run time whose bound this routine cannot evaluate where declarations are written, so there is no bound to declare a shadow with and none to count an initialisation loop to.; PARAM i",,,,0.05
LallyLabTCD__localBasisAbaqus/Case studies/umat_MA_global.for,Case studies,4750,144,fixed,finite,6,6,ready_with_json_contract,1,,semantic_checks_failed,other,"DFGRD1_OTI is passed to KSTRESS_CALC, which was neither lifted, inlined, nor transformed with this file. Fortran's implicit interface makes that compile and the callee then reads a hypercomplex element as a single REAL, so the result is wrong with nothing to show for it.; XKIRCH_OTI is passed to KST",,,,0.07
LallyLabTCD__localBasisAbaqus/Case studies/umat_MA_local.for,Case studies,6077,179,fixed,finite,6,6,ready_with_json_contract,1,,semantic_checks_failed,other,"DFGRD1_OTI is passed to KPOLARDECOMP, which was neither lifted, inlined, nor transformed with this file. Fortran's implicit interface makes that compile and the callee then reads a hypercomplex element as a single REAL, so the result is wrong with nothing to show for it.; U_OTI is passed to KPOLARDE",,,,0.08
LallyLabTCD__localBasisAbaqus/Lesson C - fibre reinforced anistropic models/Abaqus/umat_MA_global.for,Abaqus,4591,138,fixed,finite,6,6,ready_with_json_contract,1,,semantic_checks_failed,other,"DFGRD1_OTI is passed to KSTRESS_CALC, which was neither lifted, inlined, nor transformed with this file. Fortran's implicit interface makes that compile and the callee then reads a hypercomplex element as a single REAL, so the result is wrong with nothing to show for it.; XKIRCH_OTI is passed to KST",,,,0.07
LallyLabTCD__localBasisAbaqus/Lesson C - fibre reinforced anistropic models/Abaqus/umat_MA_local.for,Abaqus,5902,173,fixed,finite,6,6,ready_with_json_contract,1,,semantic_checks_failed,other,"DFGRD1_OTI is passed to KPOLARDECOMP, which was neither lifted, inlined, nor transformed with this file. Fortran's implicit interface makes that compile and the callee then reads a hypercomplex element as a single REAL, so the result is wrong with nothing to show for it.; U_OTI is passed to KPOLARDE",,,,0.08
MCM-QMUL__PhaseFieldComp/Subroutine/UELUMATPhaseField_AT2.for,Subroutine,23084,681,fixed,small strain,6,24,ready_with_json_contract,6,data;io_write;save,generated_not_compiled,compile_failed,"UELUMATPhaseField_AT2_oti.for:725:36:

  725 |      1abs(EPRIN_OTI(1)+EPRIN_OTI(2)+)
      |                                    1
Error: Syntax error in expression at (1)
",yes,no,"UELUMATPhaseField_AT2_oti.for:725:36:

  725 |      1abs(EPRIN_OTI(1)+EPRIN_OTI(2)+)
      |                                    1
Error: Syntax error in expression at (1)
",1.58
PeriDoX__PeriDoX/Publications/2022_JOSS/data/UMAT/base.f,UMAT,2030,59,fixed,small strain,6,2,ready_with_json_contract,1,,transformed,none,,yes,yes,,1.3
PeriHub__PeriLab.jl/src/Models/Material/UMATs/base.f,UMATs,2020,59,fixed,small strain,6,2,ready_with_json_contract,1,,transformed,none,,yes,yes,,1.32
PeriHub__PeriLab.jl/src/Models/Material/UMATs/usertest.f,UMATs,1452,47,fixed,finite,6,2,ready_with_json_contract,1,,semantic_checks_failed,semantic_check,Semantic check failed: ddsdde_extraction_after_selected_stress_regions.,,,,0.09
PlatypusBytes__ConstitutiveModels/fortran_models/linear_elastic/UMAT_LinearElasticity.f90,linear_elastic,2143,71,free,small strain,6,4,ready_with_json_contract,1,,transformed,none,,yes,yes,,1.28
PlatypusBytes__ConstitutiveModels/fortran_models/mohr_coulomb/UMAT_MohrCoulomb.f,mohr_coulomb,40293,1296,fixed,small strain,6,18,ready_with_json_contract,27,io_write,transformed,none,,yes,yes,,2.22
RafalMichalczyk__PavementDesign/Subroutines/umat_gmaxwell.for,Subroutines,4175,128,fixed,,,,,0,,not_a_umat,not_a_umat,the scanner finds no UMAT subroutine in this file,,,,0.01
RafalMichalczyk__PavementDesign/Subroutines/umat_ms_plast.for,Subroutines,4686,142,fixed,,,,,0,,not_a_umat,not_a_umat,the scanner finds no UMAT subroutine in this file,,,,0.01
ReachOptimum__mlpcp-interp-dic/abaqus/UMMDp_FLC.f,abaqus,283100,8995,fixed,small strain,6,499,ready_with_json_contract,91,common_block;data;io_open;io_write,blocked,missing_ddsdde_extraction_point,"DDSDDE assignment is not covered by an old tangent replacement region: ddsdde(i,j)=delast(i,j); DDSDDE assignment is not covered by an old tangent replacement region: ddsdde(i,j)=0.0; DDSDDE assignment is not covered by an old tangent replacement region: ddsdde(i,j)=delast(i,j); DDSDDE assignment is",,,,2.57
RickAlb__UMAT-DFD-Lebedev/all_subroutines/UMAT_DFD_LEB.for,all_subroutines,45356,1047,fixed,finite,6,17,ready_with_json_contract,3,io_open;io_read;io_write,blocked,missing_ddsdde_extraction_point,"DDSDDE assignment is not covered by an old tangent replacement region: ddsdde = (one/det)*(vg*isostifg + volstif); DDSDDE assignment is not covered by an old tangent replacement region: ddsdde = ddsdde + (one/det)*(vf(ii)*stifcf(ii,:,:)); DDSDDE assignment is not covered by an old tangent replacemen",,,,0.23
RitioL__PolyFatigueCrackSim/CPFEM-val/subroutines_revised.for,CPFEM-val,92296,2894,fixed,small strain,6,69,ready_with_json_contract,12,io_write,semantic_checks_failed,semantic_check,Semantic check failed: old_ddsdde_assignments_disabled.,,,,0.83
RitioL__PolyFatigueCrackSim/workplace/huang_umat_97.for,workplace,92007,2884,fixed,small strain,6,69,ready_with_json_contract,12,io_write,semantic_checks_failed,semantic_check,Semantic check failed: old_ddsdde_assignments_disabled.,,,,0.87
RitioL__PolyFatigueCrackSim/workplace/subroutines3_revised.for,workplace,93798,2950,fixed,small strain,6,70,ready_with_json_contract,13,common_block;io_write,semantic_checks_failed,semantic_check,Semantic check failed: old_ddsdde_assignments_disabled.,,,,0.9
Shi2oon__DIC2ABAQUS/OXFORD-UMAT/Example - Polycrytal with PROPS/OXFORD-UMAT.f,Example - Polycrytal with PROPS,18127,601,fixed,finite,6,6,ready_with_json_contract,2,io_write;module_use,blocked,module_names_unresolved,"IP_COUNT appears as IP_COUNT(...) on the stress path but is not declared anywhere in this source, which USEs INITIALIZATIONS, USERINPUTS, GLOBALVARIABLES, STRAINGRADIENTS, BACKSTRESS, MESHPROP, USEROUTPUTS, CPSOLVER without defining it. The transformer cannot read that module, so it cannot tell whet",,,,0.12
Shi2oon__DIC2ABAQUS/OXFORD-UMAT/Example - Residual deformation/OXFORD-UMAT.f,Example - Residual deformation,9069,283,fixed,finite,6,4,ready_with_json_contract,1,module_use,blocked,module_names_unresolved,"IP_COUNT appears as IP_COUNT(...) on the stress path but is not declared anywhere in this source, which USEs USERINPUTS, GLOBALVARIABLES, INITIALIZATIONS, CPSOLVER without defining it. The transformer cannot read that module, so it cannot tell whether IP_COUNT is an array to promote or a call into i",,,,0.07
Shi2oon__DIC2ABAQUS/OXFORD-UMAT/OXFORD-UMAT v2.26/OXFORD-UMAT.f,OXFORD-UMAT v2.26,18198,603,fixed,finite,6,6,ready_with_json_contract,2,io_write;module_use,blocked,module_names_unresolved,"IP_COUNT appears as IP_COUNT(...) on the stress path but is not declared anywhere in this source, which USEs INITIALIZATIONS, USERINPUTS, GLOBALVARIABLES, STRAINGRADIENTS, BACKSTRESS, MESHPROP, USEROUTPUTS, CPSOLVER without defining it. The transformer cannot read that module, so it cannot tell whet",,,,0.11
Shi2oon__DIC2ABAQUS/OXFORD-UMAT/OXFORD-UMAT v3.1/OXFORD-UMAT.f,OXFORD-UMAT v3.1,9115,283,fixed,finite,6,4,ready_with_json_contract,1,module_use,blocked,module_names_unresolved,"IP_COUNT appears as IP_COUNT(...) on the stress path but is not declared anywhere in this source, which USEs USERINPUTS, GLOBALVARIABLES, INITIALIZATIONS, CPSOLVER without defining it. The transformer cannot read that module, so it cannot tell whether IP_COUNT is an array to promote or a call into i",,,,0.07
Shi2oon__DIC2ABAQUS/OXFORD-UMAT/OXFORD-UMAT v3.3/OXFORD-UMAT.f,OXFORD-UMAT v3.3,10138,308,fixed,finite,6,4,ready_with_json_contract,1,module_use,blocked,module_names_unresolved,"IP_COUNT appears as IP_COUNT(...) on the stress path but is not declared anywhere in this source, which USEs USERINPUTS, GLOBALVARIABLES, INITIALIZATIONS, CPSOLVER without defining it. The transformer cannot read that module, so it cannot tell whether IP_COUNT is an array to promote or a call into i",,,,0.07
Sina-Taghizadeh__UMAT_Hyperelastic/CompresibleNeoHookean.for,Sina-Taghizadeh__UMAT_Hyperelastic,3177,96,fixed,finite,6,8,ready_with_json_contract,1,,generated_not_compiled,compile_failed,"CompresibleNeoHookean_oti.for:194:9:

  194 |       END
      |         1
Error: END DO statement expected at (1)
f951: Error: Unexpected end of file in ‘CompresibleNeoHookean_oti.for’
",yes,no,"CompresibleNeoHookean_oti.for:194:9:

  194 |       END
      |         1
Error: END DO statement expected at (1)
f951: Error: Unexpected end of file in ‘CompresibleNeoHookean_oti.for’
",1.11
Woowinehouse__ABQ-UMAT-Sanisand-High/src/interface/umat.f90,interface,8586,194,free,small strain,6,1,ready_with_json_contract,3,io_write;module_use,blocked,module_names_unresolved,"CXX_UMAT_INTF appears as CXX_UMAT_INTF(...) on the stress path but is not declared anywhere in this source, which USEs ISO_C_BINDING, CPP_TO_FORTRAN_INTF_MOD, FORTRAN_UMAT_IMPL_MOD, PRESOLVE_MOD without defining it. The transformer cannot read that module, so it cannot tell whether CXX_UMAT_INTF is ",,,,0.13
Woowinehouse__Abaqus_UMAT_sanisand/merge/source.F90,merge,157009,3689,free,small strain,6,54,ready_with_json_contract,5,io_read;io_write,source_does_not_compile,source_does_not_compile,"as shipped: <work>/merge/source/baseline/source.F90:1602:2:

 1602 |   implicit none
      |  1~~~~~~~~
Fatal Error: macro.h: No such file or directory
compilation terminated.
",no,no,"source_oti.F90:1602:2:

 1602 |   implicit none
      |  1~~~~~~~~
Fatal Error: macro.h: No such file or directory
compilation terminated.
",2.17
Woowinehouse__Abaqus_UMAT_sanisand/src/interface/umat.f90,interface,11516,261,free,small strain,6,48,ready_with_json_contract,1,io_write;module_use,blocked,module_names_unresolved,"CONVERT_ARRAY_TO_TENSOR appears as CONVERT_ARRAY_TO_TENSOR(...) on the stress path but is not declared anywhere in this source, which USEs BASE_CONFIG, PRESOLVE_MOD, TENSOR_OPT_MOD, ELASTIC_MOD, CONTAINER_MOD, PLASTIC_MOD, MATH_MOD without defining it. The transformer cannot read that module, so it ",,,,0.15
Worlthen__20220314-abqus-simulation/abaqus/enhanced/enhanced_curing.for,enhanced,9651,274,fixed,small strain,6,7,ready_with_json_contract,5,io_write,semantic_checks_failed,semantic_check,Semantic check failed: stress_path_consumes_the_seed.,,,,0.13
Worlthen__20220314-abqus-simulation/abaqus/original/array_with_two_pixel_z.for,original,19885,610,fixed,small strain,6,7,ready_with_json_contract,6,io_write,source_does_not_compile,source_does_not_compile,"as shipped: <work>/original/array_with_two_pixel_z/baseline/array_with_two_pixel_z.for:19:2:

   19 | #include 'aba_tcs_param.inc'
      |  1
Warning: Illegal preprocessor directive
<work>",no,no,"array_with_two_pixel_z_oti.for:19:2:

   19 | #include 'aba_tcs_param.inc'
      |  1
Warning: Illegal preprocessor directive
array_with_two_pixel_z_oti.for:20:2:

   20 | #include 'PtkUtilitySubs.hdr'
      |  1
Warning: Illegal preprocessor directive
array_with_two_pixel_z_oti.for:21:2:

   21 | #",1.6
Worlthen__20220314-abqus-simulation/abaqus/simplified/simplified_curing.for,simplified,6831,214,fixed,small strain,6,5,ready_with_json_contract,4,io_write,semantic_checks_failed,semantic_check,Semantic check failed: stress_path_consumes_the_seed.,,,,0.15
Yutu0k__ABQflow/examples/07_SubroutineJob/subroutine/umat_elastic.for,subroutine,3699,106,fixed,small strain,6,1,ready_with_json_contract,1,,transformed,none,,yes,yes,,1.34
abuganza__BayesianCalibrationSkinGrowth/GOH_Example.f,abuganza__BayesianCalibrationSkinGrowth,52958,1432,fixed,finite,6,46,ready_with_json_contract,9,common_block;data,transformed,none,,yes,yes,,2.74
abuganza__BayesianCalibrationSkinGrowth/Iso_Example.f,abuganza__BayesianCalibrationSkinGrowth,17597,482,fixed,finite,6,24,ready_with_json_contract,6,common_block;data,transformed,none,,yes,yes,,1.66
abuganza__BayesianCalibrationSkinGrowth/Revision/Abaqus SImulation/GOH/BC1_50cc/GOH_50cc.f,BC1_50cc,52924,1432,fixed,finite,6,46,ready_with_json_contract,9,common_block;data,transformed,none,,yes,yes,,2.69
abuganza__BayesianCalibrationSkinGrowth/Revision/Abaqus SImulation/GOH/BC1_55cc/GOH_55cc.f,BC1_55cc,52924,1432,fixed,finite,6,46,ready_with_json_contract,9,common_block;data,transformed,none,,yes,yes,,2.67
abuganza__BayesianCalibrationSkinGrowth/Revision/Abaqus SImulation/Isotropic/BC1_50cc/Iso_50cc.f,BC1_50cc,17597,482,fixed,finite,6,24,ready_with_json_contract,6,common_block;data,transformed,none,,yes,yes,,1.57
abuganza__BayesianCalibrationSkinGrowth/Revision/Abaqus SImulation/Isotropic/BC1_60cc/Iso_60cc.f,BC1_60cc,17597,482,fixed,finite,6,24,ready_with_json_contract,6,common_block;data,transformed,none,,yes,yes,,1.69
abuganza__BayesianCalibrationSkinGrowth/Revision/Abaqus SImulation/Isotropic/BC2_60cc/Iso_60cc.f,BC2_60cc,17597,482,fixed,finite,6,24,ready_with_json_contract,6,common_block;data,transformed,none,,yes,yes,,1.57
abuganza__BayesianCalibrationSkinGrowth/Revision/Abaqus SImulation/SampleSimulation/GOH_Example.f,SampleSimulation,52924,1432,fixed,finite,6,46,ready_with_json_contract,9,common_block;data,transformed,none,,yes,yes,,2.61
abuganza__BayesianCalibrationSkinGrowth/Revision/Abaqus SImulation/SampleSimulation/Iso_Example.f,SampleSimulation,17597,482,fixed,finite,6,24,ready_with_json_contract,6,common_block;data,transformed,none,,yes,yes,,1.54
abuganza__UMAT_anisotropic_damage/UMAT_Tissue_2d_plane_strain.f,abuganza__UMAT_anisotropic_damage,25672,669,fixed,finite,6,41,ready_with_json_contract,5,,semantic_checks_failed,semantic_check,Semantic check failed: old_ddsdde_assignments_disabled.,,,,0.48
abuganza__UMAT_anisotropic_damage/UMAT_Tissue_2d_plane_stress.f,abuganza__UMAT_anisotropic_damage,25725,662,fixed,finite,6,48,ready_with_json_contract,5,,semantic_checks_failed,semantic_check,Semantic check failed: old_ddsdde_assignments_disabled.,,,,0.46
abuganza__UMAT_anisotropic_damage/UMAT_Tissue_3d.f,abuganza__UMAT_anisotropic_damage,25231,643,fixed,finite,6,54,ready_with_json_contract,5,,semantic_checks_failed,semantic_check,Semantic check failed: old_ddsdde_assignments_disabled.,,,,0.4
adtzlr__ttb/docs/examples/Abaqus/umat_nh_ttb.f,Abaqus,4088,116,fixed,finite,6,20,ready_with_json_contract,1,module_use,blocked,module_names_unresolved,"ASABQARRAY appears as ASABQARRAY(...) on the stress path but is not declared anywhere in this source, which USEs TENSOR without defining it. The transformer cannot read that module, so it cannot tell whether ASABQARRAY is an array to promote or a call into it.; DET appears as DET(...) on the stress ",,,,0.06
adtzlr__ttb/docs/examples/Abaqus/umat_nh_ttb_simple.f,Abaqus,2356,72,fixed,finite,6,10,ready_with_json_contract,1,module_use,blocked,module_names_unresolved,"ASABQARRAY appears as ASABQARRAY(...) on the stress path but is not declared anywhere in this source, which USEs TENSOR without defining it. The transformer cannot read that module, so it cannot tell whether ASABQARRAY is an array to promote or a call into it.; DEV appears as DEV(...) on the stress ",,,,0.04
adtzlr__ttb/docs/examples/script_umat.f,examples,2661,102,fixed,small strain,6,0,needs_json_completion,1,io_write;module_use,anchors_not_located,selected_routine_is_not_an_abaqus_umat,selected_routine_is_not_an_abaqus_umat,,,,0.02
ahartloper__UVC_MatMod/Abaqus/UVCmultiaxial.for,Abaqus,11548,313,fixed,small strain,6,39,ready_with_json_contract,1,,blocked,deferred_shape_allocatable,"ALPHA_K is declared with a deferred shape (:, :) and is read on the stress path. Its extent is fixed by an ALLOCATE at run time whose bound this routine cannot evaluate where declarations are written, so there is no bound to declare a shadow with and none to count an initialisation loop to.; C_K is ",,,,0.12
ahartloper__UVC_MatMod/Abaqus/UVCplanestress.for,Abaqus,14070,368,fixed,small strain,6,38,ready_with_json_contract,1,,blocked,deferred_shape_allocatable,"ALPHA_K is declared with a deferred shape (:, :) and is read on the stress path. Its extent is fixed by an ALLOCATE at run time whose bound this routine cannot evaluate where declarations are written, so there is no bound to declare a shadow with and none to count an initialisation loop to.; C_K is ",,,,0.15
ahartloper__UVC_MatMod/Abaqus/UVCuniaxial.for,Abaqus,6412,179,fixed,small strain,6,21,ready_with_json_contract,1,,blocked,unsupported_intrinsic,Unsupported intrinsic SIGN is used with promoted variables on stress path line 99.; Unsupported intrinsic SIGN is used with promoted variables on stress path line 103.; Unsupported intrinsic SIGN is used with promoted variables on stress path line 104.; Unsupported intrinsic SIGN is used with promot,,,,0.05
ahartloper__UVC_MatMod/Abaqus/UVCuniaxial_IS.for,Abaqus,9324,263,fixed,small strain,6,31,ready_with_json_contract,1,,blocked,unsupported_intrinsic,Unsupported intrinsic SIGN is used with promoted variables on stress path line 111.; Unsupported intrinsic SIGN is used with promoted variables on stress path line 115.; Unsupported intrinsic SIGN is used with promoted variables on stress path line 116.; Unsupported intrinsic SIGN is used with promo,,,,0.07
artorg-unibe-ch__HFE/02_CODE/abq/UMAT_BIPHASIC.f,abq,55267,1729,fixed,finite,6,95,ready_with_json_contract,9,io_write,semantic_checks_failed,other,"Helper subroutine pass-through used despite lifting limitation: Completed JSON transforms helper call COMPUTE_CCCC at lines [475], rewriting ['CCCC'], but helper lifting is not yet safe here: Helper lifting requires source definitions for ['ROTSIG']. The completed JSON rewrites those calls, so pass-",,,,0.79
awhelanUCD__Lemaitre-damage-UMAT-Public/HETVAL_nonLocalLemaitre/HETVAL_lemaitreDamageNonLocal.f,HETVAL_nonLocalLemaitre,5902,202,fixed,small strain,6,18,ready_with_json_contract,2,,semantic_checks_failed,other,"Helper subroutine pass-through used despite lifting limitation: Completed JSON transforms helper call ROTSIG at lines [66], rewriting ['EELAS'], but helper lifting is not yet safe here: Helper lifting requires source definitions for ['ROTSIG']. The completed JSON rewrites those calls, so pass-throug",,,,0.11
awhelanUCD__Lemaitre-damage-UMAT-Public/nonLocalLemaitre/lemaitreDamageNonLocal.f,nonLocalLemaitre,5378,181,fixed,small strain,6,19,ready_with_json_contract,1,,semantic_checks_failed,other,"Helper subroutine pass-through used despite lifting limitation: Completed JSON transforms helper call ROTSIG at lines [45], rewriting ['EELAS', 'STATEV'], but helper lifting is not yet safe here: Helper lifting requires source definitions for ['ROTSIG']. The completed JSON rewrites those calls, so p",,,,0.1
baw-de__poroMechanicalFoam/abaqusUMATs/abaqusUmatMohrCoulomb/MohrCoulombAbaqus.for,abaqusUmatMohrCoulomb,71452,1695,fixed,small strain,6,12,needs_json_completion,1,io_write,anchors_not_located,missing_ddsdde_extraction_point,missing_ddsdde_extraction_point; missing_real_output_extraction_point; missing_stress_update_region; missing_stress_update_regions,,,,0.19
bennifuchs__TsaiWu-Fortran/abaqus-umat-interface.f90,bennifuchs__TsaiWu-Fortran,6434,75,free,finite,6,1,ready_with_json_contract,1,module_use,blocked,delegate_not_defined_in_source,"UMAT delegates its whole body to UMAT_TSAIWU, which this source does not define: the stress update and the tangent are in another file, so there is nothing here to transform.",,,,0.02
bennifuchs__TsaiWu-Fortran/umat.f90,bennifuchs__TsaiWu-Fortran,220153,5968,free,finite,6,2,ready_with_json_contract,22,save,blocked,deferred_shape_allocatable,"ALPHA_DAM is declared with a deferred shape (:) and is read on the stress path. Its extent is fixed by an ALLOCATE at run time whose bound this routine cannot evaluate where declarations are written, so there is no bound to declare a shadow with and none to count an initialisation loop to.; ALPHA_NE",,,,1.05
bessagroup__f3dasm_simulate/src/f3dasm_simulate/abaqus/scriptbase/benchmark_abaqus_scripts/veni_mix_model.f,benchmark_abaqus_scripts,46347,1096,fixed,finite,6,86,ready_with_json_contract,11,,blocked,missing_ddsdde_extraction_point,"DDSDDE assignment is not covered by an old tangent replacement region: DDSDDE = R0; DDSDDE assignment is not covered by an old tangent replacement region: DDSDDE(i, j) = kmodvisc; DDSDDE assignment is not covered by an old tangent replacement region: DDSDDE(i,i) = kmodvisc + R2*gmodvisc; DDSDDE assi",,,,0.27
bessagroup__f3dasm_simulate/src/f3dasm_simulate/abaqus/scriptbase/benchmark_abaqus_scripts/vevp_leonov_model.f,benchmark_abaqus_scripts,32777,781,fixed,finite,6,68,ready_with_json_contract,9,,generated_not_compiled,compile_failed,"umat_oti_helpers.f90:141:34:

  141 |     indexMatrix = reshape((/1.0D0,1,2,2,3,3,1,2,1,3,2,3.0D0/),(/2.0D0,NTENS/))
      |                                  1
Error: Element in REAL(8) array constructor at (1) is INTEGER(4)
umat_oti_helpers.f90:143:34:

  143 |     indexMatrix = reshape((/1.0D0,1,2",yes,no,"umat_oti_helpers.f90:141:34:

  141 |     indexMatrix = reshape((/1.0D0,1,2,2,3,3,1,2,1,3,2,3.0D0/),(/2.0D0,NTENS/))
      |                                  1
Error: Element in REAL(8) array constructor at (1) is INTEGER(4)
umat_oti_helpers.f90:143:34:

  143 |     indexMatrix = reshape((/1.0D0,1,2",1.8
bessagroup__f3dasm_simulate/src/f3dasm_simulate/abaqus/scriptbase/benchmark_abaqus_scripts/vp_leonov_model.f,benchmark_abaqus_scripts,20088,520,fixed,finite,6,37,ready_with_json_contract,8,,generated_not_compiled,compile_failed,"vp_leonov_model_oti.f:303:16:

  303 |       Je = REAL(det(DFGRD1_OTI))
      |                1
Warning: Type mismatch in argument ‘a’ at (1); passed TYPE(onumm6n1) to REAL(8) [-Wargument-mismatch]
vp_leonov_model_oti.f:324:38:

  324 |       KTRIALDEVSTRESSNORM_OTI = norm2(KTRIALDEVSTRESS_OTI)
   ",yes,no,"vp_leonov_model_oti.f:303:16:

  303 |       Je = REAL(det(DFGRD1_OTI))
      |                1
Warning: Type mismatch in argument ‘a’ at (1); passed TYPE(onumm6n1) to REAL(8) [-Wargument-mismatch]
vp_leonov_model_oti.f:324:38:

  324 |       KTRIALDEVSTRESSNORM_OTI = norm2(KTRIALDEVSTRESS_OTI)
   ",1.73
bmmbUPF__abaqusIVD/Sub_MechDisc.f,bmmbUPF__abaqusIVD,52415,1335,fixed,finite,6,84,ready_with_json_contract,8,common_block;io_open;io_write,blocked,missing_ddsdde_extraction_point,"DDSDDE assignment is not covered by an old tangent replacement region: DDSDDE(1,1) = TWO*EG13*BBAR(1) + KW; DDSDDE assignment is not covered by an old tangent replacement region: DDSDDE(2,2) = TWO*EG13*BBAR(2) + KW; DDSDDE assignment is not covered by an old tangent replacement region: DDSDDE(3,3) =",,,,0.3
bmmbUPF__abaqusIVD/Sub_TransDisc.f,bmmbUPF__abaqusIVD,85384,2097,fixed,small strain,6,3,needs_json_completion,6,common_block;io_open;io_read;io_write,anchors_not_located,missing_ddsdde_extraction_point,missing_ddsdde_extraction_point; missing_real_output_extraction_point; missing_stress_update_region; missing_stress_update_regions,,,,0.42
brizzer__elmerfem_piezo/fem/src/modules/ElasticSolve.F90,modules,227283,5527,free,,,,,16,io_write;module_use;save,not_a_umat,not_a_umat,the scanner finds no UMAT subroutine in this file,,,,0.42
calculix__ccx_fff/src/umat.f,src,2859,93,fixed,small strain,6,1,ready_with_json_contract,1,,transformed,none,,yes,yes,,1.37
compas-dev__compas_fea2/data/umat/umat-hooke-iso.f,umat,1793,46,fixed,small strain,6,3,ready_with_json_contract,1,,generated_not_compiled,compile_failed,"umat-hooke-iso_oti.f:70:23:

   70 |        SPEPS_OTI = sum(EPS_OTI(1:3))
      |                       1
Error: ‘array’ argument of ‘sum’ intrinsic at (1) must have a numeric type
",yes,no,"umat-hooke-iso_oti.f:70:23:

   70 |        SPEPS_OTI = sum(EPS_OTI(1:3))
      |                       1
Error: ‘array’ argument of ‘sum’ intrinsic at (1) must have a numeric type
",1.32
compas-dev__compas_fea2/data/umat/umat-hooke-transversaliso.f,umat,1880,49,fixed,small strain,6,2,ready_with_json_contract,1,,transformed,none,,yes,yes,,1.35
core-marine-dev__elmerfem/fem/src/modules/ElasticSolve.F90,modules,226670,5515,free,,,,,10,io_write;module_use;save,not_a_umat,not_a_umat,the scanner finds no UMAT subroutine in this file,,,,0.42
cunhuav__Abaqus-Neural-Network-UMAT/ro_nn_umat.f90,cunhuav__Abaqus-Neural-Network-UMAT,17298,520,free,small strain,6,7,ready_with_json_contract,4,io_open;io_read;save,blocked,deferred_shape_allocatable,"OUTPUT_DATA is declared with a deferred shape (:) and is read on the stress path. Its extent is fixed by an ALLOCATE at run time whose bound this routine cannot evaluate where declarations are written, so there is no bound to declare a shadow with and none to count an initialisation loop to.; STIFFN",,,,0.17
damin225__short-crack-propagation-3d/input_clean/umat.f,input_clean,244674,7328,fixed,,,,,41,data;io_open;io_read;io_write;module_use;save,not_a_umat,not_a_umat,the scanner finds no UMAT subroutine in this file,,,,0.34
davidmorinNTNU__ABAQUS_subroutines/V_UMAT/UMAT.f,V_UMAT,1736,32,fixed,small strain,6,1,ready_with_json_contract,1,,blocked,delegate_not_defined_in_source,"UMAT delegates its whole body to UMAT_MODEL, which this source does not define: the stress update and the tangent are in another file, so there is nothing here to transform.",,,,0.01
ekurth__NEML/util/abaqus/nemlumat.f,abaqus,5696,201,fixed,small strain,6,3,ready_with_json_contract,4,io_write,semantic_checks_failed,other,"MODEL_OTI is passed to UPDATE_SD_NEMLMODEL, which was neither lifted, inlined, nor transformed with this file. Fortran's implicit interface makes that compile and the callee then reads a hypercomplex element as a single REAL, so the result is wrong with nothing to show for it.; E_NP1_OTI is passed t",,,,0.11
frodal__SCMM-hypo/HypoImp.f,frodal__SCMM-hypo,27784,651,fixed,finite,6,5,ready_with_json_contract,1,,semantic_checks_failed,other,"Helper subroutine pass-through used despite lifting limitation: Completed JSON transforms helper call CCCP at lines [184, 185, 186], rewriting ['DEFGRADNEW', 'DEFGRADOLD', 'DISSIPATION', 'STATENEW', 'STATEOLD', 'STRESSNEW', 'STRESSOLD'], but helper lifting is not yet safe here: Helper lifting requir",,,,0.28
glu46__3D_anisotropic_viscoelastic_model/OrthoWoodCreep_Column.for,glu46__3D_anisotropic_viscoelastic_model,13192,440,fixed,small strain,6,19,ready_with_json_contract,2,,transformed,none,,yes,yes,,1.53
glu46__3D_anisotropic_viscoelastic_model/OrthoWoodCreep_General.for,glu46__3D_anisotropic_viscoelastic_model,12703,409,fixed,small strain,6,19,ready_with_json_contract,2,,transformed,none,,yes,yes,,1.57
glu46__3D_anisotropic_viscoelastic_model/Ortho_WoodCreep_Cube.for,glu46__3D_anisotropic_viscoelastic_model,12758,410,fixed,small strain,6,19,ready_with_json_contract,2,,transformed,none,,yes,yes,,1.68
glu46__3D_anisotropic_viscoelastic_model/TIRockCreep_CANEY.for,glu46__3D_anisotropic_viscoelastic_model,13155,435,fixed,small strain,6,19,ready_with_json_contract,2,,transformed,none,,yes,yes,,1.58
glu46__3D_anisotropic_viscoelastic_model/TIRockCreep_GENERAL.for,glu46__3D_anisotropic_viscoelastic_model,12670,404,fixed,small strain,6,19,ready_with_json_contract,2,,transformed,none,,yes,yes,,1.68
hamza-djeloud__thesis_project/plate_with_notch.for,hamza-djeloud__thesis_project,21294,645,fixed,small strain,6,25,ready_with_json_contract,4,common_block;data;io_write,transformed,none,,yes,yes,,1.62
harshaa765__Bilinear-CZM-UMAT/Bilinear_CZM_UMAT.for,harshaa765__Bilinear-CZM-UMAT,6991,193,fixed,small strain,6,21,ready_with_json_contract,1,,generated_not_compiled,compile_failed,"Bilinear_CZM_UMAT_oti.for:311:9:

  311 |       END
      |         1
Error: END IF statement expected at (1)
f951: Error: Unexpected end of file in ‘Bilinear_CZM_UMAT_oti.for’
",yes,no,"Bilinear_CZM_UMAT_oti.for:311:9:

  311 |       END
      |         1
Error: END IF statement expected at (1)
f951: Error: Unexpected end of file in ‘Bilinear_CZM_UMAT_oti.for’
",1.54
harshaa765__UMATFile/UMAT.for,harshaa765__UMATFile,64881,2075,fixed,small strain,,63,,12,data;io_write,transform_crashed,scanner_error,"HelperLiftingError: Unsupported DATA statement shape: 'AMPLITUDE_FACTOR/ 0.08,0.22,0.22,0.30,0.38,0.38,0.16,0.38,0.45,0.16,0.45,0.38, 0.22,0.08,0.22,0.38,0.16,0.45,0.38,0.30,0.38,0.45,0.16,0.38, 0.22,0.22,0.08,0.38,0.45,0.16,0.45,0.38,0.16,0.38,0.38,0.30, 0.30,0.38,0.38,0.08,0.22,0.22,0.16,0.45,0.38",,,,0.82
hwu12sluedu__MaterialAI-Workbench/examples/UMAT/ml_umat.f,UMAT,23868,641,fixed,small strain,6,44,ready_with_json_contract,12,,semantic_checks_failed,other,"Helper subroutine pass-through used despite lifting limitation: Completed JSON transforms helper call CALCEQSTRAIN at lines [250], rewriting ['DEPQL', 'DEPS'], but helper lifting is not yet safe here: Helper lifting for CALCKERNELFUNCTION reached external or undefined callee INDEX. Add lifting suppo",,,,0.38
hwu12sluedu__MaterialAI-Workbench/material_ai_workbench/resources/umat/ml_umat.f,umat,23868,641,fixed,small strain,6,44,ready_with_json_contract,12,,semantic_checks_failed,other,"Helper subroutine pass-through used despite lifting limitation: Completed JSON transforms helper call CALCEQSTRAIN at lines [250], rewriting ['DEPQL', 'DEPS'], but helper lifting is not yet safe here: Helper lifting for CALCKERNELFUNCTION reached external or undefined callee INDEX. Add lifting suppo",,,,0.25
ibf-RWTH__GA-Calibration/subroutine/Umat_CP.for,subroutine,26783,535,fixed,finite,6,55,ready_with_json_contract,2,io_write;module_use,blocked,deferred_shape_allocatable,"BACKSTRESS is declared with a deferred shape (:) and is read on the stress path. Its extent is fixed by an ALLOCATE at run time whose bound this routine cannot evaluate where declarations are written, so there is no bound to declare a shadow with and none to count an initialisation loop to.; BACKSTR",,,,0.21
irfancn__Abaqus-UEL-elastic/uel_elastic.for,irfancn__Abaqus-UEL-elastic,6381,242,fixed,small strain,6,13,ready_with_json_contract,2,common_block,transformed,none,,yes,yes,,1.38
irfancn__Abaqus-UMAT-elastic/umat_elastic.for,irfancn__Abaqus-UMAT-elastic,1617,57,fixed,small strain,6,1,ready_with_json_contract,1,,transformed,none,,yes,yes,,1.29
irfancn__Abaqus-UMAT-viscoelastic/umat_viscoelastic.for,irfancn__Abaqus-UMAT-viscoelastic,2688,87,fixed,small strain,6,2,ready_with_json_contract,1,,transformed,none,,yes,yes,,1.29
j-machacek__numgeo-hardening-soil-bricks/src/hs-bricks-umat/umat.f90,hs-bricks-umat,7717,154,free,small strain,6,1,ready_with_json_contract,1,io_write;module_use,semantic_checks_failed,other,"STRESS_OTI is passed to HARDENING_SOIL_MN_BRICKS, which was neither lifted, inlined, nor transformed with this file. Fortran's implicit interface makes that compile and the callee then reads a hypercomplex element as a single REAL, so the result is wrong with nothing to show for it.; STATEV_OTI is p",,,,0.11
j-machacek__numgeo-hardening-soil-bricks/src/incremental-driver/material_models.f90,incremental-driver,6439,133,free,small strain,6,1,ready_with_json_contract,1,io_write;module_use,semantic_checks_failed,other,"STRESS_OTI is passed to HARDENING_SOIL_MN_BRICKS, which was neither lifted, inlined, nor transformed with this file. Fortran's implicit interface makes that compile and the callee then reads a hypercomplex element as a single REAL, so the result is wrong with nothing to show for it.; STATEV_OTI is p",,,,0.06
j-machacek__numgeo-hypo-igs-isa-gis/src/material_models.f90,src,7510,173,free,small strain,6,1,ready_with_json_contract,1,io_write;module_use,semantic_checks_failed,other,"STRESS_OTI is passed to HYPOPLASTICITY_ISA_IGS_GIS, which was neither lifted, inlined, nor transformed with this file. Fortran's implicit interface makes that compile and the callee then reads a hypercomplex element as a single REAL, so the result is wrong with nothing to show for it.; STATEV_OTI is",,,,0.08
jacojvr__UMATs/UMAT_framework/umat_comb.f,UMAT_framework,4269,155,fixed,small strain,6,17,ready_with_json_contract,1,io_write,semantic_checks_failed,other,"Helper subroutine pass-through used despite lifting limitation: Completed JSON transforms helper call CYCLREVERSAL at lines [61], rewriting ['STATEV'], but helper lifting is not yet safe here: Helper lifting requires source definitions for ['CYCLREVERSAL', 'FCOMBINED']. The completed JSON rewrites t",,,,0.12
jacojvr__UMATs/UMAT_framework/umat_iso.f,UMAT_framework,3605,130,fixed,small strain,6,10,ready_with_json_contract,1,io_write,semantic_checks_failed,other,"Helper subroutine pass-through used despite lifting limitation: Completed JSON transforms helper call FISOTROPIC at lines [57, 58], rewriting ['DSY', 'STATEV', 'SY', 'TEMPSTATV'], but helper lifting is not yet safe here: Helper lifting requires source definitions for ['FISOTROPIC', 'SHEARMOD']. The ",,,,0.09
jasonanewcoder__abaqus_skills/abaqus_subroutine_skills/official_examples/umat/umat_elastic_official.f,umat,1964,64,fixed,small strain,6,4,ready_with_json_contract,1,,transformed,none,,yes,yes,,1.28
jasonanewcoder__abaqus_skills/abaqus_subroutine_skills/official_examples/umat/umat_mises_plasticity_official.f,umat,5094,164,fixed,small strain,6,10,ready_with_json_contract,1,io_write,transformed,none,,yes,yes,,1.4
jcmcmurry__pipelining/elmerfem/fem/src/modules/ElasticSolve.F90,modules,236954,5690,free,small strain,6,231,ready_with_json_contract,12,io_write;module_use;save,blocked,deferred_shape_allocatable,"BASIS is declared with a deferred shape (:) and is read on the stress path. Its extent is fixed by an ALLOCATE at run time whose bound this routine cannot evaluate where declarations are written, so there is no bound to declare a shadow with and none to count an initialisation loop to.",,,,1.97
jgomezc1__ABAQUS-US/INPUT_FILES/UEL8_ECL_AXY.for,INPUT_FILES,44840,1335,fixed,finite,6,27,ready_with_json_contract,26,,transformed,none,,yes,yes,,1.67
jgomezc1__ABAQUS-US/SAMPLE/UEL9_VPDCO.for,SAMPLE,64383,1837,fixed,finite,6,95,ready_with_json_contract,29,io_write,transformed,none,,yes,yes,,3.06
jgomezc1__ABAQUS-US/UELS/UEL8_ECL.for,UELS,43894,1301,fixed,finite,6,26,ready_with_json_contract,26,,transformed,none,,yes,yes,,1.69
jgomezc1__ABAQUS-US/UELS/UEL8_ECO.for,UELS,44731,1280,fixed,finite,6,31,ready_with_json_contract,24,,transformed,none,,yes,yes,,1.7
jgomezc1__ABAQUS-US/UELS/UEL8_PCLI.for,UELS,48634,1445,fixed,finite,6,72,ready_with_json_contract,26,io_write,transformed,none,,yes,yes,,2.36
jgomezc1__ABAQUS-US/UELS/UEL8_PCLI_R.for,UELS,45671,1340,fixed,finite,6,46,ready_with_json_contract,25,,transformed,none,,yes,yes,,1.96
jgomezc1__ABAQUS-US/UELS/UEL8_PCLK.for,UELS,52183,1533,fixed,finite,6,65,ready_with_json_contract,28,io_write,transformed,none,,yes,yes,,2.06
jgomezc1__ABAQUS-US/UELS/UEL8_PCOI.for,UELS,56241,1644,fixed,finite,6,82,ready_with_json_contract,27,io_write,transformed,none,,yes,yes,,2.48
jgomezc1__ABAQUS-US/UELS/UEL8_PCOR.for,UELS,52786,1568,fixed,finite,6,65,ready_with_json_contract,26,io_write,transformed,none,,yes,yes,,2.03
jgomezc1__ABAQUS-US/UELS/UEL8_PCOR_KIN.for,UELS,54761,1604,fixed,finite,6,67,ready_with_json_contract,26,io_write,transformed,none,,yes,yes,,2.12
jgomezc1__ABAQUS-US/UELS/UEL8_VPDCL.for,UELS,55172,1651,fixed,finite,6,79,ready_with_json_contract,29,io_write,transformed,none,,yes,yes,,2.06
jgomezc1__ABAQUS-US/UELS/UEL8_VPDCO.for,UELS,59830,1757,fixed,finite,6,94,ready_with_json_contract,28,io_write,transformed,none,,yes,yes,,2.97
jgomezc1__ABAQUS-US/UELS/UEL9_ECL.for,UELS,43314,1291,fixed,finite,6,26,ready_with_json_contract,26,,transformed,none,,yes,yes,,1.74
jgomezc1__ABAQUS-US/UELS/UEL9_ECO.for,UELS,41971,1222,fixed,finite,6,31,ready_with_json_contract,23,,transformed,none,,yes,yes,,1.75
jgomezc1__ABAQUS-US/UELS/UEL9_ECO_m.for,UELS,45112,1329,fixed,finite,6,34,ready_with_json_contract,25,,transformed,none,,yes,yes,,1.68
jgomezc1__ABAQUS-US/UELS/UEL9_PCLI.for,UELS,50279,1472,fixed,finite,6,73,ready_with_json_contract,26,io_write,transformed,none,,yes,yes,,2.33
jgomezc1__ABAQUS-US/UELS/UEL9_PCLI_R.for,UELS,45792,1354,fixed,finite,6,48,ready_with_json_contract,25,io_write,transformed,none,,yes,yes,,1.81
jgomezc1__ABAQUS-US/UELS/UEL9_PCLK.for,UELS,48272,1403,fixed,finite,6,53,ready_with_json_contract,25,io_write,transformed,none,,yes,yes,,2.07
jgomezc1__ABAQUS-US/UELS/UEL9_PCOI.for,UELS,56479,1645,fixed,finite,6,82,ready_with_json_contract,27,io_write,transformed,none,,yes,yes,,2.52
jgomezc1__ABAQUS-US/UELS/UEL9_PCON.for,UELS,53589,1600,fixed,finite,6,97,ready_with_json_contract,27,io_write,transformed,none,,yes,yes,,2.46
jgomezc1__ABAQUS-US/UELS/UEL9_PCOR.for,UELS,53133,1573,fixed,finite,6,65,ready_with_json_contract,26,io_write,transformed,none,,yes,yes,,2.07
jgomezc1__ABAQUS-US/UELS/UEL9_PCOR_KIN.for,UELS,54691,1603,fixed,finite,6,67,ready_with_json_contract,26,io_write,transformed,none,,yes,yes,,2.21
jgomezc1__ABAQUS-US/UELS/UEL9_VPDCL.for,UELS,58067,1697,fixed,finite,6,80,ready_with_json_contract,29,io_write,transformed,none,,yes,yes,,2.18
jgomezc1__ABAQUS-US/UELS/UEL9_VPDCL_R.for,UELS,58303,1670,fixed,finite,6,88,ready_with_json_contract,28,io_write,transformed,none,,yes,yes,,2.86
jgomezc1__DRM-FEAP/matutil.for,jgomezc1__DRM-FEAP,4553,115,fixed,small strain,6,0,needs_json_completion,2,,anchors_not_located,missing_stress_update_region,missing_stress_update_region; missing_stress_update_regions,,,,0.04
jgomezc1__WAVES/SOURCE/matutil.for,SOURCE,4731,121,fixed,small strain,6,0,needs_json_completion,2,,anchors_not_located,missing_stress_update_region,missing_stress_update_region; missing_stress_update_regions,,,,0.03
jpsferreira__UMAT-ABAQUS/src/_umat.for,src,13352,340,fixed,finite,6,13,ready_with_json_contract,1,common_block,semantic_checks_failed,other,"UNIT2_OTI is passed to ONEM, which was neither lifted, inlined, nor transformed with this file. Fortran's implicit interface makes that compile and the callee then reads a hypercomplex element as a single REAL, so the result is wrong with nothing to show for it.; UNIT4_OTI is passed to ONEM, which w",,,,0.26
jpsferreira__UMAT-ABAQUS/test_in_abaqus/umat_general.for,test_in_abaqus,52824,1808,fixed,finite,6,78,ready_with_json_contract,48,common_block;io_open;io_read;io_write,blocked,missing_ddsdde_extraction_point,"DDSDDE assignment is not covered by an old tangent replacement region: DDSDDE(I1,J1)=(ONE/TWO)*(PP1+PP2)",,,,0.48
jpsferreira__UMAT-ABAQUS/umat_general.for,jpsferreira__UMAT-ABAQUS,53155,1821,fixed,finite,6,78,ready_with_json_contract,49,common_block;io_open;io_read;io_write,blocked,missing_ddsdde_extraction_point,"DDSDDE assignment is not covered by an old tangent replacement region: DDSDDE(I1,J1)=(ONE/TWO)*(PP1+PP2)",,,,0.53
keisuke58__pde-fem-biofilm/umat_biofilm_visco.f,keisuke58__pde-fem-biofilm,15292,443,fixed,finite,6,10,ready_with_json_contract,6,data,semantic_checks_failed,semantic_check,Semantic check failed: stress_oti_update_before_real_stress_extraction.; Semantic check failed: stress_oti_update_before_ddsdde_extraction.; Semantic check failed: ddsdde_extraction_after_selected_stress_regions.; Semantic check failed: ddsdde_extraction_after_final_selected_stress_update.,,,,0.18
keisuke58__pde-fem-biofilm/umat_biofilm_visco_2ch.f,keisuke58__pde-fem-biofilm,18230,571,fixed,finite,6,12,ready_with_json_contract,8,data,generated_not_compiled,compile_failed,"umat_oti_helpers.f90:63:119:

   63 |     I2E = 0.5D0*(I1E**2.0D0-(BE(1,1)**2.0D0+BE(2,2)**2.0D0+BE(3,3)**2.0D0 +2.0D0*(BE(1,2)**2.0D0+BE(1,3)**2.0D0+BE(2,3)* &
      |                                                                                                                       1
Error: Expe",yes,no,"umat_oti_helpers.f90:63:119:

   63 |     I2E = 0.5D0*(I1E**2.0D0-(BE(1,1)**2.0D0+BE(2,2)**2.0D0+BE(3,3)**2.0D0 +2.0D0*(BE(1,2)**2.0D0+BE(1,3)**2.0D0+BE(2,3)* &
      |                                                                                                                       1
Error: Expe",1.53
keisuke58__pde-fem-biofilm/umat_biofilm_visco_phase2.f,keisuke58__pde-fem-biofilm,15115,464,fixed,finite,6,12,ready_with_json_contract,6,data,transformed,none,,yes,yes,,1.69
learnitmyway__Paperboard/Fortran/umat.f90,Fortran,15871,462,free,small strain,6,33,ready_with_json_contract,4,,generated_not_compiled,compile_failed,"umat_oti.f90:164:21:

  164 |   DO OTI_I = 1, NTENS
      |                     1
Error: Symbol ‘ntens’ at (1) has no IMPLICIT type; did you mean ‘stress’?
umat_oti.f90:235:26:

  235 |     YIELDFUNC_OTI = norm2(S_TRIAL_OTI) - SY_OTI
      |                          1
Error: ‘x’ argument of ‘norm2’ ",yes,no,"umat_oti.f90:164:21:

  164 |   DO OTI_I = 1, NTENS
      |                     1
Error: Symbol ‘ntens’ at (1) has no IMPLICIT type; did you mean ‘stress’?
umat_oti.f90:235:26:

  235 |     YIELDFUNC_OTI = norm2(S_TRIAL_OTI) - SY_OTI
      |                          1
Error: ‘x’ argument of ‘norm2’ ",1.7
llnl__ExaConstit/src/umats/umat.f,umats,3988,127,fixed,small strain,6,1,ready_with_json_contract,1,,semantic_checks_failed,semantic_check,Semantic check failed: stress_path_consumes_the_seed.,,,,0.1
longbiscuit__DuncanEB-Abaqus6.14-5-UMAT-constative-model/Duncan-Chang_EB_UMAT_ABAQUS6.14-5.for,longbiscuit__DuncanEB-Abaqus6.14-5-UMAT-constative-model,12850,337,fixed,small strain,6,17,ready_with_json_contract,5,,blocked,missing_ddsdde_extraction_point,"DDSDDE assignment is not covered by an old tangent replacement region: DDSDDE(K2,K1)=0.0; DDSDDE assignment is not covered by an old tangent replacement region: DDSDDE(K2,K1)=B_TBminusEtq; DDSDDE assignment is not covered by an old tangent replacement region: DDSDDE(K1,K1)=A_TBaddEtq; DDSDDE assignm",,,,0.08
lucassalmon83860-bit__thesis-benchmark-cases/Benchmarks/Fuel_pellet_quarter/czmHealing.f,Fuel_pellet_quarter,22078,689,fixed,small strain,6,52,ready_with_json_contract,9,io_write,generated_not_compiled,compile_failed,"czmHealing_oti.f:344:32:

  344 |         EPSTI_OTI(I)=STATEV_OTI(5+3.0D0*(I-1))
      |                                1
Warning: Legacy Extension: REAL array index at (1)
czmHealing_oti.f:345:33:

  345 |         EPSTI0_OTI(I)=STATEV_OTI(6+3.0D0*(I-1))
      |                                 1
War",yes,no,"czmHealing_oti.f:344:32:

  344 |         EPSTI_OTI(I)=STATEV_OTI(5+3.0D0*(I-1))
      |                                1
Warning: Legacy Extension: REAL array index at (1)
czmHealing_oti.f:345:33:

  345 |         EPSTI0_OTI(I)=STATEV_OTI(6+3.0D0*(I-1))
      |                                 1
War",1.9
lucassalmon83860-bit__thesis-benchmark-cases/Benchmarks/Notched_plate_shear/czmHealing.f,Notched_plate_shear,20209,635,fixed,small strain,6,52,ready_with_json_contract,8,,generated_not_compiled,compile_failed,"czmHealing_oti.f:288:32:

  288 |         EPSTI_OTI(I)=STATEV_OTI(5+3.0D0*(I-1))
      |                                1
Warning: Legacy Extension: REAL array index at (1)
czmHealing_oti.f:289:33:

  289 |         EPSTI0_OTI(I)=STATEV_OTI(6+3.0D0*(I-1))
      |                                 1
War",yes,no,"czmHealing_oti.f:288:32:

  288 |         EPSTI_OTI(I)=STATEV_OTI(5+3.0D0*(I-1))
      |                                1
Warning: Legacy Extension: REAL array index at (1)
czmHealing_oti.f:289:33:

  289 |         EPSTI0_OTI(I)=STATEV_OTI(6+3.0D0*(I-1))
      |                                 1
War",1.97
luisez1988__Viscoplastic-NorSand/UMAT_Nor_Sand_Zamb.for,luisez1988__Viscoplastic-NorSand,81914,2185,fixed,,,,,13,,not_a_umat,not_a_umat,the scanner finds no UMAT subroutine in this file,,,,0.18
luisez1988__Viscoplastic-SSMC/UMAT_SSMCWStrainRates_Zambrano.for,luisez1988__Viscoplastic-SSMC,76115,2038,fixed,,,,,16,,not_a_umat,not_a_umat,the scanner finds no UMAT subroutine in this file,,,,0.12
luisez1988__Viscoplastic_MC_coupled/UMAT_MCWStrainRates_Zambrano.for,luisez1988__Viscoplastic_MC_coupled,75773,2043,fixed,,,,,16,,not_a_umat,not_a_umat,the scanner finds no UMAT subroutine in this file,,,,0.12
makkemal__NGIMASEM/usermat.F,makkemal__NGIMASEM,37670,987,fixed,small strain,6,65,ready_with_json_contract,25,data,source_does_not_compile,source_does_not_compile,"as shipped: <work>/makkemal__NGIMASEM/usermat/baseline/usermat.F:350:42:

  350 |       call GetTempPosTime(T_t1,Coords,time
      |                                          1
Error: Syntax error in argument list a",no,no,"umat_oti_helpers.f90:332:36:

  332 |     call GET_INVDEL_OTI(T,0.d0,iDel)
      |                                    1
Warning: Type mismatch in argument ‘f’ at (1); passed REAL(8) to TYPE(onumm6n1) [-Wargument-mismatch]
umat_oti_helpers.f90:396:36:

  396 |     call GET_INVDEL_OTI(T,0.d0,iDel)
   ",2.07
marioruiarruda__Hashin_2D_UMAT/umat_hashin_f90.f90,marioruiarruda__Hashin_2D_UMAT,24584,652,free,small strain,6,56,ready_with_json_contract,10,,blocked,shape_unknown,Promoted variable SIJE is indexed in a stress region but has no confirmed shape.,,,,0.29
marioruiarruda__Hashin_3D_UMAT/umat_hashin3D_f90.f90,marioruiarruda__Hashin_3D_UMAT,45822,1156,free,small strain,,129,,14,,transform_crashed,scanner_error,HelperLiftingError: PARAMETER entry missing '=': '&',,,,3.36
marioruiarruda__Mazars_UMAT/umat_mazars_f90.f90,marioruiarruda__Mazars_UMAT,27579,750,free,small strain,6,43,ready_with_json_contract,13,,semantic_checks_failed,other,"Helper subroutine pass-through used despite lifting limitation: Completed JSON transforms helper call CALC_ALPHA_E at lines [190], rewriting ['ALPHAC', 'ALPHAT', 'EIJCBP', 'EIJTBP'], but helper lifting is not yet safe here: Helper lifting requires source definitions for ['SPRINC', 'SPRIND']. The com",,,,0.27
marioruiarruda__Tsai-Wu_2D_UMAT/umat_tsaiwu_f90.f90,marioruiarruda__Tsai-Wu_2D_UMAT,24592,640,free,small strain,6,94,ready_with_json_contract,9,,blocked,shape_unknown,Promoted variable SIJE is indexed in a stress region but has no confirmed shape.,,,,0.21
matmodlab__matmodlab2/matmodlab2/umat/uhyper_wrap.f90,umat,16053,424,free,small strain,6,2,ready_with_json_contract,5,io_write;module_use,semantic_checks_failed,other,"Helper subroutine pass-through used despite lifting limitation: Completed JSON transforms helper call HYPEREL at lines [370, 371], rewriting ['PK2', 'STATEV'], but helper lifting is not yet safe here: Helper lifting requires source definitions for ['STDB_ABQERR']. The completed JSON rewrites those c",,,,0.16
matmodlab__matmodlab2/matmodlab2/umat/umats/umat_neohooke.f90,umats,4904,125,free,finite,6,9,ready_with_json_contract,1,,generated_not_compiled,compile_failed,"umat_neohooke_oti.f90:141:19:

  141 |   TRBBAR_OTI = sum(BB_OTI(1:3)) / 3.0D0
      |                   1
Error: ‘array’ argument of ‘sum’ intrinsic at (1) must have a numeric type
",yes,no,"umat_neohooke_oti.f90:141:19:

  141 |   TRBBAR_OTI = sum(BB_OTI(1:3)) / 3.0D0
      |                   1
Error: ‘array’ argument of ‘sum’ intrinsic at (1) must have a numeric type
",1.3
matmodlab__matmodlab2/matmodlab2/umat/umats/umat_stub.f90,umats,1064,23,free,small strain,6,1,needs_json_completion,1,,anchors_not_located,missing_ddsdde_extraction_point,missing_ddsdde_extraction_point; missing_real_output_extraction_point; missing_stress_update_region; missing_stress_update_regions,,,,0.03
matmodlab__matmodlab2/matmodlab2/umat/umats/umat_thermoelastic.f90,umats,3769,116,free,small strain,6,7,ready_with_json_contract,1,,transformed,none,,yes,yes,,1.35
mauroarcidiacono__Crystal-Plasticity-UMAT/umat_abaqus.for,mauroarcidiacono__Crystal-Plasticity-UMAT,22727,505,fixed,small strain,6,16,ready_with_json_contract,1,,blocked,delegate_not_defined_in_source,"UMAT delegates its whole body to CORE, which this source does not define: the stress update and the tangent are in another file, so there is nothing here to transform.",,,,0.07
mauroarcidiacono__Crystal-Plasticity-UMAT/umat_standalone.for,mauroarcidiacono__Crystal-Plasticity-UMAT,22354,495,fixed,small strain,6,16,ready_with_json_contract,1,,blocked,delegate_not_defined_in_source,"UMAT delegates its whole body to CORE, which this source does not define: the stress update and the tangent are in another file, so there is nothing here to transform.",,,,0.03
mholla__BMMB24/simulations/input files/umat_transverseIsotropicStretch.f,input files,9203,210,fixed,finite,6,12,ready_with_json_contract,3,data,transformed,none,,yes,yes,,1.42
mholla__SOFT24/simulations/UMAT_axon_tension.f,simulations,16089,538,fixed,finite,6,18,ready_with_json_contract,11,data;io_write,blocked,missing_ddsdde_extraction_point,"DDSDDE assignment is not covered by an old tangent replacement region: ddsdde(1,1) = SpTanMod(1,1,1,1); DDSDDE assignment is not covered by an old tangent replacement region: ddsdde(1,2) = SpTanMod(1,1,2,2); DDSDDE assignment is not covered by an old tangent replacement region: ddsdde(1,3) = SpTanMo",,,,0.18
mholla__growth/umats/umat_area_morph.f,umats,7025,169,fixed,finite,6,8,ready_with_json_contract,3,data,transformed,none,,yes,yes,,1.3
mholla__growth/umats/umat_area_morph_Abaqus.f,umats,7193,168,fixed,finite,6,9,ready_with_json_contract,3,data,transformed,none,,yes,yes,,1.4
mholla__growth/umats/umat_area_morph_orient.f,umats,9476,241,fixed,finite,6,14,ready_with_json_contract,4,data,semantic_checks_failed,other,"Helper subroutine pass-through used despite lifting limitation: Completed JSON transforms helper call SPRIND at lines [130], rewriting ['B', 'VAL', 'VEC'], but helper lifting is not yet safe here: Helper lifting requires source definitions for ['SPRIND']. The completed JSON rewrites those calls, so ",,,,0.19
mholla__growth/umats/umat_area_stretch.f,umats,9968,253,fixed,finite,6,21,ready_with_json_contract,3,data,transformed,none,,yes,yes,,1.42
mholla__growth/umats/umat_fiber_morph.f,umats,6805,169,fixed,finite,6,8,ready_with_json_contract,3,data,transformed,none,,yes,yes,,1.37
mholla__growth/umats/umat_fiber_morph_Abaqus.f,umats,7010,170,fixed,finite,6,9,ready_with_json_contract,3,data,transformed,none,,yes,yes,,1.34
mholla__growth/umats/umat_fiber_morph_orient.f,umats,9256,243,fixed,finite,6,14,ready_with_json_contract,4,data,semantic_checks_failed,other,"Helper subroutine pass-through used despite lifting limitation: Completed JSON transforms helper call SPRIND at lines [130], rewriting ['B', 'VAL', 'VEC'], but helper lifting is not yet safe here: Helper lifting requires source definitions for ['SPRIND']. The completed JSON rewrites those calls, so ",,,,0.21
mholla__growth/umats/umat_fiber_stretch.f,umats,9603,258,fixed,finite,6,19,ready_with_json_contract,3,data,transformed,none,,yes,yes,,1.37
mholla__growth/umats/umat_iso_Mandel.f,umats,8325,233,fixed,finite,6,19,ready_with_json_contract,3,data,transformed,none,,yes,yes,,1.45
mholla__growth/umats/umat_iso_Mandel_v2.f,umats,8423,244,fixed,finite,6,17,ready_with_json_contract,2,data,semantic_checks_failed,semantic_check,Semantic check failed: old_ddsdde_assignments_disabled.,,,,0.21
mholla__growth/umats/umat_iso_morph.f,umats,5941,158,fixed,finite,6,7,ready_with_json_contract,3,data,transformed,none,,yes,yes,,1.4
mholla__growth/umats/umat_iso_morph_Abaqus.f,umats,5872,155,fixed,finite,6,8,ready_with_json_contract,3,data,transformed,none,,yes,yes,,1.36
mholla__growth/umats/umat_iso_stretch.f,umats,7467,213,fixed,finite,6,18,ready_with_json_contract,3,data,transformed,none,,yes,yes,,1.44
mholla__growth/umats/umat_neohooke.f,umats,4952,131,fixed,finite,6,6,ready_with_json_contract,3,data,source_does_not_compile,source_does_not_compile,"as shipped: <work>/umats/umat_neohooke/baseline/umat_neohooke.f:40:51:

   40 |      #                         noel,npt,kstep,kinc))
      |                                                   1
Error: Syntax error i",no,no,"umat_neohooke_oti.f:40:51:

   40 |      #                         noel,npt,kstep,kinc))
      |                                                   1
Error: Syntax error in SUBROUTINE statement at (1)
umat_neohooke_oti.f:55:27:

   55 |       real*8  stress(ntens), ddsdde(ntens,ntens), statev(nstatv)",1.4
mholla__growth/umats/umat_neohooke_abaqus.f,umats,4712,123,fixed,finite,6,4,ready_with_json_contract,2,data,blocked,delegate_not_defined_in_source,"UMAT delegates its whole body to UMAT_NEOHOOKE, which this source does not define: the stress update and the tangent are in another file, so there is nothing here to transform.",,,,0.08
mholla__growth/umats/umat_ortho_stretch.f,umats,11137,283,fixed,finite,6,22,ready_with_json_contract,3,data,generated_not_compiled,compile_failed,"umat_ortho_stretch_oti.f:70:38:

   70 |       real*8  lam, tcr, mu, cr(3), max(3), alpha(3), cr_pos(3),
      |                                      1
Error: Cannot change attributes of USE-associated symbol max at (1)
umat_ortho_stretch_oti.f:200:9:

  200 |       lam       = props(1)             ",yes,no,"umat_ortho_stretch_oti.f:70:38:

   70 |       real*8  lam, tcr, mu, cr(3), max(3), alpha(3), cr_pos(3),
      |                                      1
Error: Cannot change attributes of USE-associated symbol max at (1)
umat_ortho_stretch_oti.f:200:9:

  200 |       lam       = props(1)             ",1.43
mholla__growth/umats/umat_transverse.f,umats,12651,311,fixed,finite,6,33,ready_with_json_contract,3,data,transformed,none,,yes,yes,,1.63
mkhadijeh26__UMAT_for_Viscoelastictiy/Fortran Code_Basic_Viscoelasticity/ABAQUS_DSR_EXAMPLE/ViscoelasticityCode3.f,ABAQUS_DSR_EXAMPLE,6428,184,fixed,small strain,6,13,ready_with_json_contract,1,,blocked,deferred_shape_allocatable,"G_I is declared with a deferred shape (:) and is read on the stress path. Its extent is fixed by an ALLOCATE at run time whose bound this routine cannot evaluate where declarations are written, so there is no bound to declare a shadow with and none to count an initialisation loop to.; SM_NEW is decl",,,,0.13
mkhadijeh26__UMAT_for_Viscoelastictiy/Fortran Code_Basic_Viscoelasticity/ViscoelasticityCode.f,Fortran Code_Basic_Viscoelasticity,9892,248,fixed,,,,,0,,not_a_umat,not_a_umat,the scanner finds no UMAT subroutine in this file,,,,0.01
mkhadijeh26__UMAT_for_Viscoelastictiy/Fortran Code_Basic_Viscoelasticity/ViscoelasticityCode2.f,Fortran Code_Basic_Viscoelasticity,7578,194,fixed,,,,,0,,not_a_umat,not_a_umat,the scanner finds no UMAT subroutine in this file,,,,0.01
mkhadijeh26__UMAT_for_Viscoelastictiy/Fortran Code_Basic_Viscoelasticity/ViscoelasticityCode3.f,Fortran Code_Basic_Viscoelasticity,6258,184,fixed,,,,,0,,not_a_umat,not_a_umat,the scanner finds no UMAT subroutine in this file,,,,0.01
mkhadijeh26__UMAT_for_Viscoelastictiy/Linking Mechanical with Aging Code/CoupledMechanicalAgingCode.f,Linking Mechanical with Aging Code,8338,216,fixed,,,,,0,,not_a_umat,not_a_umat,the scanner finds no UMAT subroutine in this file,,,,0.01
mkhadijeh26__UMAT_for_Viscoelastictiy/Linking Mechanical with Aging Code/CoupledMechanicalAgingCode2.f,Linking Mechanical with Aging Code,8574,234,fixed,,,,,0,,not_a_umat,not_a_umat,the scanner finds no UMAT subroutine in this file,,,,0.01
mrkearden__abaqus_umat/ElasticSolve.F90,mrkearden__abaqus_umat,236954,5690,free,small strain,6,231,ready_with_json_contract,12,io_write;module_use;save,blocked,deferred_shape_allocatable,"BASIS is declared with a deferred shape (:) and is read on the stress path. Its extent is fixed by an ALLOCATE at run time whose bound this routine cannot evaluate where declarations are written, so there is no bound to declare a shadow with and none to count an initialisation loop to.",,,,1.92
mrkearden__abaqus_umat/PlasticSolve.F90,mrkearden__abaqus_umat,247501,6171,free,,,,,30,io_write;module_use;save,not_a_umat,not_a_umat,the scanner finds no UMAT subroutine in this file,,,,0.33
mrkearden__abaqus_umat/UMAT.F90,mrkearden__abaqus_umat,5868,134,free,small strain,6,1,needs_json_completion,1,module_use,anchors_not_located,missing_ddsdde_extraction_point,missing_ddsdde_extraction_point; missing_real_output_extraction_point; missing_stress_update_region; missing_stress_update_regions,,,,0.02
ngrilli__Oxford_Crystal_Plasticity/ExampleInputFiles/HCPnoTwin/umat.for,HCPnoTwin,13278,447,fixed,finite,6,3,ready_with_json_contract,1,io_write,semantic_checks_failed,other,"Helper subroutine pass-through used despite lifting limitation: Completed JSON transforms helper call KCURLET at lines [413], rewriting ['CURLFP', 'FP', 'GAUSS', 'GAUSSCOORDS'], but helper lifting is not yet safe here: Helper lifting requires source definitions for ['KCURLET', 'KFINDNEIGHBOURHOOD', ",,,,0.15
nsundar__PFM_UMAT_ElastoPlastic/UMAT_phasefield_plasticity.f,nsundar__PFM_UMAT_ElastoPlastic,7282,236,fixed,,,,,2,io_write,not_a_umat,not_a_umat,the scanner finds no UMAT subroutine in this file,,,,0.01
patrickstaubach__abaqus-explicit/examples/_pile_driving/HPP_Staubach_explicit.f,_pile_driving,46446,1111,fixed,small strain,6,93,ready_with_json_contract,6,io_write;module_use,blocked,missing_ddsdde_extraction_point,"DDSDDE assignment is not covered by an old tangent replacement region: DDSDDE = zero; DDSDDE assignment is not covered by an old tangent replacement region: DDSDDE = map2ddsdde(Mstiff,ntens)",,,,0.23
patrickstaubach__abaqus-explicit/src/HPP_Staubach_explicit.f,src,46446,1111,fixed,small strain,6,93,ready_with_json_contract,6,io_write;module_use,blocked,missing_ddsdde_extraction_point,"DDSDDE assignment is not covered by an old tangent replacement region: DDSDDE = zero; DDSDDE assignment is not covered by an old tangent replacement region: DDSDDE = map2ddsdde(Mstiff,ntens)",,,,0.26
peer-open-source__xara/SRC/domain/peri/umat.for,peri,1430,47,fixed,small strain,6,4,ready_with_json_contract,1,module_use,blocked,module_names_unresolved,"ELE_BOND_SUM_STATE_FEM appears as ELE_BOND_SUM_STATE_FEM(...) on the stress path but is not declared anywhere in this source, which USEs KVISUAL without defining it. The transformer cannot read that module, so it cannot tell whether ELE_BOND_SUM_STATE_FEM is an array to promote or a call into it.; E",,,,0.04
phhannequart__UMAT_sma_hannequart/UMAT_sma_hannequart.for,phhannequart__UMAT_sma_hannequart,10863,348,fixed,small strain,6,14,ready_with_json_contract,2,,semantic_checks_failed,semantic_check,Semantic check failed: integer_literals_normalized_in_oti_expressions.,,,,0.13
philipcardiff__paper-code-vertex-centred-elastoplastic/src/abaqusUMATs/abaqusUmatLinearElastic/abaqusUmatLinearElastic.f,abaqusUmatLinearElastic,1988,65,fixed,small strain,6,1,ready_with_json_contract,1,,semantic_checks_failed,semantic_check,Semantic check failed: stress_path_consumes_the_seed.,,,,0.05
prashanthgadwala__ferrite-fortran-integration_using_Julia/src/Material_Models/umat.f,Material_Models,58975,1645,fixed,finite,6,91,ready_with_json_contract,21,data,blocked,missing_ddsdde_extraction_point,"DDSDDE assignment is not covered by an old tangent replacement region: DDSDDE = 0.0D0; DDSDDE assignment is not covered by an old tangent replacement region: DDSDDE = 0.0D0; DDSDDE assignment is not covered by an old tangent replacement region: DDSDDE(1,1) = LAMBDA + 2.0D0 * MU; DDSDDE assignment is",,,,0.38
rhdodds__warp3d/src/user_routines_umat.f,src,47222,596,fixed,small strain,6,49,ready_with_json_contract,6,io_write,semantic_checks_failed,other,"Helper subroutine pass-through used despite lifting limitation: Completed JSON transforms helper call ROTSIG at lines [184], rewriting ['EELAS'], but helper lifting is not yet safe here: Helper lifting requires source definitions for ['ROTSIG']. The completed JSON rewrites those calls, so pass-throu",,,,0.23
sahmotaman__TMM-FE-Simulation/Abaqus User Material Subroutines/Abaqus Standard - UMAT/UMAT - Strain-based Return Mapping - Fully-Implicit/umat_subroutine.for,UMAT - Strain-based Return Mapping - Fully-Implicit,23877,391,fixed,,,,,0,io_write,not_a_umat,not_a_umat,the scanner finds no UMAT subroutine in this file,,,,0.01
sahmotaman__TMM-FE-Simulation/Abaqus User Material Subroutines/Abaqus Standard - UMAT/UMAT - Strain-based Return Mapping - Semi-Implicit/umat_subroutine.for,UMAT - Strain-based Return Mapping - Semi-Implicit,22069,357,fixed,,,,,0,io_write,not_a_umat,not_a_umat,the scanner finds no UMAT subroutine in this file,,,,0.01
sahmotaman__TMM-FE-Simulation/Abaqus User Material Subroutines/Abaqus Standard - UMAT/UMAT - Stress-based Return Mapping - Fully-Implicit/umat_subroutine.for,UMAT - Stress-based Return Mapping - Fully-Implicit,22594,384,fixed,,,,,0,io_write,not_a_umat,not_a_umat,the scanner finds no UMAT subroutine in this file,,,,0.01
sahmotaman__TMM-FE-Simulation/Abaqus User Material Subroutines/Abaqus Standard - UMAT/UMAT - Stress-based Return Mapping - Semi-Implicit/umat_subroutine.for,UMAT - Stress-based Return Mapping - Semi-Implicit,21192,358,fixed,,,,,0,io_write,not_a_umat,not_a_umat,the scanner finds no UMAT subroutine in this file,,,,0.01
samanseifi__Tahoe/development/src/elements/solid/materials/ABAQUS_BCJ/bcj_iso.f,ABAQUS_BCJ,214222,5337,fixed,finite,6,296,ready_with_json_contract,36,data;io_write,blocked,missing_ddsdde_extraction_point,"DDSDDE assignment is not covered by an old tangent replacement region: DDSDDE(I,J) = -SNDDDE(I,J)-UNMD2G*(TNDE(I,J)+DLAMBDA*DNDE(I,J)); DDSDDE assignment is not covered by an old tangent replacement region: DDSDDE(I,I) = DDSDDE(I,I)+UNMD2G; DDSDDE assignment is not covered by an old tangent replacem",,,,0.93
sas229__geomat/src/umat/src/umat.f90,src,1452,30,free,finite,6,1,ready_with_json_contract,1,module_use,blocked,delegate_not_defined_in_source,"UMAT delegates its whole body to UMAT_CPP_INTERFACE, which this source does not define: the stress update and the tangent are in another file, so there is nothing here to transform.",,,,0.01
sas229__geomat/tests/umat_integration.f90,tests,2525,57,free,finite,6,1,needs_json_completion,1,io_write,anchors_not_located,missing_ddsdde_extraction_point,missing_ddsdde_extraction_point; missing_real_output_extraction_point; missing_stress_update_region; missing_stress_update_regions,,,,0.01
sd104400__OPA_Modeling/FE Modeling/UMAT_DPIsodwAniDM.for,FE Modeling,49846,1765,fixed,small strain,6,128,ready_with_json_contract,28,common_block;data;equivalence;io_write,generated_not_compiled,compile_failed,"umat_oti_helpers.f90:366:23:

  366 |     100 Z(I,J)=Z(I,J)*S
      |                       1
Warning: Fortran 2018 deleted feature: DO termination statement which is not END DO or CONTINUE with label 100 at (1)
umat_oti_helpers.f90:405:15:

  405 |     COMPLEX*16.0D0 Z3
      |               1
Erro",yes,no,"umat_oti_helpers.f90:366:23:

  366 |     100 Z(I,J)=Z(I,J)*S
      |                       1
Warning: Fortran 2018 deleted feature: DO termination statement which is not END DO or CONTINUE with label 100 at (1)
umat_oti_helpers.f90:405:15:

  405 |     COMPLEX*16.0D0 Z3
      |               1
Erro",2.18
seekzzh__mat-model-lab/assets/templates/abaqus_umat.f,templates,2338,84,fixed,small strain,6,1,ready_with_json_contract,1,,source_does_not_compile,source_does_not_compile,"as shipped: <work>/templates/abaqus_umat/baseline/abaqus_umat.f:33:21:

   33 |       DDSDDE(1,1) = {{C11}}
      |                     1
Error: Invalid character in name at (1)
<work>",no,no,"abaqus_umat_oti.f:41:21:

   41 |       DDSDDE(1,1) = {{C11}}
      |                     1
Error: Invalid character in name at (1)
abaqus_umat_oti.f:42:21:

   42 |       DDSDDE(1,2) = {{C12}}
      |                     1
Error: Invalid character in name at (1)
abaqus_umat_oti.f:43:21:

   43 |   ",1.29
shayansss__bioumat/SUBROUTINES.FOR,shayansss__bioumat,15327,464,fixed,finite,6,33,ready_with_json_contract,7,,source_does_not_compile,source_does_not_compile,"as shipped: <work>/shayansss__bioumat/SUBROUTINES/baseline/SUBROUTINES.FOR:40:18:

   40 |        CALL RANDOM-NUMBER(RPHI)
      |                  1
Error: Syntax error in CALL statement at (1)
<work>",no,no,"SUBROUTINES_oti.FOR:41:18:

   41 |        CALL RANDOM-NUMBER(RPHI)
      |                  1
Error: Syntax error in CALL statement at (1)
SUBROUTINES_oti.FOR:522:9:

  522 |      1K2)*)
      |         1
Error: Expected a right parenthesis in expression at (1)
SUBROUTINES_oti.FOR:57:31:

   57 |  ",1.68
shayansss__hml/NONLIPLS.for,shayansss__hml,14794,467,fixed,finite,6,33,ready_with_json_contract,6,io_open;io_read,generated_not_compiled,compile_failed,"NONLIPLS_oti.for:241:30:

  241 |       TYPE(ONUMM6N1) :: C_OTI(N)
      |                              1
Error: Variable ‘n’ cannot appear in the expression at (1)
NONLIPLS_oti.for:476:6:

  476 |       HH_OTI=NS0_OTI*(RH_OTI*C_OTI)/(TWO*C_OTI+SEVEN)
      |      1
Error: Incompatible ranks 0 and 1",yes,no,"NONLIPLS_oti.for:241:30:

  241 |       TYPE(ONUMM6N1) :: C_OTI(N)
      |                              1
Error: Variable ‘n’ cannot appear in the expression at (1)
NONLIPLS_oti.for:476:6:

  476 |       HH_OTI=NS0_OTI*(RH_OTI*C_OTI)/(TWO*C_OTI+SEVEN)
      |      1
Error: Incompatible ranks 0 and 1",1.61
simoneponcioni__HFE/02_CODE/abq/UMAT_BIPHASIC.f,abq,55279,1730,fixed,finite,6,95,ready_with_json_contract,9,io_write,semantic_checks_failed,other,"Helper subroutine pass-through used despite lifting limitation: Completed JSON transforms helper call COMPUTE_CCCC at lines [476], rewriting ['CCCC'], but helper lifting is not yet safe here: Helper lifting requires source definitions for ['ROTSIG']. The completed JSON rewrites those calls, so pass-",,,,1.05
swayli94__AbaqusTools/LaRC05/umat.f90,LaRC05,14551,330,free,small strain,6,16,ready_with_json_contract,1,io_write;module_use,blocked,module_names_unresolved,"COMPUTEDAMAGEVARIABLES appears as COMPUTEDAMAGEVARIABLES(...) on the stress path but is not declared anywhere in this source, which USEs PLYTOOLS, FAILURECRITERIA, MATERIALRESPONSE without defining it. The transformer cannot read that module, so it cannot tell whether COMPUTEDAMAGEVARIABLES is an ar",,,,0.13
tengzhang48__CoupFE/examples/neo_hookean_umat/neo_hookean_umat.for,neo_hookean_umat,43767,1371,fixed,finite,6,49,ready_with_json_contract,29,data,blocked,complex_arithmetic,"B is declared DOUBLE COMPLEX and is on the stress path. The OTI type is built over the reals, so there is no complex shadow to promote B to, and a real shadow would drop the imaginary part silently. Complex arithmetic on the stress path is not supported.; BEST_NSQ is declared DOUBLE COMPLEX and is o",,,,0.36
tengzhang48__CoupFE/examples/ogden_umat/ogden_umat.for,ogden_umat,45585,1419,fixed,finite,6,50,ready_with_json_contract,29,data,blocked,complex_arithmetic,"B is declared DOUBLE COMPLEX and is on the stress path. The OTI type is built over the reals, so there is no complex shadow to promote B to, and a real shadow would drop the imaginary part silently. Complex arithmetic on the stress path is not supported.; BEST_NSQ is declared DOUBLE COMPLEX and is o",,,,0.36
tengzhang48__CoupFE/examples/small_strain_j2_umat/small_strain_j2.for,small_strain_j2_umat,55324,1789,fixed,small strain,6,17,ready_with_json_contract,35,,blocked,complex_arithmetic,"BEST_NSQ is declared DOUBLE COMPLEX and is on the stress path. The OTI type is built over the reals, so there is no complex shadow to promote BEST_NSQ to, and a real shadow would drop the imaginary part silently. Complex arithmetic on the stress path is not supported.; CUTBACK_Z is declared DOUBLE C",,,,0.43
tengzhang48__CoupFE/examples/small_strain_viscoelastic_umat/small_strain_viscoelastic.for,small_strain_viscoelastic_umat,55621,1793,fixed,small strain,6,16,ready_with_json_contract,35,,blocked,complex_arithmetic,"BEST_NSQ is declared DOUBLE COMPLEX and is on the stress path. The OTI type is built over the reals, so there is no complex shadow to promote BEST_NSQ to, and a real shadow would drop the imaginary part silently. Complex arithmetic on the stress path is not supported.; CUTBACK_Z is declared DOUBLE C",,,,0.46
tengzhang48__abaqus_ufl/examples/_template/template_umat.for,_template,61908,2020,fixed,small strain,6,21,ready_with_json_contract,38,data,blocked,complex_arithmetic,"BEST_NSQ is declared DOUBLE COMPLEX and is on the stress path. The OTI type is built over the reals, so there is no complex shadow to promote BEST_NSQ to, and a real shadow would drop the imaginary part silently. Complex arithmetic on the stress path is not supported.; CUTBACK_Z is declared DOUBLE C",,,,0.47
tengzhang48__abaqus_ufl/examples/neo_hookean_umat/neo_hookean_umat.for,neo_hookean_umat,52761,1669,fixed,finite,6,73,ready_with_json_contract,32,data,blocked,complex_arithmetic,"A11 is declared DOUBLE COMPLEX and is on the stress path. The OTI type is built over the reals, so there is no complex shadow to promote A11 to, and a real shadow would drop the imaginary part silently. Complex arithmetic on the stress path is not supported.; A12 is declared DOUBLE COMPLEX and is on",,,,0.42
tengzhang48__abaqus_ufl/examples/ogden_umat/ogden_umat.for,ogden_umat,54635,1720,fixed,finite,6,86,ready_with_json_contract,32,data,blocked,complex_arithmetic,"A11 is declared DOUBLE COMPLEX and is on the stress path. The OTI type is built over the reals, so there is no complex shadow to promote A11 to, and a real shadow would drop the imaginary part silently. Complex arithmetic on the stress path is not supported.; A12 is declared DOUBLE COMPLEX and is on",,,,0.41
tengzhang48__abaqus_ufl/examples/small_strain_j2_umat/small_strain_j2.for,small_strain_j2_umat,64605,2093,fixed,small strain,6,25,ready_with_json_contract,38,data,blocked,complex_arithmetic,"BEST_NSQ is declared DOUBLE COMPLEX and is on the stress path. The OTI type is built over the reals, so there is no complex shadow to promote BEST_NSQ to, and a real shadow would drop the imaginary part silently. Complex arithmetic on the stress path is not supported.; CUTBACK_Z is declared DOUBLE C",,,,0.53
tengzhang48__abaqus_ufl/examples/small_strain_viscoelastic_umat/small_strain_viscoelastic.for,small_strain_viscoelastic_umat,65045,2098,fixed,small strain,6,24,ready_with_json_contract,38,data,blocked,complex_arithmetic,"BEST_NSQ is declared DOUBLE COMPLEX and is on the stress path. The OTI type is built over the reals, so there is no complex shadow to promote BEST_NSQ to, and a real shadow would drop the imaginary part silently. Complex arithmetic on the stress path is not supported.; CUTBACK_Z is declared DOUBLE C",,,,0.5
thealanjason__umat_finite_viscoelasticity/UMAT/VISC_OGDEN_1EL.for,UMAT,38484,1003,fixed,finite,6,41,ready_with_json_contract,3,io_write,generated_not_compiled,compile_failed,"VISC_OGDEN_1EL_oti.for:678:9:

  678 |       END DO
      |         1
Error: Expecting END IF statement at (1)
VISC_OGDEN_1EL_oti.for:682:14:

  662 |       DO J=1,3
      |              2
......
  682 |       DO J=1,3
      |              1
Error: Variable ‘j’ at (1) cannot be redefined inside loop",yes,no,"VISC_OGDEN_1EL_oti.for:678:9:

  678 |       END DO
      |         1
Error: Expecting END IF statement at (1)
VISC_OGDEN_1EL_oti.for:682:14:

  662 |       DO J=1,3
      |              2
......
  682 |       DO J=1,3
      |              1
Error: Variable ‘j’ at (1) cannot be redefined inside loop",1.54
thealanjason__umat_finite_viscoelasticity/UMAT/VISC_OGDEN_2EL.for,UMAT,57083,1469,fixed,finite,6,58,ready_with_json_contract,3,io_write,generated_not_compiled,compile_failed,"VISC_OGDEN_2EL_oti.for:1126:9:

 1126 |       END DO
      |         1
Error: Expecting END IF statement at (1)
VISC_OGDEN_2EL_oti.for:1130:14:

 1110 |       DO J=1,3
      |              2
......
 1130 |       DO J=1,3
      |              1
Error: Variable ‘j’ at (1) cannot be redefined inside lo",yes,no,"VISC_OGDEN_2EL_oti.for:1126:9:

 1126 |       END DO
      |         1
Error: Expecting END IF statement at (1)
VISC_OGDEN_2EL_oti.for:1130:14:

 1110 |       DO J=1,3
      |              2
......
 1130 |       DO J=1,3
      |              1
Error: Variable ‘j’ at (1) cannot be redefined inside lo",2.3
thealanjason__umat_finite_viscoelasticity/UMAT/VISC_OGDEN_3EL.for,UMAT,75576,1920,fixed,finite,6,75,ready_with_json_contract,3,io_write,generated_not_compiled,compile_failed,"VISC_OGDEN_3EL_oti.for:1560:9:

 1560 |       END DO
      |         1
Error: Expecting END IF statement at (1)
VISC_OGDEN_3EL_oti.for:1564:14:

 1544 |       DO J=1,3
      |              2
......
 1564 |       DO J=1,3
      |              1
Error: Variable ‘j’ at (1) cannot be redefined inside lo",yes,no,"VISC_OGDEN_3EL_oti.for:1560:9:

 1560 |       END DO
      |         1
Error: Expecting END IF statement at (1)
VISC_OGDEN_3EL_oti.for:1564:14:

 1544 |       DO J=1,3
      |              2
......
 1564 |       DO J=1,3
      |              1
Error: Variable ‘j’ at (1) cannot be redefined inside lo",2.81
thealanjason__umat_finite_viscoelasticity/report/chapters/VISC_OGDEN_2EL.for,chapters,57384,1479,fixed,finite,6,58,ready_with_json_contract,3,io_write,source_does_not_compile,source_does_not_compile,"as shipped: <work>/chapters/VISC_OGDEN_2EL/baseline/VISC_OGDEN_2EL.for:1034:6:

 1034 |       BTOTV(1) = BTOT(1,1)
      |      1
Error: The function result on the lhs of the assignment at (1) must have the pointer",no,no,"VISC_OGDEN_2EL_oti.for:1127:9:

 1127 |       END DO
      |         1
Error: Expecting END IF statement at (1)
VISC_OGDEN_2EL_oti.for:1131:14:

 1111 |       DO J=1,3
      |              2
......
 1131 |       DO J=1,3
      |              1
Error: Variable ‘j’ at (1) cannot be redefined inside lo",2.28
thealanjason__umat_finite_viscoelasticity/simulation_input_files/VISC_OGDEN_1EL.for,simulation_input_files,38765,1012,fixed,finite,6,41,ready_with_json_contract,3,io_write,source_does_not_compile,source_does_not_compile,"as shipped: <work>/simulation_input_files/VISC_OGDEN_1EL/baseline/VISC_OGDEN_1EL.for:569:6:

  569 |       BTOTV(1) = BTOT(1,1)
      |      1
Error: The function result on the lhs of the assignment at (1) must hav",no,no,"VISC_OGDEN_1EL_oti.for:677:9:

  677 |       END DO
      |         1
Error: Expecting END IF statement at (1)
VISC_OGDEN_1EL_oti.for:681:14:

  661 |       DO J=1,3
      |              2
......
  681 |       DO J=1,3
      |              1
Error: Variable ‘j’ at (1) cannot be redefined inside loop",1.91
thealanjason__umat_finite_viscoelasticity/simulation_input_files/VISC_OGDEN_2EL.for,simulation_input_files,57357,1478,fixed,finite,6,58,ready_with_json_contract,3,io_write,source_does_not_compile,source_does_not_compile,"as shipped: <work>/simulation_input_files/VISC_OGDEN_2EL/baseline/VISC_OGDEN_2EL.for:1033:6:

 1033 |       BTOTV(1) = BTOT(1,1)
      |      1
Error: The function result on the lhs of the assignment at (1) must ha",no,no,"VISC_OGDEN_2EL_oti.for:1125:9:

 1125 |       END DO
      |         1
Error: Expecting END IF statement at (1)
VISC_OGDEN_2EL_oti.for:1129:14:

 1109 |       DO J=1,3
      |              2
......
 1129 |       DO J=1,3
      |              1
Error: Variable ‘j’ at (1) cannot be redefined inside lo",2.29
thealanjason__umat_finite_viscoelasticity/simulation_input_files/VISC_OGDEN_3EL.for,simulation_input_files,75843,1929,fixed,finite,6,75,ready_with_json_contract,3,io_write,source_does_not_compile,source_does_not_compile,"as shipped: <work>/simulation_input_files/VISC_OGDEN_3EL/baseline/VISC_OGDEN_3EL.for:1483:6:

 1483 |       BTOTV(1) = BTOT(1,1)
      |      1
Error: The function result on the lhs of the assignment at (1) must ha",no,no,"VISC_OGDEN_3EL_oti.for:1559:9:

 1559 |       END DO
      |         1
Error: Expecting END IF statement at (1)
VISC_OGDEN_3EL_oti.for:1563:14:

 1543 |       DO J=1,3
      |              2
......
 1563 |       DO J=1,3
      |              1
Error: Variable ‘j’ at (1) cannot be redefined inside lo",2.7
thelfer__tfel/mtest/tests/mtest/castem/umat.f,castem,18807,446,fixed,finite,6,2,ready_with_json_contract,1,,semantic_checks_failed,other,"STRESS_OTI is passed to MOONEY, which was neither lifted, inlined, nor transformed with this file. Fortran's implicit interface makes that compile and the callee then reads a hypercomplex element as a single REAL, so the result is wrong with nothing to show for it.; DSTRAN_OTI is passed to MOONEY, w",,,,0.14
theysy__UMAT_optimization_public/UMAT_U2_OPTIMIZATION/Library/MML_U2SA.for,Library,163749,4435,fixed,small strain,6,237,ready_with_json_contract,60,common_block;io_write,blocked,deferred_shape_allocatable,"STAT_VAR is declared with a deferred shape (:) and is read on the stress path. Its extent is fixed by an ALLOCATE at run time whose bound this routine cannot evaluate where declarations are written, so there is no bound to declare a shadow with and none to count an initialisation loop to.",,,,1.53
theysy__UMAT_optimization_public/UMAT_U3_OPTIMIZATION/Library/MML_U3SA.FOR,Library,170175,4576,fixed,small strain,6,258,ready_with_json_contract,58,common_block;io_write,blocked,deferred_shape_allocatable,"DEV_H0 is declared with a deferred shape (:) and is read on the stress path. Its extent is fixed by an ALLOCATE at run time whose bound this routine cannot evaluate where declarations are written, so there is no bound to declare a shadow with and none to count an initialisation loop to.; DEV_SIG is ",,,,1.36
theysy__mml_subroutine_public/MML_U2/MML_U2.for,MML_U2,164427,4447,fixed,small strain,6,238,ready_with_json_contract,58,common_block;io_write,blocked,deferred_shape_allocatable,"DEV_H0 is declared with a deferred shape (:) and is read on the stress path. Its extent is fixed by an ALLOCATE at run time whose bound this routine cannot evaluate where declarations are written, so there is no bound to declare a shadow with and none to count an initialisation loop to.; DEV_SIG is ",,,,1.31
theysy__mml_subroutine_public/MML_U3/MML_U3.FOR,MML_U3,171333,4608,fixed,small strain,6,259,ready_with_json_contract,58,common_block;io_write,blocked,deferred_shape_allocatable,"DEV_H0 is declared with a deferred shape (:) and is read on the stress path. Its extent is fixed by an ALLOCATE at run time whose bound this routine cannot evaluate where declarations are written, so there is no bound to declare a shadow with and none to count an initialisation loop to.; DEV_SIG is ",,,,1.37
tmfrln__paraqus/examples/example_abaqus_extrusion_umat.f,examples,32622,871,fixed,finite,6,33,ready_with_json_contract,20,io_write,transformed,none,,yes,yes,,1.5
toruinaba__manforge/archives/fortran_fixed_form/yu_kinematic_3d_abaqus.for,fortran_fixed_form,63372,1858,fixed,finite,6,133,ready_with_json_contract,35,io_write,semantic_checks_failed,other,"Helper subroutine pass-through used despite lifting limitation: Completed JSON transforms helper call ROTSIG at lines [1742], rewriting ['THETA_N', 'THETA_ROT'], but helper lifting is not yet safe here: Helper lifting requires source definitions for ['ROTSIG']. The completed JSON rewrites those call",,,,0.67
toruinaba__manforge/archives/fortran_fixed_form/yu_kinematic_3d_fixed.for,fortran_fixed_form,63733,1829,fixed,small strain,6,133,ready_with_json_contract,34,io_write,semantic_checks_failed,other,"Helper subroutine pass-through used despite lifting limitation: Completed JSON transforms helper call ROTSIG at lines [1713], rewriting ['THETA_N', 'THETA_ROT'], but helper lifting is not yet safe here: Helper lifting requires source definitions for ['ROTSIG']. The completed JSON rewrites those call",,,,0.68
toruinaba__manforge/fortran/j2_isotropic_3d.f90,fortran,14727,439,free,small strain,,28,,4,,transform_crashed,scanner_error,"HelperLiftingError: Cannot parse helper header for j2_isotropic_3d: 'subroutine j2_isotropic_3d(E, nu, sigma_y0, H, &'",,,,0.16
toruinaba__manforge/fortran/yu_kinematic_3d.f90,fortran,65928,1772,free,small strain,6,136,ready_with_json_contract,33,io_write,semantic_checks_failed,other,"Helper subroutine pass-through used despite lifting limitation: Completed JSON transforms helper call ROTSIG at lines [1665], rewriting ['THETA_N', 'THETA_ROT'], but helper lifting is not yet safe here: Helper lifting requires source definitions for ['ROTSIG']. The completed JSON rewrites those call",,,,0.52
toruinaba__manforge/fortran/yu_kinematic_ps.f90,fortran,59102,1570,free,small strain,6,121,ready_with_json_contract,32,io_write,semantic_checks_failed,other,"Helper subroutine pass-through used despite lifting limitation: Completed JSON transforms helper call ROTSIG at lines [1460], rewriting ['THETA_N', 'THETA_ROT'], but helper lifting is not yet safe here: Helper lifting requires source definitions for ['ROTSIG']. The completed JSON rewrites those call",,,,0.48
victorlefevre__UMAT_Lefevre_Sozio_Lopez-Pamies/Examples/C3D8H/UT kappa_mu=1/UMAT_KLP_RK5_hybrid.f,UT kappa_mu=1,45274,1269,fixed,finite,6,7,ready_with_json_contract,22,io_write,transformed,none,,yes,yes,,1.67
vishalsubbiah__Abaqus-Multi-scale-modelling/Abaqus/umatcode3.f,Abaqus,4851,177,fixed,small strain,6,1,ready_with_json_contract,3,io_open;io_read,blocked,missing_ddsdde_extraction_point,"DDSDDE assignment is not covered by an old tangent replacement region: DDSDDE(1,1)=C_sam(1,1,1,1); DDSDDE assignment is not covered by an old tangent replacement region: DDSDDE(1,2)=C_sam(1,1,2,2); DDSDDE assignment is not covered by an old tangent replacement region: DDSDDE(1,3)=C_sam(1,1,3,3); DDS",,,,0.1
zning8251-jpg__ufc-fem-kernel/docs/02_Developer_Guide/Legacy_Adapters_Reference/Adapters/Material/Adapters/UMAT_Adapter.f90,Adapters,2945,56,free,small strain,6,1,needs_json_completion,1,,anchors_not_located,missing_ddsdde_extraction_point,missing_ddsdde_extraction_point; missing_real_output_extraction_point; missing_stress_update_region; missing_stress_update_regions,,,,0.01
zning8251-jpg__ufc-fem-kernel/docs/02_Developer_Guide/Legacy_Adapters_Reference/Adapters/Material/UMAT_Adapter.f90,Material,11618,290,free,finite,6,1,needs_json_completion,1,module_use,anchors_not_located,selected_routine_is_not_an_abaqus_umat,selected_routine_is_not_an_abaqus_umat,,,,0.06
zning8251-jpg__ufc-fem-kernel/tests/TEST_PH_Mat_UMAT.f90,tests,19294,492,free,,,,,9,io_write;module_use,not_a_umat,not_a_umat,the scanner finds no UMAT subroutine in this file,,,,0.03
zning8251-jpg__ufc-fem-kernel/ufc_core/L6_AP/Input/Script/AP_InpScript_User.f90,Script,16114,363,free,,,,,3,io_read;io_write;module_use,not_a_umat,not_a_umat,the scanner finds no UMAT subroutine in this file,,,,0.02
zorkzou__UniMoVib/src/math.f90,src,27278,937,free,small strain,6,3,needs_json_completion,33,data;io_write;save,anchors_not_located,selected_routine_is_not_an_abaqus_umat,selected_routine_is_not_an_abaqus_umat,,,,0.18
