repository,commit,license_spdx,license_class,license_evidence,path,bytes,content_sha256,code_only_sha256,outcome,reason,found_by,cached_as,decks
jpsferreira/abaqus-material-lab,,,,no LICENSE file detected by the GitHub API,,0,,,licence_absent,"no licence is declared, so nothing may be redistributed from it; a repository without a LICENSE file is refused, not assumed permissive; recorded and not fetched",subroutine_umat_fortran,,
Junyi88/SubroutineVault,,,,no LICENSE file detected by the GitHub API,,0,,,licence_absent,"no licence is declared, so nothing may be redistributed from it; a repository without a LICENSE file is refused, not assumed permissive; recorded and not fetched",subroutine_umat_fortran,,
Jeff97/Programming-Plane-Strain-Plates-through-Growth-Under-Body-Forces,17bf545d89abeef313a6bb7f7736c18d3b12eb43,Apache-2.0,permissive,LICENSE (SPDX Apache-2.0 via the GitHub licence API),Examples-In-Section-3/ArcDown/Th001/BodyForce-Growth-2Stages.for,19416,a2851ea9e209060d6ea3dc26b02cc1700f93e40987781e7a2a5bfac47be09f8c,82a5591693a3ef4cc13a97eebbefe887c6431052914edc3faaa67cc1b49f7b50,already_known,"the same implementation as discovery_cache/Jeff97__Programming-Plane-Strain-Plates-through-Growth-Under-Body-Forces/Examples-In-Section-3/ArcDown/Th001/BodyForce-Growth-2Stages.for, which this collection already counts",subroutine_umat_fortran,,
Jeff97/Programming-Plane-Strain-Plates-through-Growth-Under-Body-Forces,17bf545d89abeef313a6bb7f7736c18d3b12eb43,Apache-2.0,permissive,LICENSE (SPDX Apache-2.0 via the GitHub licence API),Examples-In-Section-3/ArcDown/Th001/PureGravity.for,18617,9cbba62d35cd1520cf039c54bc19045d1cd11eff713e419837c32cc87dfcf22d,a4fa5421c31ef3ed75139688a049d19fc6f5e6805d4d88a2910f5f0ab7844065,already_known,"the same implementation as discovery_cache/Jeff97__Programming-Plane-Strain-Plates-through-Growth-Under-Body-Forces/Examples-In-Section-3/ArcDown/Th001/PureGravity.for, which this collection already counts",subroutine_umat_fortran,,
Jeff97/Programming-Plane-Strain-Plates-through-Growth-Under-Body-Forces,17bf545d89abeef313a6bb7f7736c18d3b12eb43,Apache-2.0,permissive,LICENSE (SPDX Apache-2.0 via the GitHub licence API),Examples-In-Section-3/ArcDown/Th001/PureGrowth.for,18499,63217b80a2f26ea7078ff0c500f0e0bca5442b66a7525d34b91d12a542a83e85,a53ebac05c195fd00a546fe0bbdb3a17f4ec01b5fa36a5761da0b8c839970624,already_known,"the same implementation as discovery_cache/Jeff97__Programming-Plane-Strain-Plates-through-Growth-Under-Body-Forces/Examples-In-Section-3/ArcDown/Th001/PureGrowth.for, which this collection already counts",subroutine_umat_fortran,,
Jeff97/Programming-Plane-Strain-Plates-through-Growth-Under-Body-Forces,17bf545d89abeef313a6bb7f7736c18d3b12eb43,Apache-2.0,permissive,LICENSE (SPDX Apache-2.0 via the GitHub licence API),Examples-In-Section-3/ArcDown/Th002/BodyForce-Growth-2Stages.for,19424,4b4698424bf5585575c4918c365c822d5a823dba219e95d5d28edbfe0ac5c0ef,1946f0e45a5da1787ea64e68f6a58e7c03517579b6215a054485687de95e2328,already_known,"the same implementation as discovery_cache/Jeff97__Programming-Plane-Strain-Plates-through-Growth-Under-Body-Forces/Examples-In-Section-3/ArcDown/Th002/BodyForce-Growth-2Stages.for, which this collection already counts",subroutine_umat_fortran,,
Jeff97/Programming-Plane-Strain-Plates-through-Growth-Under-Body-Forces,17bf545d89abeef313a6bb7f7736c18d3b12eb43,Apache-2.0,permissive,LICENSE (SPDX Apache-2.0 via the GitHub licence API),Examples-In-Section-3/ArcDown/Th002/PureGravity.for,18616,8361c22ac2b657e725b68d5d0242e3ef955f325e6e06306a2f6eb6f40d04964e,4ee04d7d92cba4944d05c00dadf885223f53946a8ab9769deafe26390b674053,already_known,"the same implementation as discovery_cache/Jeff97__Programming-Plane-Strain-Plates-through-Growth-Under-Body-Forces/Examples-In-Section-3/ArcDown/Th002/PureGravity.for, which this collection already counts",subroutine_umat_fortran,,
Jeff97/Programming-Plane-Strain-Plates-through-Growth-Under-Body-Forces,17bf545d89abeef313a6bb7f7736c18d3b12eb43,Apache-2.0,permissive,LICENSE (SPDX Apache-2.0 via the GitHub licence API),Examples-In-Section-3/ArcDown/Th002/PureGrowth.for,18498,9f8a7f989c686d82986334f5fae5970eda9a936971fed08ba64e0e1d20941961,7c74f0e726f2ab76afeb9751de692409c104eff821ffd44f9c0ee3752a7917ec,already_known,"the same implementation as discovery_cache/Jeff97__Programming-Plane-Strain-Plates-through-Growth-Under-Body-Forces/Examples-In-Section-3/ArcDown/Th002/PureGrowth.for, which this collection already counts",subroutine_umat_fortran,,
Jeff97/Programming-Plane-Strain-Plates-through-Growth-Under-Body-Forces,17bf545d89abeef313a6bb7f7736c18d3b12eb43,Apache-2.0,permissive,LICENSE (SPDX Apache-2.0 via the GitHub licence API),Examples-In-Section-3/ArcDown/Th005-Visualization/BodyForce-Growth-2Stages.for,19278,9fd34b9069b72ecf7e8c0bae6f7f8c0ac49773eb461287dc382b5343afcfe21a,ae865b84f975ad2c649f40ee04337e929209215d0ee96d3056dce732b1a46dc1,already_known,"the same implementation as discovery_cache/Jeff97__Programming-Plane-Strain-Plates-through-Growth-Under-Body-Forces/Examples-In-Section-3/ArcDown/Th005-Visualization/BodyForce-Growth-2Stages.for, which this collection already counts",subroutine_umat_fortran,,
Jeff97/Programming-Plane-Strain-Plates-through-Growth-Under-Body-Forces,17bf545d89abeef313a6bb7f7736c18d3b12eb43,Apache-2.0,permissive,LICENSE (SPDX Apache-2.0 via the GitHub licence API),Examples-In-Section-3/ArcDown/Th005/BodyForce-Growth-2Stages.for,19417,45cdc0698e044dc726c10637b9263297007d7520cd6f24d5c8dc3d51cde597e2,2045b90f1ec64e7a282467d1e0a94654d7273f230378b9a3f45a71466bcaefd0,already_known,"the same implementation as discovery_cache/Jeff97__Programming-Plane-Strain-Plates-through-Growth-Under-Body-Forces/Examples-In-Section-3/ArcDown/Th005/BodyForce-Growth-2Stages.for, which this collection already counts",subroutine_umat_fortran,,
Jeff97/Programming-Plane-Strain-Plates-through-Growth-Under-Body-Forces,17bf545d89abeef313a6bb7f7736c18d3b12eb43,Apache-2.0,permissive,LICENSE (SPDX Apache-2.0 via the GitHub licence API),Examples-In-Section-3/ArcDown/Th005/PureGravity.for,18617,e26f57c0e06da41b10e9f4f85ed144e7a418db91013a0a5f8cf26f2ceb24b40d,2805bba4a230cb2698e7c496f1469a68f6ea817f515540117363381e95516fef,already_known,"the same implementation as discovery_cache/Jeff97__Programming-Plane-Strain-Plates-through-Growth-Under-Body-Forces/Examples-In-Section-3/Flat/Th005/PureGravity.for, which this collection already counts",subroutine_umat_fortran,,
Jeff97/Programming-Plane-Strain-Plates-through-Growth-Under-Body-Forces,17bf545d89abeef313a6bb7f7736c18d3b12eb43,Apache-2.0,permissive,LICENSE (SPDX Apache-2.0 via the GitHub licence API),Examples-In-Section-3/ArcDown/Th005/PureGrowth.for,18499,3a543add3e5b26c87f1b7ae4e41f0cfcc622721310996c3a64c3c10c43618e8f,e18caff71cc1dddbf732e06cde7d46039a2c1f1d2d52026a956b391a56e08f4f,already_known,"the same implementation as discovery_cache/Jeff97__Programming-Plane-Strain-Plates-through-Growth-Under-Body-Forces/Examples-In-Section-3/ArcDown/Th005/PureGrowth.for, which this collection already counts",subroutine_umat_fortran,,
Jeff97/Programming-Plane-Strain-Plates-through-Growth-Under-Body-Forces,17bf545d89abeef313a6bb7f7736c18d3b12eb43,Apache-2.0,permissive,LICENSE (SPDX Apache-2.0 via the GitHub licence API),Examples-In-Section-3/ArcDown/Th01/PureGravity.for,18616,efe72e372289a721a5325781d1278a8ef9d05663b998d9066ee288ddd68ff45b,8fe2d61c59eea43a7e8471b2bb5d1067c2b630595d322534cf21c3f9496f84d2,already_known,"the same implementation as discovery_cache/Jeff97__Programming-Plane-Strain-Plates-through-Growth-Under-Body-Forces/Examples-In-Section-3/ArcDown/Th01/PureGravity.for, which this collection already counts",subroutine_umat_fortran,,
Jeff97/Programming-Plane-Strain-Plates-through-Growth-Under-Body-Forces,17bf545d89abeef313a6bb7f7736c18d3b12eb43,Apache-2.0,permissive,LICENSE (SPDX Apache-2.0 via the GitHub licence API),Examples-In-Section-3/ArcDown/Th01/PureGrowth.for,18498,0a5ee3dc35ec521ea67106fb079832ab0c65acf0deaae475e9b9b07ceb3fef21,aa575d8c75f98ce80a02f277d379f253c873e0e1a30aec4903058c6c06f25910,already_known,"the same implementation as discovery_cache/Jeff97__Programming-Plane-Strain-Plates-through-Growth-Under-Body-Forces/Examples-In-Section-3/ArcDown/Th01/PureGrowth.for, which this collection already counts",subroutine_umat_fortran,,
Jeff97/Programming-Plane-Strain-Plates-through-Growth-Under-Body-Forces,17bf545d89abeef313a6bb7f7736c18d3b12eb43,Apache-2.0,permissive,LICENSE (SPDX Apache-2.0 via the GitHub licence API),Examples-In-Section-3/ArcUp/Th001/BodyForce-Growth-2Stages.for,19531,ea09a4d82dcd5cdbe093bb30bc28719fe5082a7033132cfa3fb25dfc4cfcf2a1,d5a2b092d8d587fb216b3a7b14838db8d3d7393b06104aa87c40500c9a43f202,already_known,"the same implementation as discovery_cache/Jeff97__Programming-Plane-Strain-Plates-through-Growth-Under-Body-Forces/Examples-In-Section-3/ArcUp/Th001/BodyForce-Growth-2Stages.for, which this collection already counts",subroutine_umat_fortran,,
Jeff97/Programming-Plane-Strain-Plates-through-Growth-Under-Body-Forces,17bf545d89abeef313a6bb7f7736c18d3b12eb43,Apache-2.0,permissive,LICENSE (SPDX Apache-2.0 via the GitHub licence API),Examples-In-Section-3/ArcUp/Th001/PureGrowth.for,18500,f8c36f0ede1b4ec5c86779105989fc576f54763cc3a625b0fc10a8997ea390a8,8f94a97372690ffb114298c2183ddc46e936bf108bb70433067142694c37f1e0,already_known,"the same implementation as discovery_cache/Jeff97__Programming-Plane-Strain-Plates-through-Growth-Under-Body-Forces/Examples-In-Section-3/ArcUp/Th001/PureGrowth.for, which this collection already counts",subroutine_umat_fortran,,
Jeff97/Programming-Plane-Strain-Plates-through-Growth-Under-Body-Forces,17bf545d89abeef313a6bb7f7736c18d3b12eb43,Apache-2.0,permissive,LICENSE (SPDX Apache-2.0 via the GitHub licence API),Examples-In-Section-3/ArcUp/Th002/PureGravity.for,18616,8361c22ac2b657e725b68d5d0242e3ef955f325e6e06306a2f6eb6f40d04964e,4ee04d7d92cba4944d05c00dadf885223f53946a8ab9769deafe26390b674053,already_known,"the same implementation as discovery_cache/Jeff97__Programming-Plane-Strain-Plates-through-Growth-Under-Body-Forces/Examples-In-Section-3/ArcDown/Th002/PureGravity.for, which this collection already counts",subroutine_umat_fortran,,
Jeff97/Programming-Plane-Strain-Plates-through-Growth-Under-Body-Forces,17bf545d89abeef313a6bb7f7736c18d3b12eb43,Apache-2.0,permissive,LICENSE (SPDX Apache-2.0 via the GitHub licence API),Examples-In-Section-3/ArcUp/Th002/PureGrowth.for,18499,8e0751e8b4fc43b9c3d762a9886ee04830d067413491704c1883fa0080087522,6f3d11a413761fe84f13b2aeb33123d6e26204fd46fd3b904dad6cf27d521d3b,already_known,"the same implementation as discovery_cache/Jeff97__Programming-Plane-Strain-Plates-through-Growth-Under-Body-Forces/Examples-In-Section-3/ArcUp/Th002/PureGrowth.for, which this collection already counts",subroutine_umat_fortran,,
Jeff97/Programming-Plane-Strain-Plates-through-Growth-Under-Body-Forces,17bf545d89abeef313a6bb7f7736c18d3b12eb43,Apache-2.0,permissive,LICENSE (SPDX Apache-2.0 via the GitHub licence API),Examples-In-Section-3/ArcUp/Th005-Visualization/BodyForce-Growth-2Stages.for,19374,b7c3389ec1813f3ee3cea86fc1aa5515bda3b9a8137be463387a129a24636809,b5dcb0896b1e280b4d50ae28be41416e7f3d2b96375508b1d671cd1d6ad3c992,already_known,"the same implementation as discovery_cache/Jeff97__Programming-Plane-Strain-Plates-through-Growth-Under-Body-Forces/Examples-In-Section-3/ArcUp/Th005-Visualization/BodyForce-Growth-2Stages.for, which this collection already counts",subroutine_umat_fortran,,
Jeff97/Programming-Plane-Strain-Plates-through-Growth-Under-Body-Forces,17bf545d89abeef313a6bb7f7736c18d3b12eb43,Apache-2.0,permissive,LICENSE (SPDX Apache-2.0 via the GitHub licence API),Examples-In-Section-3/ArcUp/Th005/BodyForce-Growth-2Stages.for,19532,b918bddf5a8d9a67d97d478c76f6c8f2126fc535afd242afd3f131ebdbe351db,c84fe375d6cc9f69bd70076c5f10a45ba685f603d1b70c4e30798bccb284a9fc,already_known,"the same implementation as discovery_cache/Jeff97__Programming-Plane-Strain-Plates-through-Growth-Under-Body-Forces/Examples-In-Section-3/ArcUp/Th005/BodyForce-Growth-2Stages.for, which this collection already counts",subroutine_umat_fortran,,
Jeff97/Programming-Plane-Strain-Plates-through-Growth-Under-Body-Forces,17bf545d89abeef313a6bb7f7736c18d3b12eb43,Apache-2.0,permissive,LICENSE (SPDX Apache-2.0 via the GitHub licence API),Examples-In-Section-3/ArcUp/Th01/BodyForce-Growth-2Stages.for,19476,1b94fe60991c9b4e51e0d4fbc28fc89e3d13cc4ed020ffa8a63403cb9a1c7a1e,20fccd82106774c126069b2ea66dbd1e1f553da15c0e7c8d020c0cb0e572fdcf,already_known,"the same implementation as discovery_cache/Jeff97__Programming-Plane-Strain-Plates-through-Growth-Under-Body-Forces/Examples-In-Section-3/ArcUp/Th01/BodyForce-Growth-2Stages.for, which this collection already counts",subroutine_umat_fortran,,
Jeff97/Programming-Plane-Strain-Plates-through-Growth-Under-Body-Forces,17bf545d89abeef313a6bb7f7736c18d3b12eb43,Apache-2.0,permissive,LICENSE (SPDX Apache-2.0 via the GitHub licence API),Examples-In-Section-3/ArcUp/Th01/PureGravity.for,18616,efe72e372289a721a5325781d1278a8ef9d05663b998d9066ee288ddd68ff45b,8fe2d61c59eea43a7e8471b2bb5d1067c2b630595d322534cf21c3f9496f84d2,already_known,"the same implementation as discovery_cache/Jeff97__Programming-Plane-Strain-Plates-through-Growth-Under-Body-Forces/Examples-In-Section-3/ArcDown/Th01/PureGravity.for, which this collection already counts",subroutine_umat_fortran,,
Jeff97/Programming-Plane-Strain-Plates-through-Growth-Under-Body-Forces,17bf545d89abeef313a6bb7f7736c18d3b12eb43,Apache-2.0,permissive,LICENSE (SPDX Apache-2.0 via the GitHub licence API),Examples-In-Section-3/ArcUp/Th01/PureGrowth.for,18499,b69b7e8c30da3af3bf0b8ef2081c04e4b62390d3d29ee08ca31b600cc6fe0eed,e3acfc77049668856dceac86789a9b902d1d39b85becfa581b47728eb5a02845,already_known,"the same implementation as discovery_cache/Jeff97__Programming-Plane-Strain-Plates-through-Growth-Under-Body-Forces/Examples-In-Section-3/ArcUp/Th01/PureGrowth.for, which this collection already counts",subroutine_umat_fortran,,
Jeff97/Programming-Plane-Strain-Plates-through-Growth-Under-Body-Forces,17bf545d89abeef313a6bb7f7736c18d3b12eb43,Apache-2.0,permissive,LICENSE (SPDX Apache-2.0 via the GitHub licence API),Examples-In-Section-3/Flat/Th001/BodyForce-Growth-2Stages.for,19084,d5dab812dbe0bea257e4321b4864390beb0e9a9704f911878f49053e485cc7fe,9b902dccbe34edaa4c176fb04f4c944b128f9b5f620c160a5b2dca71c2e79848,already_known,"the same implementation as discovery_cache/Jeff97__Programming-Plane-Strain-Plates-through-Growth-Under-Body-Forces/Examples-In-Section-3/Flat/Th001/BodyForce-Growth-2Stages.for, which this collection already counts",subroutine_umat_fortran,,
Jeff97/Programming-Plane-Strain-Plates-through-Growth-Under-Body-Forces,17bf545d89abeef313a6bb7f7736c18d3b12eb43,Apache-2.0,permissive,LICENSE (SPDX Apache-2.0 via the GitHub licence API),Examples-In-Section-3/Flat/Th001/PureGrowth.for,18498,5661064dbd6efcc3df7845e1396170555d598dfdcf548461054677d1acaf75d1,801bcb917d2b56d73661bec92c36c36b0f64faecc8a35a821ff99051126722b4,already_known,"the same implementation as discovery_cache/Jeff97__Programming-Plane-Strain-Plates-through-Growth-Under-Body-Forces/Examples-In-Section-3/Flat/Th001/PureGrowth.for, which this collection already counts",subroutine_umat_fortran,,
Jeff97/Programming-Plane-Strain-Plates-through-Growth-Under-Body-Forces,17bf545d89abeef313a6bb7f7736c18d3b12eb43,Apache-2.0,permissive,LICENSE (SPDX Apache-2.0 via the GitHub licence API),Examples-In-Section-3/Flat/Th002/PureGravity.for,18616,8361c22ac2b657e725b68d5d0242e3ef955f325e6e06306a2f6eb6f40d04964e,4ee04d7d92cba4944d05c00dadf885223f53946a8ab9769deafe26390b674053,already_known,"the same implementation as discovery_cache/Jeff97__Programming-Plane-Strain-Plates-through-Growth-Under-Body-Forces/Examples-In-Section-3/ArcDown/Th002/PureGravity.for, which this collection already counts",subroutine_umat_fortran,,
Jeff97/Programming-Plane-Strain-Plates-through-Growth-Under-Body-Forces,17bf545d89abeef313a6bb7f7736c18d3b12eb43,Apache-2.0,permissive,LICENSE (SPDX Apache-2.0 via the GitHub licence API),Examples-In-Section-3/Flat/Th002/PureGrowth.for,18497,ee40c6f10972b92e767357f2a705e30619eab85c3eb36e1d05668967cab27b73,7c510bbb9deb29dbaaaae8810df5df9b10915760dbd3e275972c84de8398dd44,already_known,"the same implementation as discovery_cache/Jeff97__Programming-Plane-Strain-Plates-through-Growth-Under-Body-Forces/Examples-In-Section-3/Flat/Th002/PureGrowth.for, which this collection already counts",subroutine_umat_fortran,,
Jeff97/Programming-Plane-Strain-Plates-through-Growth-Under-Body-Forces,17bf545d89abeef313a6bb7f7736c18d3b12eb43,Apache-2.0,permissive,LICENSE (SPDX Apache-2.0 via the GitHub licence API),Examples-In-Section-3/Flat/Th005-Visualization/BodyForce-Growth-2Stages.for,19091,db9c188c43a9caeb11f39f8fcfe5ffa93dfa73bedf9250a2687317d69f89e030,0c96dd1a053133128cfa8a2699a80078559ee8f113e55bc5e6a3139320e566ae,already_known,"the same implementation as discovery_cache/Jeff97__Programming-Plane-Strain-Plates-through-Growth-Under-Body-Forces/Examples-In-Section-3/Flat/Th005-Visualization/BodyForce-Growth-2Stages.for, which this collection already counts",subroutine_umat_fortran,,
Jeff97/Programming-Plane-Strain-Plates-through-Growth-Under-Body-Forces,17bf545d89abeef313a6bb7f7736c18d3b12eb43,Apache-2.0,permissive,LICENSE (SPDX Apache-2.0 via the GitHub licence API),Examples-In-Section-3/Flat/Th005/BodyForce-Growth-2Stages.for,19085,ca4fff30dcfce02e9034133882b205d7f9413755791ee68c2b47a6da54a87561,851c94edfef528b4738d250ddec4ec332d79e0d6904e2cbb834c9acf693ff079,already_known,"the same implementation as discovery_cache/Jeff97__Programming-Plane-Strain-Plates-through-Growth-Under-Body-Forces/Examples-In-Section-3/Flat/Th005/BodyForce-Growth-2Stages.for, which this collection already counts",subroutine_umat_fortran,,
Jeff97/Programming-Plane-Strain-Plates-through-Growth-Under-Body-Forces,17bf545d89abeef313a6bb7f7736c18d3b12eb43,Apache-2.0,permissive,LICENSE (SPDX Apache-2.0 via the GitHub licence API),Examples-In-Section-3/Flat/Th005/PureGravity.for,18617,e26f57c0e06da41b10e9f4f85ed144e7a418db91013a0a5f8cf26f2ceb24b40d,2805bba4a230cb2698e7c496f1469a68f6ea817f515540117363381e95516fef,already_known,"the same implementation as discovery_cache/Jeff97__Programming-Plane-Strain-Plates-through-Growth-Under-Body-Forces/Examples-In-Section-3/Flat/Th005/PureGravity.for, which this collection already counts",subroutine_umat_fortran,,
Jeff97/Programming-Plane-Strain-Plates-through-Growth-Under-Body-Forces,17bf545d89abeef313a6bb7f7736c18d3b12eb43,Apache-2.0,permissive,LICENSE (SPDX Apache-2.0 via the GitHub licence API),Examples-In-Section-3/Flat/Th005/PureGrowth.for,18498,9c5f0dffdc69b54d5de66e4203ce91d30f329093e580d9cb316f8932fb4cfbab,2788a1a3f5aa417e7503d5f46cfe8d95d6b962d611392e814feca5d46aa83bb4,already_known,"the same implementation as discovery_cache/Jeff97__Programming-Plane-Strain-Plates-through-Growth-Under-Body-Forces/Examples-In-Section-3/Flat/Th005/PureGrowth.for, which this collection already counts",subroutine_umat_fortran,,
Jeff97/Programming-Plane-Strain-Plates-through-Growth-Under-Body-Forces,17bf545d89abeef313a6bb7f7736c18d3b12eb43,Apache-2.0,permissive,LICENSE (SPDX Apache-2.0 via the GitHub licence API),Examples-In-Section-3/Flat/Th01/PureGravity.for,18616,efe72e372289a721a5325781d1278a8ef9d05663b998d9066ee288ddd68ff45b,8fe2d61c59eea43a7e8471b2bb5d1067c2b630595d322534cf21c3f9496f84d2,already_known,"the same implementation as discovery_cache/Jeff97__Programming-Plane-Strain-Plates-through-Growth-Under-Body-Forces/Examples-In-Section-3/ArcDown/Th01/PureGravity.for, which this collection already counts",subroutine_umat_fortran,,
Jeff97/Programming-Plane-Strain-Plates-through-Growth-Under-Body-Forces,17bf545d89abeef313a6bb7f7736c18d3b12eb43,Apache-2.0,permissive,LICENSE (SPDX Apache-2.0 via the GitHub licence API),Examples-In-Section-3/HelixUp/Th001/BodyForce-Growth-2Stages.for,22946,c9bfa41cb59101625771cceaa327632c3576611567d643b8d439f0bf86a27be4,e7cb2cee7eeee91e3ffd72e9367835bc869d5c0b2eee2eac5a7653e4b3518d4b,candidate,"distinct, licensed Apache-2.0 (permissive), declares a UMAT entry point; not yet transformed or verified",subroutine_umat_fortran,Jeff97__Programming-Plane-Strain-Plates-through-Growth-Under-Body-Forces/Examples-In-Section-3/HelixUp/Th001/BodyForce-Growth-2Stages.for,Examples-In-Section-3/HelixUp/Th001/Beam-Gravity-C0-100MPa.inp;Examples-In-Section-3/HelixUp/Th001/Beam-Gravity-C0-10MPa.inp;Examples-In-Section-3/HelixUp/Th001/Beam-Gravity-C0-1MPa.inp;Examples-In-Section-3/HelixUp/Th001/Beam-Gravity-C0-25MPa.inp;Examples-In-Section-3/HelixUp/Th001/Beam-Gravity-C0-50MPa.inp;Examples-In-Section-3/HelixUp/Th001/Beam-Gravity-C0-5MPa.inp;Examples-In-Section-3/HelixUp/Th001/Beam-Gravity-Growth-C0-100MPa.inp;Examples-In-Section-3/HelixUp/Th001/Beam-Gravity-Growth-C0-10MPa.inp
Jeff97/Programming-Plane-Strain-Plates-through-Growth-Under-Body-Forces,17bf545d89abeef313a6bb7f7736c18d3b12eb43,Apache-2.0,permissive,LICENSE (SPDX Apache-2.0 via the GitHub licence API),Examples-In-Section-3/HelixUp/Th001/PureGravity.for,18690,bfbf287e0c54694d897450e296fa56012d788b9a2ada11fac6eb1bce2b7b5ee0,d927c64528effa6c93d62bb6a6420fd0a46839f23b6aeddb3325a42839d084fa,already_known,"the same implementation as discovery_cache/Jeff97__Programming-Plane-Strain-Plates-through-Growth-Under-Body-Forces/Examples-In-Section-3/HelixUp/Th001/PureGravity.for, which this collection already counts",subroutine_umat_fortran,,
Jeff97/Programming-Plane-Strain-Plates-through-Growth-Under-Body-Forces,17bf545d89abeef313a6bb7f7736c18d3b12eb43,Apache-2.0,permissive,LICENSE (SPDX Apache-2.0 via the GitHub licence API),Examples-In-Section-3/HelixUp/Th002/BodyForce-Growth-2Stages.for,22889,b147e48fe036ade910845f521f26474c60fbfdf83bc014456936a5e5a2e1f9bd,70debbd83f67f3c333a8138cb273efbd32f9e426338594c4296815a3f80a624b,already_known,"the same implementation as discovery_cache/Jeff97__Programming-Plane-Strain-Plates-through-Growth-Under-Body-Forces/Examples-In-Section-3/HelixUp/Th002/BodyForce-Growth-2Stages.for, which this collection already counts",subroutine_umat_fortran,,
Jeff97/Programming-Plane-Strain-Plates-through-Growth-Under-Body-Forces,17bf545d89abeef313a6bb7f7736c18d3b12eb43,Apache-2.0,permissive,LICENSE (SPDX Apache-2.0 via the GitHub licence API),Examples-In-Section-3/HelixUp/Th002/PureGravity.for,18689,c32a7827999f8a1833e2aea0872bab092ede6480c2d29027b87f9f8d68459434,f92eadd094316ea6231ed18d6e072fe882824b00660f0b625d5b3c8a05890ef8,candidate,"distinct, licensed Apache-2.0 (permissive), declares a UMAT entry point; not yet transformed or verified",subroutine_umat_fortran,Jeff97__Programming-Plane-Strain-Plates-through-Growth-Under-Body-Forces/Examples-In-Section-3/HelixUp/Th002/PureGravity.for,Examples-In-Section-3/HelixUp/Th002/Beam-Gravity-C0-100MPa.inp;Examples-In-Section-3/HelixUp/Th002/Beam-Gravity-C0-10MPa.inp;Examples-In-Section-3/HelixUp/Th002/Beam-Gravity-C0-1MPa.inp;Examples-In-Section-3/HelixUp/Th002/Beam-Gravity-C0-25MPa.inp;Examples-In-Section-3/HelixUp/Th002/Beam-Gravity-C0-50MPa.inp;Examples-In-Section-3/HelixUp/Th002/Beam-Gravity-C0-5MPa.inp;Examples-In-Section-3/HelixUp/Th002/Beam-Gravity-Growth-C0-100MPa.inp;Examples-In-Section-3/HelixUp/Th002/Beam-Gravity-Growth-C0-10MPa.inp
Jeff97/Programming-Plane-Strain-Plates-through-Growth-Under-Body-Forces,17bf545d89abeef313a6bb7f7736c18d3b12eb43,Apache-2.0,permissive,LICENSE (SPDX Apache-2.0 via the GitHub licence API),Examples-In-Section-3/HelixUp/Th002/PureGrowth.for,18570,3951f07689ec507f1dc758fb95f7d6d94726a91340854aa16f9a13798e22bb67,02ae614b2b2e11db14ba83c0e40513ca5f44746fc7bd26e3dac00e2164fcf02a,candidate,"distinct, licensed Apache-2.0 (permissive), declares a UMAT entry point; not yet transformed or verified",subroutine_umat_fortran,Jeff97__Programming-Plane-Strain-Plates-through-Growth-Under-Body-Forces/Examples-In-Section-3/HelixUp/Th002/PureGrowth.for,Examples-In-Section-3/HelixUp/Th002/Beam-Gravity-C0-100MPa.inp;Examples-In-Section-3/HelixUp/Th002/Beam-Gravity-C0-10MPa.inp;Examples-In-Section-3/HelixUp/Th002/Beam-Gravity-C0-1MPa.inp;Examples-In-Section-3/HelixUp/Th002/Beam-Gravity-C0-25MPa.inp;Examples-In-Section-3/HelixUp/Th002/Beam-Gravity-C0-50MPa.inp;Examples-In-Section-3/HelixUp/Th002/Beam-Gravity-C0-5MPa.inp;Examples-In-Section-3/HelixUp/Th002/Beam-Gravity-Growth-C0-100MPa.inp;Examples-In-Section-3/HelixUp/Th002/Beam-Gravity-Growth-C0-10MPa.inp
Jeff97/Programming-Plane-Strain-Plates-through-Growth-Under-Body-Forces,17bf545d89abeef313a6bb7f7736c18d3b12eb43,Apache-2.0,permissive,LICENSE (SPDX Apache-2.0 via the GitHub licence API),Examples-In-Section-3/HelixUp/Th005/BodyForce-Growth-2Stages.for,22876,119ce317a6f212c59e0f7ce3e68ed0fcc3a997a5572272d2302f5fa3b9a26e9c,ab4c7e30925adfb13619acf70f72b27e29cea9a9e33ccdc6c8a03103b428174d,candidate,"distinct, licensed Apache-2.0 (permissive), declares a UMAT entry point; not yet transformed or verified",subroutine_umat_fortran,Jeff97__Programming-Plane-Strain-Plates-through-Growth-Under-Body-Forces/Examples-In-Section-3/HelixUp/Th005/BodyForce-Growth-2Stages.for,Examples-In-Section-3/HelixUp/Th005/Beam-Gravity-C0-100MPa.inp;Examples-In-Section-3/HelixUp/Th005/Beam-Gravity-C0-10MPa.inp;Examples-In-Section-3/HelixUp/Th005/Beam-Gravity-C0-1MPa.inp;Examples-In-Section-3/HelixUp/Th005/Beam-Gravity-C0-25MPa.inp;Examples-In-Section-3/HelixUp/Th005/Beam-Gravity-C0-50MPa.inp;Examples-In-Section-3/HelixUp/Th005/Beam-Gravity-C0-5MPa.inp;Examples-In-Section-3/HelixUp/Th005/Beam-Gravity-Growth-C0-100MPa.inp;Examples-In-Section-3/HelixUp/Th005/Beam-Gravity-Growth-C0-10MPa.inp
Jeff97/Programming-Plane-Strain-Plates-through-Growth-Under-Body-Forces,17bf545d89abeef313a6bb7f7736c18d3b12eb43,Apache-2.0,permissive,LICENSE (SPDX Apache-2.0 via the GitHub licence API),Examples-In-Section-3/HelixUp/Th005/PureGravity.for,18690,b249c104ceeb3f6363aa7abdb52d2ac0c0154771199250d883d260a119ed08c9,f520708399cc4acda36e556d195b4512f1e4c4a6b98b0bffc7303584d7c3b454,candidate,"distinct, licensed Apache-2.0 (permissive), declares a UMAT entry point; not yet transformed or verified",subroutine_umat_fortran,Jeff97__Programming-Plane-Strain-Plates-through-Growth-Under-Body-Forces/Examples-In-Section-3/HelixUp/Th005/PureGravity.for,Examples-In-Section-3/HelixUp/Th005/Beam-Gravity-C0-100MPa.inp;Examples-In-Section-3/HelixUp/Th005/Beam-Gravity-C0-10MPa.inp;Examples-In-Section-3/HelixUp/Th005/Beam-Gravity-C0-1MPa.inp;Examples-In-Section-3/HelixUp/Th005/Beam-Gravity-C0-25MPa.inp;Examples-In-Section-3/HelixUp/Th005/Beam-Gravity-C0-50MPa.inp;Examples-In-Section-3/HelixUp/Th005/Beam-Gravity-C0-5MPa.inp;Examples-In-Section-3/HelixUp/Th005/Beam-Gravity-Growth-C0-100MPa.inp;Examples-In-Section-3/HelixUp/Th005/Beam-Gravity-Growth-C0-10MPa.inp
Jeff97/Programming-Plane-Strain-Plates-through-Growth-Under-Body-Forces,17bf545d89abeef313a6bb7f7736c18d3b12eb43,Apache-2.0,permissive,LICENSE (SPDX Apache-2.0 via the GitHub licence API),Examples-In-Section-3/HelixUp/Th005/PureGrowth.for,18571,e6cbf904771e68eba1ff2bf59cffa9640e33b05da18254a0c9785b80d13216b1,eb1be3bcf7a880e69f33429b885a9a57db77d26d1f905ac7305e30d00af40304,candidate,"distinct, licensed Apache-2.0 (permissive), declares a UMAT entry point; not yet transformed or verified",subroutine_umat_fortran,Jeff97__Programming-Plane-Strain-Plates-through-Growth-Under-Body-Forces/Examples-In-Section-3/HelixUp/Th005/PureGrowth.for,Examples-In-Section-3/HelixUp/Th005/Beam-Gravity-C0-100MPa.inp;Examples-In-Section-3/HelixUp/Th005/Beam-Gravity-C0-10MPa.inp;Examples-In-Section-3/HelixUp/Th005/Beam-Gravity-C0-1MPa.inp;Examples-In-Section-3/HelixUp/Th005/Beam-Gravity-C0-25MPa.inp;Examples-In-Section-3/HelixUp/Th005/Beam-Gravity-C0-50MPa.inp;Examples-In-Section-3/HelixUp/Th005/Beam-Gravity-C0-5MPa.inp;Examples-In-Section-3/HelixUp/Th005/Beam-Gravity-Growth-C0-100MPa.inp;Examples-In-Section-3/HelixUp/Th005/Beam-Gravity-Growth-C0-10MPa.inp
Jeff97/Programming-Plane-Strain-Plates-through-Growth-Under-Body-Forces,17bf545d89abeef313a6bb7f7736c18d3b12eb43,Apache-2.0,permissive,LICENSE (SPDX Apache-2.0 via the GitHub licence API),Examples-In-Section-3/HelixUp/Th01/BodyForce-Growth-2Stages.for,22947,c58be0cfbc3381ed5503359ce561b53433fe81e93c4e760cee32f05b9513d5eb,d01b7cbdb2a4a8b9deac65f0e8f42e9f33161acaa3c54d1135904f8a818929ba,already_known,"the same implementation as discovery_cache/Jeff97__Programming-Plane-Strain-Plates-through-Growth-Under-Body-Forces/Examples-In-Section-3/HelixUp/Th01/BodyForce-Growth-2Stages.for, which this collection already counts",subroutine_umat_fortran,,
Jeff97/Programming-Plane-Strain-Plates-through-Growth-Under-Body-Forces,17bf545d89abeef313a6bb7f7736c18d3b12eb43,Apache-2.0,permissive,LICENSE (SPDX Apache-2.0 via the GitHub licence API),Examples-In-Section-3/HelixUp/Th01/PureGravity.for,18689,852d430bf507ee94431ed25895fb9fe5cb094eba112410709d82dbdfec1e22df,2b49cf34368a4f92c2d96b18287488f4fb9f00bd8c7177039d927d1de2c8076e,candidate,"distinct, licensed Apache-2.0 (permissive), declares a UMAT entry point; not yet transformed or verified",subroutine_umat_fortran,Jeff97__Programming-Plane-Strain-Plates-through-Growth-Under-Body-Forces/Examples-In-Section-3/HelixUp/Th01/PureGravity.for,Examples-In-Section-3/HelixUp/Th01/Beam-Gravity-C0-100MPa.inp;Examples-In-Section-3/HelixUp/Th01/Beam-Gravity-C0-10MPa.inp;Examples-In-Section-3/HelixUp/Th01/Beam-Gravity-C0-1MPa.inp;Examples-In-Section-3/HelixUp/Th01/Beam-Gravity-C0-25MPa.inp;Examples-In-Section-3/HelixUp/Th01/Beam-Gravity-C0-50MPa.inp;Examples-In-Section-3/HelixUp/Th01/Beam-Gravity-C0-5MPa.inp;Examples-In-Section-3/HelixUp/Th01/Beam-Gravity-Growth-C0-100MPa.inp;Examples-In-Section-3/HelixUp/Th01/Beam-Gravity-Growth-C0-10MPa.inp
Jeff97/Programming-Plane-Strain-Plates-through-Growth-Under-Body-Forces,17bf545d89abeef313a6bb7f7736c18d3b12eb43,Apache-2.0,permissive,LICENSE (SPDX Apache-2.0 via the GitHub licence API),,0,,,not_examined,stopped after 40 files from this repository; 73 not read,subroutine_umat_fortran,,
SpringNuance/Phase-Field-Case-Study-Notched-Plate,,,,no LICENSE file detected by the GitHub API,,0,,,licence_absent,"no licence is declared, so nothing may be redistributed from it; a repository without a LICENSE file is refused, not assumed permissive; recorded and not fetched",subroutine_umat_ddsdde,,
mrkearden/abaqus_umat,a17b506af8569ea7ce7b76875a091c8f86b82939,MIT,permissive,LICENSE.md (SPDX MIT via the GitHub licence API),ElasticSolve.F90,236954,7f85523db5196e0c339fff1fe83749165810f9bca6c907ad75aaf9159ff7d909,072ab29f2c4782af59b56e24c3389bb25c5ba2a606c728d9691363ff8e7d2a55,already_known,"the same implementation as discovery_cache/mrkearden__abaqus_umat/ElasticSolve.F90, which this collection already counts",subroutine_umat_fortran,,
mrkearden/abaqus_umat,a17b506af8569ea7ce7b76875a091c8f86b82939,MIT,permissive,LICENSE.md (SPDX MIT via the GitHub licence API),INPUT_FILES/UEL8_ECL_AXY.for,46174,adfe11a8783889c604fc584352778b6d1d2ecb8cfe97de109589bb82512b6eec,c44e434545ef44e243e7be0bc1de135c5eb67b7d08d5f5cc1393642d51a6733c,already_known,"the same implementation as discovery_cache/jgomezc1__ABAQUS-US/INPUT_FILES/UEL8_ECL_AXY.for, which this collection already counts",subroutine_umat_fortran,,
mrkearden/abaqus_umat,a17b506af8569ea7ce7b76875a091c8f86b82939,MIT,permissive,LICENSE.md (SPDX MIT via the GitHub licence API),PlasticSolve.F90,247501,f9476676ff544a0b059ae4e7c443798fb32a397eb989a72f40da4dc8acef7cf5,dec69ac3980d949bb588369248f7655fb4e2e1e270ba46072938311c1f73cff8,already_known,"the same implementation as discovery_cache/mrkearden__abaqus_umat/PlasticSolve.F90, which this collection already counts",subroutine_umat_fortran,,
mrkearden/abaqus_umat,a17b506af8569ea7ce7b76875a091c8f86b82939,MIT,permissive,LICENSE.md (SPDX MIT via the GitHub licence API),SAMPLE/UEL9_VPDCO.for,66219,110f713f249782382bf882becd4a9543a1b8d329987c0e912353a45618d881ff,3b4d56c411202b4e64532e3979ea720b5b7d605a70f95e1b6d631fe72423ba40,already_known,"the same implementation as discovery_cache/jgomezc1__ABAQUS-US/SAMPLE/UEL9_VPDCO.for, which this collection already counts",subroutine_umat_fortran,,
mrkearden/abaqus_umat,a17b506af8569ea7ce7b76875a091c8f86b82939,MIT,permissive,LICENSE.md (SPDX MIT via the GitHub licence API),UELS/UEL8_ECL.for,45194,e35e6aba4e958dcbe81f6220d0561ec4e14ccbf9860a901dcdec1016116bd44a,ba2412753181697e994249f938f0950ca851f8702b973ba09c4495f7edd07d55,already_known,"the same implementation as discovery_cache/jgomezc1__ABAQUS-US/UELS/UEL8_ECL.for, which this collection already counts",subroutine_umat_fortran,,
mrkearden/abaqus_umat,a17b506af8569ea7ce7b76875a091c8f86b82939,MIT,permissive,LICENSE.md (SPDX MIT via the GitHub licence API),UELS/UEL8_ECO.for,46010,6f633f05d329ab136ea277fe2e1f72eb535bb1d3fa7d46e3b5db383435e4ee57,b9cf6058aeae5161fc18058057a6af6d1811d9f918157ffdcc447adeb1bf6caf,already_known,"the same implementation as discovery_cache/jgomezc1__ABAQUS-US/UELS/UEL8_ECO.for, which this collection already counts",subroutine_umat_fortran,,
mrkearden/abaqus_umat,a17b506af8569ea7ce7b76875a091c8f86b82939,MIT,permissive,LICENSE.md (SPDX MIT via the GitHub licence API),UELS/UEL8_PCLI.for,50078,e414fea5cd6f0c9d07956557019162fb9c4c85a41d95bcf9f942180521c3603a,eb4ebe0975c73a1d0908fddce825e8af8e079ebfc377f58ca5ce0c19d579f689,already_known,"the same implementation as discovery_cache/jgomezc1__ABAQUS-US/UELS/UEL8_PCLI.for, which this collection already counts",subroutine_umat_fortran,,
mrkearden/abaqus_umat,a17b506af8569ea7ce7b76875a091c8f86b82939,MIT,permissive,LICENSE.md (SPDX MIT via the GitHub licence API),UELS/UEL8_PCLI_R.for,47010,2318905c7ce2d7fb2271eb94043c69646c6f47ce2e8f95f257deb4ae5f75c960,4b2c9ceebf30947bfe20085a7edb9331f93e40e8b7fa12561991c82b98963196,already_known,"the same implementation as discovery_cache/jgomezc1__ABAQUS-US/UELS/UEL8_PCLI_R.for, which this collection already counts",subroutine_umat_fortran,,
mrkearden/abaqus_umat,a17b506af8569ea7ce7b76875a091c8f86b82939,MIT,permissive,LICENSE.md (SPDX MIT via the GitHub licence API),UELS/UEL8_PCLK.for,53715,744fdfa5ccddfa74e12b46ab2178d736b33d548fed310ee8d256d2a30d0b0d41,eb08c4d6fd37f49758ab5fd9298a3c3a1849f7bc3ec5b9f3b0eac6ce77ef494e,already_known,"the same implementation as discovery_cache/jgomezc1__ABAQUS-US/UELS/UEL8_PCLK.for, which this collection already counts",subroutine_umat_fortran,,
mrkearden/abaqus_umat,a17b506af8569ea7ce7b76875a091c8f86b82939,MIT,permissive,LICENSE.md (SPDX MIT via the GitHub licence API),UELS/UEL8_PCOI.for,57884,b01651b9d5f62d37399feb4052cc7c3fad69cc876af4633ee2f8af85343396f9,3db782b44f96b32724177e52215e64d2b6bd164840eb9c3d0c1219d16c79e2e8,already_known,"the same implementation as discovery_cache/jgomezc1__ABAQUS-US/UELS/UEL8_PCOI.for, which this collection already counts",subroutine_umat_fortran,,
mrkearden/abaqus_umat,a17b506af8569ea7ce7b76875a091c8f86b82939,MIT,permissive,LICENSE.md (SPDX MIT via the GitHub licence API),UELS/UEL8_PCOR.for,54353,d9b28b5e6fce1392e82c03a790673402e7f13031dbc46307d083d93d7a848f6e,bbd6a3ab8b056ac2f972a65814f697f3904078c9dccc7367448acd09927842be,already_known,"the same implementation as discovery_cache/jgomezc1__ABAQUS-US/UELS/UEL8_PCOR.for, which this collection already counts",subroutine_umat_fortran,,
mrkearden/abaqus_umat,a17b506af8569ea7ce7b76875a091c8f86b82939,MIT,permissive,LICENSE.md (SPDX MIT via the GitHub licence API),UELS/UEL8_PCOR_KIN.for,56364,2ac40761ea6b9f1ec8c650c13a0846f2c7b7006876ef17a36dd7629a356e6a0f,7743ba1423fbb2db9942b4670a781ba0aec460150d57cc3eec76cd4d6703b80c,already_known,"the same implementation as discovery_cache/jgomezc1__ABAQUS-US/UELS/UEL8_PCOR_KIN.for, which this collection already counts",subroutine_umat_fortran,,
mrkearden/abaqus_umat,a17b506af8569ea7ce7b76875a091c8f86b82939,MIT,permissive,LICENSE.md (SPDX MIT via the GitHub licence API),UELS/UEL8_VPDCL.for,56822,41614152c0acb199836c3c3ff099a74b0ab70a6a198cf70f0c3c2be90aaf2e5a,ae02f73d2049a47ae535c0b4a45dfb8821dcdac7ab54097ac8c9d2cd95dbb8af,already_known,"the same implementation as discovery_cache/jgomezc1__ABAQUS-US/UELS/UEL8_VPDCL.for, which this collection already counts",subroutine_umat_fortran,,
mrkearden/abaqus_umat,a17b506af8569ea7ce7b76875a091c8f86b82939,MIT,permissive,LICENSE.md (SPDX MIT via the GitHub licence API),UELS/UEL8_VPDCO.for,61586,66e955998b861d952931ab528f1d08c646ce26f3cdc977f88811cfdf670877d7,0a5c2ba5e3ac61f4b3b6cd76f262d3321042b451a5771a5b3c03b99b0dbb8d3d,already_known,"the same implementation as discovery_cache/jgomezc1__ABAQUS-US/UELS/UEL8_VPDCO.for, which this collection already counts",subroutine_umat_fortran,,
mrkearden/abaqus_umat,a17b506af8569ea7ce7b76875a091c8f86b82939,MIT,permissive,LICENSE.md (SPDX MIT via the GitHub licence API),UELS/UEL9_ECL.for,44604,08a5b5a981789f1b273e37316286debe0b62f8f7a9db637cce2433a7289426c0,2cfbf5f0e9ab58597f4c9d46d7efbce0c902687408dce058fc77bf3fbb528ebb,already_known,"the same implementation as discovery_cache/jgomezc1__ABAQUS-US/UELS/UEL9_ECL.for, which this collection already counts",subroutine_umat_fortran,,
mrkearden/abaqus_umat,a17b506af8569ea7ce7b76875a091c8f86b82939,MIT,permissive,LICENSE.md (SPDX MIT via the GitHub licence API),UELS/UEL9_ECO.for,43192,640838d7cd863b25af5e24742b8867b664d6fa80c781f72c566f38b70a1954c1,66eb39b9a213d03cd222a8c519e39aa6e8f56567bbe75c06ae96454b6f8f7689,already_known,"the same implementation as discovery_cache/jgomezc1__ABAQUS-US/UELS/UEL9_ECO.for, which this collection already counts",subroutine_umat_fortran,,
mrkearden/abaqus_umat,a17b506af8569ea7ce7b76875a091c8f86b82939,MIT,permissive,LICENSE.md (SPDX MIT via the GitHub licence API),UELS/UEL9_ECO_m.for,46440,bb7f2af0e51a53acd2f606300fd2b633311c28b56fb5ea7902ea7eba249435f4,0b3ead50e109477bf897a24f3338123b161dcda8453b940037a8939b57997b9a,already_known,"the same implementation as discovery_cache/jgomezc1__ABAQUS-US/UELS/UEL9_ECO_m.for, which this collection already counts",subroutine_umat_fortran,,
mrkearden/abaqus_umat,a17b506af8569ea7ce7b76875a091c8f86b82939,MIT,permissive,LICENSE.md (SPDX MIT via the GitHub licence API),UELS/UEL9_PCLI.for,51750,dca8d340ad5a3c1dcb8f75028c6e70caa6a4390a40217307209bc753de909e1e,99e60ac175ae8491665ad3b063a67f5babb7dd76802c7dd6f48f5a2ddf61c627,already_known,"the same implementation as discovery_cache/jgomezc1__ABAQUS-US/UELS/UEL9_PCLI.for, which this collection already counts",subroutine_umat_fortran,,
mrkearden/abaqus_umat,a17b506af8569ea7ce7b76875a091c8f86b82939,MIT,permissive,LICENSE.md (SPDX MIT via the GitHub licence API),UELS/UEL9_PCLI_R.for,47145,9afefa8b7426a22716951c8581177b87133baf4992198f546deb390ee95ab039,a0c676c60e2a1ca00d0da8a3f011b0c59cf5a06f442b09535b826dc0c674b556,already_known,"the same implementation as discovery_cache/jgomezc1__ABAQUS-US/UELS/UEL9_PCLI_R.for, which this collection already counts",subroutine_umat_fortran,,
mrkearden/abaqus_umat,a17b506af8569ea7ce7b76875a091c8f86b82939,MIT,permissive,LICENSE.md (SPDX MIT via the GitHub licence API),UELS/UEL9_PCLK.for,49674,5029430d65f91475831863ea1aacbfc01e12ed8cfd64794716b669ca89f26001,432e08b73e2e2103f2f976dfd5977ff690fc00b5c4f6ee96f4e1695aad988670,already_known,"the same implementation as discovery_cache/jgomezc1__ABAQUS-US/UELS/UEL9_PCLK.for, which this collection already counts",subroutine_umat_fortran,,
mrkearden/abaqus_umat,a17b506af8569ea7ce7b76875a091c8f86b82939,MIT,permissive,LICENSE.md (SPDX MIT via the GitHub licence API),UELS/UEL9_PCOI.for,58123,7ee299095efef014ba536fd35e53b78e6fa450769f9d052bdee07a9e922fc817,a27aee98c8de5d19ae9f5ee8e2d96ec78688c4393f50cef5f4285d97bcad8d23,already_known,"the same implementation as discovery_cache/jgomezc1__ABAQUS-US/UELS/UEL9_PCOI.for, which this collection already counts",subroutine_umat_fortran,,
mrkearden/abaqus_umat,a17b506af8569ea7ce7b76875a091c8f86b82939,MIT,permissive,LICENSE.md (SPDX MIT via the GitHub licence API),UELS/UEL9_PCON.for,55188,4ce08b10d7548652b702f8dde86ed64d07cd0041fcd4369a69fac79f061c1faf,a4cedf3d337e3016e09ccd1a8c8de680593151a5c97c8dc165e6e602994e4c4e,already_known,"the same implementation as discovery_cache/jgomezc1__ABAQUS-US/UELS/UEL9_PCON.for, which this collection already counts",subroutine_umat_fortran,,
mrkearden/abaqus_umat,a17b506af8569ea7ce7b76875a091c8f86b82939,MIT,permissive,LICENSE.md (SPDX MIT via the GitHub licence API),UELS/UEL9_PCOR.for,54705,b503eb14b514cabea30c5905f6d6e37a537da92c5a17c8e9657c7ace089c3b57,640b3c2fd679c6d75482a65e10e6c63ca59bd75960ccac47c67c48d2f61bcd17,already_known,"the same implementation as discovery_cache/jgomezc1__ABAQUS-US/UELS/UEL9_PCOR.for, which this collection already counts",subroutine_umat_fortran,,
mrkearden/abaqus_umat,a17b506af8569ea7ce7b76875a091c8f86b82939,MIT,permissive,LICENSE.md (SPDX MIT via the GitHub licence API),UELS/UEL9_PCOR_KIN.for,56293,1132a6aff254aa93d50959bf0d088fd33b5b0115882cffd542447131cb2a76dd,d5b99a74cec12d55604ca81294339641979f2d08146bfa373fda7c46885d8f77,already_known,"the same implementation as discovery_cache/jgomezc1__ABAQUS-US/UELS/UEL9_PCOR_KIN.for, which this collection already counts",subroutine_umat_fortran,,
mrkearden/abaqus_umat,a17b506af8569ea7ce7b76875a091c8f86b82939,MIT,permissive,LICENSE.md (SPDX MIT via the GitHub licence API),UELS/UEL9_VPDCL.for,59763,24f7828a4226c2817d59798389fe1b311127b715c0894639573f154effe3a926,e326ea554aafe157711fe188775c8c1998b7f854a2a3dbc1296a2fe3a0273585,already_known,"the same implementation as discovery_cache/HIT-FSW-314__abaqus/abaqus-umat/uel/UEL9_VPDCL.for, which this collection already counts",subroutine_umat_fortran,,
mrkearden/abaqus_umat,a17b506af8569ea7ce7b76875a091c8f86b82939,MIT,permissive,LICENSE.md (SPDX MIT via the GitHub licence API),UELS/UEL9_VPDCL_R.for,59972,9fcffc834f0d8ebf87172198d5e773a580b4a8af7466723988e29d783e7ace77,db00ed3f321491c8429bc664c74aaf554b3496e21ce0c8d28c61aabe7622d9f9,already_known,"the same implementation as discovery_cache/jgomezc1__ABAQUS-US/UELS/UEL9_VPDCL_R.for, which this collection already counts",subroutine_umat_fortran,,
mrkearden/abaqus_umat,a17b506af8569ea7ce7b76875a091c8f86b82939,MIT,permissive,LICENSE.md (SPDX MIT via the GitHub licence API),UELS/UEL9_VPDCO.for,66219,110f713f249782382bf882becd4a9543a1b8d329987c0e912353a45618d881ff,3b4d56c411202b4e64532e3979ea720b5b7d605a70f95e1b6d631fe72423ba40,already_known,"the same implementation as discovery_cache/jgomezc1__ABAQUS-US/SAMPLE/UEL9_VPDCO.for, which this collection already counts",subroutine_umat_fortran,,
mrkearden/abaqus_umat,a17b506af8569ea7ce7b76875a091c8f86b82939,MIT,permissive,LICENSE.md (SPDX MIT via the GitHub licence API),UMAT.F90,5868,2b794c151b0b182d5582b7ede9212682c616f05778a1d9ce8aa8701447628a3f,e0bbaff37680f96383424c6bf5a2601277ea90794db8b033b082c258f34d0d07,already_known,"the same implementation as discovery_cache/mrkearden__abaqus_umat/UMAT.F90, which this collection already counts",subroutine_umat_fortran,,
mrkearden/abaqus_umat,a17b506af8569ea7ce7b76875a091c8f86b82939,MIT,permissive,LICENSE.md (SPDX MIT via the GitHub licence API),UMAT/UMATLib.F90,36196,,,no_umat_entry,"Fortran, but it declares no SUBROUTINE UMAT",subroutine_umat_fortran,,
mrkearden/abaqus_umat,a17b506af8569ea7ce7b76875a091c8f86b82939,MIT,permissive,LICENSE.md (SPDX MIT via the GitHub licence API),UMAT/UMATLib_plastic.F90,43038,,,no_umat_entry,"Fortran, but it declares no SUBROUTINE UMAT",subroutine_umat_fortran,,
mrkearden/abaqus_umat,a17b506af8569ea7ce7b76875a091c8f86b82939,MIT,permissive,LICENSE.md (SPDX MIT via the GitHub licence API),UMATS/UMAT_ECL_TEMP.for,22743,21f634c3b0c235fa2bcfd4d25258aa86c7ad1d442e045e9bb4c639fd4c143a70,034efd0179cb84aaa9e066bdd4159522247918a4a3a48802a5a4930c795ec24f,already_known,"the same implementation as UMAT_ECL_TEMP, which this collection already counts",subroutine_umat_fortran,,
mrkearden/abaqus_umat,a17b506af8569ea7ce7b76875a091c8f86b82939,MIT,permissive,LICENSE.md (SPDX MIT via the GitHub licence API),UMATS/UMAT_ECO.for,3946,71f9361d6037a379075bd3b2c1b2d038422ea4eb502cff1a45da874376a67e7c,87ea3ae9e48b597f713023a2e3061173a77c45d0c562693067474feffba19018,already_known,"the same implementation as jgomezc1_UMAT_ECO, which this collection already counts",subroutine_umat_fortran,,
mrkearden/abaqus_umat,a17b506af8569ea7ce7b76875a091c8f86b82939,MIT,permissive,LICENSE.md (SPDX MIT via the GitHub licence API),UMATS/UMAT_HIN.for,55297,4db63af313cc9694fd57dcd1f8f0190b062ea7d78515cd70040f1202c9711a0b,f2b26ced1c7a17c18c3ca5687faf460ac15ff67bd9cc20d739de8aad61ae3b89,already_known,"the same implementation as UMAT_HIN, which this collection already counts",subroutine_umat_fortran,,
mrkearden/abaqus_umat,a17b506af8569ea7ce7b76875a091c8f86b82939,MIT,permissive,LICENSE.md (SPDX MIT via the GitHub licence API),UMATS/UMAT_NKH_1.02.for,28507,c8d5506060d4cd359adadb2ae7633f206e68db8da215c50f0a564e8bc57ce1d3,259fc3419802a8fca83c6b202f963703ceb5cc6f0705f082340e11f203b75f31,already_known,"the same implementation as UMAT_NKH_1.02, which this collection already counts",subroutine_umat_fortran,,
mrkearden/abaqus_umat,a17b506af8569ea7ce7b76875a091c8f86b82939,MIT,permissive,LICENSE.md (SPDX MIT via the GitHub licence API),UMATS/UMAT_PCL.for,31957,b29e21d6ddcd297011554ec012954df2d4fb1f3f314f466e1e4746f42c9fe720,b68b3e2fa9acd49c06ab6f89304cd8f7014307d143888e9fdaba329fdd84fa45,already_known,"the same implementation as UMAT_PCL, which this collection already counts",subroutine_umat_fortran,,
mrkearden/abaqus_umat,a17b506af8569ea7ce7b76875a091c8f86b82939,MIT,permissive,LICENSE.md (SPDX MIT via the GitHub licence API),UMATS/UMAT_PCLI.for,31274,54f8e6672bee8568295b695c397d75bb316b240997bed4a185b4acaa02568169,633d872bceeeebd0c496d67a7f337764fc9e3f3b6d6f523a7a15b025f752571d,already_known,"the same implementation as UMAT_PCLI, which this collection already counts",subroutine_umat_fortran,,
mrkearden/abaqus_umat,a17b506af8569ea7ce7b76875a091c8f86b82939,MIT,permissive,LICENSE.md (SPDX MIT via the GitHub licence API),UMATS/UMAT_PCLI_R.for,31226,3d96801660fe94a4de34b6ce745111a4f53a1e0f4a67b32cfb8d42dd33347b61,3848c18bbc5f211e96ac967419bbb76959db07a3b6b98c139ba66540912f6810,already_known,"the same implementation as UMAT_PCLI_R, which this collection already counts",subroutine_umat_fortran,,
mrkearden/abaqus_umat,a17b506af8569ea7ce7b76875a091c8f86b82939,MIT,permissive,LICENSE.md (SPDX MIT via the GitHub licence API),UMATS/UMAT_PCLK.for,28517,0deebd0de0d8def5a1054ec12fb1681a1c8765416d5ca3f175aa373ff5a34f3e,4e3f92dbb8385927da81cb6c4b8c0df25c72ddebb4b2d92c26a28ee2f0b55f8c,already_known,"the same implementation as UMAT_PCLK, which this collection already counts",subroutine_umat_fortran,,
mrkearden/abaqus_umat,a17b506af8569ea7ce7b76875a091c8f86b82939,MIT,permissive,LICENSE.md (SPDX MIT via the GitHub licence API),UMATS/UMAT_PCO.for,14183,45805b339f17514efe13c811a84cfa20df492aa13163d2374e0d7fcce7a49fa2,1a9460bb7ba6439809eb81867146e6c662ed4bd06c618762128f35a91d8f19b0,already_known,"the same implementation as UMAT_PCO, which this collection already counts",subroutine_umat_fortran,,
mrkearden/abaqus_umat,a17b506af8569ea7ce7b76875a091c8f86b82939,MIT,permissive,LICENSE.md (SPDX MIT via the GitHub licence API),UMATS/UMAT_VPDCL.for,23951,139355773a2819ed69e41500269dafb980214f0dd4b36d0ac7bbab0d1f91198e,6f50e1d3c278309312e8542d471cdc510250e4f46bd72ad1a52c5307c5d4048d,already_known,"the same implementation as UMAT_VPDCL, which this collection already counts",subroutine_umat_fortran,,
mrkearden/abaqus_umat,a17b506af8569ea7ce7b76875a091c8f86b82939,MIT,permissive,LICENSE.md (SPDX MIT via the GitHub licence API),,0,,,not_examined,stopped after 40 files from this repository; 3 not read,subroutine_umat_fortran,,
PRVSTUDENT/adaptive-remeshing-phase-field-thesis,,,,no LICENSE file detected by the GitHub API,,0,,,licence_absent,"no licence is declared, so nothing may be redistributed from it; a repository without a LICENSE file is refused, not assumed permissive; recorded and not fetched",subroutine_umat_fortran,,
calculix/ccx_prool,,GPL-2.0,permissive,LICENSE (SPDX GPL-2.0 via the GitHub licence API),,0,,,licence_incompatible,GPL-2.0 is outside the set this project may redistribute; recorded and not fetched,subroutine_umat_fortran,,
jgomezc1/ABAQUS-US,54181407aa7aa23055e33d354d0b2a3abc266365,MIT,permissive,LICENSE.md (SPDX MIT via the GitHub licence API),INPUT_FILES/UEL8_ECL_AXY.for,46174,adfe11a8783889c604fc584352778b6d1d2ecb8cfe97de109589bb82512b6eec,c44e434545ef44e243e7be0bc1de135c5eb67b7d08d5f5cc1393642d51a6733c,already_known,"the same implementation as discovery_cache/jgomezc1__ABAQUS-US/INPUT_FILES/UEL8_ECL_AXY.for, which this collection already counts",subroutine_umat_fortran,,
jgomezc1/ABAQUS-US,54181407aa7aa23055e33d354d0b2a3abc266365,MIT,permissive,LICENSE.md (SPDX MIT via the GitHub licence API),SAMPLE/UEL9_VPDCO.for,66219,110f713f249782382bf882becd4a9543a1b8d329987c0e912353a45618d881ff,3b4d56c411202b4e64532e3979ea720b5b7d605a70f95e1b6d631fe72423ba40,already_known,"the same implementation as discovery_cache/jgomezc1__ABAQUS-US/SAMPLE/UEL9_VPDCO.for, which this collection already counts",subroutine_umat_fortran,,
jgomezc1/ABAQUS-US,54181407aa7aa23055e33d354d0b2a3abc266365,MIT,permissive,LICENSE.md (SPDX MIT via the GitHub licence API),UELS/UEL8_ECL.for,45194,e35e6aba4e958dcbe81f6220d0561ec4e14ccbf9860a901dcdec1016116bd44a,ba2412753181697e994249f938f0950ca851f8702b973ba09c4495f7edd07d55,already_known,"the same implementation as discovery_cache/jgomezc1__ABAQUS-US/UELS/UEL8_ECL.for, which this collection already counts",subroutine_umat_fortran,,
jgomezc1/ABAQUS-US,54181407aa7aa23055e33d354d0b2a3abc266365,MIT,permissive,LICENSE.md (SPDX MIT via the GitHub licence API),UELS/UEL8_ECO.for,46010,6f633f05d329ab136ea277fe2e1f72eb535bb1d3fa7d46e3b5db383435e4ee57,b9cf6058aeae5161fc18058057a6af6d1811d9f918157ffdcc447adeb1bf6caf,already_known,"the same implementation as discovery_cache/jgomezc1__ABAQUS-US/UELS/UEL8_ECO.for, which this collection already counts",subroutine_umat_fortran,,
jgomezc1/ABAQUS-US,54181407aa7aa23055e33d354d0b2a3abc266365,MIT,permissive,LICENSE.md (SPDX MIT via the GitHub licence API),UELS/UEL8_PCLI.for,50078,e414fea5cd6f0c9d07956557019162fb9c4c85a41d95bcf9f942180521c3603a,eb4ebe0975c73a1d0908fddce825e8af8e079ebfc377f58ca5ce0c19d579f689,already_known,"the same implementation as discovery_cache/jgomezc1__ABAQUS-US/UELS/UEL8_PCLI.for, which this collection already counts",subroutine_umat_fortran,,
jgomezc1/ABAQUS-US,54181407aa7aa23055e33d354d0b2a3abc266365,MIT,permissive,LICENSE.md (SPDX MIT via the GitHub licence API),UELS/UEL8_PCLI_R.for,47010,2318905c7ce2d7fb2271eb94043c69646c6f47ce2e8f95f257deb4ae5f75c960,4b2c9ceebf30947bfe20085a7edb9331f93e40e8b7fa12561991c82b98963196,already_known,"the same implementation as discovery_cache/jgomezc1__ABAQUS-US/UELS/UEL8_PCLI_R.for, which this collection already counts",subroutine_umat_fortran,,
jgomezc1/ABAQUS-US,54181407aa7aa23055e33d354d0b2a3abc266365,MIT,permissive,LICENSE.md (SPDX MIT via the GitHub licence API),UELS/UEL8_PCLK.for,53715,744fdfa5ccddfa74e12b46ab2178d736b33d548fed310ee8d256d2a30d0b0d41,eb08c4d6fd37f49758ab5fd9298a3c3a1849f7bc3ec5b9f3b0eac6ce77ef494e,already_known,"the same implementation as discovery_cache/jgomezc1__ABAQUS-US/UELS/UEL8_PCLK.for, which this collection already counts",subroutine_umat_fortran,,
jgomezc1/ABAQUS-US,54181407aa7aa23055e33d354d0b2a3abc266365,MIT,permissive,LICENSE.md (SPDX MIT via the GitHub licence API),UELS/UEL8_PCOI.for,57884,b01651b9d5f62d37399feb4052cc7c3fad69cc876af4633ee2f8af85343396f9,3db782b44f96b32724177e52215e64d2b6bd164840eb9c3d0c1219d16c79e2e8,already_known,"the same implementation as discovery_cache/jgomezc1__ABAQUS-US/UELS/UEL8_PCOI.for, which this collection already counts",subroutine_umat_fortran,,
jgomezc1/ABAQUS-US,54181407aa7aa23055e33d354d0b2a3abc266365,MIT,permissive,LICENSE.md (SPDX MIT via the GitHub licence API),UELS/UEL8_PCOR.for,54353,d9b28b5e6fce1392e82c03a790673402e7f13031dbc46307d083d93d7a848f6e,bbd6a3ab8b056ac2f972a65814f697f3904078c9dccc7367448acd09927842be,already_known,"the same implementation as discovery_cache/jgomezc1__ABAQUS-US/UELS/UEL8_PCOR.for, which this collection already counts",subroutine_umat_fortran,,
jgomezc1/ABAQUS-US,54181407aa7aa23055e33d354d0b2a3abc266365,MIT,permissive,LICENSE.md (SPDX MIT via the GitHub licence API),UELS/UEL8_PCOR_KIN.for,56364,2ac40761ea6b9f1ec8c650c13a0846f2c7b7006876ef17a36dd7629a356e6a0f,7743ba1423fbb2db9942b4670a781ba0aec460150d57cc3eec76cd4d6703b80c,already_known,"the same implementation as discovery_cache/jgomezc1__ABAQUS-US/UELS/UEL8_PCOR_KIN.for, which this collection already counts",subroutine_umat_fortran,,
jgomezc1/ABAQUS-US,54181407aa7aa23055e33d354d0b2a3abc266365,MIT,permissive,LICENSE.md (SPDX MIT via the GitHub licence API),UELS/UEL8_VPDCL.for,56822,41614152c0acb199836c3c3ff099a74b0ab70a6a198cf70f0c3c2be90aaf2e5a,ae02f73d2049a47ae535c0b4a45dfb8821dcdac7ab54097ac8c9d2cd95dbb8af,already_known,"the same implementation as discovery_cache/jgomezc1__ABAQUS-US/UELS/UEL8_VPDCL.for, which this collection already counts",subroutine_umat_fortran,,
jgomezc1/ABAQUS-US,54181407aa7aa23055e33d354d0b2a3abc266365,MIT,permissive,LICENSE.md (SPDX MIT via the GitHub licence API),UELS/UEL8_VPDCO.for,61586,66e955998b861d952931ab528f1d08c646ce26f3cdc977f88811cfdf670877d7,0a5c2ba5e3ac61f4b3b6cd76f262d3321042b451a5771a5b3c03b99b0dbb8d3d,already_known,"the same implementation as discovery_cache/jgomezc1__ABAQUS-US/UELS/UEL8_VPDCO.for, which this collection already counts",subroutine_umat_fortran,,
jgomezc1/ABAQUS-US,54181407aa7aa23055e33d354d0b2a3abc266365,MIT,permissive,LICENSE.md (SPDX MIT via the GitHub licence API),UELS/UEL9_ECL.for,44604,08a5b5a981789f1b273e37316286debe0b62f8f7a9db637cce2433a7289426c0,2cfbf5f0e9ab58597f4c9d46d7efbce0c902687408dce058fc77bf3fbb528ebb,already_known,"the same implementation as discovery_cache/jgomezc1__ABAQUS-US/UELS/UEL9_ECL.for, which this collection already counts",subroutine_umat_fortran,,
jgomezc1/ABAQUS-US,54181407aa7aa23055e33d354d0b2a3abc266365,MIT,permissive,LICENSE.md (SPDX MIT via the GitHub licence API),UELS/UEL9_ECO.for,43192,640838d7cd863b25af5e24742b8867b664d6fa80c781f72c566f38b70a1954c1,66eb39b9a213d03cd222a8c519e39aa6e8f56567bbe75c06ae96454b6f8f7689,already_known,"the same implementation as discovery_cache/jgomezc1__ABAQUS-US/UELS/UEL9_ECO.for, which this collection already counts",subroutine_umat_fortran,,
jgomezc1/ABAQUS-US,54181407aa7aa23055e33d354d0b2a3abc266365,MIT,permissive,LICENSE.md (SPDX MIT via the GitHub licence API),UELS/UEL9_ECO_m.for,46440,bb7f2af0e51a53acd2f606300fd2b633311c28b56fb5ea7902ea7eba249435f4,0b3ead50e109477bf897a24f3338123b161dcda8453b940037a8939b57997b9a,already_known,"the same implementation as discovery_cache/jgomezc1__ABAQUS-US/UELS/UEL9_ECO_m.for, which this collection already counts",subroutine_umat_fortran,,
jgomezc1/ABAQUS-US,54181407aa7aa23055e33d354d0b2a3abc266365,MIT,permissive,LICENSE.md (SPDX MIT via the GitHub licence API),UELS/UEL9_PCLI.for,51750,dca8d340ad5a3c1dcb8f75028c6e70caa6a4390a40217307209bc753de909e1e,99e60ac175ae8491665ad3b063a67f5babb7dd76802c7dd6f48f5a2ddf61c627,already_known,"the same implementation as discovery_cache/jgomezc1__ABAQUS-US/UELS/UEL9_PCLI.for, which this collection already counts",subroutine_umat_fortran,,
jgomezc1/ABAQUS-US,54181407aa7aa23055e33d354d0b2a3abc266365,MIT,permissive,LICENSE.md (SPDX MIT via the GitHub licence API),UELS/UEL9_PCLI_R.for,47145,9afefa8b7426a22716951c8581177b87133baf4992198f546deb390ee95ab039,a0c676c60e2a1ca00d0da8a3f011b0c59cf5a06f442b09535b826dc0c674b556,already_known,"the same implementation as discovery_cache/jgomezc1__ABAQUS-US/UELS/UEL9_PCLI_R.for, which this collection already counts",subroutine_umat_fortran,,
jgomezc1/ABAQUS-US,54181407aa7aa23055e33d354d0b2a3abc266365,MIT,permissive,LICENSE.md (SPDX MIT via the GitHub licence API),UELS/UEL9_PCLK.for,49674,5029430d65f91475831863ea1aacbfc01e12ed8cfd64794716b669ca89f26001,432e08b73e2e2103f2f976dfd5977ff690fc00b5c4f6ee96f4e1695aad988670,already_known,"the same implementation as discovery_cache/jgomezc1__ABAQUS-US/UELS/UEL9_PCLK.for, which this collection already counts",subroutine_umat_fortran,,
jgomezc1/ABAQUS-US,54181407aa7aa23055e33d354d0b2a3abc266365,MIT,permissive,LICENSE.md (SPDX MIT via the GitHub licence API),UELS/UEL9_PCOI.for,58123,7ee299095efef014ba536fd35e53b78e6fa450769f9d052bdee07a9e922fc817,a27aee98c8de5d19ae9f5ee8e2d96ec78688c4393f50cef5f4285d97bcad8d23,already_known,"the same implementation as discovery_cache/jgomezc1__ABAQUS-US/UELS/UEL9_PCOI.for, which this collection already counts",subroutine_umat_fortran,,
jgomezc1/ABAQUS-US,54181407aa7aa23055e33d354d0b2a3abc266365,MIT,permissive,LICENSE.md (SPDX MIT via the GitHub licence API),UELS/UEL9_PCON.for,55188,4ce08b10d7548652b702f8dde86ed64d07cd0041fcd4369a69fac79f061c1faf,a4cedf3d337e3016e09ccd1a8c8de680593151a5c97c8dc165e6e602994e4c4e,already_known,"the same implementation as discovery_cache/jgomezc1__ABAQUS-US/UELS/UEL9_PCON.for, which this collection already counts",subroutine_umat_fortran,,
jgomezc1/ABAQUS-US,54181407aa7aa23055e33d354d0b2a3abc266365,MIT,permissive,LICENSE.md (SPDX MIT via the GitHub licence API),UELS/UEL9_PCOR.for,54705,b503eb14b514cabea30c5905f6d6e37a537da92c5a17c8e9657c7ace089c3b57,640b3c2fd679c6d75482a65e10e6c63ca59bd75960ccac47c67c48d2f61bcd17,already_known,"the same implementation as discovery_cache/jgomezc1__ABAQUS-US/UELS/UEL9_PCOR.for, which this collection already counts",subroutine_umat_fortran,,
jgomezc1/ABAQUS-US,54181407aa7aa23055e33d354d0b2a3abc266365,MIT,permissive,LICENSE.md (SPDX MIT via the GitHub licence API),UELS/UEL9_PCOR_KIN.for,56293,1132a6aff254aa93d50959bf0d088fd33b5b0115882cffd542447131cb2a76dd,d5b99a74cec12d55604ca81294339641979f2d08146bfa373fda7c46885d8f77,already_known,"the same implementation as discovery_cache/jgomezc1__ABAQUS-US/UELS/UEL9_PCOR_KIN.for, which this collection already counts",subroutine_umat_fortran,,
jgomezc1/ABAQUS-US,54181407aa7aa23055e33d354d0b2a3abc266365,MIT,permissive,LICENSE.md (SPDX MIT via the GitHub licence API),UELS/UEL9_VPDCL.for,59763,24f7828a4226c2817d59798389fe1b311127b715c0894639573f154effe3a926,e326ea554aafe157711fe188775c8c1998b7f854a2a3dbc1296a2fe3a0273585,already_known,"the same implementation as discovery_cache/HIT-FSW-314__abaqus/abaqus-umat/uel/UEL9_VPDCL.for, which this collection already counts",subroutine_umat_fortran,,
jgomezc1/ABAQUS-US,54181407aa7aa23055e33d354d0b2a3abc266365,MIT,permissive,LICENSE.md (SPDX MIT via the GitHub licence API),UELS/UEL9_VPDCL_R.for,59972,9fcffc834f0d8ebf87172198d5e773a580b4a8af7466723988e29d783e7ace77,db00ed3f321491c8429bc664c74aaf554b3496e21ce0c8d28c61aabe7622d9f9,already_known,"the same implementation as discovery_cache/jgomezc1__ABAQUS-US/UELS/UEL9_VPDCL_R.for, which this collection already counts",subroutine_umat_fortran,,
jgomezc1/ABAQUS-US,54181407aa7aa23055e33d354d0b2a3abc266365,MIT,permissive,LICENSE.md (SPDX MIT via the GitHub licence API),UELS/UEL9_VPDCO.for,66219,110f713f249782382bf882becd4a9543a1b8d329987c0e912353a45618d881ff,3b4d56c411202b4e64532e3979ea720b5b7d605a70f95e1b6d631fe72423ba40,already_known,"the same implementation as discovery_cache/jgomezc1__ABAQUS-US/SAMPLE/UEL9_VPDCO.for, which this collection already counts",subroutine_umat_fortran,,
jgomezc1/ABAQUS-US,54181407aa7aa23055e33d354d0b2a3abc266365,MIT,permissive,LICENSE.md (SPDX MIT via the GitHub licence API),UMATS/UMAT_ECL_TEMP.for,22743,21f634c3b0c235fa2bcfd4d25258aa86c7ad1d442e045e9bb4c639fd4c143a70,034efd0179cb84aaa9e066bdd4159522247918a4a3a48802a5a4930c795ec24f,already_known,"the same implementation as UMAT_ECL_TEMP, which this collection already counts",subroutine_umat_fortran,,
jgomezc1/ABAQUS-US,54181407aa7aa23055e33d354d0b2a3abc266365,MIT,permissive,LICENSE.md (SPDX MIT via the GitHub licence API),UMATS/UMAT_ECO.for,3946,71f9361d6037a379075bd3b2c1b2d038422ea4eb502cff1a45da874376a67e7c,87ea3ae9e48b597f713023a2e3061173a77c45d0c562693067474feffba19018,already_known,"the same implementation as jgomezc1_UMAT_ECO, which this collection already counts",subroutine_umat_fortran,,
jgomezc1/ABAQUS-US,54181407aa7aa23055e33d354d0b2a3abc266365,MIT,permissive,LICENSE.md (SPDX MIT via the GitHub licence API),UMATS/UMAT_HIN.for,55297,4db63af313cc9694fd57dcd1f8f0190b062ea7d78515cd70040f1202c9711a0b,f2b26ced1c7a17c18c3ca5687faf460ac15ff67bd9cc20d739de8aad61ae3b89,already_known,"the same implementation as UMAT_HIN, which this collection already counts",subroutine_umat_fortran,,
jgomezc1/ABAQUS-US,54181407aa7aa23055e33d354d0b2a3abc266365,MIT,permissive,LICENSE.md (SPDX MIT via the GitHub licence API),UMATS/UMAT_NKH_1.02.for,28507,c8d5506060d4cd359adadb2ae7633f206e68db8da215c50f0a564e8bc57ce1d3,259fc3419802a8fca83c6b202f963703ceb5cc6f0705f082340e11f203b75f31,already_known,"the same implementation as UMAT_NKH_1.02, which this collection already counts",subroutine_umat_fortran,,
jgomezc1/ABAQUS-US,54181407aa7aa23055e33d354d0b2a3abc266365,MIT,permissive,LICENSE.md (SPDX MIT via the GitHub licence API),UMATS/UMAT_PCL.for,31957,b29e21d6ddcd297011554ec012954df2d4fb1f3f314f466e1e4746f42c9fe720,b68b3e2fa9acd49c06ab6f89304cd8f7014307d143888e9fdaba329fdd84fa45,already_known,"the same implementation as UMAT_PCL, which this collection already counts",subroutine_umat_fortran,,
jgomezc1/ABAQUS-US,54181407aa7aa23055e33d354d0b2a3abc266365,MIT,permissive,LICENSE.md (SPDX MIT via the GitHub licence API),UMATS/UMAT_PCLI.for,31274,54f8e6672bee8568295b695c397d75bb316b240997bed4a185b4acaa02568169,633d872bceeeebd0c496d67a7f337764fc9e3f3b6d6f523a7a15b025f752571d,already_known,"the same implementation as UMAT_PCLI, which this collection already counts",subroutine_umat_fortran,,
jgomezc1/ABAQUS-US,54181407aa7aa23055e33d354d0b2a3abc266365,MIT,permissive,LICENSE.md (SPDX MIT via the GitHub licence API),UMATS/UMAT_PCLI_R.for,31226,3d96801660fe94a4de34b6ce745111a4f53a1e0f4a67b32cfb8d42dd33347b61,3848c18bbc5f211e96ac967419bbb76959db07a3b6b98c139ba66540912f6810,already_known,"the same implementation as UMAT_PCLI_R, which this collection already counts",subroutine_umat_fortran,,
jgomezc1/ABAQUS-US,54181407aa7aa23055e33d354d0b2a3abc266365,MIT,permissive,LICENSE.md (SPDX MIT via the GitHub licence API),UMATS/UMAT_PCLK.for,28517,0deebd0de0d8def5a1054ec12fb1681a1c8765416d5ca3f175aa373ff5a34f3e,4e3f92dbb8385927da81cb6c4b8c0df25c72ddebb4b2d92c26a28ee2f0b55f8c,already_known,"the same implementation as UMAT_PCLK, which this collection already counts",subroutine_umat_fortran,,
jgomezc1/ABAQUS-US,54181407aa7aa23055e33d354d0b2a3abc266365,MIT,permissive,LICENSE.md (SPDX MIT via the GitHub licence API),UMATS/UMAT_PCO.for,14183,45805b339f17514efe13c811a84cfa20df492aa13163d2374e0d7fcce7a49fa2,1a9460bb7ba6439809eb81867146e6c662ed4bd06c618762128f35a91d8f19b0,already_known,"the same implementation as UMAT_PCO, which this collection already counts",subroutine_umat_fortran,,
jgomezc1/ABAQUS-US,54181407aa7aa23055e33d354d0b2a3abc266365,MIT,permissive,LICENSE.md (SPDX MIT via the GitHub licence API),UMATS/UMAT_VPDCL.for,23951,139355773a2819ed69e41500269dafb980214f0dd4b36d0ac7bbab0d1f91198e,6f50e1d3c278309312e8542d471cdc510250e4f46bd72ad1a52c5307c5d4048d,already_known,"the same implementation as UMAT_VPDCL, which this collection already counts",subroutine_umat_fortran,,
jgomezc1/ABAQUS-US,54181407aa7aa23055e33d354d0b2a3abc266365,MIT,permissive,LICENSE.md (SPDX MIT via the GitHub licence API),UMATS/UMAT_VPDCL_R.for,38861,9ade2c446c729b35f25c59f030b60a1a673998bc131c8c4e0c476344b0694330,a5ebf99117cf2973cd41b1a67b4afd222a02a1c85a715f21e6f394ee23a6a18f,already_known,"the same implementation as UMAT_VPDCL_R, which this collection already counts",subroutine_umat_fortran,,
jgomezc1/ABAQUS-US,54181407aa7aa23055e33d354d0b2a3abc266365,MIT,permissive,LICENSE.md (SPDX MIT via the GitHub licence API),UMATS/UMAT_VPDCO.for,21254,93ad6f56e259cd3b0044facbee2e3da7e93383f0737d9cb960b6e952032c33e6,c01530662162545d747ec2b2405941ce445624292fdfa4c3861eafcc360f282f,already_known,"the same implementation as UMAT_VPDCO, which this collection already counts",subroutine_umat_fortran,,
ammarkh95/ABAQUS_PDALAC,,,,no LICENSE file detected by the GitHub API,,0,,,licence_absent,"no licence is declared, so nothing may be redistributed from it; a repository without a LICENSE file is refused, not assumed permissive; recorded and not fetched",subroutine_umat_fortran,,
LianjGroup/Abaqus-Nanoindentation-Project,,,,no LICENSE file detected by the GitHub API,,0,,,licence_absent,"no licence is declared, so nothing may be redistributed from it; a repository without a LICENSE file is refused, not assumed permissive; recorded and not fetched",subroutine_umat_fortran,,
Jeff97/Realization-of-planar-and-surface-conformal-mappings,4be86fd5613a89641cbab182422cb6bbcc8c057c,Apache-2.0,permissive,LICENSE (SPDX Apache-2.0 via the GitHub licence API),Analytical_Example/2D/inputFile/Growth-EX.for,6379,ba24adc141349bef08a08d491e22fcaf4d2d947ba995a5d8acf50795c3c0d7be,84ac97ca1f8bdd94094a6d3043d12d01be1803582a1d34f860a8e546975b246c,already_known,"the same implementation as discovery_cache/Jeff97__Realization-of-planar-and-surface-conformal-mappings/Analytical_Example/2D/inputFile/Growth-EX.for, which this collection already counts",subroutine_umat_fortran,,
Jeff97/Realization-of-planar-and-surface-conformal-mappings,4be86fd5613a89641cbab182422cb6bbcc8c057c,Apache-2.0,permissive,LICENSE (SPDX Apache-2.0 via the GitHub licence API),Analytical_Example/2D/inputFile/Growth-Z2.for,6428,8e8e48de5e6e72ae17c65700748113495b17bda29341541b7356f348bc340212,c946b6a53caf64a0b2b8762b88d1c66be711ce50be32d739c669c16d77d09e25,already_known,"the same implementation as discovery_cache/Jeff97__Realization-of-planar-and-surface-conformal-mappings/Analytical_Example/2D/inputFile/Growth-Z2.for, which this collection already counts",subroutine_umat_fortran,,
Jeff97/Realization-of-planar-and-surface-conformal-mappings,4be86fd5613a89641cbab182422cb6bbcc8c057c,Apache-2.0,permissive,LICENSE (SPDX Apache-2.0 via the GitHub licence API),Analytical_Example/3D/InputFile/Growth-MinSur1.for,7239,ed7f93821a109dece2514acc77f7278816196c4a2f38fa1540ec54a71584773f,a83af778a29c1e35f1e5dd48b616dff437ae33c4cda57f09669739cc95fda092,already_known,"the same implementation as discovery_cache/Jeff97__Realization-of-planar-and-surface-conformal-mappings/Analytical_Example/3D/InputFile/Growth-MinSur1.for, which this collection already counts",subroutine_umat_fortran,,
Jeff97/Realization-of-planar-and-surface-conformal-mappings,4be86fd5613a89641cbab182422cb6bbcc8c057c,Apache-2.0,permissive,LICENSE (SPDX Apache-2.0 via the GitHub licence API),Analytical_Example/3D/InputFile/Growth-MinSur2.for,7483,471f3bea8410d9e805a43325a53a88643a80d9855ee871137d67abeb7a39c46e,80be8d843be21727a485ae5eab4d67abed6bbdda04963863117953e646022273,already_known,"the same implementation as discovery_cache/Jeff97__Realization-of-planar-and-surface-conformal-mappings/Analytical_Example/3D/InputFile/Growth-MinSur2.for, which this collection already counts",subroutine_umat_fortran,,
Jeff97/Realization-of-planar-and-surface-conformal-mappings,4be86fd5613a89641cbab182422cb6bbcc8c057c,Apache-2.0,permissive,LICENSE (SPDX Apache-2.0 via the GitHub licence API),Analytical_Example/3D/MMAFile/Example1/Growth-MinSur1.for,7287,4f4852bfd2b483f872f55b2dd39143eb629abc49d8f18d6aa8bba1aa6545f1fb,651072bf8863e28db82e8be0bbfeae38294297c76d7965b64febf3955690f537,already_known,"the same implementation as discovery_cache/Jeff97__Realization-of-planar-and-surface-conformal-mappings/Analytical_Example/3D/MMAFile/Example1/Growth-MinSur1.for, which this collection already counts",subroutine_umat_fortran,,
Jeff97/Realization-of-planar-and-surface-conformal-mappings,4be86fd5613a89641cbab182422cb6bbcc8c057c,Apache-2.0,permissive,LICENSE (SPDX Apache-2.0 via the GitHub licence API),Analytical_Example/3D/MMAFile/Example2/Growth-MinSur2.for,7170,3a6f591380c9ce286cfaa0bb3459c9a0ceca9b66db6926147cf557eaa02edeb3,9a1d85e0829752187c1b4594afcea838c41d95c05a53b6c28cda9e5e662a02e0,already_known,"the same implementation as discovery_cache/Jeff97__Realization-of-planar-and-surface-conformal-mappings/Analytical_Example/3D/MMAFile/Example2/Growth-MinSur2.for, which this collection already counts",subroutine_umat_fortran,,
Jeff97/Realization-of-planar-and-surface-conformal-mappings,4be86fd5613a89641cbab182422cb6bbcc8c057c,Apache-2.0,permissive,LICENSE (SPDX Apache-2.0 via the GitHub licence API),Analytical_Example/3D/MMAFile/Example4-Torus/Growth-MinSur3.for,7010,39e4bdfbee19357ce984a8ea32903625a307d140a45764ebefc1f882fc203d1d,1804c974b7e528bc0486a36f76d7cd00885a1e5bf14331b4256c508b8db80ccc,already_known,"the same implementation as discovery_cache/Jeff97__Realization-of-planar-and-surface-conformal-mappings/Analytical_Example/3D/MMAFile/Example3-Sphere/Growth-MinSur3.for, which this collection already counts",subroutine_umat_fortran,,
Jeff97/Realization-of-planar-and-surface-conformal-mappings,4be86fd5613a89641cbab182422cb6bbcc8c057c,Apache-2.0,permissive,LICENSE (SPDX Apache-2.0 via the GitHub licence API),Bunny/Part1/ABAQUS_files/Growth-Bunny-Part1.for,9094,f6171698e7b9ec142e0e63b07402debf291eb5cda715b66c2054516e0cde17d6,b3b108ea8545d010ad6c416d73751e278d62c9364aaf935a4880b194791fa41e,already_known,"the same implementation as discovery_cache/Jeff97__Realization-of-planar-and-surface-conformal-mappings/Bunny/Part1/ABAQUS_files/Growth-Bunny-Part1.for, which this collection already counts",subroutine_umat_fortran,,
Jeff97/Realization-of-planar-and-surface-conformal-mappings,4be86fd5613a89641cbab182422cb6bbcc8c057c,Apache-2.0,permissive,LICENSE (SPDX Apache-2.0 via the GitHub licence API),Bunny/Part2/ABAQUS_files/Growth-Bunny-Part2.for,9094,177bebb07ab6b044c05d5409ca89885323d011924601837272829c506d7345f2,def001cdabed650ec1225b6e3b6a1526e990e5212c933f48efc7c78f24892aba,already_known,"the same implementation as discovery_cache/Jeff97__Realization-of-planar-and-surface-conformal-mappings/Bunny/Part2/ABAQUS_files/Growth-Bunny-Part2.for, which this collection already counts",subroutine_umat_fortran,,
Jeff97/Realization-of-planar-and-surface-conformal-mappings,4be86fd5613a89641cbab182422cb6bbcc8c057c,Apache-2.0,permissive,LICENSE (SPDX Apache-2.0 via the GitHub licence API),Hunman_face/ABAQUS_files/Growth-Human-face.for,9089,b88a75b1d00c155c84530ae3d4b80b33718103a03ba5b6299a959ce1d66e259e,0f16a76846be9e509538e50647abbcc48e37b419824c0b61496d9ba4b8fd0db1,already_known,"the same implementation as discovery_cache/Jeff97__Realization-of-planar-and-surface-conformal-mappings/Hunman_face/ABAQUS_files/Growth-Human-face.for, which this collection already counts",subroutine_umat_fortran,,
Jeff97/Realization-of-planar-and-surface-conformal-mappings,4be86fd5613a89641cbab182422cb6bbcc8c057c,Apache-2.0,permissive,LICENSE (SPDX Apache-2.0 via the GitHub licence API),Instability_Analysis/Growth-Sphere.for,7089,b5004dc4c41c6d9b3af44463212aff08a2605d766bebb2fb4879b56feadbec78,8d4b8ce9b2f112c2d433bb5d016c6c28249146e80f307628a9cd2102540400a3,already_known,"the same implementation as discovery_cache/Jeff97__Realization-of-planar-and-surface-conformal-mappings/Analytical_Example/3D/InputFile/Growth-MinSur3.for, which this collection already counts",subroutine_umat_fortran,,
Jeff97/Realization-of-planar-and-surface-conformal-mappings,4be86fd5613a89641cbab182422cb6bbcc8c057c,Apache-2.0,permissive,LICENSE (SPDX Apache-2.0 via the GitHub licence API),Mesh_Convergence_test/2D/EX/10/Growth-EX.for,6186,f69285d002cf87967674961c219d08545d48b8cf46c7c02d6e076594152741ce,133e2eb3d4bf24721d086882d6c6c93c3811721b47b142d100088d4fe25c544e,already_known,"the same implementation as discovery_cache/Jeff97__Realization-of-planar-and-surface-conformal-mappings/Mesh_Convergence_test/2D/EX/10/Growth-EX.for, which this collection already counts",subroutine_umat_fortran,,
Jeff97/Realization-of-planar-and-surface-conformal-mappings,4be86fd5613a89641cbab182422cb6bbcc8c057c,Apache-2.0,permissive,LICENSE (SPDX Apache-2.0 via the GitHub licence API),Mesh_Convergence_test/2D/EX/40/Growth-EX.for,6186,f69285d002cf87967674961c219d08545d48b8cf46c7c02d6e076594152741ce,133e2eb3d4bf24721d086882d6c6c93c3811721b47b142d100088d4fe25c544e,already_known,"the same implementation as discovery_cache/Jeff97__Realization-of-planar-and-surface-conformal-mappings/Mesh_Convergence_test/2D/EX/10/Growth-EX.for, which this collection already counts",subroutine_umat_fortran,,
Jeff97/Realization-of-planar-and-surface-conformal-mappings,4be86fd5613a89641cbab182422cb6bbcc8c057c,Apache-2.0,permissive,LICENSE (SPDX Apache-2.0 via the GitHub licence API),Mesh_Convergence_test/2D/EX/80/Growth-EX.for,6186,f69285d002cf87967674961c219d08545d48b8cf46c7c02d6e076594152741ce,133e2eb3d4bf24721d086882d6c6c93c3811721b47b142d100088d4fe25c544e,already_known,"the same implementation as discovery_cache/Jeff97__Realization-of-planar-and-surface-conformal-mappings/Mesh_Convergence_test/2D/EX/10/Growth-EX.for, which this collection already counts",subroutine_umat_fortran,,
Jeff97/Realization-of-planar-and-surface-conformal-mappings,4be86fd5613a89641cbab182422cb6bbcc8c057c,Apache-2.0,permissive,LICENSE (SPDX Apache-2.0 via the GitHub licence API),Mesh_Convergence_test/2D/Frac/10/Growth-Frac.for,6236,5af21318912686d73be36b453bfec6c3633b18c454e721e217196a23d74c4b7d,f64b18d077153f17eadd2127801b54169789ef71885e1744cfa8c8a6953bfc66,already_known,"the same implementation as discovery_cache/Jeff97__Realization-of-planar-and-surface-conformal-mappings/Mesh_Convergence_test/2D/Frac/10/Growth-Frac.for, which this collection already counts",subroutine_umat_fortran,,
Jeff97/Realization-of-planar-and-surface-conformal-mappings,4be86fd5613a89641cbab182422cb6bbcc8c057c,Apache-2.0,permissive,LICENSE (SPDX Apache-2.0 via the GitHub licence API),Mesh_Convergence_test/2D/Frac/20/Growth-Frac.for,6236,5af21318912686d73be36b453bfec6c3633b18c454e721e217196a23d74c4b7d,f64b18d077153f17eadd2127801b54169789ef71885e1744cfa8c8a6953bfc66,already_known,"the same implementation as discovery_cache/Jeff97__Realization-of-planar-and-surface-conformal-mappings/Mesh_Convergence_test/2D/Frac/10/Growth-Frac.for, which this collection already counts",subroutine_umat_fortran,,
Jeff97/Realization-of-planar-and-surface-conformal-mappings,4be86fd5613a89641cbab182422cb6bbcc8c057c,Apache-2.0,permissive,LICENSE (SPDX Apache-2.0 via the GitHub licence API),Mesh_Convergence_test/2D/Frac/40/Growth-Frac.for,6236,5af21318912686d73be36b453bfec6c3633b18c454e721e217196a23d74c4b7d,f64b18d077153f17eadd2127801b54169789ef71885e1744cfa8c8a6953bfc66,already_known,"the same implementation as discovery_cache/Jeff97__Realization-of-planar-and-surface-conformal-mappings/Mesh_Convergence_test/2D/Frac/10/Growth-Frac.for, which this collection already counts",subroutine_umat_fortran,,
Jeff97/Realization-of-planar-and-surface-conformal-mappings,4be86fd5613a89641cbab182422cb6bbcc8c057c,Apache-2.0,permissive,LICENSE (SPDX Apache-2.0 via the GitHub licence API),Mesh_Convergence_test/2D/Z2/10/Growth-Z2.for,6176,b41f018c4396eab01dd9306aff57bd3978f79df9a3929aa5028319688af26cb1,a8a352e6c5a9a185b2214255e7b0d18442308b12bdbdb78931ea32ecf6fea434,already_known,"the same implementation as discovery_cache/Jeff97__Realization-of-planar-and-surface-conformal-mappings/Mesh_Convergence_test/2D/Z2/10/Growth-Z2.for, which this collection already counts",subroutine_umat_fortran,,
Jeff97/Realization-of-planar-and-surface-conformal-mappings,4be86fd5613a89641cbab182422cb6bbcc8c057c,Apache-2.0,permissive,LICENSE (SPDX Apache-2.0 via the GitHub licence API),Mesh_Convergence_test/2D/Z2/20/Growth-Z2.for,6176,b41f018c4396eab01dd9306aff57bd3978f79df9a3929aa5028319688af26cb1,a8a352e6c5a9a185b2214255e7b0d18442308b12bdbdb78931ea32ecf6fea434,already_known,"the same implementation as discovery_cache/Jeff97__Realization-of-planar-and-surface-conformal-mappings/Mesh_Convergence_test/2D/Z2/10/Growth-Z2.for, which this collection already counts",subroutine_umat_fortran,,
Jeff97/Realization-of-planar-and-surface-conformal-mappings,4be86fd5613a89641cbab182422cb6bbcc8c057c,Apache-2.0,permissive,LICENSE (SPDX Apache-2.0 via the GitHub licence API),Mesh_Convergence_test/2D/Z2/40/Growth-Z2.for,6176,b41f018c4396eab01dd9306aff57bd3978f79df9a3929aa5028319688af26cb1,a8a352e6c5a9a185b2214255e7b0d18442308b12bdbdb78931ea32ecf6fea434,already_known,"the same implementation as discovery_cache/Jeff97__Realization-of-planar-and-surface-conformal-mappings/Mesh_Convergence_test/2D/Z2/10/Growth-Z2.for, which this collection already counts",subroutine_umat_fortran,,
Jeff97/Realization-of-planar-and-surface-conformal-mappings,4be86fd5613a89641cbab182422cb6bbcc8c057c,Apache-2.0,permissive,LICENSE (SPDX Apache-2.0 via the GitHub licence API),Mesh_Convergence_test/2D/Z2/80/Growth-Z2.for,6176,b41f018c4396eab01dd9306aff57bd3978f79df9a3929aa5028319688af26cb1,a8a352e6c5a9a185b2214255e7b0d18442308b12bdbdb78931ea32ecf6fea434,already_known,"the same implementation as discovery_cache/Jeff97__Realization-of-planar-and-surface-conformal-mappings/Mesh_Convergence_test/2D/Z2/10/Growth-Z2.for, which this collection already counts",subroutine_umat_fortran,,
Jeff97/Realization-of-planar-and-surface-conformal-mappings,4be86fd5613a89641cbab182422cb6bbcc8c057c,Apache-2.0,permissive,LICENSE (SPDX Apache-2.0 via the GitHub licence API),Mesh_Convergence_test/3D/Catenoid/10/Growth-Catenoid.for,7397,fb3b96b8b4031c6ac17ff7fa561a82b15478227d3c64c5130c6a072202e07708,166f121eb1cc08a0f28b01abd01f1915825cde7539ec1882c108a247afae48df,already_known,"the same implementation as discovery_cache/Jeff97__Realization-of-planar-and-surface-conformal-mappings/Mesh_Convergence_test/3D/Catenoid/10/Growth-Catenoid.for, which this collection already counts",subroutine_umat_fortran,,
Jeff97/Realization-of-planar-and-surface-conformal-mappings,4be86fd5613a89641cbab182422cb6bbcc8c057c,Apache-2.0,permissive,LICENSE (SPDX Apache-2.0 via the GitHub licence API),Mesh_Convergence_test/3D/Catenoid/20/Growth-Catenoid.for,7397,fb3b96b8b4031c6ac17ff7fa561a82b15478227d3c64c5130c6a072202e07708,166f121eb1cc08a0f28b01abd01f1915825cde7539ec1882c108a247afae48df,already_known,"the same implementation as discovery_cache/Jeff97__Realization-of-planar-and-surface-conformal-mappings/Mesh_Convergence_test/3D/Catenoid/10/Growth-Catenoid.for, which this collection already counts",subroutine_umat_fortran,,
Jeff97/Realization-of-planar-and-surface-conformal-mappings,4be86fd5613a89641cbab182422cb6bbcc8c057c,Apache-2.0,permissive,LICENSE (SPDX Apache-2.0 via the GitHub licence API),Mesh_Convergence_test/3D/Catenoid/40/Growth-Catenoid.for,7397,fb3b96b8b4031c6ac17ff7fa561a82b15478227d3c64c5130c6a072202e07708,166f121eb1cc08a0f28b01abd01f1915825cde7539ec1882c108a247afae48df,already_known,"the same implementation as discovery_cache/Jeff97__Realization-of-planar-and-surface-conformal-mappings/Mesh_Convergence_test/3D/Catenoid/10/Growth-Catenoid.for, which this collection already counts",subroutine_umat_fortran,,
Jeff97/Realization-of-planar-and-surface-conformal-mappings,4be86fd5613a89641cbab182422cb6bbcc8c057c,Apache-2.0,permissive,LICENSE (SPDX Apache-2.0 via the GitHub licence API),Mesh_Convergence_test/3D/Catenoid/80/Growth-Catenoid.for,7397,fb3b96b8b4031c6ac17ff7fa561a82b15478227d3c64c5130c6a072202e07708,166f121eb1cc08a0f28b01abd01f1915825cde7539ec1882c108a247afae48df,already_known,"the same implementation as discovery_cache/Jeff97__Realization-of-planar-and-surface-conformal-mappings/Mesh_Convergence_test/3D/Catenoid/10/Growth-Catenoid.for, which this collection already counts",subroutine_umat_fortran,,
Jeff97/Realization-of-planar-and-surface-conformal-mappings,4be86fd5613a89641cbab182422cb6bbcc8c057c,Apache-2.0,permissive,LICENSE (SPDX Apache-2.0 via the GitHub licence API),Mesh_Convergence_test/3D/Helicoid/10/Growth-Helicoid.for,7239,ed7f93821a109dece2514acc77f7278816196c4a2f38fa1540ec54a71584773f,a83af778a29c1e35f1e5dd48b616dff437ae33c4cda57f09669739cc95fda092,already_known,"the same implementation as discovery_cache/Jeff97__Realization-of-planar-and-surface-conformal-mappings/Analytical_Example/3D/InputFile/Growth-MinSur1.for, which this collection already counts",subroutine_umat_fortran,,
Jeff97/Realization-of-planar-and-surface-conformal-mappings,4be86fd5613a89641cbab182422cb6bbcc8c057c,Apache-2.0,permissive,LICENSE (SPDX Apache-2.0 via the GitHub licence API),Mesh_Convergence_test/3D/Helicoid/20/Growth-Helicoid.for,7239,ed7f93821a109dece2514acc77f7278816196c4a2f38fa1540ec54a71584773f,a83af778a29c1e35f1e5dd48b616dff437ae33c4cda57f09669739cc95fda092,already_known,"the same implementation as discovery_cache/Jeff97__Realization-of-planar-and-surface-conformal-mappings/Analytical_Example/3D/InputFile/Growth-MinSur1.for, which this collection already counts",subroutine_umat_fortran,,
Jeff97/Realization-of-planar-and-surface-conformal-mappings,4be86fd5613a89641cbab182422cb6bbcc8c057c,Apache-2.0,permissive,LICENSE (SPDX Apache-2.0 via the GitHub licence API),Mesh_Convergence_test/3D/Helicoid/40/Growth-Helicoid.for,7239,ed7f93821a109dece2514acc77f7278816196c4a2f38fa1540ec54a71584773f,a83af778a29c1e35f1e5dd48b616dff437ae33c4cda57f09669739cc95fda092,already_known,"the same implementation as discovery_cache/Jeff97__Realization-of-planar-and-surface-conformal-mappings/Analytical_Example/3D/InputFile/Growth-MinSur1.for, which this collection already counts",subroutine_umat_fortran,,
Jeff97/Realization-of-planar-and-surface-conformal-mappings,4be86fd5613a89641cbab182422cb6bbcc8c057c,Apache-2.0,permissive,LICENSE (SPDX Apache-2.0 via the GitHub licence API),Mesh_Convergence_test/3D/Helicoid/80/Growth-Helicoid.for,7239,ed7f93821a109dece2514acc77f7278816196c4a2f38fa1540ec54a71584773f,a83af778a29c1e35f1e5dd48b616dff437ae33c4cda57f09669739cc95fda092,already_known,"the same implementation as discovery_cache/Jeff97__Realization-of-planar-and-surface-conformal-mappings/Analytical_Example/3D/InputFile/Growth-MinSur1.for, which this collection already counts",subroutine_umat_fortran,,
Jeff97/Realization-of-planar-and-surface-conformal-mappings,4be86fd5613a89641cbab182422cb6bbcc8c057c,Apache-2.0,permissive,LICENSE (SPDX Apache-2.0 via the GitHub licence API),Mesh_Convergence_test/3D/Sphere/10/Growth-Sphere.for,7138,017bd56ae63b066a111b632b8a950284704a2b27fdaa549ad4d677068d46a627,45b1535b1979bc381b15a6bc11c54dcc66b240df3a4cf97a55240641c85ba94d,already_known,"the same implementation as discovery_cache/Jeff97__Realization-of-planar-and-surface-conformal-mappings/Mesh_Convergence_test/3D/Sphere/10/Growth-Sphere.for, which this collection already counts",subroutine_umat_fortran,,
Jeff97/Realization-of-planar-and-surface-conformal-mappings,4be86fd5613a89641cbab182422cb6bbcc8c057c,Apache-2.0,permissive,LICENSE (SPDX Apache-2.0 via the GitHub licence API),Mesh_Convergence_test/3D/Sphere/20/Growth-Sphere.for,7138,017bd56ae63b066a111b632b8a950284704a2b27fdaa549ad4d677068d46a627,45b1535b1979bc381b15a6bc11c54dcc66b240df3a4cf97a55240641c85ba94d,already_known,"the same implementation as discovery_cache/Jeff97__Realization-of-planar-and-surface-conformal-mappings/Mesh_Convergence_test/3D/Sphere/10/Growth-Sphere.for, which this collection already counts",subroutine_umat_fortran,,
Jeff97/Realization-of-planar-and-surface-conformal-mappings,4be86fd5613a89641cbab182422cb6bbcc8c057c,Apache-2.0,permissive,LICENSE (SPDX Apache-2.0 via the GitHub licence API),Mesh_Convergence_test/3D/Sphere/40/Growth-Sphere.for,7138,017bd56ae63b066a111b632b8a950284704a2b27fdaa549ad4d677068d46a627,45b1535b1979bc381b15a6bc11c54dcc66b240df3a4cf97a55240641c85ba94d,already_known,"the same implementation as discovery_cache/Jeff97__Realization-of-planar-and-surface-conformal-mappings/Mesh_Convergence_test/3D/Sphere/10/Growth-Sphere.for, which this collection already counts",subroutine_umat_fortran,,
Jeff97/Realization-of-planar-and-surface-conformal-mappings,4be86fd5613a89641cbab182422cb6bbcc8c057c,Apache-2.0,permissive,LICENSE (SPDX Apache-2.0 via the GitHub licence API),Mesh_Convergence_test/Alex/20470/Growth-Alex.for,9070,f84b7751b5df41da4a11275e35c8420ae16dc38408d37ad7930e497c5fe430c6,294db9e6f25068bf2901fca04ba046b2cf799c8ff4aae6cf443dc4d93e2fa4d7,already_known,"the same implementation as discovery_cache/Jeff97__Realization-of-planar-and-surface-conformal-mappings/Mesh_Convergence_test/Alex/20470/Growth-Alex.for, which this collection already counts",subroutine_umat_fortran,,
Jeff97/Realization-of-planar-and-surface-conformal-mappings,4be86fd5613a89641cbab182422cb6bbcc8c057c,Apache-2.0,permissive,LICENSE (SPDX Apache-2.0 via the GitHub licence API),Mesh_Convergence_test/Alex/749/Growth-Alex.for,9069,61d2ba7f5b6c6a26375294009b08b0c1cccdd8266e33f9485260cfa19b62d310,3ef83402cfe5a5180bb182ffc5f2813e53c8a9fa8681763aa372f81e5e5ef3cb,already_known,"the same implementation as discovery_cache/Jeff97__Realization-of-planar-and-surface-conformal-mappings/Mesh_Convergence_test/Alex/749/Growth-Alex.for, which this collection already counts",subroutine_umat_fortran,,
Jeff97/Realization-of-planar-and-surface-conformal-mappings,4be86fd5613a89641cbab182422cb6bbcc8c057c,Apache-2.0,permissive,LICENSE (SPDX Apache-2.0 via the GitHub licence API),Model_car/ABAQUS_files/Growth-Model-car.for,9083,18402e1585f49a10cd925c8c3dddb990fe15931922d19b4d4cf66e5cc504596a,3a4de2410340f9f09dc0e4890e245726a3c787daad96ae7f0dc4154d1016e6c0,candidate,"distinct, licensed Apache-2.0 (permissive), declares a UMAT entry point; not yet transformed or verified",subroutine_umat_fortran,Jeff97__Realization-of-planar-and-surface-conformal-mappings/Model_car/ABAQUS_files/Growth-Model-car.for,Model_car/ABAQUS_files/Model_car.inp
Jeff97/Realization-of-planar-and-surface-conformal-mappings,4be86fd5613a89641cbab182422cb6bbcc8c057c,Apache-2.0,permissive,LICENSE (SPDX Apache-2.0 via the GitHub licence API),Analytical_Example/2D/inputFile/Growth-frac.for,6460,c7065fddae032ab8fc3982c0903386057daf01459d6b0504f739cfa4fdc9c3b5,9d0847ce756a14ea93a9786e05836383c1a7a5f96747d250efb02d9bdf4c7c7a,already_known,"the same implementation as discovery_cache/Jeff97__Realization-of-planar-and-surface-conformal-mappings/Analytical_Example/2D/inputFile/Growth-frac.for, which this collection already counts",subroutine_umat_fortran,,
Jeff97/Realization-of-planar-and-surface-conformal-mappings,4be86fd5613a89641cbab182422cb6bbcc8c057c,Apache-2.0,permissive,LICENSE (SPDX Apache-2.0 via the GitHub licence API),Analytical_Example/3D/InputFile/Growth-MinSur3.for,7089,b5004dc4c41c6d9b3af44463212aff08a2605d766bebb2fb4879b56feadbec78,8d4b8ce9b2f112c2d433bb5d016c6c28249146e80f307628a9cd2102540400a3,already_known,"the same implementation as discovery_cache/Jeff97__Realization-of-planar-and-surface-conformal-mappings/Analytical_Example/3D/InputFile/Growth-MinSur3.for, which this collection already counts",subroutine_umat_fortran,,
Jeff97/Realization-of-planar-and-surface-conformal-mappings,4be86fd5613a89641cbab182422cb6bbcc8c057c,Apache-2.0,permissive,LICENSE (SPDX Apache-2.0 via the GitHub licence API),Analytical_Example/3D/MMAFile/Example3-Sphere/Growth-MinSur3.for,7010,39e4bdfbee19357ce984a8ea32903625a307d140a45764ebefc1f882fc203d1d,1804c974b7e528bc0486a36f76d7cd00885a1e5bf14331b4256c508b8db80ccc,already_known,"the same implementation as discovery_cache/Jeff97__Realization-of-planar-and-surface-conformal-mappings/Analytical_Example/3D/MMAFile/Example3-Sphere/Growth-MinSur3.for, which this collection already counts",subroutine_umat_fortran,,
Jeff97/Realization-of-planar-and-surface-conformal-mappings,4be86fd5613a89641cbab182422cb6bbcc8c057c,Apache-2.0,permissive,LICENSE (SPDX Apache-2.0 via the GitHub licence API),Beam_Example/2D-Exponential/ABAQUS_files/Growth-UEXPAN-1.for,2376,,,no_umat_entry,"Fortran, but it declares no SUBROUTINE UMAT",subroutine_umat_fortran,,
Jeff97/Realization-of-planar-and-surface-conformal-mappings,4be86fd5613a89641cbab182422cb6bbcc8c057c,Apache-2.0,permissive,LICENSE (SPDX Apache-2.0 via the GitHub licence API),Beam_Example/3D-Sphere/ABAQUS_files/Growth-UEXPAN.for,2448,,,no_umat_entry,"Fortran, but it declares no SUBROUTINE UMAT",subroutine_umat_fortran,,
Jeff97/Realization-of-planar-and-surface-conformal-mappings,4be86fd5613a89641cbab182422cb6bbcc8c057c,Apache-2.0,permissive,LICENSE (SPDX Apache-2.0 via the GitHub licence API),,0,,,not_examined,stopped after 40 files from this repository; 4 not read,subroutine_umat_fortran,,
HIT-FSW-314/abaqus,1ea6ba0b1e8d48363bb7ce5366b576be06dfa8d6,MIT,permissive,LICENSE (SPDX MIT via the GitHub licence API),abaqus-udf/welding-dflux/double-ellipsoid-classic.for,1052,,,no_umat_entry,"Fortran, but it declares no SUBROUTINE UMAT",subroutine_umat_fortran,,
HIT-FSW-314/abaqus,1ea6ba0b1e8d48363bb7ce5366b576be06dfa8d6,MIT,permissive,LICENSE (SPDX MIT via the GitHub licence API),abaqus-udf/welding-dflux/fsw-classic-20191028.for,3190,,,no_umat_entry,"Fortran, but it declares no SUBROUTINE UMAT",subroutine_umat_fortran,,
HIT-FSW-314/abaqus,1ea6ba0b1e8d48363bb7ce5366b576be06dfa8d6,MIT,permissive,LICENSE (SPDX MIT via the GitHub licence API),abaqus-umat/others/UEL9_VPDCO.for,64383,110f713f249782382bf882becd4a9543a1b8d329987c0e912353a45618d881ff,3b4d56c411202b4e64532e3979ea720b5b7d605a70f95e1b6d631fe72423ba40,already_known,"the same implementation as discovery_cache/jgomezc1__ABAQUS-US/SAMPLE/UEL9_VPDCO.for, which this collection already counts",subroutine_umat_fortran,,
HIT-FSW-314/abaqus,1ea6ba0b1e8d48363bb7ce5366b576be06dfa8d6,MIT,permissive,LICENSE (SPDX MIT via the GitHub licence API),abaqus-umat/uel/UEL8_ECO.for,44731,6f633f05d329ab136ea277fe2e1f72eb535bb1d3fa7d46e3b5db383435e4ee57,b9cf6058aeae5161fc18058057a6af6d1811d9f918157ffdcc447adeb1bf6caf,already_known,"the same implementation as discovery_cache/jgomezc1__ABAQUS-US/UELS/UEL8_ECO.for, which this collection already counts",subroutine_umat_fortran,,
HIT-FSW-314/abaqus,1ea6ba0b1e8d48363bb7ce5366b576be06dfa8d6,MIT,permissive,LICENSE (SPDX MIT via the GitHub licence API),abaqus-umat/uel/UEL8_PCLI.for,48634,e414fea5cd6f0c9d07956557019162fb9c4c85a41d95bcf9f942180521c3603a,eb4ebe0975c73a1d0908fddce825e8af8e079ebfc377f58ca5ce0c19d579f689,already_known,"the same implementation as discovery_cache/jgomezc1__ABAQUS-US/UELS/UEL8_PCLI.for, which this collection already counts",subroutine_umat_fortran,,
HIT-FSW-314/abaqus,1ea6ba0b1e8d48363bb7ce5366b576be06dfa8d6,MIT,permissive,LICENSE (SPDX MIT via the GitHub licence API),abaqus-umat/uel/UEL8_PCLI_R.for,45671,2318905c7ce2d7fb2271eb94043c69646c6f47ce2e8f95f257deb4ae5f75c960,4b2c9ceebf30947bfe20085a7edb9331f93e40e8b7fa12561991c82b98963196,already_known,"the same implementation as discovery_cache/jgomezc1__ABAQUS-US/UELS/UEL8_PCLI_R.for, which this collection already counts",subroutine_umat_fortran,,
HIT-FSW-314/abaqus,1ea6ba0b1e8d48363bb7ce5366b576be06dfa8d6,MIT,permissive,LICENSE (SPDX MIT via the GitHub licence API),abaqus-umat/uel/UEL8_PCLK.for,52183,744fdfa5ccddfa74e12b46ab2178d736b33d548fed310ee8d256d2a30d0b0d41,eb08c4d6fd37f49758ab5fd9298a3c3a1849f7bc3ec5b9f3b0eac6ce77ef494e,already_known,"the same implementation as discovery_cache/jgomezc1__ABAQUS-US/UELS/UEL8_PCLK.for, which this collection already counts",subroutine_umat_fortran,,
HIT-FSW-314/abaqus,1ea6ba0b1e8d48363bb7ce5366b576be06dfa8d6,MIT,permissive,LICENSE (SPDX MIT via the GitHub licence API),abaqus-umat/uel/UEL8_PCOI.for,56241,b01651b9d5f62d37399feb4052cc7c3fad69cc876af4633ee2f8af85343396f9,3db782b44f96b32724177e52215e64d2b6bd164840eb9c3d0c1219d16c79e2e8,already_known,"the same implementation as discovery_cache/jgomezc1__ABAQUS-US/UELS/UEL8_PCOI.for, which this collection already counts",subroutine_umat_fortran,,
HIT-FSW-314/abaqus,1ea6ba0b1e8d48363bb7ce5366b576be06dfa8d6,MIT,permissive,LICENSE (SPDX MIT via the GitHub licence API),abaqus-umat/uel/UEL8_PCOR.for,52786,d9b28b5e6fce1392e82c03a790673402e7f13031dbc46307d083d93d7a848f6e,bbd6a3ab8b056ac2f972a65814f697f3904078c9dccc7367448acd09927842be,already_known,"the same implementation as discovery_cache/jgomezc1__ABAQUS-US/UELS/UEL8_PCOR.for, which this collection already counts",subroutine_umat_fortran,,
HIT-FSW-314/abaqus,1ea6ba0b1e8d48363bb7ce5366b576be06dfa8d6,MIT,permissive,LICENSE (SPDX MIT via the GitHub licence API),abaqus-umat/uel/UEL8_PCOR_KIN.for,54761,2ac40761ea6b9f1ec8c650c13a0846f2c7b7006876ef17a36dd7629a356e6a0f,7743ba1423fbb2db9942b4670a781ba0aec460150d57cc3eec76cd4d6703b80c,already_known,"the same implementation as discovery_cache/jgomezc1__ABAQUS-US/UELS/UEL8_PCOR_KIN.for, which this collection already counts",subroutine_umat_fortran,,
HIT-FSW-314/abaqus,1ea6ba0b1e8d48363bb7ce5366b576be06dfa8d6,MIT,permissive,LICENSE (SPDX MIT via the GitHub licence API),abaqus-umat/uel/UEL8_VPDCL.for,55172,41614152c0acb199836c3c3ff099a74b0ab70a6a198cf70f0c3c2be90aaf2e5a,ae02f73d2049a47ae535c0b4a45dfb8821dcdac7ab54097ac8c9d2cd95dbb8af,already_known,"the same implementation as discovery_cache/jgomezc1__ABAQUS-US/UELS/UEL8_VPDCL.for, which this collection already counts",subroutine_umat_fortran,,
HIT-FSW-314/abaqus,1ea6ba0b1e8d48363bb7ce5366b576be06dfa8d6,MIT,permissive,LICENSE (SPDX MIT via the GitHub licence API),abaqus-umat/uel/UEL9_ECL.for,43314,08a5b5a981789f1b273e37316286debe0b62f8f7a9db637cce2433a7289426c0,2cfbf5f0e9ab58597f4c9d46d7efbce0c902687408dce058fc77bf3fbb528ebb,already_known,"the same implementation as discovery_cache/jgomezc1__ABAQUS-US/UELS/UEL9_ECL.for, which this collection already counts",subroutine_umat_fortran,,
HIT-FSW-314/abaqus,1ea6ba0b1e8d48363bb7ce5366b576be06dfa8d6,MIT,permissive,LICENSE (SPDX MIT via the GitHub licence API),abaqus-umat/uel/UEL9_ECO.for,41971,640838d7cd863b25af5e24742b8867b664d6fa80c781f72c566f38b70a1954c1,66eb39b9a213d03cd222a8c519e39aa6e8f56567bbe75c06ae96454b6f8f7689,already_known,"the same implementation as discovery_cache/jgomezc1__ABAQUS-US/UELS/UEL9_ECO.for, which this collection already counts",subroutine_umat_fortran,,
HIT-FSW-314/abaqus,1ea6ba0b1e8d48363bb7ce5366b576be06dfa8d6,MIT,permissive,LICENSE (SPDX MIT via the GitHub licence API),abaqus-umat/uel/UEL9_ECO_m.for,45112,bb7f2af0e51a53acd2f606300fd2b633311c28b56fb5ea7902ea7eba249435f4,0b3ead50e109477bf897a24f3338123b161dcda8453b940037a8939b57997b9a,already_known,"the same implementation as discovery_cache/jgomezc1__ABAQUS-US/UELS/UEL9_ECO_m.for, which this collection already counts",subroutine_umat_fortran,,
HIT-FSW-314/abaqus,1ea6ba0b1e8d48363bb7ce5366b576be06dfa8d6,MIT,permissive,LICENSE (SPDX MIT via the GitHub licence API),abaqus-umat/uel/UEL9_PCLI.for,50279,dca8d340ad5a3c1dcb8f75028c6e70caa6a4390a40217307209bc753de909e1e,99e60ac175ae8491665ad3b063a67f5babb7dd76802c7dd6f48f5a2ddf61c627,already_known,"the same implementation as discovery_cache/jgomezc1__ABAQUS-US/UELS/UEL9_PCLI.for, which this collection already counts",subroutine_umat_fortran,,
HIT-FSW-314/abaqus,1ea6ba0b1e8d48363bb7ce5366b576be06dfa8d6,MIT,permissive,LICENSE (SPDX MIT via the GitHub licence API),abaqus-umat/uel/UEL9_PCLK.for,48272,5029430d65f91475831863ea1aacbfc01e12ed8cfd64794716b669ca89f26001,432e08b73e2e2103f2f976dfd5977ff690fc00b5c4f6ee96f4e1695aad988670,already_known,"the same implementation as discovery_cache/jgomezc1__ABAQUS-US/UELS/UEL9_PCLK.for, which this collection already counts",subroutine_umat_fortran,,
HIT-FSW-314/abaqus,1ea6ba0b1e8d48363bb7ce5366b576be06dfa8d6,MIT,permissive,LICENSE (SPDX MIT via the GitHub licence API),abaqus-umat/uel/UEL9_PCOI.for,56479,7ee299095efef014ba536fd35e53b78e6fa450769f9d052bdee07a9e922fc817,a27aee98c8de5d19ae9f5ee8e2d96ec78688c4393f50cef5f4285d97bcad8d23,already_known,"the same implementation as discovery_cache/jgomezc1__ABAQUS-US/UELS/UEL9_PCOI.for, which this collection already counts",subroutine_umat_fortran,,
HIT-FSW-314/abaqus,1ea6ba0b1e8d48363bb7ce5366b576be06dfa8d6,MIT,permissive,LICENSE (SPDX MIT via the GitHub licence API),abaqus-umat/uel/UEL9_PCON.for,53589,4ce08b10d7548652b702f8dde86ed64d07cd0041fcd4369a69fac79f061c1faf,a4cedf3d337e3016e09ccd1a8c8de680593151a5c97c8dc165e6e602994e4c4e,already_known,"the same implementation as discovery_cache/jgomezc1__ABAQUS-US/UELS/UEL9_PCON.for, which this collection already counts",subroutine_umat_fortran,,
HIT-FSW-314/abaqus,1ea6ba0b1e8d48363bb7ce5366b576be06dfa8d6,MIT,permissive,LICENSE (SPDX MIT via the GitHub licence API),abaqus-umat/uel/UEL9_PCOR.for,53133,b503eb14b514cabea30c5905f6d6e37a537da92c5a17c8e9657c7ace089c3b57,640b3c2fd679c6d75482a65e10e6c63ca59bd75960ccac47c67c48d2f61bcd17,already_known,"the same implementation as discovery_cache/jgomezc1__ABAQUS-US/UELS/UEL9_PCOR.for, which this collection already counts",subroutine_umat_fortran,,
HIT-FSW-314/abaqus,1ea6ba0b1e8d48363bb7ce5366b576be06dfa8d6,MIT,permissive,LICENSE (SPDX MIT via the GitHub licence API),abaqus-umat/uel/UEL9_VPDCL.for,58067,24f7828a4226c2817d59798389fe1b311127b715c0894639573f154effe3a926,e326ea554aafe157711fe188775c8c1998b7f854a2a3dbc1296a2fe3a0273585,already_known,"the same implementation as discovery_cache/HIT-FSW-314__abaqus/abaqus-umat/uel/UEL9_VPDCL.for, which this collection already counts",subroutine_umat_fortran,,
HIT-FSW-314/abaqus,1ea6ba0b1e8d48363bb7ce5366b576be06dfa8d6,MIT,permissive,LICENSE (SPDX MIT via the GitHub licence API),abaqus-umat/uel/UEL9_VPDCL_R.for,58303,9fcffc834f0d8ebf87172198d5e773a580b4a8af7466723988e29d783e7ace77,db00ed3f321491c8429bc664c74aaf554b3496e21ce0c8d28c61aabe7622d9f9,already_known,"the same implementation as discovery_cache/jgomezc1__ABAQUS-US/UELS/UEL9_VPDCL_R.for, which this collection already counts",subroutine_umat_fortran,,
HIT-FSW-314/abaqus,1ea6ba0b1e8d48363bb7ce5366b576be06dfa8d6,MIT,permissive,LICENSE (SPDX MIT via the GitHub licence API),abaqus-umat/uel/UEL9_VPDCO.for,64383,110f713f249782382bf882becd4a9543a1b8d329987c0e912353a45618d881ff,3b4d56c411202b4e64532e3979ea720b5b7d605a70f95e1b6d631fe72423ba40,already_known,"the same implementation as discovery_cache/jgomezc1__ABAQUS-US/SAMPLE/UEL9_VPDCO.for, which this collection already counts",subroutine_umat_fortran,,
HIT-FSW-314/abaqus,1ea6ba0b1e8d48363bb7ce5366b576be06dfa8d6,MIT,permissive,LICENSE (SPDX MIT via the GitHub licence API),abaqus-umat/umat/UMAT_ECL_TEMP.for,22092,21f634c3b0c235fa2bcfd4d25258aa86c7ad1d442e045e9bb4c639fd4c143a70,034efd0179cb84aaa9e066bdd4159522247918a4a3a48802a5a4930c795ec24f,already_known,"the same implementation as UMAT_ECL_TEMP, which this collection already counts",subroutine_umat_fortran,,
HIT-FSW-314/abaqus,1ea6ba0b1e8d48363bb7ce5366b576be06dfa8d6,MIT,permissive,LICENSE (SPDX MIT via the GitHub licence API),abaqus-umat/umat/UMAT_ECO.for,3856,71f9361d6037a379075bd3b2c1b2d038422ea4eb502cff1a45da874376a67e7c,87ea3ae9e48b597f713023a2e3061173a77c45d0c562693067474feffba19018,already_known,"the same implementation as jgomezc1_UMAT_ECO, which this collection already counts",subroutine_umat_fortran,,
HIT-FSW-314/abaqus,1ea6ba0b1e8d48363bb7ce5366b576be06dfa8d6,MIT,permissive,LICENSE (SPDX MIT via the GitHub licence API),abaqus-umat/umat/UMAT_PCLI.for,30370,54f8e6672bee8568295b695c397d75bb316b240997bed4a185b4acaa02568169,633d872bceeeebd0c496d67a7f337764fc9e3f3b6d6f523a7a15b025f752571d,already_known,"the same implementation as UMAT_PCLI, which this collection already counts",subroutine_umat_fortran,,
HIT-FSW-314/abaqus,1ea6ba0b1e8d48363bb7ce5366b576be06dfa8d6,MIT,permissive,LICENSE (SPDX MIT via the GitHub licence API),abaqus-umat/umat/UMAT_PCLI_R.for,30323,3d96801660fe94a4de34b6ce745111a4f53a1e0f4a67b32cfb8d42dd33347b61,3848c18bbc5f211e96ac967419bbb76959db07a3b6b98c139ba66540912f6810,already_known,"the same implementation as UMAT_PCLI_R, which this collection already counts",subroutine_umat_fortran,,
HIT-FSW-314/abaqus,1ea6ba0b1e8d48363bb7ce5366b576be06dfa8d6,MIT,permissive,LICENSE (SPDX MIT via the GitHub licence API),abaqus-umat/umat/UMAT_PCLK.for,27694,0deebd0de0d8def5a1054ec12fb1681a1c8765416d5ca3f175aa373ff5a34f3e,4e3f92dbb8385927da81cb6c4b8c0df25c72ddebb4b2d92c26a28ee2f0b55f8c,already_known,"the same implementation as UMAT_PCLK, which this collection already counts",subroutine_umat_fortran,,
HIT-FSW-314/abaqus,1ea6ba0b1e8d48363bb7ce5366b576be06dfa8d6,MIT,permissive,LICENSE (SPDX MIT via the GitHub licence API),abaqus-umat/umat/UMAT_VPDCL.for,23271,139355773a2819ed69e41500269dafb980214f0dd4b36d0ac7bbab0d1f91198e,6f50e1d3c278309312e8542d471cdc510250e4f46bd72ad1a52c5307c5d4048d,already_known,"the same implementation as UMAT_VPDCL, which this collection already counts",subroutine_umat_fortran,,
HIT-FSW-314/abaqus,1ea6ba0b1e8d48363bb7ce5366b576be06dfa8d6,MIT,permissive,LICENSE (SPDX MIT via the GitHub licence API),abaqus-umat/umat/UMAT_VPDCL_R.for,37783,9ade2c446c729b35f25c59f030b60a1a673998bc131c8c4e0c476344b0694330,a5ebf99117cf2973cd41b1a67b4afd222a02a1c85a715f21e6f394ee23a6a18f,already_known,"the same implementation as UMAT_VPDCL_R, which this collection already counts",subroutine_umat_fortran,,
HIT-FSW-314/abaqus,1ea6ba0b1e8d48363bb7ce5366b576be06dfa8d6,MIT,permissive,LICENSE (SPDX MIT via the GitHub licence API),abaqus-udf/welding-dflux/double-ellipsoid-Tjoint-tilted.for,2022,,,no_umat_entry,"Fortran, but it declares no SUBROUTINE UMAT",subroutine_umat_fortran,,
HIT-FSW-314/abaqus,1ea6ba0b1e8d48363bb7ce5366b576be06dfa8d6,MIT,permissive,LICENSE (SPDX MIT via the GitHub licence API),abaqus-udf/welding-dflux/double-ellipsoid-girth.for,1425,,,no_umat_entry,"Fortran, but it declares no SUBROUTINE UMAT",subroutine_umat_fortran,,
HIT-FSW-314/abaqus,1ea6ba0b1e8d48363bb7ce5366b576be06dfa8d6,MIT,permissive,LICENSE (SPDX MIT via the GitHub licence API),abaqus-udf/welding-dflux/double-ellipsoid-multilayer.for,2736,,,no_umat_entry,"Fortran, but it declares no SUBROUTINE UMAT",subroutine_umat_fortran,,
HIT-FSW-314/abaqus,1ea6ba0b1e8d48363bb7ce5366b576be06dfa8d6,MIT,permissive,LICENSE (SPDX MIT via the GitHub licence API),abaqus-udf/welding-dflux/double-ellipsoid-multipass.for,2578,,,no_umat_entry,"Fortran, but it declares no SUBROUTINE UMAT",subroutine_umat_fortran,,
HIT-FSW-314/abaqus,1ea6ba0b1e8d48363bb7ce5366b576be06dfa8d6,MIT,permissive,LICENSE (SPDX MIT via the GitHub licence API),abaqus-udf/welding-dflux/fsw-classic-example.for,2145,,,no_umat_entry,"Fortran, but it declares no SUBROUTINE UMAT",subroutine_umat_fortran,,
HIT-FSW-314/abaqus,1ea6ba0b1e8d48363bb7ce5366b576be06dfa8d6,MIT,permissive,LICENSE (SPDX MIT via the GitHub licence API),abaqus-udf/welding-dflux/gauss-classic.for,1022,,,no_umat_entry,"Fortran, but it declares no SUBROUTINE UMAT",subroutine_umat_fortran,,
HIT-FSW-314/abaqus,1ea6ba0b1e8d48363bb7ce5366b576be06dfa8d6,MIT,permissive,LICENSE (SPDX MIT via the GitHub licence API),abaqus-umat/inp/UEL8_ECL_AXY.for,44840,adfe11a8783889c604fc584352778b6d1d2ecb8cfe97de109589bb82512b6eec,c44e434545ef44e243e7be0bc1de135c5eb67b7d08d5f5cc1393642d51a6733c,already_known,"the same implementation as discovery_cache/jgomezc1__ABAQUS-US/INPUT_FILES/UEL8_ECL_AXY.for, which this collection already counts",subroutine_umat_fortran,,
HIT-FSW-314/abaqus,1ea6ba0b1e8d48363bb7ce5366b576be06dfa8d6,MIT,permissive,LICENSE (SPDX MIT via the GitHub licence API),abaqus-umat/uel/UEL8_ECL.for,43894,e35e6aba4e958dcbe81f6220d0561ec4e14ccbf9860a901dcdec1016116bd44a,ba2412753181697e994249f938f0950ca851f8702b973ba09c4495f7edd07d55,already_known,"the same implementation as discovery_cache/jgomezc1__ABAQUS-US/UELS/UEL8_ECL.for, which this collection already counts",subroutine_umat_fortran,,
HIT-FSW-314/abaqus,1ea6ba0b1e8d48363bb7ce5366b576be06dfa8d6,MIT,permissive,LICENSE (SPDX MIT via the GitHub licence API),abaqus-umat/uel/UEL8_VPDCO.for,59830,66e955998b861d952931ab528f1d08c646ce26f3cdc977f88811cfdf670877d7,0a5c2ba5e3ac61f4b3b6cd76f262d3321042b451a5771a5b3c03b99b0dbb8d3d,already_known,"the same implementation as discovery_cache/jgomezc1__ABAQUS-US/UELS/UEL8_VPDCO.for, which this collection already counts",subroutine_umat_fortran,,
HIT-FSW-314/abaqus,1ea6ba0b1e8d48363bb7ce5366b576be06dfa8d6,MIT,permissive,LICENSE (SPDX MIT via the GitHub licence API),abaqus-umat/uel/UEL9_PCLI_R.for,45792,9afefa8b7426a22716951c8581177b87133baf4992198f546deb390ee95ab039,a0c676c60e2a1ca00d0da8a3f011b0c59cf5a06f442b09535b826dc0c674b556,already_known,"the same implementation as discovery_cache/jgomezc1__ABAQUS-US/UELS/UEL9_PCLI_R.for, which this collection already counts",subroutine_umat_fortran,,
HIT-FSW-314/abaqus,1ea6ba0b1e8d48363bb7ce5366b576be06dfa8d6,MIT,permissive,LICENSE (SPDX MIT via the GitHub licence API),abaqus-umat/uel/UEL9_PCOR_KIN.for,54691,1132a6aff254aa93d50959bf0d088fd33b5b0115882cffd542447131cb2a76dd,d5b99a74cec12d55604ca81294339641979f2d08146bfa373fda7c46885d8f77,already_known,"the same implementation as discovery_cache/jgomezc1__ABAQUS-US/UELS/UEL9_PCOR_KIN.for, which this collection already counts",subroutine_umat_fortran,,
HIT-FSW-314/abaqus,1ea6ba0b1e8d48363bb7ce5366b576be06dfa8d6,MIT,permissive,LICENSE (SPDX MIT via the GitHub licence API),,0,,,not_examined,stopped after 40 files from this repository; 5 not read,subroutine_umat_fortran,,
mohibmustafa/MaterialModels,,,,no LICENSE file detected by the GitHub API,,0,,,licence_absent,"no licence is declared, so nothing may be redistributed from it; a repository without a LICENSE file is refused, not assumed permissive; recorded and not fetched",subroutine_umat_fortran,,
santiagarcia/OTI_LLM,,,,no LICENSE file detected by the GitHub API,,0,,,licence_absent,"no licence is declared, so nothing may be redistributed from it; a repository without a LICENSE file is refused, not assumed permissive; recorded and not fetched",subroutine_umat_fortran,,
mholla/growth,e82fb8b3e29bd6ee5106d454d54814779fd18768,GPL-3.0,copyleft,LICENSE (SPDX GPL-3.0 via the GitHub licence API),umats/umat_area_morph.f,7025,19d30808f85c6d4c6ec9421d36d911448c8dcfbd429957150cac8d9a4b4caba1,883a924b080e34749eb5a160002ba95980915dea97a3fe97e630dfc1cb873e8c,already_known,"the same implementation as discovery_cache/mholla__growth/umats/umat_area_morph.f, which this collection already counts",subroutine_umat_fortran,,
mholla/growth,e82fb8b3e29bd6ee5106d454d54814779fd18768,GPL-3.0,copyleft,LICENSE (SPDX GPL-3.0 via the GitHub licence API),umats/umat_area_morph_Abaqus.f,7193,c6d8b0a7098ebfe50c4085fcc4cc84a6a748f56ccca7ee11a4b66020abe32bd3,8fe99c460bd4d3dd44375ef25b9fa985939dbf6f7c19e85569272c5dc80cc693,already_known,"the same implementation as discovery_cache/mholla__growth/umats/umat_area_morph_Abaqus.f, which this collection already counts",subroutine_umat_fortran,,
mholla/growth,e82fb8b3e29bd6ee5106d454d54814779fd18768,GPL-3.0,copyleft,LICENSE (SPDX GPL-3.0 via the GitHub licence API),umats/umat_fiber_morph.f,6805,dfa2385ece474936baccfe5fd69fc0f4eac08ba18647c3fdeae10b9061ba9ec1,e6c579aa041a0d0110332efe889302167f356b44abee4a6120639f238c256ec9,already_known,"the same implementation as discovery_cache/mholla__growth/umats/umat_fiber_morph.f, which this collection already counts",subroutine_umat_fortran,,
mholla/growth,e82fb8b3e29bd6ee5106d454d54814779fd18768,GPL-3.0,copyleft,LICENSE (SPDX GPL-3.0 via the GitHub licence API),umats/umat_fiber_morph_Abaqus.f,7010,4e4bf4336d2807cf1d05cdb81d0cd52b5dbbdb35d2a77417b612dea585c01666,117cc481815ba2043c62295aaa0ed666960010228386efa5aa0ac9d9dd97229b,already_known,"the same implementation as discovery_cache/mholla__growth/umats/umat_fiber_morph_Abaqus.f, which this collection already counts",subroutine_umat_fortran,,
mholla/growth,e82fb8b3e29bd6ee5106d454d54814779fd18768,GPL-3.0,copyleft,LICENSE (SPDX GPL-3.0 via the GitHub licence API),umats/umat_fiber_morph_orient.f,9256,9e4fdc1b8790e0f1ded2cd70c96a0ef314b2f639e1d3e1ef43f02fd3f708ecf0,dddb7004b3c7ef2934d42338994bcef4648f7eabc1634052dfbca6aece08eb6b,already_known,"the same implementation as discovery_cache/mholla__growth/umats/umat_fiber_morph_orient.f, which this collection already counts",subroutine_umat_fortran,,
mholla/growth,e82fb8b3e29bd6ee5106d454d54814779fd18768,GPL-3.0,copyleft,LICENSE (SPDX GPL-3.0 via the GitHub licence API),umats/umat_fiber_stretch.f,9860,0413e404534a19f6ea0864908ea464f4b38ee465e217e4282c97c82d0bd1b32f,0cea6873ed6fd61c874d93fccbd8b7fff5fc5a2e16e5ec9348df9ec1c7f890b1,already_known,"the same implementation as discovery_cache/mholla__growth/umats/umat_fiber_stretch.f, which this collection already counts",subroutine_umat_fortran,,
mholla/growth,e82fb8b3e29bd6ee5106d454d54814779fd18768,GPL-3.0,copyleft,LICENSE (SPDX GPL-3.0 via the GitHub licence API),umats/umat_iso_Mandel.f,8325,b7b17c9d62fca75871f71d9877f6a59adc5d425ee593e94dc94315f38b07ae6d,63f447a1700d8730d03ecfb6866a0b1ce05ade2d49d7d842acc6b37a198a101d,already_known,"the same implementation as discovery_cache/mholla__growth/umats/umat_iso_Mandel.f, which this collection already counts",subroutine_umat_fortran,,
mholla/growth,e82fb8b3e29bd6ee5106d454d54814779fd18768,GPL-3.0,copyleft,LICENSE (SPDX GPL-3.0 via the GitHub licence API),umats/umat_iso_Mandel_v2.f,8423,e28987e4ab9cb2d7a830af4fff97f2516d8c529a1cbcd9aa5ce0436ab10c3073,e3cd8997628013ab0063d7d3c61803428098418b00527e6463a92e47b2b7822c,already_known,"the same implementation as discovery_cache/mholla__growth/umats/umat_iso_Mandel_v2.f, which this collection already counts",subroutine_umat_fortran,,
mholla/growth,e82fb8b3e29bd6ee5106d454d54814779fd18768,GPL-3.0,copyleft,LICENSE (SPDX GPL-3.0 via the GitHub licence API),umats/umat_iso_morph.f,5941,1f8000fbc128425690acb93d7e17db7d440e067820e5e2850abf034a87ce6c3e,5e8408b60cbad1d3ac31ea27da3d7949f4dbaef339a94d71a18a48da41dcfc7c,already_known,"the same implementation as discovery_cache/mholla__growth/umats/umat_iso_morph.f, which this collection already counts",subroutine_umat_fortran,,
mholla/growth,e82fb8b3e29bd6ee5106d454d54814779fd18768,GPL-3.0,copyleft,LICENSE (SPDX GPL-3.0 via the GitHub licence API),umats/umat_iso_morph_Abaqus.f,5872,247c2796c87a32e5f5136e23ee54302634bd9da7c702fd551f77d919563eb24c,7ec4e53f13ff4abbffbe2931aff8edb88ed5d894ff2e80560b315004621c32f1,already_known,"the same implementation as discovery_cache/mholla__growth/umats/umat_iso_morph_Abaqus.f, which this collection already counts",subroutine_umat_fortran,,
mholla/growth,e82fb8b3e29bd6ee5106d454d54814779fd18768,GPL-3.0,copyleft,LICENSE (SPDX GPL-3.0 via the GitHub licence API),umats/umat_iso_stretch.f,7467,9a6708ca3e84311a5d1886358cc80eeea5bf479ea85bf688debb12e2d39abcaf,3469bc3f24fdb1b4f613167cd161149ecdfae245e6e6d11b5cf751fff466a526,already_known,"the same implementation as discovery_cache/mholla__growth/umats/umat_iso_stretch.f, which this collection already counts",subroutine_umat_fortran,,
mholla/growth,e82fb8b3e29bd6ee5106d454d54814779fd18768,GPL-3.0,copyleft,LICENSE (SPDX GPL-3.0 via the GitHub licence API),umats/umat_neohooke.f,4952,373e32d06530b19f6376c9ef7b0d54776a1b34cb5fb0bf19970d8f940780067f,385265a29f56478d5e34c6ea62de17de7047040ffce8823b06bde39554789609,already_known,"the same implementation as discovery_cache/mholla__growth/umats/umat_neohooke.f, which this collection already counts",subroutine_umat_fortran,,
mholla/growth,e82fb8b3e29bd6ee5106d454d54814779fd18768,GPL-3.0,copyleft,LICENSE (SPDX GPL-3.0 via the GitHub licence API),umats/umat_neohooke_abaqus.f,4712,18d2d1c851d94a4d5e29e0d567503bf6bf59c922693892bf81dc768ef9c2ef3a,35e091dd94ac38cc382dbc7b9a8ba9c4d03f954f838a956db3882c9d7129dfcf,already_known,"the same implementation as discovery_cache/mholla__growth/umats/umat_neohooke_abaqus.f, which this collection already counts",subroutine_umat_fortran,,
mholla/growth,e82fb8b3e29bd6ee5106d454d54814779fd18768,GPL-3.0,copyleft,LICENSE (SPDX GPL-3.0 via the GitHub licence API),umats/umat_ortho_stretch.f,11137,6e9ffb7d35ae38217a3abfb919a22447690f8e4a00c3353173ea47c2070ed055,61b4bb65267eb054e6577ad5c9aa572b14cccaca53ea5c40b13b7b1e392bb5da,already_known,"the same implementation as discovery_cache/mholla__growth/umats/umat_ortho_stretch.f, which this collection already counts",subroutine_umat_fortran,,
mholla/growth,e82fb8b3e29bd6ee5106d454d54814779fd18768,GPL-3.0,copyleft,LICENSE (SPDX GPL-3.0 via the GitHub licence API),umats/umat_transverse.f,12651,d144e1f2bafd85d6c3d0f9be8d00322691c3d3f4533810ef704ae294f192d1d0,776418ab8cd233b486e378f1639ddbf45367b11f21f8ccc431c405765e61a4a3,already_known,"the same implementation as discovery_cache/mholla__growth/umats/umat_transverse.f, which this collection already counts",subroutine_umat_fortran,,
mholla/growth,e82fb8b3e29bd6ee5106d454d54814779fd18768,GPL-3.0,copyleft,LICENSE (SPDX GPL-3.0 via the GitHub licence API),umats/umat_area_morph_orient.f,9476,3c2437eba6ec7b064a0a9729da8240f5b81119198375d1d248c0b7bbb6be840a,40e8d810f1606317edc7774c4795d6e64db717ffb734a8aec69fad5eef2a6cca,already_known,"the same implementation as discovery_cache/mholla__growth/umats/umat_area_morph_orient.f, which this collection already counts",subroutine_umat_fortran,,
mholla/growth,e82fb8b3e29bd6ee5106d454d54814779fd18768,GPL-3.0,copyleft,LICENSE (SPDX GPL-3.0 via the GitHub licence API),umats/umat_area_stretch.f,10220,7b29542f8bcfb95b9253fa44b5d9e63f4e749e063023daf8c03720c8f7c4b946,a400ee878f6dc345968a584e2d31e43a07aba6f6073018a571265645071e364b,already_known,"the same implementation as discovery_cache/mholla__growth/umats/umat_area_stretch.f, which this collection already counts",subroutine_umat_fortran,,
yossy11/Subroutines,,,,no LICENSE file detected by the GitHub API,,0,,,licence_absent,"no licence is declared, so nothing may be redistributed from it; a repository without a LICENSE file is refused, not assumed permissive; recorded and not fetched",subroutine_umat_fortran,,
dudqlsBeans/COE-Group3,,,,no LICENSE file detected by the GitHub API,,0,,,licence_absent,"no licence is declared, so nothing may be redistributed from it; a repository without a LICENSE file is refused, not assumed permissive; recorded and not fetched",subroutine_umat_fortran,,
NASA-CHEETA/Topology-Optimization,,,,no LICENSE file detected by the GitHub API,,0,,,licence_absent,"no licence is declared, so nothing may be redistributed from it; a repository without a LICENSE file is refused, not assumed permissive; recorded and not fetched",subroutine_umat_fortran,,
bbist196/CPFE-UMATHT,,,,no LICENSE file detected by the GitHub API,,0,,,licence_absent,"no licence is declared, so nothing may be redistributed from it; a repository without a LICENSE file is refused, not assumed permissive; recorded and not fetched",subroutine_umat_fortran,,
Jeff97/growth-of-circular-plate,67e7e9afb06dd156f3ea4ad70ea2030b9e8048cc,Apache-2.0,permissive,LICENSE (SPDX Apache-2.0 via the GitHub licence API),Bending/Growth-CASE1.for,6130,1cbd12d7c122df157952dddca34c193c751cdd8a16903fb090ed6b99ee22a990,5db5d1f27d95cbe8cc05a01ca8b62dd82947f1c44bc6a6de6222732b61c11884,already_known,"the same implementation as discovery_cache/Jeff97__growth-of-circular-plate/Bending/Growth-CASE1.for, which this collection already counts",subroutine_umat_fortran,,
Jeff97/growth-of-circular-plate,67e7e9afb06dd156f3ea4ad70ea2030b9e8048cc,Apache-2.0,permissive,LICENSE (SPDX Apache-2.0 via the GitHub licence API),Bending/Growth-CASE2.for,6154,589f1485907e060418b8d8d5aa131aa764a767cf873ebb5e56a9c6bb7a4d5f17,678610c4739f28d90c386a583f7506c6f46f2bdf7fac6e2eda04d6acf8a57a0d,already_known,"the same implementation as discovery_cache/Jeff97__growth-of-circular-plate/Bending/Growth-CASE2.for, which this collection already counts",subroutine_umat_fortran,,
Jeff97/growth-of-circular-plate,67e7e9afb06dd156f3ea4ad70ea2030b9e8048cc,Apache-2.0,permissive,LICENSE (SPDX Apache-2.0 via the GitHub licence API),Bending/Growth-CASE3.for,6199,532e53269dbe8e50b134289edd03a063d42c6050bf8b9668235d52763eecddf3,6b42e25fa18c3602cfbc1dce11d0c06c018334f76b3e7186721c1eced1f09103,already_known,"the same implementation as discovery_cache/Jeff97__growth-of-circular-plate/Bending/Growth-CASE3.for, which this collection already counts",subroutine_umat_fortran,,
Jeff97/growth-of-circular-plate,67e7e9afb06dd156f3ea4ad70ea2030b9e8048cc,Apache-2.0,permissive,LICENSE (SPDX Apache-2.0 via the GitHub licence API),Combined/Growth-CASE1.for,6154,2d706359ce19229a01c620dd845aec883e5abbe0de1d350069aac31251572c6e,d6cb9c8908b38c4aab3067bf83b509f61b89f9fca9f067bb281904df3eb2e32b,already_known,"the same implementation as discovery_cache/Jeff97__growth-of-circular-plate/Combined/Growth-CASE1.for, which this collection already counts",subroutine_umat_fortran,,
Jeff97/growth-of-circular-plate,67e7e9afb06dd156f3ea4ad70ea2030b9e8048cc,Apache-2.0,permissive,LICENSE (SPDX Apache-2.0 via the GitHub licence API),Combined/Growth-CASE2.for,6144,92e1e28a628d021b862ca52ee22cff3bc546dd56768a31bc730ab96650f60358,4075b33e95d263fdb60d9deddcefdb6f30df48e3c9de40fce44238e2e05fd6b5,already_known,"the same implementation as discovery_cache/Jeff97__growth-of-circular-plate/Combined/Growth-CASE2.for, which this collection already counts",subroutine_umat_fortran,,
Jeff97/growth-of-circular-plate,67e7e9afb06dd156f3ea4ad70ea2030b9e8048cc,Apache-2.0,permissive,LICENSE (SPDX Apache-2.0 via the GitHub licence API),Combined/Growth-CASE3.for,6169,466957f5a37098461632b189dbd95228e6963b721359c9ca5a5ab53448c63cdb,1573e53a635aa9ca0cb0c147628f0700afb647c2562c5565297bde55d0e58610,already_known,"the same implementation as discovery_cache/Jeff97__growth-of-circular-plate/Combined/Growth-CASE3.for, which this collection already counts",subroutine_umat_fortran,,
Jeff97/growth-of-circular-plate,67e7e9afb06dd156f3ea4ad70ea2030b9e8048cc,Apache-2.0,permissive,LICENSE (SPDX Apache-2.0 via the GitHub licence API),Flat/Growth-CASE1.for,6130,1cbd12d7c122df157952dddca34c193c751cdd8a16903fb090ed6b99ee22a990,5db5d1f27d95cbe8cc05a01ca8b62dd82947f1c44bc6a6de6222732b61c11884,already_known,"the same implementation as discovery_cache/Jeff97__growth-of-circular-plate/Bending/Growth-CASE1.for, which this collection already counts",subroutine_umat_fortran,,
Jeff97/growth-of-circular-plate,67e7e9afb06dd156f3ea4ad70ea2030b9e8048cc,Apache-2.0,permissive,LICENSE (SPDX Apache-2.0 via the GitHub licence API),Flat/Growth-CASE2.for,6154,589f1485907e060418b8d8d5aa131aa764a767cf873ebb5e56a9c6bb7a4d5f17,678610c4739f28d90c386a583f7506c6f46f2bdf7fac6e2eda04d6acf8a57a0d,already_known,"the same implementation as discovery_cache/Jeff97__growth-of-circular-plate/Bending/Growth-CASE2.for, which this collection already counts",subroutine_umat_fortran,,
Jeff97/growth-of-circular-plate,67e7e9afb06dd156f3ea4ad70ea2030b9e8048cc,Apache-2.0,permissive,LICENSE (SPDX Apache-2.0 via the GitHub licence API),ShapeProgramming/Growth-CASE1.for,6191,e191f51f587e8eba196cd019d4bb57ad4001a2c960511da2157965e9ea724509,e88f3b9bea239cc7f8d025b1e7b1d4858ace45d2d755634e21b98b47709f4fe9,already_known,"the same implementation as discovery_cache/Jeff97__growth-of-circular-plate/ShapeProgramming/Growth-CASE1.for, which this collection already counts",subroutine_umat_fortran,,
Jeff97/growth-of-circular-plate,67e7e9afb06dd156f3ea4ad70ea2030b9e8048cc,Apache-2.0,permissive,LICENSE (SPDX Apache-2.0 via the GitHub licence API),ShapeProgramming/Growth-CASE2.for,6243,d8056ec6972d1392cb4cb6cc55804a4370ff50b676395425c34f8a2397fbdd94,51dbbc833e6d15037ed37625c4e6af7605f485677082fe983cf01e3f2d71e03e,already_known,"the same implementation as discovery_cache/Jeff97__growth-of-circular-plate/ShapeProgramming/Growth-CASE2.for, which this collection already counts",subroutine_umat_fortran,,
Jeff97/growth-of-circular-plate,67e7e9afb06dd156f3ea4ad70ea2030b9e8048cc,Apache-2.0,permissive,LICENSE (SPDX Apache-2.0 via the GitHub licence API),ShapeProgramming/Growth-CASE3.for,6306,e878b34205163f6499f5de531d1e288b3e297eeb97c41c7ae474c908207d364c,9186fdceb07c1878582e79222b62a2e50b7057797d401dc332785c9b464871cb,already_known,"the same implementation as discovery_cache/Jeff97__growth-of-circular-plate/ShapeProgramming/Growth-CASE3.for, which this collection already counts",subroutine_umat_fortran,,
Jeff97/growth-of-circular-plate,67e7e9afb06dd156f3ea4ad70ea2030b9e8048cc,Apache-2.0,permissive,LICENSE (SPDX Apache-2.0 via the GitHub licence API),ShapeProgramming/Growth-CASE4.for,6244,ba76c4f280ddf68dfc4d9144c8d2439bb38e6ab57467b04d52079dee8efecae8,0827807e1fbc8cc4dd3d3d74f345c5574a4d25c4d936587cd1f0eb14266cffd1,already_known,"the same implementation as discovery_cache/Jeff97__growth-of-circular-plate/ShapeProgramming/Growth-CASE4.for, which this collection already counts",subroutine_umat_fortran,,
Jeff97/growth-of-circular-plate,67e7e9afb06dd156f3ea4ad70ea2030b9e8048cc,Apache-2.0,permissive,LICENSE (SPDX Apache-2.0 via the GitHub licence API),ShapeProgramming/Growth-CASE5.for,7294,9dd64e629f5e18f6578bb525842f62a73943606f7cd322ec58a4d8e54f90564f,37beb8946f419c3382f87523b64c3570f530554ac32f6fb5bdb4bf8739f3156a,already_known,"the same implementation as discovery_cache/Jeff97__growth-of-circular-plate/ShapeProgramming/Growth-CASE5.for, which this collection already counts",subroutine_umat_fortran,,
Jeff97/growth-of-circular-plate,67e7e9afb06dd156f3ea4ad70ea2030b9e8048cc,Apache-2.0,permissive,LICENSE (SPDX Apache-2.0 via the GitHub licence API),Wrinkle/l1-is-1--l2-is-102.for,6804,0d6d4cae2123e2219c0b8ef8f3fcba1ee51299e8aa752287f8251f5b7245fb27,0c8754d1b4a1d0c12761ef8eab37e557ce57c7566b7587ef959807c91bba56b3,already_known,"the same implementation as discovery_cache/Jeff97__growth-of-circular-plate/Wrinkle/l1-is-1--l2-is-102.for, which this collection already counts",subroutine_umat_fortran,,
Jeff97/growth-of-circular-plate,67e7e9afb06dd156f3ea4ad70ea2030b9e8048cc,Apache-2.0,permissive,LICENSE (SPDX Apache-2.0 via the GitHub licence API),Wrinkle/l1-is-1--l2-is-103.for,6804,1f20a0474448aa9f985bad2a2f721df3d34ccac2d75a0f0e6cae4c902525a97d,32f84cc1c60cb4697e59719394bca13daec01e2b73163d68bdf1478e3ebe83c9,already_known,"the same implementation as discovery_cache/Jeff97__growth-of-circular-plate/Wrinkle/l1-is-1--l2-is-103.for, which this collection already counts",subroutine_umat_fortran,,
Jeff97/growth-of-circular-plate,67e7e9afb06dd156f3ea4ad70ea2030b9e8048cc,Apache-2.0,permissive,LICENSE (SPDX Apache-2.0 via the GitHub licence API),Wrinkle/l1-is-1--l2-is-12.for,6803,9675a8ef73503e5a375f910d4157d819a16579f995d5e576d6e7c6906bf4c348,7f91bc2719c880aa0c263a21f82b0c2a71b45c7b6a3cd7aca0c83cd1e25f122e,already_known,"the same implementation as discovery_cache/Jeff97__growth-of-circular-plate/Wrinkle/l1-is-1--l2-is-12.for, which this collection already counts",subroutine_umat_fortran,,
Jeff97/growth-of-circular-plate,67e7e9afb06dd156f3ea4ad70ea2030b9e8048cc,Apache-2.0,permissive,LICENSE (SPDX Apache-2.0 via the GitHub licence API),Wrinkle/l1-is-1--l2-is-13.for,6803,010c25768f217128c2e22fd736ae863c1d2ac3aac63ee1f495509f18ad3dc20c,4b0f23f947bd39f78c70b9b5fcc78671b40b7ba1abba150cfb64cf9f3c858434,already_known,"the same implementation as discovery_cache/Jeff97__growth-of-circular-plate/Wrinkle/l1-is-1--l2-is-13.for, which this collection already counts",subroutine_umat_fortran,,
Jeff97/growth-of-circular-plate,67e7e9afb06dd156f3ea4ad70ea2030b9e8048cc,Apache-2.0,permissive,LICENSE (SPDX Apache-2.0 via the GitHub licence API),Flat/Growth-CASE3.for,6199,532e53269dbe8e50b134289edd03a063d42c6050bf8b9668235d52763eecddf3,6b42e25fa18c3602cfbc1dce11d0c06c018334f76b3e7186721c1eced1f09103,already_known,"the same implementation as discovery_cache/Jeff97__growth-of-circular-plate/Bending/Growth-CASE3.for, which this collection already counts",subroutine_umat_fortran,,
Jeff97/growth-of-circular-plate,67e7e9afb06dd156f3ea4ad70ea2030b9e8048cc,Apache-2.0,permissive,LICENSE (SPDX Apache-2.0 via the GitHub licence API),ShapeProgramming/Growth-CASE6.for,6360,d4949b3d4a4e9c8323c1d188eb2893d0976cd6f076c8fda2dc8d6fa5dfa89216,9992f4c3fd44ce2b055686d5b9626606fd6ed60d37c96d2c17c53cfce92c3af7,already_known,"the same implementation as discovery_cache/Jeff97__growth-of-circular-plate/ShapeProgramming/Growth-CASE6.for, which this collection already counts",subroutine_umat_fortran,,
Jeff97/growth-of-circular-plate,67e7e9afb06dd156f3ea4ad70ea2030b9e8048cc,Apache-2.0,permissive,LICENSE (SPDX Apache-2.0 via the GitHub licence API),Wrinkle/l1-is-1--l2-is-101.for,6804,ed041e9c8301c18603b67ba325867935664e712a7efc43bbdd0675500bfbfe66,9c94a30558e34e9b6e11e8358d17a083da797ddb112d66dbe5e32c9d27eba103,already_known,"the same implementation as discovery_cache/Jeff97__growth-of-circular-plate/Wrinkle/l1-is-1--l2-is-101.for, which this collection already counts",subroutine_umat_fortran,,
Jeff97/growth-of-circular-plate,67e7e9afb06dd156f3ea4ad70ea2030b9e8048cc,Apache-2.0,permissive,LICENSE (SPDX Apache-2.0 via the GitHub licence API),Wrinkle/l1-is-1--l2-is-11.for,6803,0035a1c1ec96771136a0e850f70c20f3f9a60d845d09baeb02f743da7d3d8e50,9061dfb6138d7fff29d505b28f74f8a2faa08e6e7bf7b49cb662002b02f90673,already_known,"the same implementation as discovery_cache/Jeff97__growth-of-circular-plate/Wrinkle/l1-is-1--l2-is-11.for, which this collection already counts",subroutine_umat_fortran,,
luisrlp/UEL-dynamicCL,,,,no LICENSE file detected by the GitHub API,,0,,,licence_absent,"no licence is declared, so nothing may be redistributed from it; a repository without a LICENSE file is refused, not assumed permissive; recorded and not fetched",aba_param_include,,
Mohtesham786/ANURA3D_Linux_Moore_CI,,,,no LICENSE file detected by the GitHub API,,0,,,licence_absent,"no licence is declared, so nothing may be redistributed from it; a repository without a LICENSE file is refused, not assumed permissive; recorded and not fetched",subroutine_umat_fortran,,
abuganza/BayesianCalibrationSkinGrowth,0d337f0c216265902b702ed903217f4180dce3c5,GPL-3.0,copyleft,LICENSE (SPDX GPL-3.0 via the GitHub licence API),Revision/Abaqus SImulation/GOH/BC1_50cc/GOH_50cc.f,54355,6d9e5a62c46a9ee0a681ae3a4bcc417437f0c927bcfbf90261230b14e4f6f5f7,17da42b23c24e3bf91f862fa06085c68fa21eb10fe70f0179d69676242ef2615,already_known,"the same implementation as discovery_cache/abuganza__BayesianCalibrationSkinGrowth/GOH_Example.f, which this collection already counts",subroutine_umat_fortran,,
abuganza/BayesianCalibrationSkinGrowth,0d337f0c216265902b702ed903217f4180dce3c5,GPL-3.0,copyleft,LICENSE (SPDX GPL-3.0 via the GitHub licence API),Revision/Abaqus SImulation/GOH/BC1_55cc/GOH_55cc.f,54355,1cc9eb9ad998577df2c27fea49d691ccf2c16e9ef2f1ba108a4a302cb08d4e93,caf8f597cdffee07298bb1ea7c2502baa9f363e69d04edc99a97b3c17f8dc471,already_known,"the same implementation as discovery_cache/abuganza__BayesianCalibrationSkinGrowth/Revision/Abaqus SImulation/GOH/BC1_55cc/GOH_55cc.f, which this collection already counts",subroutine_umat_fortran,,
abuganza/BayesianCalibrationSkinGrowth,0d337f0c216265902b702ed903217f4180dce3c5,GPL-3.0,copyleft,LICENSE (SPDX GPL-3.0 via the GitHub licence API),Revision/Abaqus SImulation/GOH/BC2_50cc/GOH_50cc.f,54355,6d9e5a62c46a9ee0a681ae3a4bcc417437f0c927bcfbf90261230b14e4f6f5f7,17da42b23c24e3bf91f862fa06085c68fa21eb10fe70f0179d69676242ef2615,already_known,"the same implementation as discovery_cache/abuganza__BayesianCalibrationSkinGrowth/GOH_Example.f, which this collection already counts",subroutine_umat_fortran,,
abuganza/BayesianCalibrationSkinGrowth,0d337f0c216265902b702ed903217f4180dce3c5,GPL-3.0,copyleft,LICENSE (SPDX GPL-3.0 via the GitHub licence API),Revision/Abaqus SImulation/GOH/BC2_55cc/GOH_55cc.f,54355,1cc9eb9ad998577df2c27fea49d691ccf2c16e9ef2f1ba108a4a302cb08d4e93,caf8f597cdffee07298bb1ea7c2502baa9f363e69d04edc99a97b3c17f8dc471,already_known,"the same implementation as discovery_cache/abuganza__BayesianCalibrationSkinGrowth/Revision/Abaqus SImulation/GOH/BC1_55cc/GOH_55cc.f, which this collection already counts",subroutine_umat_fortran,,
abuganza/BayesianCalibrationSkinGrowth,0d337f0c216265902b702ed903217f4180dce3c5,GPL-3.0,copyleft,LICENSE (SPDX GPL-3.0 via the GitHub licence API),Revision/Abaqus SImulation/GOH/BC2_60cc/GOH_60cc.f,54355,1cc9eb9ad998577df2c27fea49d691ccf2c16e9ef2f1ba108a4a302cb08d4e93,caf8f597cdffee07298bb1ea7c2502baa9f363e69d04edc99a97b3c17f8dc471,already_known,"the same implementation as discovery_cache/abuganza__BayesianCalibrationSkinGrowth/Revision/Abaqus SImulation/GOH/BC1_55cc/GOH_55cc.f, which this collection already counts",subroutine_umat_fortran,,
abuganza/BayesianCalibrationSkinGrowth,0d337f0c216265902b702ed903217f4180dce3c5,GPL-3.0,copyleft,LICENSE (SPDX GPL-3.0 via the GitHub licence API),Revision/Abaqus SImulation/GOH/BC3_50cc/GOH_50cc.f,54355,6d9e5a62c46a9ee0a681ae3a4bcc417437f0c927bcfbf90261230b14e4f6f5f7,17da42b23c24e3bf91f862fa06085c68fa21eb10fe70f0179d69676242ef2615,already_known,"the same implementation as discovery_cache/abuganza__BayesianCalibrationSkinGrowth/GOH_Example.f, which this collection already counts",subroutine_umat_fortran,,
abuganza/BayesianCalibrationSkinGrowth,0d337f0c216265902b702ed903217f4180dce3c5,GPL-3.0,copyleft,LICENSE (SPDX GPL-3.0 via the GitHub licence API),Revision/Abaqus SImulation/Isotropic/BC1_50cc/Iso_50cc.f,17597,3409873b5ab9428519e438fb0a0f95ae955524b0e75d049e306fc26f9032fff5,ca6890255436321e566d1da252e812f98ce90b098fd2b60b5c62ffdbca82f348,already_known,"the same implementation as discovery_cache/abuganza__BayesianCalibrationSkinGrowth/Revision/Abaqus SImulation/Isotropic/BC1_50cc/Iso_50cc.f, which this collection already counts",subroutine_umat_fortran,,
abuganza/BayesianCalibrationSkinGrowth,0d337f0c216265902b702ed903217f4180dce3c5,GPL-3.0,copyleft,LICENSE (SPDX GPL-3.0 via the GitHub licence API),Revision/Abaqus SImulation/Isotropic/BC2_60cc/Iso_60cc.f,17597,e4ddcd7ad67edd5fb84d69b2f986b81e1ce85e400031028a95a8a92b366934a8,36816805f34d3dc57f05cac764db17fd1344b5996dec9c03508e826cb7968ed0,already_known,"the same implementation as discovery_cache/abuganza__BayesianCalibrationSkinGrowth/Revision/Abaqus SImulation/Isotropic/BC1_60cc/Iso_60cc.f, which this collection already counts",subroutine_umat_fortran,,
abuganza/BayesianCalibrationSkinGrowth,0d337f0c216265902b702ed903217f4180dce3c5,GPL-3.0,copyleft,LICENSE (SPDX GPL-3.0 via the GitHub licence API),Revision/Abaqus SImulation/SampleSimulation/GOH_Example.f,54355,6d9e5a62c46a9ee0a681ae3a4bcc417437f0c927bcfbf90261230b14e4f6f5f7,17da42b23c24e3bf91f862fa06085c68fa21eb10fe70f0179d69676242ef2615,already_known,"the same implementation as discovery_cache/abuganza__BayesianCalibrationSkinGrowth/GOH_Example.f, which this collection already counts",subroutine_umat_fortran,,
abuganza/BayesianCalibrationSkinGrowth,0d337f0c216265902b702ed903217f4180dce3c5,GPL-3.0,copyleft,LICENSE (SPDX GPL-3.0 via the GitHub licence API),Revision/Abaqus SImulation/SampleSimulation/Iso_Example.f,17597,b72a973ab8e8c520a4b8bdf8bb058efe3b89d9343bc350937468d597e12f5ec1,dce362c7b238aa70ad269b7f55c371db89e965758bcbaa6ec722f5ca3d4c79ca,already_known,"the same implementation as discovery_cache/abuganza__BayesianCalibrationSkinGrowth/Iso_Example.f, which this collection already counts",subroutine_umat_fortran,,
abuganza/BayesianCalibrationSkinGrowth,0d337f0c216265902b702ed903217f4180dce3c5,GPL-3.0,copyleft,LICENSE (SPDX GPL-3.0 via the GitHub licence API),GOH_Example.f,54389,080e3fa6848c95a55e2cadec3ab5ecfd99ee36dd185e986586d9ef3469026b3a,17da42b23c24e3bf91f862fa06085c68fa21eb10fe70f0179d69676242ef2615,already_known,"the same implementation as discovery_cache/abuganza__BayesianCalibrationSkinGrowth/GOH_Example.f, which this collection already counts",subroutine_umat_fortran,,
abuganza/BayesianCalibrationSkinGrowth,0d337f0c216265902b702ed903217f4180dce3c5,GPL-3.0,copyleft,LICENSE (SPDX GPL-3.0 via the GitHub licence API),Iso_Example.f,17597,b72a973ab8e8c520a4b8bdf8bb058efe3b89d9343bc350937468d597e12f5ec1,dce362c7b238aa70ad269b7f55c371db89e965758bcbaa6ec722f5ca3d4c79ca,already_known,"the same implementation as discovery_cache/abuganza__BayesianCalibrationSkinGrowth/Iso_Example.f, which this collection already counts",subroutine_umat_fortran,,
abuganza/BayesianCalibrationSkinGrowth,0d337f0c216265902b702ed903217f4180dce3c5,GPL-3.0,copyleft,LICENSE (SPDX GPL-3.0 via the GitHub licence API),Revision/Abaqus SImulation/GOH/BC1_60cc/GOH_60cc.f,54355,1cc9eb9ad998577df2c27fea49d691ccf2c16e9ef2f1ba108a4a302cb08d4e93,caf8f597cdffee07298bb1ea7c2502baa9f363e69d04edc99a97b3c17f8dc471,already_known,"the same implementation as discovery_cache/abuganza__BayesianCalibrationSkinGrowth/Revision/Abaqus SImulation/GOH/BC1_55cc/GOH_55cc.f, which this collection already counts",subroutine_umat_fortran,,
abuganza/BayesianCalibrationSkinGrowth,0d337f0c216265902b702ed903217f4180dce3c5,GPL-3.0,copyleft,LICENSE (SPDX GPL-3.0 via the GitHub licence API),Revision/Abaqus SImulation/GOH/BC3_55cc/GOH_55cc.f,54355,1cc9eb9ad998577df2c27fea49d691ccf2c16e9ef2f1ba108a4a302cb08d4e93,caf8f597cdffee07298bb1ea7c2502baa9f363e69d04edc99a97b3c17f8dc471,already_known,"the same implementation as discovery_cache/abuganza__BayesianCalibrationSkinGrowth/Revision/Abaqus SImulation/GOH/BC1_55cc/GOH_55cc.f, which this collection already counts",subroutine_umat_fortran,,
abuganza/BayesianCalibrationSkinGrowth,0d337f0c216265902b702ed903217f4180dce3c5,GPL-3.0,copyleft,LICENSE (SPDX GPL-3.0 via the GitHub licence API),Revision/Abaqus SImulation/GOH/BC3_60cc/GOH_60cc.f,54355,1cc9eb9ad998577df2c27fea49d691ccf2c16e9ef2f1ba108a4a302cb08d4e93,caf8f597cdffee07298bb1ea7c2502baa9f363e69d04edc99a97b3c17f8dc471,already_known,"the same implementation as discovery_cache/abuganza__BayesianCalibrationSkinGrowth/Revision/Abaqus SImulation/GOH/BC1_55cc/GOH_55cc.f, which this collection already counts",subroutine_umat_fortran,,
abuganza/BayesianCalibrationSkinGrowth,0d337f0c216265902b702ed903217f4180dce3c5,GPL-3.0,copyleft,LICENSE (SPDX GPL-3.0 via the GitHub licence API),Revision/Abaqus SImulation/Isotropic/BC1_55cc/Iso_55cc.f,17597,b72a973ab8e8c520a4b8bdf8bb058efe3b89d9343bc350937468d597e12f5ec1,dce362c7b238aa70ad269b7f55c371db89e965758bcbaa6ec722f5ca3d4c79ca,already_known,"the same implementation as discovery_cache/abuganza__BayesianCalibrationSkinGrowth/Iso_Example.f, which this collection already counts",subroutine_umat_fortran,,
abuganza/BayesianCalibrationSkinGrowth,0d337f0c216265902b702ed903217f4180dce3c5,GPL-3.0,copyleft,LICENSE (SPDX GPL-3.0 via the GitHub licence API),Revision/Abaqus SImulation/Isotropic/BC1_60cc/Iso_60cc.f,17597,e4ddcd7ad67edd5fb84d69b2f986b81e1ce85e400031028a95a8a92b366934a8,36816805f34d3dc57f05cac764db17fd1344b5996dec9c03508e826cb7968ed0,already_known,"the same implementation as discovery_cache/abuganza__BayesianCalibrationSkinGrowth/Revision/Abaqus SImulation/Isotropic/BC1_60cc/Iso_60cc.f, which this collection already counts",subroutine_umat_fortran,,
abuganza/BayesianCalibrationSkinGrowth,0d337f0c216265902b702ed903217f4180dce3c5,GPL-3.0,copyleft,LICENSE (SPDX GPL-3.0 via the GitHub licence API),Revision/Abaqus SImulation/Isotropic/BC2_50cc/Iso_50cc.f,17597,3409873b5ab9428519e438fb0a0f95ae955524b0e75d049e306fc26f9032fff5,ca6890255436321e566d1da252e812f98ce90b098fd2b60b5c62ffdbca82f348,already_known,"the same implementation as discovery_cache/abuganza__BayesianCalibrationSkinGrowth/Revision/Abaqus SImulation/Isotropic/BC1_50cc/Iso_50cc.f, which this collection already counts",subroutine_umat_fortran,,
abuganza/BayesianCalibrationSkinGrowth,0d337f0c216265902b702ed903217f4180dce3c5,GPL-3.0,copyleft,LICENSE (SPDX GPL-3.0 via the GitHub licence API),Revision/Abaqus SImulation/Isotropic/BC2_55cc/Iso_55cc.f,17597,b72a973ab8e8c520a4b8bdf8bb058efe3b89d9343bc350937468d597e12f5ec1,dce362c7b238aa70ad269b7f55c371db89e965758bcbaa6ec722f5ca3d4c79ca,already_known,"the same implementation as discovery_cache/abuganza__BayesianCalibrationSkinGrowth/Iso_Example.f, which this collection already counts",subroutine_umat_fortran,,
abuganza/BayesianCalibrationSkinGrowth,0d337f0c216265902b702ed903217f4180dce3c5,GPL-3.0,copyleft,LICENSE (SPDX GPL-3.0 via the GitHub licence API),Revision/Abaqus SImulation/Isotropic/BC3_50cc/Iso_50cc.f,17597,3409873b5ab9428519e438fb0a0f95ae955524b0e75d049e306fc26f9032fff5,ca6890255436321e566d1da252e812f98ce90b098fd2b60b5c62ffdbca82f348,already_known,"the same implementation as discovery_cache/abuganza__BayesianCalibrationSkinGrowth/Revision/Abaqus SImulation/Isotropic/BC1_50cc/Iso_50cc.f, which this collection already counts",subroutine_umat_fortran,,
abuganza/BayesianCalibrationSkinGrowth,0d337f0c216265902b702ed903217f4180dce3c5,GPL-3.0,copyleft,LICENSE (SPDX GPL-3.0 via the GitHub licence API),Revision/Abaqus SImulation/Isotropic/BC3_55cc/Iso_55cc.f,17597,b72a973ab8e8c520a4b8bdf8bb058efe3b89d9343bc350937468d597e12f5ec1,dce362c7b238aa70ad269b7f55c371db89e965758bcbaa6ec722f5ca3d4c79ca,already_known,"the same implementation as discovery_cache/abuganza__BayesianCalibrationSkinGrowth/Iso_Example.f, which this collection already counts",subroutine_umat_fortran,,
abuganza/BayesianCalibrationSkinGrowth,0d337f0c216265902b702ed903217f4180dce3c5,GPL-3.0,copyleft,LICENSE (SPDX GPL-3.0 via the GitHub licence API),Revision/Abaqus SImulation/Isotropic/BC3_60cc/Iso_60cc.f,17597,e4ddcd7ad67edd5fb84d69b2f986b81e1ce85e400031028a95a8a92b366934a8,36816805f34d3dc57f05cac764db17fd1344b5996dec9c03508e826cb7968ed0,already_known,"the same implementation as discovery_cache/abuganza__BayesianCalibrationSkinGrowth/Revision/Abaqus SImulation/Isotropic/BC1_60cc/Iso_60cc.f, which this collection already counts",subroutine_umat_fortran,,
SpringNuance/Abaqus-TDS-Hydrogen-Parameter-Calibration-Project,,,,no LICENSE file detected by the GitHub API,,0,,,licence_absent,"no licence is declared, so nothing may be redistributed from it; a repository without a LICENSE file is refused, not assumed permissive; recorded and not fetched",subroutine_umat_fortran,,
luisrlp/biopolymer-networks,,,,no LICENSE file detected by the GitHub API,,0,,,licence_absent,"no licence is declared, so nothing may be redistributed from it; a repository without a LICENSE file is refused, not assumed permissive; recorded and not fetched",subroutine_umat_fortran,,
SpringNuance/Abaqus-COMSOL-Subroutine-References,,,,no LICENSE file detected by the GitHub API,,0,,,licence_absent,"no licence is declared, so nothing may be redistributed from it; a repository without a LICENSE file is refused, not assumed permissive; recorded and not fetched",subroutine_umat_fortran,,
Anura3D/Anura3D_OpenSource,,,,no LICENSE file detected by the GitHub API,,0,,,licence_absent,"no licence is declared, so nothing may be redistributed from it; a repository without a LICENSE file is refused, not assumed permissive; recorded and not fetched",subroutine_umat_fortran,,
Mohtesham786/Anura3D_Clean_Linux,,,,no LICENSE file detected by the GitHub API,,0,,,licence_absent,"no licence is declared, so nothing may be redistributed from it; a repository without a LICENSE file is refused, not assumed permissive; recorded and not fetched",subroutine_umat_fortran,,
Dhondtguido/CalculiX,,GPL-2.0,permissive,LICENSE (SPDX GPL-2.0 via the GitHub licence API),,0,,,licence_incompatible,GPL-2.0 is outside the set this project may redistribute; recorded and not fetched,subroutine_umat_fortran,,
jwharington/CalculiX,,GPL-2.0,permissive,LICENSE (SPDX GPL-2.0 via the GitHub licence API),,0,,,licence_incompatible,GPL-2.0 is outside the set this project may redistribute; recorded and not fetched,subroutine_umat_fortran,,
SpringNuance/Abaqus-Fortran-Subroutine,,,,no LICENSE file detected by the GitHub API,,0,,,licence_absent,"no licence is declared, so nothing may be redistributed from it; a repository without a LICENSE file is refused, not assumed permissive; recorded and not fetched",subroutine_umat_fortran,,
xianjian-xie/moosedgpdev,,LGPL-2.1,permissive,LICENSE (SPDX LGPL-2.1 via the GitHub licence API),,0,,,licence_incompatible,LGPL-2.1 is outside the set this project may redistribute; recorded and not fetched,subroutine_umat_fortran,,
WangDooo/Fortarn,,,,no LICENSE file detected by the GitHub API,,0,,,licence_absent,"no licence is declared, so nothing may be redistributed from it; a repository without a LICENSE file is refused, not assumed permissive; recorded and not fetched",subroutine_umat_fortran,,
WonhoLee1/WHT_Calculixent,,,,no LICENSE file detected by the GitHub API,,0,,,licence_absent,"no licence is declared, so nothing may be redistributed from it; a repository without a LICENSE file is refused, not assumed permissive; recorded and not fetched",subroutine_umat_fortran,,
donggiang/moose-codex,,LGPL-2.1,permissive,LICENSE (SPDX LGPL-2.1 via the GitHub licence API),,0,,,licence_incompatible,LGPL-2.1 is outside the set this project may redistribute; recorded and not fetched,subroutine_umat_fortran,,
idaholab/moose,,LGPL-2.1,permissive,LICENSE (SPDX LGPL-2.1 via the GitHub licence API),,0,,,licence_incompatible,LGPL-2.1 is outside the set this project may redistribute; recorded and not fetched,subroutine_umat_fortran,,
AMMS-Lab-UTSA/UMAT_source_transformation,,,,,,0,,,own_repository,this is the project being validated; its sources and decks are not external evidence about itself,subroutine_umat_fortran,,
ekemomoh007/VEVP-Code-and-Input-Files,,,,no LICENSE file detected by the GitHub API,,0,,,licence_absent,"no licence is declared, so nothing may be redistributed from it; a repository without a LICENSE file is refused, not assumed permissive; recorded and not fetched",subroutine_umat_fortran,,
ShawnZ1438/MOOSE,,LGPL-2.1,permissive,LICENSE (SPDX LGPL-2.1 via the GitHub licence API),,0,,,licence_incompatible,LGPL-2.1 is outside the set this project may redistribute; recorded and not fetched,subroutine_umat_fortran,,
shenyaojin/moose-fiberis,,LGPL-2.1,permissive,LICENSE (SPDX LGPL-2.1 via the GitHub licence API),,0,,,licence_incompatible,LGPL-2.1 is outside the set this project may redistribute; recorded and not fetched,subroutine_umat_fortran,,
AdvancedMaterialSimulation/CalculixSource,,,,no LICENSE file detected by the GitHub API,,0,,,licence_absent,"no licence is declared, so nothing may be redistributed from it; a repository without a LICENSE file is refused, not assumed permissive; recorded and not fetched",subroutine_umat_fortran,,
ParaFEM/ParaFEM,,,,no LICENSE file detected by the GitHub API,,0,,,licence_absent,"no licence is declared, so nothing may be redistributed from it; a repository without a LICENSE file is refused, not assumed permissive; recorded and not fetched",subroutine_umat_fortran,,
Jeff97/General-shape-control-of-shell,95cf95d2191c8b125fa96e898c2cf4d411fa0a7c,Apache-2.0,permissive,LICENSE (SPDX Apache-2.0 via the GitHub licence API),Abaqus_Files/2Dto2D/From-2D-to-2D-Axe.for,10319,8ec632f81b9d431dd64007029261b955d530201df70dd5d0f2d1e75f2b5632a2,7e45009b74929fe768ba6b19f947229ec669d91680a41bf1ccc985c02bf96fc9,already_known,"the same implementation as discovery_cache/Jeff97__General-shape-control-of-shell/Abaqus_Files/2Dto2D/From-2D-to-2D-Axe.for, which this collection already counts",subroutine_umat_fortran,,
Jeff97/General-shape-control-of-shell,95cf95d2191c8b125fa96e898c2cf4d411fa0a7c,Apache-2.0,permissive,LICENSE (SPDX Apache-2.0 via the GitHub licence API),Abaqus_Files/2Dto2D/From-2D-to-2D-Disk.for,10221,01d58bcc245d0f7f2111142561d4db7882f963bdde959b4798b20ca9245d5cc0,2b96a4c6f7fe7f188e1c5dbc5fe2a998777de38be5a4f2831958adc400ad3d02,already_known,"the same implementation as discovery_cache/Jeff97__General-shape-control-of-shell/Abaqus_Files/2Dto2D/From-2D-to-2D-Disk.for, which this collection already counts",subroutine_umat_fortran,,
Jeff97/General-shape-control-of-shell,95cf95d2191c8b125fa96e898c2cf4d411fa0a7c,Apache-2.0,permissive,LICENSE (SPDX Apache-2.0 via the GitHub licence API),Abaqus_Files/2Dto2D/From-2D-to-2D-Scallop.for,10302,a3f622f17e2b7b40bb1b7055bc0c24a65cac1a341d87625d569e217802b43999,ebd363c47a81a67d016d03833c340d2bc7cc44f184ebcf9be5d61093cf4882cc,already_known,"the same implementation as discovery_cache/Jeff97__General-shape-control-of-shell/Abaqus_Files/2Dto2D/From-2D-to-2D-Scallop.for, which this collection already counts",subroutine_umat_fortran,,
Jeff97/General-shape-control-of-shell,95cf95d2191c8b125fa96e898c2cf4d411fa0a7c,Apache-2.0,permissive,LICENSE (SPDX Apache-2.0 via the GitHub licence API),Abaqus_Files/2Dto3D/From-2D-to-3D-DupinCyclide.for,32379,2af8a72cb05fde5a01765309c2f8e0bf715a21b817e8d24e8c85194bd9a30eb9,171d3a2dfda8c923f512848370298f008a6db2127b66b57695bae9a2e17ee61c,already_known,"the same implementation as discovery_cache/Jeff97__General-shape-control-of-shell/Abaqus_Files/2Dto3D/From-2D-to-3D-DupinCyclide.for, which this collection already counts",subroutine_umat_fortran,,
Jeff97/General-shape-control-of-shell,95cf95d2191c8b125fa96e898c2cf4d411fa0a7c,Apache-2.0,permissive,LICENSE (SPDX Apache-2.0 via the GitHub licence API),Abaqus_Files/2Dto3D/From-2D-to-3D-Genhel.for,14033,aa2052aced5eee66af94f82959aa9ca0380fc7b50394d2d9e609317f5dd37105,f34bf8d1171dc280eed8482f7e37b94a4f6bf20013e5e41c343f32febb1a6e8f,already_known,"the same implementation as discovery_cache/Jeff97__General-shape-control-of-shell/Abaqus_Files/2Dto3D/From-2D-to-3D-Genhel.for, which this collection already counts",subroutine_umat_fortran,,
Jeff97/General-shape-control-of-shell,95cf95d2191c8b125fa96e898c2cf4d411fa0a7c,Apache-2.0,permissive,LICENSE (SPDX Apache-2.0 via the GitHub licence API),Abaqus_Files/2Dto3D/From-2D-to-3D-Saddle.for,10216,51627710e5f79225f93796ee86f3d53c23ebc29c94d8396ff0288a7e1987601a,9de2685191ded4a8d7d6904d707a10da0ecfaf480f80b4398b1de302c6ae40e7,already_known,"the same implementation as discovery_cache/Jeff97__General-shape-control-of-shell/Abaqus_Files/2Dto3D/From-2D-to-3D-Saddle.for, which this collection already counts",subroutine_umat_fortran,,
Jeff97/General-shape-control-of-shell,95cf95d2191c8b125fa96e898c2cf4d411fa0a7c,Apache-2.0,permissive,LICENSE (SPDX Apache-2.0 via the GitHub licence API),Abaqus_Files/3Dto3D/From-3D-to-3D-Petal.for,14644,91aac3efaefae281067eac4807b9483152daaeeb6e90c8e519ecf48a39d55f78,d8874766d7cf4a4caeb43e41e2fa82b5f60451eb9e0f05975251bf61e92dc512,already_known,"the same implementation as discovery_cache/Jeff97__General-shape-control-of-shell/Abaqus_Files/3Dto3D/From-3D-to-3D-Petal.for, which this collection already counts",subroutine_umat_fortran,,
Jeff97/General-shape-control-of-shell,95cf95d2191c8b125fa96e898c2cf4d411fa0a7c,Apache-2.0,permissive,LICENSE (SPDX Apache-2.0 via the GitHub licence API),Abaqus_Files/Alex_Shocked/Growth-Alex.for,17357,2367584d4ad1565d8ad496e7c4ce1947fe13aae888db071d9824c9d3fcdd5739,53e69f543c6f9c65f499c5ceff86880669e5a8d7a18446e82c4e961a5a9a3ff0,already_known,"the same implementation as discovery_cache/Jeff97__General-shape-control-of-shell/Abaqus_Files/Alex_Shocked/Growth-Alex.for, which this collection already counts",subroutine_umat_fortran,,
Jeff97/General-shape-control-of-shell,95cf95d2191c8b125fa96e898c2cf4d411fa0a7c,Apache-2.0,permissive,LICENSE (SPDX Apache-2.0 via the GitHub licence API),Abaqus_Files/Beetle_Taxi/Growth-Car.for,17457,c16619283d84dad9632ca8cffd4c6d1d3ce9b7adaadfec849bedb0633eb40726,8e0ac9a5046d650ba2c6ac6e53846549b631adaff527e51722588834ead60c21,already_known,"the same implementation as discovery_cache/Jeff97__General-shape-control-of-shell/Abaqus_Files/Beetle_Taxi/Growth-Car.for, which this collection already counts",subroutine_umat_fortran,,
Jeff97/General-shape-control-of-shell,95cf95d2191c8b125fa96e898c2cf4d411fa0a7c,Apache-2.0,permissive,LICENSE (SPDX Apache-2.0 via the GitHub licence API),Abaqus_Files/3Dto3D/From-3D-to-3D-SeaShell.for,21646,6dddb5f9af85b1a0ca981cd27d7315997973d18de5abebf02eaea81094201cf9,5a26d075044c24964205f293a44fb220279bfd555f281dde9a7df3087a3db4ac,already_known,"the same implementation as discovery_cache/Jeff97__General-shape-control-of-shell/Abaqus_Files/3Dto3D/From-3D-to-3D-SeaShell.for, which this collection already counts",subroutine_umat_fortran,,
Jeff97/General-shape-control-of-shell,95cf95d2191c8b125fa96e898c2cf4d411fa0a7c,Apache-2.0,permissive,LICENSE (SPDX Apache-2.0 via the GitHub licence API),Abaqus_Files/FaceChange/Growth-Robot.for,26143,77265fa96d6720399c13f694669891e807fe7c2185b7e2886d7274fb176f203a,171cb3ff367b9ef09ef2c9120b53c383718b86e2193896106b6639cfa147ea91,already_known,"the same implementation as discovery_cache/Jeff97__General-shape-control-of-shell/Abaqus_Files/FaceChange/Growth-Robot.for, which this collection already counts",subroutine_umat_fortran,,
youngung/abaqusPy,,,,no LICENSE file detected by the GitHub API,,0,,,licence_absent,"no licence is declared, so nothing may be redistributed from it; a repository without a LICENSE file is refused, not assumed permissive; recorded and not fetched",subroutine_umat_fortran,,
MekaSaiKrishna/CodesComposites,,,,no LICENSE file detected by the GitHub API,,0,,,licence_absent,"no licence is declared, so nothing may be redistributed from it; a repository without a LICENSE file is refused, not assumed permissive; recorded and not fetched",subroutine_umat_fortran,,
AMMS-Lab-UTSA/Residual_Assembler,,,,,,0,,,own_repository,this is the project being validated; its sources and decks are not external evidence about itself,subroutine_umat_fortran,,
SpringNuance/Phase-Field-Cohesive-Zone-Resources,,,,no LICENSE file detected by the GitHub API,,0,,,licence_absent,"no licence is declared, so nothing may be redistributed from it; a repository without a LICENSE file is refused, not assumed permissive; recorded and not fetched",subroutine_umat_fortran,,
luvres/calculix,,,,no LICENSE file detected by the GitHub API,,0,,,licence_absent,"no licence is declared, so nothing may be redistributed from it; a repository without a LICENSE file is refused, not assumed permissive; recorded and not fetched",subroutine_umat_fortran,,
PacoOMG2/Ccx-welding-simulation,,,,no LICENSE file detected by the GitHub API,,0,,,licence_absent,"no licence is declared, so nothing may be redistributed from it; a repository without a LICENSE file is refused, not assumed permissive; recorded and not fetched",subroutine_umat_fortran,,
soorajnarayan/PhD_thesis,,,,no LICENSE file detected by the GitHub API,,0,,,licence_absent,"no licence is declared, so nothing may be redistributed from it; a repository without a LICENSE file is refused, not assumed permissive; recorded and not fetched",subroutine_umat_fortran,,
trungnnguyen/Capsul,,,,no LICENSE file detected by the GitHub API,,0,,,licence_absent,"no licence is declared, so nothing may be redistributed from it; a repository without a LICENSE file is refused, not assumed permissive; recorded and not fetched",subroutine_umat_fortran,,
CriticalSoilModels/critical-soil-models,71aa203263f4a7671f4b07281ccd4c541833d064,GPL-3.0,copyleft,LICENSE (SPDX GPL-3.0 via the GitHub licence API),legacy/mohr_coulomb_sr/umat_mcsr_legacy.f90,14362,,,no_umat_entry,"Fortran, but it declares no SUBROUTINE UMAT",subroutine_umat_ddsdde,,
CriticalSoilModels/critical-soil-models,71aa203263f4a7671f4b07281ccd4c541833d064,GPL-3.0,copyleft,LICENSE (SPDX GPL-3.0 via the GitHub licence API),legacy/mohr_coulomb_ss/umat_mcss_legacy.f90,27222,,,no_umat_entry,"Fortran, but it declares no SUBROUTINE UMAT",subroutine_umat_ddsdde,,
CriticalSoilModels/critical-soil-models,71aa203263f4a7671f4b07281ccd4c541833d064,GPL-3.0,copyleft,LICENSE (SPDX GPL-3.0 via the GitHub licence API),legacy/pm4sand/umat.f90,243905,,,no_umat_entry,"Fortran, but it declares no SUBROUTINE UMAT",subroutine_umat_ddsdde,,
CriticalSoilModels/critical-soil-models,71aa203263f4a7671f4b07281ccd4c541833d064,GPL-3.0,copyleft,LICENSE (SPDX GPL-3.0 via the GitHub licence API),src/models/bingham/umat_bingham.f90,8598,4b0c355c994b12d5824779ab56bb193f9f024c979f039be7625f25fb6bdd388b,969e32c16255755a621083b2006aea29a70f9c79e9a547930147d13196976cfe,candidate,"distinct, licensed GPL-3.0 (copyleft), declares a UMAT entry point; not yet transformed or verified",subroutine_umat_ddsdde,CriticalSoilModels__critical-soil-models/src/models/bingham/umat_bingham.f90,
CriticalSoilModels/critical-soil-models,71aa203263f4a7671f4b07281ccd4c541833d064,GPL-3.0,copyleft,LICENSE (SPDX GPL-3.0 via the GitHub licence API),src/models/linear_elastic/umat_linear_elastic.f90,3666,,,no_umat_entry,"Fortran, but it declares no SUBROUTINE UMAT",subroutine_umat_ddsdde,,
CriticalSoilModels/critical-soil-models,71aa203263f4a7671f4b07281ccd4c541833d064,GPL-3.0,copyleft,LICENSE (SPDX GPL-3.0 via the GitHub licence API),src/models/mohr_coulomb_sr/umat_mcsr.f90,7944,,,no_umat_entry,"Fortran, but it declares no SUBROUTINE UMAT",subroutine_umat_ddsdde,,
CriticalSoilModels/critical-soil-models,71aa203263f4a7671f4b07281ccd4c541833d064,GPL-3.0,copyleft,LICENSE (SPDX GPL-3.0 via the GitHub licence API),src/models/mohr_coulomb_ss/umat_mcss.f90,9068,,,no_umat_entry,"Fortran, but it declares no SUBROUTINE UMAT",subroutine_umat_ddsdde,,
CriticalSoilModels/critical-soil-models,71aa203263f4a7671f4b07281ccd4c541833d064,GPL-3.0,copyleft,LICENSE (SPDX GPL-3.0 via the GitHub licence API),src/models/norsand/umat_norsand.f90,7877,,,no_umat_entry,"Fortran, but it declares no SUBROUTINE UMAT",subroutine_umat_ddsdde,,
CriticalSoilModels/critical-soil-models,71aa203263f4a7671f4b07281ccd4c541833d064,GPL-3.0,copyleft,LICENSE (SPDX GPL-3.0 via the GitHub licence API),src/umat.f90,5285,48485db61ef57ffea9bb5dde14411d03f8f8be5d724f1e7dc7dd3b257245536b,ac84e67b52680e0c9f26c276f293322ec21053ef9de85854d72ea3fa92b1ba0c,candidate,"distinct, licensed GPL-3.0 (copyleft), declares a UMAT entry point; not yet transformed or verified",subroutine_umat_ddsdde,CriticalSoilModels__critical-soil-models/src/umat.f90,
CriticalSoilModels/critical-soil-models,71aa203263f4a7671f4b07281ccd4c541833d064,GPL-3.0,copyleft,LICENSE (SPDX GPL-3.0 via the GitHub licence API),app/main.f90,145,,,no_umat_entry,"Fortran, but it declares no SUBROUTINE UMAT",subroutine_umat_ddsdde,,
CriticalSoilModels/critical-soil-models,71aa203263f4a7671f4b07281ccd4c541833d064,GPL-3.0,copyleft,LICENSE (SPDX GPL-3.0 via the GitHub licence API),example/norsand_comparison.f90,6230,,,no_umat_entry,"Fortran, but it declares no SUBROUTINE UMAT",subroutine_umat_ddsdde,,
CriticalSoilModels/critical-soil-models,71aa203263f4a7671f4b07281ccd4c541833d064,GPL-3.0,copyleft,LICENSE (SPDX GPL-3.0 via the GitHub licence API),legacy/mohr_coulomb_sr/mcsr_core.f90,19994,,,no_umat_entry,"Fortran, but it declares no SUBROUTINE UMAT",subroutine_umat_ddsdde,,
CriticalSoilModels/critical-soil-models,71aa203263f4a7671f4b07281ccd4c541833d064,GPL-3.0,copyleft,LICENSE (SPDX GPL-3.0 via the GitHub licence API),legacy/mohr_coulomb_sr/mcsr_help_funcs.f90,2255,,,no_umat_entry,"Fortran, but it declares no SUBROUTINE UMAT",subroutine_umat_ddsdde,,
CriticalSoilModels/critical-soil-models,71aa203263f4a7671f4b07281ccd4c541833d064,GPL-3.0,copyleft,LICENSE (SPDX GPL-3.0 via the GitHub licence API),legacy/mohr_coulomb_sr/mcsr_ortiz_simo.f90,8596,,,no_umat_entry,"Fortran, but it declares no SUBROUTINE UMAT",subroutine_umat_ddsdde,,
CriticalSoilModels/critical-soil-models,71aa203263f4a7671f4b07281ccd4c541833d064,GPL-3.0,copyleft,LICENSE (SPDX GPL-3.0 via the GitHub licence API),legacy/mohr_coulomb_sr/mcsr_substepping.f90,19276,,,no_umat_entry,"Fortran, but it declares no SUBROUTINE UMAT",subroutine_umat_ddsdde,,
CriticalSoilModels/critical-soil-models,71aa203263f4a7671f4b07281ccd4c541833d064,GPL-3.0,copyleft,LICENSE (SPDX GPL-3.0 via the GitHub licence API),legacy/mohr_coulomb_sr/plastic_potential.f90,1030,,,no_umat_entry,"Fortran, but it declares no SUBROUTINE UMAT",subroutine_umat_ddsdde,,
CriticalSoilModels/critical-soil-models,71aa203263f4a7671f4b07281ccd4c541833d064,GPL-3.0,copyleft,LICENSE (SPDX GPL-3.0 via the GitHub licence API),legacy/mohr_coulomb_sr/yield_function.f90,2310,,,no_umat_entry,"Fortran, but it declares no SUBROUTINE UMAT",subroutine_umat_ddsdde,,
CriticalSoilModels/critical-soil-models,71aa203263f4a7671f4b07281ccd4c541833d064,GPL-3.0,copyleft,LICENSE (SPDX GPL-3.0 via the GitHub licence API),legacy/mohr_coulomb_ss/mcss_functions.f90,52253,,,no_umat_entry,"Fortran, but it declares no SUBROUTINE UMAT",subroutine_umat_ddsdde,,
CriticalSoilModels/critical-soil-models,71aa203263f4a7671f4b07281ccd4c541833d064,GPL-3.0,copyleft,LICENSE (SPDX GPL-3.0 via the GitHub licence API),src/conventions/voigt_conventions.f90,7719,,,no_umat_entry,"Fortran, but it declares no SUBROUTINE UMAT",subroutine_umat_ddsdde,,
CriticalSoilModels/critical-soil-models,71aa203263f4a7671f4b07281ccd4c541833d064,GPL-3.0,copyleft,LICENSE (SPDX GPL-3.0 via the GitHub licence API),src/core/csm_model.f90,8298,,,no_umat_entry,"Fortran, but it declares no SUBROUTINE UMAT",subroutine_umat_ddsdde,,
CriticalSoilModels/critical-soil-models,71aa203263f4a7671f4b07281ccd4c541833d064,GPL-3.0,copyleft,LICENSE (SPDX GPL-3.0 via the GitHub licence API),src/critical-soil-models.f90,4113,,,no_umat_entry,"Fortran, but it declares no SUBROUTINE UMAT",subroutine_umat_ddsdde,,
CriticalSoilModels/critical-soil-models,71aa203263f4a7671f4b07281ccd4c541833d064,GPL-3.0,copyleft,LICENSE (SPDX GPL-3.0 via the GitHub licence API),src/csm_kinds.f90,504,,,no_umat_entry,"Fortran, but it declares no SUBROUTINE UMAT",subroutine_umat_ddsdde,,
CriticalSoilModels/critical-soil-models,71aa203263f4a7671f4b07281ccd4c541833d064,GPL-3.0,copyleft,LICENSE (SPDX GPL-3.0 via the GitHub licence API),src/integrators/cpa.f90,4366,,,no_umat_entry,"Fortran, but it declares no SUBROUTINE UMAT",subroutine_umat_ddsdde,,
CriticalSoilModels/critical-soil-models,71aa203263f4a7671f4b07281ccd4c541833d064,GPL-3.0,copyleft,LICENSE (SPDX GPL-3.0 via the GitHub licence API),src/integrators/euler_substep.f90,9239,,,no_umat_entry,"Fortran, but it declares no SUBROUTINE UMAT",subroutine_umat_ddsdde,,
CriticalSoilModels/critical-soil-models,71aa203263f4a7671f4b07281ccd4c541833d064,GPL-3.0,copyleft,LICENSE (SPDX GPL-3.0 via the GitHub licence API),src/integrators/integrate_stress.f90,2152,,,no_umat_entry,"Fortran, but it declares no SUBROUTINE UMAT",subroutine_umat_ddsdde,,
CriticalSoilModels/critical-soil-models,71aa203263f4a7671f4b07281ccd4c541833d064,GPL-3.0,copyleft,LICENSE (SPDX GPL-3.0 via the GitHub licence API),src/invariants/strain_invariant_deriv.f90,997,,,no_umat_entry,"Fortran, but it declares no SUBROUTINE UMAT",subroutine_umat_ddsdde,,
CriticalSoilModels/critical-soil-models,71aa203263f4a7671f4b07281ccd4c541833d064,GPL-3.0,copyleft,LICENSE (SPDX GPL-3.0 via the GitHub licence API),src/invariants/strain_invariants.f90,2003,,,no_umat_entry,"Fortran, but it declares no SUBROUTINE UMAT",subroutine_umat_ddsdde,,
CriticalSoilModels/critical-soil-models,71aa203263f4a7671f4b07281ccd4c541833d064,GPL-3.0,copyleft,LICENSE (SPDX GPL-3.0 via the GitHub licence API),src/invariants/stress_invariant_deriv.f90,3912,,,no_umat_entry,"Fortran, but it declares no SUBROUTINE UMAT",subroutine_umat_ddsdde,,
CriticalSoilModels/critical-soil-models,71aa203263f4a7671f4b07281ccd4c541833d064,GPL-3.0,copyleft,LICENSE (SPDX GPL-3.0 via the GitHub licence API),src/invariants/stress_invariants.f90,3300,,,no_umat_entry,"Fortran, but it declares no SUBROUTINE UMAT",subroutine_umat_ddsdde,,
CriticalSoilModels/critical-soil-models,71aa203263f4a7671f4b07281ccd4c541833d064,GPL-3.0,copyleft,LICENSE (SPDX GPL-3.0 via the GitHub licence API),src/models/linear_elastic/le_functions.f90,2529,,,no_umat_entry,"Fortran, but it declares no SUBROUTINE UMAT",subroutine_umat_ddsdde,,
CriticalSoilModels/critical-soil-models,71aa203263f4a7671f4b07281ccd4c541833d064,GPL-3.0,copyleft,LICENSE (SPDX GPL-3.0 via the GitHub licence API),src/models/linear_elastic/le_types.f90,542,,,no_umat_entry,"Fortran, but it declares no SUBROUTINE UMAT",subroutine_umat_ddsdde,,
CriticalSoilModels/critical-soil-models,71aa203263f4a7671f4b07281ccd4c541833d064,GPL-3.0,copyleft,LICENSE (SPDX GPL-3.0 via the GitHub licence API),src/models/linear_elastic/linear_elastic_model.f90,4079,,,no_umat_entry,"Fortran, but it declares no SUBROUTINE UMAT",subroutine_umat_ddsdde,,
CriticalSoilModels/critical-soil-models,71aa203263f4a7671f4b07281ccd4c541833d064,GPL-3.0,copyleft,LICENSE (SPDX GPL-3.0 via the GitHub licence API),src/models/mohr_coulomb_sr/mcsr_functions.f90,10831,,,no_umat_entry,"Fortran, but it declares no SUBROUTINE UMAT",subroutine_umat_ddsdde,,
CriticalSoilModels/critical-soil-models,71aa203263f4a7671f4b07281ccd4c541833d064,GPL-3.0,copyleft,LICENSE (SPDX GPL-3.0 via the GitHub licence API),src/models/mohr_coulomb_sr/mcsr_model.f90,9738,,,no_umat_entry,"Fortran, but it declares no SUBROUTINE UMAT",subroutine_umat_ddsdde,,
CriticalSoilModels/critical-soil-models,71aa203263f4a7671f4b07281ccd4c541833d064,GPL-3.0,copyleft,LICENSE (SPDX GPL-3.0 via the GitHub licence API),src/models/mohr_coulomb_sr/mcsr_types.f90,3377,,,no_umat_entry,"Fortran, but it declares no SUBROUTINE UMAT",subroutine_umat_ddsdde,,
CriticalSoilModels/critical-soil-models,71aa203263f4a7671f4b07281ccd4c541833d064,GPL-3.0,copyleft,LICENSE (SPDX GPL-3.0 via the GitHub licence API),src/models/mohr_coulomb_sr/state_parameters.f90,6709,,,no_umat_entry,"Fortran, but it declares no SUBROUTINE UMAT",subroutine_umat_ddsdde,,
CriticalSoilModels/critical-soil-models,71aa203263f4a7671f4b07281ccd4c541833d064,GPL-3.0,copyleft,LICENSE (SPDX GPL-3.0 via the GitHub licence API),src/models/mohr_coulomb_sr/state_params_deriv.f90,1673,,,no_umat_entry,"Fortran, but it declares no SUBROUTINE UMAT",subroutine_umat_ddsdde,,
CriticalSoilModels/critical-soil-models,71aa203263f4a7671f4b07281ccd4c541833d064,GPL-3.0,copyleft,LICENSE (SPDX GPL-3.0 via the GitHub licence API),src/models/mohr_coulomb_ss/abbo_sloan_presets.f90,2123,,,no_umat_entry,"Fortran, but it declares no SUBROUTINE UMAT",subroutine_umat_ddsdde,,
CriticalSoilModels/critical-soil-models,71aa203263f4a7671f4b07281ccd4c541833d064,GPL-3.0,copyleft,LICENSE (SPDX GPL-3.0 via the GitHub licence API),src/models/mohr_coulomb_ss/mcss_functions.f90,15180,,,no_umat_entry,"Fortran, but it declares no SUBROUTINE UMAT",subroutine_umat_ddsdde,,
CriticalSoilModels/critical-soil-models,71aa203263f4a7671f4b07281ccd4c541833d064,GPL-3.0,copyleft,LICENSE (SPDX GPL-3.0 via the GitHub licence API),src/models/mohr_coulomb_ss/mcss_model.f90,10148,,,no_umat_entry,"Fortran, but it declares no SUBROUTINE UMAT",subroutine_umat_ddsdde,,
CriticalSoilModels/critical-soil-models,71aa203263f4a7671f4b07281ccd4c541833d064,GPL-3.0,copyleft,LICENSE (SPDX GPL-3.0 via the GitHub licence API),,0,,,not_examined,stopped after 40 files from this repository; 30 not read,subroutine_umat_ddsdde,,
adzetto/final_year_project,,,,no LICENSE file detected by the GitHub API,,0,,,licence_absent,"no licence is declared, so nothing may be redistributed from it; a repository without a LICENSE file is refused, not assumed permissive; recorded and not fetched",subroutine_umat_fortran,,
thelfer/thelfer.github.io,,,,no LICENSE file detected by the GitHub API,,0,,,licence_absent,"no licence is declared, so nothing may be redistributed from it; a repository without a LICENSE file is refused, not assumed permissive; recorded and not fetched",ddsdde_statev_nprops,,
vryy/constitutive_laws_application,,,,no LICENSE file detected by the GitHub API,,0,,,licence_absent,"no licence is declared, so nothing may be redistributed from it; a repository without a LICENSE file is refused, not assumed permissive; recorded and not fetched",subroutine_umat_fortran,,
KnutAM/MaterialModels,50fce6ae965c711f2b1d9977470c368770b35572,MIT,permissive,LICENSE (SPDX MIT inferred from the licence text; GitHub's API reported no identifier for this file),models/CrystalPlasticity/src/taylor_model.f90,7146,89ca7cf359d2227e184264338364fc29868976d703eeb02ec4f8929693068412,d844c865a3f0c7d159bd1ac480e03579af9a8f38ac36bd6c667309fe72dfd7b5,candidate,"distinct, licensed MIT (permissive), declares a UMAT entry point; not yet transformed or verified",subroutine_umat_ddsdde,KnutAM__MaterialModels/models/CrystalPlasticity/src/taylor_model.f90,
KnutAM/MaterialModels,50fce6ae965c711f2b1d9977470c368770b35572,MIT,permissive,LICENSE (SPDX MIT inferred from the licence text; GitHub's API reported no identifier for this file),models/CrystalPlasticity/src/umat.f90,6589,,,no_umat_entry,"Fortran, but it declares no SUBROUTINE UMAT",subroutine_umat_ddsdde,,
KnutAM/MaterialModels,50fce6ae965c711f2b1d9977470c368770b35572,MIT,permissive,LICENSE (SPDX MIT inferred from the licence text; GitHub's API reported no identifier for this file),models/GenFiniteStrain/src/GeneralFiniteStrain.for,7282,d867af4f228c4692332907dd8954dc73da6506c38ae7c010966e6f17654edac3,bd65a3ceb3f626fa26246ad93a250cff122a11fa9eddb011064941754d5be8ee,candidate,"distinct, licensed MIT (permissive), declares a UMAT entry point; not yet transformed or verified",subroutine_umat_ddsdde,KnutAM__MaterialModels/models/GenFiniteStrain/src/GeneralFiniteStrain.for,
KnutAM/MaterialModels,50fce6ae965c711f2b1d9977470c368770b35572,MIT,permissive,LICENSE (SPDX MIT inferred from the licence text; GitHub's API reported no identifier for this file),models/GenSmallStrain/src/GeneralSmallStrain.f90,7207,be24c09f29a28088d03ca7cafefd423d82ea82f8edac2262ec9247a31ad3a367,01f6a51e5641a91454ba2bfa0ff281b5fca1dbc1c3fbd728246d5bd21018ce3d,candidate,"distinct, licensed MIT (permissive), declares a UMAT entry point; not yet transformed or verified",subroutine_umat_ddsdde,KnutAM__MaterialModels/models/GenSmallStrain/src/GeneralSmallStrain.f90,
KnutAM/MaterialModels,50fce6ae965c711f2b1d9977470c368770b35572,MIT,permissive,LICENSE (SPDX MIT inferred from the licence text; GitHub's API reported no identifier for this file),models/MM2021/src/umat.f90,6340,d317c2fd2e45039f6d691aa719a76cb68aad95b37b1bb302da80e0d480cc4b60,eec1d92425c75c3a33e76166278086b996363642426f160ae37d2384183cde23,candidate,"distinct, licensed MIT (permissive), declares a UMAT entry point; not yet transformed or verified",subroutine_umat_ddsdde,KnutAM__MaterialModels/models/MM2021/src/umat.f90,
KnutAM/MaterialModels,50fce6ae965c711f2b1d9977470c368770b35572,MIT,permissive,LICENSE (SPDX MIT inferred from the licence text; GitHub's API reported no identifier for this file),models/Qin2018/src/umat.f90,6336,749a0865f1efe6c4aee781112310cf3fedfce26777ad81ee12bfedf77d5850c7,b580b95746373e01f4708f5f9322a51b36872b4f20c80f121227a56490214ec4,candidate,"distinct, licensed MIT (permissive), declares a UMAT entry point; not yet transformed or verified",subroutine_umat_ddsdde,KnutAM__MaterialModels/models/Qin2018/src/umat.f90,
KnutAM/MaterialModels,50fce6ae965c711f2b1d9977470c368770b35572,MIT,permissive,LICENSE (SPDX MIT inferred from the licence text; GitHub's API reported no identifier for this file),models/Shi2014/src/umat.f90,6340,d317c2fd2e45039f6d691aa719a76cb68aad95b37b1bb302da80e0d480cc4b60,eec1d92425c75c3a33e76166278086b996363642426f160ae37d2384183cde23,duplicate_within_search,the same implementation as an earlier hit,subroutine_umat_ddsdde,,
KnutAM/MaterialModels,50fce6ae965c711f2b1d9977470c368770b35572,MIT,permissive,LICENSE (SPDX MIT inferred from the licence text; GitHub's API reported no identifier for this file),models/CrystalPlasticity/src/Hutchinson1976exp_Lindfeldt_AF_bcc.f90,1655537,,,no_umat_entry,"Fortran, but it declares no SUBROUTINE UMAT",subroutine_umat_ddsdde,,
KnutAM/MaterialModels,50fce6ae965c711f2b1d9977470c368770b35572,MIT,permissive,LICENSE (SPDX MIT inferred from the licence text; GitHub's API reported no identifier for this file),models/CrystalPlasticity/src/Hutchinson1976exp_Lindfeldt_AF_iso_bcc.f90,1561663,,,no_umat_entry,"Fortran, but it declares no SUBROUTINE UMAT",subroutine_umat_ddsdde,,
KnutAM/MaterialModels,50fce6ae965c711f2b1d9977470c368770b35572,MIT,permissive,LICENSE (SPDX MIT inferred from the licence text; GitHub's API reported no identifier for this file),models/CrystalPlasticity/src/crystal_orientations_mod.f90,1784,,,no_umat_entry,"Fortran, but it declares no SUBROUTINE UMAT",subroutine_umat_ddsdde,,
KnutAM/MaterialModels,50fce6ae965c711f2b1d9977470c368770b35572,MIT,permissive,LICENSE (SPDX MIT inferred from the licence text; GitHub's API reported no identifier for this file),models/CrystalPlasticity/src/rand16384mod.f90,3495830,,,no_umat_entry,"Fortran, but it declares no SUBROUTINE UMAT",subroutine_umat_ddsdde,,
KnutAM/MaterialModels,50fce6ae965c711f2b1d9977470c368770b35572,MIT,permissive,LICENSE (SPDX MIT inferred from the licence text; GitHub's API reported no identifier for this file),models/CrystalPlasticity/src/rand512mod.f90,109199,,,no_umat_entry,"Fortran, but it declares no SUBROUTINE UMAT",subroutine_umat_ddsdde,,
KnutAM/MaterialModels,50fce6ae965c711f2b1d9977470c368770b35572,MIT,permissive,LICENSE (SPDX MIT inferred from the licence text; GitHub's API reported no identifier for this file),models/CrystalPlasticity/src/random_mod.f90,649467,,,no_umat_entry,"Fortran, but it declares no SUBROUTINE UMAT",subroutine_umat_ddsdde,,
KnutAM/MaterialModels,50fce6ae965c711f2b1d9977470c368770b35572,MIT,permissive,LICENSE (SPDX MIT inferred from the licence text; GitHub's API reported no identifier for this file),models/CrystalPlasticity/src/umat_module.f90,3737,,,no_umat_entry,"Fortran, but it declares no SUBROUTINE UMAT",subroutine_umat_ddsdde,,
KnutAM/MaterialModels,50fce6ae965c711f2b1d9977470c368770b35572,MIT,permissive,LICENSE (SPDX MIT inferred from the licence text; GitHub's API reported no identifier for this file),models/CrystalPlasticity/src/uniform_mod.f90,109442,,,no_umat_entry,"Fortran, but it declares no SUBROUTINE UMAT",subroutine_umat_ddsdde,,
KnutAM/MaterialModels,50fce6ae965c711f2b1d9977470c368770b35572,MIT,permissive,LICENSE (SPDX MIT inferred from the licence text; GitHub's API reported no identifier for this file),models/GenFiniteStrain/AceGen/AGfiles/EF1_FE1_SC1.f90,28332,,,no_umat_entry,"Fortran, but it declares no SUBROUTINE UMAT",subroutine_umat_ddsdde,,
KnutAM/MaterialModels,50fce6ae965c711f2b1d9977470c368770b35572,MIT,permissive,LICENSE (SPDX MIT inferred from the licence text; GitHub's API reported no identifier for this file),models/GenFiniteStrain/AceGen/AGfiles/EF1_FE1_SC2.f90,28329,,,no_umat_entry,"Fortran, but it declares no SUBROUTINE UMAT",subroutine_umat_ddsdde,,
KnutAM/MaterialModels,50fce6ae965c711f2b1d9977470c368770b35572,MIT,permissive,LICENSE (SPDX MIT inferred from the licence text; GitHub's API reported no identifier for this file),models/GenFiniteStrain/AceGen/AGfiles/EF1_FE2_SC1.f90,16713,,,no_umat_entry,"Fortran, but it declares no SUBROUTINE UMAT",subroutine_umat_ddsdde,,
KnutAM/MaterialModels,50fce6ae965c711f2b1d9977470c368770b35572,MIT,permissive,LICENSE (SPDX MIT inferred from the licence text; GitHub's API reported no identifier for this file),models/GenFiniteStrain/AceGen/AGfiles/EF1_FE2_SC2.f90,16715,,,no_umat_entry,"Fortran, but it declares no SUBROUTINE UMAT",subroutine_umat_ddsdde,,
KnutAM/MaterialModels,50fce6ae965c711f2b1d9977470c368770b35572,MIT,permissive,LICENSE (SPDX MIT inferred from the licence text; GitHub's API reported no identifier for this file),models/GenFiniteStrain/AceGen/AGfiles/EF1_FE3_SC1.f90,28238,,,no_umat_entry,"Fortran, but it declares no SUBROUTINE UMAT",subroutine_umat_ddsdde,,
KnutAM/MaterialModels,50fce6ae965c711f2b1d9977470c368770b35572,MIT,permissive,LICENSE (SPDX MIT inferred from the licence text; GitHub's API reported no identifier for this file),models/GenFiniteStrain/AceGen/AGfiles/EF1_FE3_SC2.f90,28241,,,no_umat_entry,"Fortran, but it declares no SUBROUTINE UMAT",subroutine_umat_ddsdde,,
KnutAM/MaterialModels,50fce6ae965c711f2b1d9977470c368770b35572,MIT,permissive,LICENSE (SPDX MIT inferred from the licence text; GitHub's API reported no identifier for this file),models/GenFiniteStrain/AceGen/AGfiles/EF2_FE1_SC1.f90,29292,,,no_umat_entry,"Fortran, but it declares no SUBROUTINE UMAT",subroutine_umat_ddsdde,,
KnutAM/MaterialModels,50fce6ae965c711f2b1d9977470c368770b35572,MIT,permissive,LICENSE (SPDX MIT inferred from the licence text; GitHub's API reported no identifier for this file),models/GenFiniteStrain/AceGen/AGfiles/EF3_FE1_SC1.f90,30277,,,no_umat_entry,"Fortran, but it declares no SUBROUTINE UMAT",subroutine_umat_ddsdde,,
KnutAM/MaterialModels,50fce6ae965c711f2b1d9977470c368770b35572,MIT,permissive,LICENSE (SPDX MIT inferred from the licence text; GitHub's API reported no identifier for this file),models/GenFiniteStrain/AceGen/AGfiles/EF4_FE1_SC1.f90,31407,,,no_umat_entry,"Fortran, but it declares no SUBROUTINE UMAT",subroutine_umat_ddsdde,,
KnutAM/MaterialModels,50fce6ae965c711f2b1d9977470c368770b35572,MIT,permissive,LICENSE (SPDX MIT inferred from the licence text; GitHub's API reported no identifier for this file),models/GenFiniteStrain/AceGen/AGfiles/EoutF_FE1.f90,59818,,,no_umat_entry,"Fortran, but it declares no SUBROUTINE UMAT",subroutine_umat_ddsdde,,
KnutAM/MaterialModels,50fce6ae965c711f2b1d9977470c368770b35572,MIT,permissive,LICENSE (SPDX MIT inferred from the licence text; GitHub's API reported no identifier for this file),models/GenFiniteStrain/AceGen/AGfiles/EoutF_FE2.f90,44845,,,no_umat_entry,"Fortran, but it declares no SUBROUTINE UMAT",subroutine_umat_ddsdde,,
KnutAM/MaterialModels,50fce6ae965c711f2b1d9977470c368770b35572,MIT,permissive,LICENSE (SPDX MIT inferred from the licence text; GitHub's API reported no identifier for this file),models/GenFiniteStrain/AceGen/AGfiles/EoutF_FE3.f90,59818,,,no_umat_entry,"Fortran, but it declares no SUBROUTINE UMAT",subroutine_umat_ddsdde,,
KnutAM/MaterialModels,50fce6ae965c711f2b1d9977470c368770b35572,MIT,permissive,LICENSE (SPDX MIT inferred from the licence text; GitHub's API reported no identifier for this file),models/GenFiniteStrain/AceGen/AGfiles/RF1_FE1_EV1_SC1.f90,6154,,,no_umat_entry,"Fortran, but it declares no SUBROUTINE UMAT",subroutine_umat_ddsdde,,
KnutAM/MaterialModels,50fce6ae965c711f2b1d9977470c368770b35572,MIT,permissive,LICENSE (SPDX MIT inferred from the licence text; GitHub's API reported no identifier for this file),models/GenFiniteStrain/AceGen/AGfiles/RF1_FE1_EV1_SC2.f90,6154,,,no_umat_entry,"Fortran, but it declares no SUBROUTINE UMAT",subroutine_umat_ddsdde,,
KnutAM/MaterialModels,50fce6ae965c711f2b1d9977470c368770b35572,MIT,permissive,LICENSE (SPDX MIT inferred from the licence text; GitHub's API reported no identifier for this file),models/GenFiniteStrain/AceGen/AGfiles/RF1_FE1_EV2_SC1.f90,6898,,,no_umat_entry,"Fortran, but it declares no SUBROUTINE UMAT",subroutine_umat_ddsdde,,
KnutAM/MaterialModels,50fce6ae965c711f2b1d9977470c368770b35572,MIT,permissive,LICENSE (SPDX MIT inferred from the licence text; GitHub's API reported no identifier for this file),models/GenFiniteStrain/AceGen/AGfiles/RF1_FE2_EV1_SC1.f90,5789,,,no_umat_entry,"Fortran, but it declares no SUBROUTINE UMAT",subroutine_umat_ddsdde,,
KnutAM/MaterialModels,50fce6ae965c711f2b1d9977470c368770b35572,MIT,permissive,LICENSE (SPDX MIT inferred from the licence text; GitHub's API reported no identifier for this file),models/GenFiniteStrain/AceGen/AGfiles/RF1_FE2_EV1_SC2.f90,5777,,,no_umat_entry,"Fortran, but it declares no SUBROUTINE UMAT",subroutine_umat_ddsdde,,
KnutAM/MaterialModels,50fce6ae965c711f2b1d9977470c368770b35572,MIT,permissive,LICENSE (SPDX MIT inferred from the licence text; GitHub's API reported no identifier for this file),models/GenFiniteStrain/AceGen/AGfiles/RF1_FE3_EV1_SC1.f90,6341,,,no_umat_entry,"Fortran, but it declares no SUBROUTINE UMAT",subroutine_umat_ddsdde,,
KnutAM/MaterialModels,50fce6ae965c711f2b1d9977470c368770b35572,MIT,permissive,LICENSE (SPDX MIT inferred from the licence text; GitHub's API reported no identifier for this file),models/GenFiniteStrain/AceGen/AGfiles/RF1_FE3_EV1_SC2.f90,6335,,,no_umat_entry,"Fortran, but it declares no SUBROUTINE UMAT",subroutine_umat_ddsdde,,
KnutAM/MaterialModels,50fce6ae965c711f2b1d9977470c368770b35572,MIT,permissive,LICENSE (SPDX MIT inferred from the licence text; GitHub's API reported no identifier for this file),models/GenFiniteStrain/AceGen/AGfiles/RF2_FE1_EV1_SC1.f90,8532,,,no_umat_entry,"Fortran, but it declares no SUBROUTINE UMAT",subroutine_umat_ddsdde,,
KnutAM/MaterialModels,50fce6ae965c711f2b1d9977470c368770b35572,MIT,permissive,LICENSE (SPDX MIT inferred from the licence text; GitHub's API reported no identifier for this file),models/GenFiniteStrain/AceGen/AGfiles/RF2_FE1_EV2_SC1.f90,10008,,,no_umat_entry,"Fortran, but it declares no SUBROUTINE UMAT",subroutine_umat_ddsdde,,
KnutAM/MaterialModels,50fce6ae965c711f2b1d9977470c368770b35572,MIT,permissive,LICENSE (SPDX MIT inferred from the licence text; GitHub's API reported no identifier for this file),models/GenFiniteStrain/AceGen/AGfiles/RF3_FE1_EV1_SC1.f90,10905,,,no_umat_entry,"Fortran, but it declares no SUBROUTINE UMAT",subroutine_umat_ddsdde,,
KnutAM/MaterialModels,50fce6ae965c711f2b1d9977470c368770b35572,MIT,permissive,LICENSE (SPDX MIT inferred from the licence text; GitHub's API reported no identifier for this file),models/GenFiniteStrain/AceGen/AGfiles/RF3_FE1_EV2_SC1.f90,13168,,,no_umat_entry,"Fortran, but it declares no SUBROUTINE UMAT",subroutine_umat_ddsdde,,
KnutAM/MaterialModels,50fce6ae965c711f2b1d9977470c368770b35572,MIT,permissive,LICENSE (SPDX MIT inferred from the licence text; GitHub's API reported no identifier for this file),models/GenFiniteStrain/AceGen/AGfiles/RF4_FE1_EV1_SC1.f90,13172,,,no_umat_entry,"Fortran, but it declares no SUBROUTINE UMAT",subroutine_umat_ddsdde,,
KnutAM/MaterialModels,50fce6ae965c711f2b1d9977470c368770b35572,MIT,permissive,LICENSE (SPDX MIT inferred from the licence text; GitHub's API reported no identifier for this file),models/GenFiniteStrain/AceGen/AGfiles/RF4_FE1_EV2_SC1.f90,16222,,,no_umat_entry,"Fortran, but it declares no SUBROUTINE UMAT",subroutine_umat_ddsdde,,
KnutAM/MaterialModels,50fce6ae965c711f2b1d9977470c368770b35572,MIT,permissive,LICENSE (SPDX MIT inferred from the licence text; GitHub's API reported no identifier for this file),,0,,,not_examined,stopped after 40 files from this repository; 105 not read,subroutine_umat_ddsdde,,
MeritaTafili/REV-wIncDr,,,,no LICENSE file detected by the GitHub API,,0,,,licence_absent,"no licence is declared, so nothing may be redistributed from it; a repository without a LICENSE file is refused, not assumed permissive; recorded and not fetched",subroutine_umat_fortran,,
adhithya96/EigenSolverMOOSE,,,,no LICENSE file detected by the GitHub API,,0,,,licence_absent,"no licence is declared, so nothing may be redistributed from it; a repository without a LICENSE file is refused, not assumed permissive; recorded and not fetched",subroutine_umat_fortran,,
tjfulle/matmodlab,,,,no LICENSE file detected by the GitHub API,,0,,,licence_absent,"no licence is declared, so nothing may be redistributed from it; a repository without a LICENSE file is refused, not assumed permissive; recorded and not fetched",subroutine_umat_fortran,,
WaveHello/Anura3D_Excavation,,,,no LICENSE file detected by the GitHub API,,0,,,licence_absent,"no licence is declared, so nothing may be redistributed from it; a repository without a LICENSE file is refused, not assumed permissive; recorded and not fetched",subroutine_umat_fortran,,
adtzlr/ttb,767e55c0402771ed260746ce00c38fc0ffdc56f9,MIT,permissive,LICENSE (SPDX MIT via the GitHub licence API),docs/examples/Abaqus/umat_nh_ttb.f,4088,423b1441c2e5879e04242f2bd0e27a8089095f348068dd4e7f0406f2d8e18dd2,9eb8ac95c420c584d5b32153b47672946792c5f9afd9300d94d449e003ee2da5,already_known,"the same implementation as discovery_cache/adtzlr__ttb/docs/examples/Abaqus/umat_nh_ttb.f, which this collection already counts",subroutine_umat_fortran,,
adtzlr/ttb,767e55c0402771ed260746ce00c38fc0ffdc56f9,MIT,permissive,LICENSE (SPDX MIT via the GitHub licence API),docs/examples/Abaqus/umat_nh_ttb_simple.f,2356,49963bce259ca679736d7c9535fe3e402682e38813def79de9ae703d5a754e07,18ea0d53d703e0ce0d062b83af166a1056244fe83e88232f22a2ca4d67f0c1c8,already_known,"the same implementation as discovery_cache/adtzlr__ttb/docs/examples/Abaqus/umat_nh_ttb_simple.f, which this collection already counts",subroutine_umat_fortran,,
adtzlr/ttb,767e55c0402771ed260746ce00c38fc0ffdc56f9,MIT,permissive,LICENSE (SPDX MIT via the GitHub licence API),docs/examples/script_umat.f,2661,dda98f1bba457cd7b56beabd126e0e15de91b741ae619dea9c4d08fcd1ffc02d,fed8ffd1b36f0d8cb512df84912a1d8409635d852718ca112d3be6c4fc472835,already_known,"the same implementation as discovery_cache/adtzlr__ttb/docs/examples/script_umat.f, which this collection already counts",subroutine_umat_fortran,,
adtzlr/ttb,767e55c0402771ed260746ce00c38fc0ffdc56f9,MIT,permissive,LICENSE (SPDX MIT via the GitHub licence API),docs/examples/Marc/hypela2_nh_ttb.f,3565,,,no_umat_entry,"Fortran, but it declares no SUBROUTINE UMAT",subroutine_umat_fortran,,
adtzlr/ttb,767e55c0402771ed260746ce00c38fc0ffdc56f9,MIT,permissive,LICENSE (SPDX MIT via the GitHub licence API),docs/examples/Marc/hypela2_nh_ttb_simple.f,2346,,,no_umat_entry,"Fortran, but it declares no SUBROUTINE UMAT",subroutine_umat_fortran,,
adtzlr/ttb,767e55c0402771ed260746ce00c38fc0ffdc56f9,MIT,permissive,LICENSE (SPDX MIT via the GitHub licence API),docs/examples/Marc/hypela2_nonlinear_viscoelasticity.f,4535,,,no_umat_entry,"Fortran, but it declares no SUBROUTINE UMAT",subroutine_umat_fortran,,
adtzlr/ttb,767e55c0402771ed260746ce00c38fc0ffdc56f9,MIT,permissive,LICENSE (SPDX MIT via the GitHub licence API),docs/examples/Marc/hypela2_stvenantkirchhoff.f,2305,,,no_umat_entry,"Fortran, but it declares no SUBROUTINE UMAT",subroutine_umat_fortran,,
adtzlr/ttb,767e55c0402771ed260746ce00c38fc0ffdc56f9,MIT,permissive,LICENSE (SPDX MIT via the GitHub licence API),ttb/libadd.f,2153,,,no_umat_entry,"Fortran, but it declares no SUBROUTINE UMAT",subroutine_umat_fortran,,
adtzlr/ttb,767e55c0402771ed260746ce00c38fc0ffdc56f9,MIT,permissive,LICENSE (SPDX MIT via the GitHub licence API),ttb/libasabqarray.f,1038,,,no_umat_entry,"Fortran, but it declares no SUBROUTINE UMAT",subroutine_umat_fortran,,
adtzlr/ttb,767e55c0402771ed260746ce00c38fc0ffdc56f9,MIT,permissive,LICENSE (SPDX MIT via the GitHub licence API),ttb/libasarray.f,1624,,,no_umat_entry,"Fortran, but it declares no SUBROUTINE UMAT",subroutine_umat_fortran,,
adtzlr/ttb,767e55c0402771ed260746ce00c38fc0ffdc56f9,MIT,permissive,LICENSE (SPDX MIT via the GitHub licence API),ttb/libassignarray.f,2449,,,no_umat_entry,"Fortran, but it declares no SUBROUTINE UMAT",subroutine_umat_fortran,,
adtzlr/ttb,767e55c0402771ed260746ce00c38fc0ffdc56f9,MIT,permissive,LICENSE (SPDX MIT via the GitHub licence API),ttb/libassignscalar.f,2350,,,no_umat_entry,"Fortran, but it declares no SUBROUTINE UMAT",subroutine_umat_fortran,,
adtzlr/ttb,767e55c0402771ed260746ce00c38fc0ffdc56f9,MIT,permissive,LICENSE (SPDX MIT via the GitHub licence API),ttb/libassignten2sym.f,945,,,no_umat_entry,"Fortran, but it declares no SUBROUTINE UMAT",subroutine_umat_fortran,,
adtzlr/ttb,767e55c0402771ed260746ce00c38fc0ffdc56f9,MIT,permissive,LICENSE (SPDX MIT via the GitHub licence API),ttb/libcrossdyadic.f,1279,,,no_umat_entry,"Fortran, but it declares no SUBROUTINE UMAT",subroutine_umat_fortran,,
adtzlr/ttb,767e55c0402771ed260746ce00c38fc0ffdc56f9,MIT,permissive,LICENSE (SPDX MIT via the GitHub licence API),ttb/libddot.f,4263,,,no_umat_entry,"Fortran, but it declares no SUBROUTINE UMAT",subroutine_umat_fortran,,
adtzlr/ttb,767e55c0402771ed260746ce00c38fc0ffdc56f9,MIT,permissive,LICENSE (SPDX MIT via the GitHub licence API),ttb/libdet.f,791,,,no_umat_entry,"Fortran, but it declares no SUBROUTINE UMAT",subroutine_umat_fortran,,
adtzlr/ttb,767e55c0402771ed260746ce00c38fc0ffdc56f9,MIT,permissive,LICENSE (SPDX MIT via the GitHub licence API),ttb/libdev.f,502,,,no_umat_entry,"Fortran, but it declares no SUBROUTINE UMAT",subroutine_umat_fortran,,
adtzlr/ttb,767e55c0402771ed260746ce00c38fc0ffdc56f9,MIT,permissive,LICENSE (SPDX MIT via the GitHub licence API),ttb/libdiv.f,2655,,,no_umat_entry,"Fortran, but it declares no SUBROUTINE UMAT",subroutine_umat_fortran,,
adtzlr/ttb,767e55c0402771ed260746ce00c38fc0ffdc56f9,MIT,permissive,LICENSE (SPDX MIT via the GitHub licence API),ttb/libdot.f,9041,,,no_umat_entry,"Fortran, but it declares no SUBROUTINE UMAT",subroutine_umat_fortran,,
adtzlr/ttb,767e55c0402771ed260746ce00c38fc0ffdc56f9,MIT,permissive,LICENSE (SPDX MIT via the GitHub licence API),ttb/libdyadic.f,934,,,no_umat_entry,"Fortran, but it declares no SUBROUTINE UMAT",subroutine_umat_fortran,,
adtzlr/ttb,767e55c0402771ed260746ce00c38fc0ffdc56f9,MIT,permissive,LICENSE (SPDX MIT via the GitHub licence API),ttb/libidentity.f,1001,,,no_umat_entry,"Fortran, but it declares no SUBROUTINE UMAT",subroutine_umat_fortran,,
adtzlr/ttb,767e55c0402771ed260746ce00c38fc0ffdc56f9,MIT,permissive,LICENSE (SPDX MIT via the GitHub licence API),ttb/libinv.f,3044,,,no_umat_entry,"Fortran, but it declares no SUBROUTINE UMAT",subroutine_umat_fortran,,
adtzlr/ttb,767e55c0402771ed260746ce00c38fc0ffdc56f9,MIT,permissive,LICENSE (SPDX MIT via the GitHub licence API),ttb/libnorm.f,593,,,no_umat_entry,"Fortran, but it declares no SUBROUTINE UMAT",subroutine_umat_fortran,,
adtzlr/ttb,767e55c0402771ed260746ce00c38fc0ffdc56f9,MIT,permissive,LICENSE (SPDX MIT via the GitHub licence API),ttb/libpermute.f,2153,,,no_umat_entry,"Fortran, but it declares no SUBROUTINE UMAT",subroutine_umat_fortran,,
adtzlr/ttb,767e55c0402771ed260746ce00c38fc0ffdc56f9,MIT,permissive,LICENSE (SPDX MIT via the GitHub licence API),ttb/libpiola.f,2283,,,no_umat_entry,"Fortran, but it declares no SUBROUTINE UMAT",subroutine_umat_fortran,,
adtzlr/ttb,767e55c0402771ed260746ce00c38fc0ffdc56f9,MIT,permissive,LICENSE (SPDX MIT via the GitHub licence API),ttb/libpower.f,1120,,,no_umat_entry,"Fortran, but it declares no SUBROUTINE UMAT",subroutine_umat_fortran,,
adtzlr/ttb,767e55c0402771ed260746ce00c38fc0ffdc56f9,MIT,permissive,LICENSE (SPDX MIT via the GitHub licence API),ttb/libreducedim.f,573,,,no_umat_entry,"Fortran, but it declares no SUBROUTINE UMAT",subroutine_umat_fortran,,
adtzlr/ttb,767e55c0402771ed260746ce00c38fc0ffdc56f9,MIT,permissive,LICENSE (SPDX MIT via the GitHub licence API),ttb/librotation.f,763,,,no_umat_entry,"Fortran, but it declares no SUBROUTINE UMAT",subroutine_umat_fortran,,
adtzlr/ttb,767e55c0402771ed260746ce00c38fc0ffdc56f9,MIT,permissive,LICENSE (SPDX MIT via the GitHub licence API),ttb/libsqrt.f,2498,,,no_umat_entry,"Fortran, but it declares no SUBROUTINE UMAT",subroutine_umat_fortran,,
adtzlr/ttb,767e55c0402771ed260746ce00c38fc0ffdc56f9,MIT,permissive,LICENSE (SPDX MIT via the GitHub licence API),ttb/libstrainstore.f,1076,,,no_umat_entry,"Fortran, but it declares no SUBROUTINE UMAT",subroutine_umat_fortran,,
adtzlr/ttb,767e55c0402771ed260746ce00c38fc0ffdc56f9,MIT,permissive,LICENSE (SPDX MIT via the GitHub licence API),ttb/libsub.f,2145,,,no_umat_entry,"Fortran, but it declares no SUBROUTINE UMAT",subroutine_umat_fortran,,
adtzlr/ttb,767e55c0402771ed260746ce00c38fc0ffdc56f9,MIT,permissive,LICENSE (SPDX MIT via the GitHub licence API),ttb/libsymstore.f,2430,,,no_umat_entry,"Fortran, but it declares no SUBROUTINE UMAT",subroutine_umat_fortran,,
adtzlr/ttb,767e55c0402771ed260746ce00c38fc0ffdc56f9,MIT,permissive,LICENSE (SPDX MIT via the GitHub licence API),ttb/libtenstore.f,1904,,,no_umat_entry,"Fortran, but it declares no SUBROUTINE UMAT",subroutine_umat_fortran,,
adtzlr/ttb,767e55c0402771ed260746ce00c38fc0ffdc56f9,MIT,permissive,LICENSE (SPDX MIT via the GitHub licence API),ttb/libtools.f,243,,,no_umat_entry,"Fortran, but it declares no SUBROUTINE UMAT",subroutine_umat_fortran,,
adtzlr/ttb,767e55c0402771ed260746ce00c38fc0ffdc56f9,MIT,permissive,LICENSE (SPDX MIT via the GitHub licence API),ttb/libtrace.f,404,,,no_umat_entry,"Fortran, but it declares no SUBROUTINE UMAT",subroutine_umat_fortran,,
adtzlr/ttb,767e55c0402771ed260746ce00c38fc0ffdc56f9,MIT,permissive,LICENSE (SPDX MIT via the GitHub licence API),ttb/libtransp.f,1027,,,no_umat_entry,"Fortran, but it declares no SUBROUTINE UMAT",subroutine_umat_fortran,,
adtzlr/ttb,767e55c0402771ed260746ce00c38fc0ffdc56f9,MIT,permissive,LICENSE (SPDX MIT via the GitHub licence API),ttb/libunimodular.f,1261,,,no_umat_entry,"Fortran, but it declares no SUBROUTINE UMAT",subroutine_umat_fortran,,
adtzlr/ttb,767e55c0402771ed260746ce00c38fc0ffdc56f9,MIT,permissive,LICENSE (SPDX MIT via the GitHub licence API),ttb/ttb_library.f,14932,,,no_umat_entry,"Fortran, but it declares no SUBROUTINE UMAT",subroutine_umat_fortran,,
calculix/ccx_fff,7403c14a7470ef34775ce1f1bd23b82fc963db6e,GPL-3.0,copyleft,LICENSE (SPDX GPL-3.0 via the GitHub licence API),ccx_linux/src_fff/umat_elastic_fiber.f,14371,,,no_umat_entry,"Fortran, but it declares no SUBROUTINE UMAT",subroutine_umat_fortran,,
calculix/ccx_fff,7403c14a7470ef34775ce1f1bd23b82fc963db6e,GPL-3.0,copyleft,LICENSE (SPDX GPL-3.0 via the GitHub licence API),ccx_linux/src_fff/umat_ideal_gas.f,9103,,,no_umat_entry,"Fortran, but it declares no SUBROUTINE UMAT",subroutine_umat_fortran,,
calculix/ccx_fff,7403c14a7470ef34775ce1f1bd23b82fc963db6e,GPL-3.0,copyleft,LICENSE (SPDX GPL-3.0 via the GitHub licence API),ccx_linux/src_fff/umat_lin_el_corot.f,26636,,,no_umat_entry,"Fortran, but it declares no SUBROUTINE UMAT",subroutine_umat_fortran,,
calculix/ccx_fff,7403c14a7470ef34775ce1f1bd23b82fc963db6e,GPL-3.0,copyleft,LICENSE (SPDX GPL-3.0 via the GitHub licence API),ccx_linux/src_fff/umat_single_crystal.f,62907,,,no_umat_entry,"Fortran, but it declares no SUBROUTINE UMAT",subroutine_umat_fortran,,
calculix/ccx_fff,7403c14a7470ef34775ce1f1bd23b82fc963db6e,GPL-3.0,copyleft,LICENSE (SPDX GPL-3.0 via the GitHub licence API),ccx_linux/src_fff/umat_tension_only.f,21956,,,no_umat_entry,"Fortran, but it declares no SUBROUTINE UMAT",subroutine_umat_fortran,,
calculix/ccx_fff,7403c14a7470ef34775ce1f1bd23b82fc963db6e,GPL-3.0,copyleft,LICENSE (SPDX GPL-3.0 via the GitHub licence API),ccx_linux/src_fff/umat_user.f,7688,,,no_umat_entry,"Fortran, but it declares no SUBROUTINE UMAT",subroutine_umat_fortran,,
calculix/ccx_fff,7403c14a7470ef34775ce1f1bd23b82fc963db6e,GPL-3.0,copyleft,LICENSE (SPDX GPL-3.0 via the GitHub licence API),src/call_external_umat.c,3992,,,no_umat_entry,"Fortran, but it declares no SUBROUTINE UMAT",subroutine_umat_fortran,,
calculix/ccx_fff,7403c14a7470ef34775ce1f1bd23b82fc963db6e,GPL-3.0,copyleft,LICENSE (SPDX GPL-3.0 via the GitHub licence API),src/umat.f,2859,bbed477befffecaf6b036d590f2bdbd9d2a5051249c6c4cafbe0fdb16bb275b6,78a3a46d01f3fc8777949b0a27ae728a98f0a85c4f4d571223a7bcbd55da223c,already_known,"the same implementation as discovery_cache/calculix__ccx_fff/src/umat.f, which this collection already counts",subroutine_umat_fortran,,
calculix/ccx_fff,7403c14a7470ef34775ce1f1bd23b82fc963db6e,GPL-3.0,copyleft,LICENSE (SPDX GPL-3.0 via the GitHub licence API),src/umat_abaqusnl.f,21101,,,no_umat_entry,"Fortran, but it declares no SUBROUTINE UMAT",subroutine_umat_fortran,,
calculix/ccx_fff,7403c14a7470ef34775ce1f1bd23b82fc963db6e,GPL-3.0,copyleft,LICENSE (SPDX GPL-3.0 via the GitHub licence API),src/umat_aniso_creep.f,38531,,,no_umat_entry,"Fortran, but it declares no SUBROUTINE UMAT",subroutine_umat_fortran,,
calculix/ccx_fff,7403c14a7470ef34775ce1f1bd23b82fc963db6e,GPL-3.0,copyleft,LICENSE (SPDX GPL-3.0 via the GitHub licence API),src/umat_compression_only.f,19428,,,no_umat_entry,"Fortran, but it declares no SUBROUTINE UMAT",subroutine_umat_fortran,,
calculix/ccx_fff,7403c14a7470ef34775ce1f1bd23b82fc963db6e,GPL-3.0,copyleft,LICENSE (SPDX GPL-3.0 via the GitHub licence API),src/umat_elastic_fiber.f,13375,,,no_umat_entry,"Fortran, but it declares no SUBROUTINE UMAT",subroutine_umat_fortran,,
calculix/ccx_fff,7403c14a7470ef34775ce1f1bd23b82fc963db6e,GPL-3.0,copyleft,LICENSE (SPDX GPL-3.0 via the GitHub licence API),src/umat_ideal_gas.f,8320,,,no_umat_entry,"Fortran, but it declares no SUBROUTINE UMAT",subroutine_umat_fortran,,
calculix/ccx_fff,7403c14a7470ef34775ce1f1bd23b82fc963db6e,GPL-3.0,copyleft,LICENSE (SPDX GPL-3.0 via the GitHub licence API),src/umat_single_crystal.f,60342,,,no_umat_entry,"Fortran, but it declares no SUBROUTINE UMAT",subroutine_umat_fortran,,
calculix/ccx_fff,7403c14a7470ef34775ce1f1bd23b82fc963db6e,GPL-3.0,copyleft,LICENSE (SPDX GPL-3.0 via the GitHub licence API),src/umat_single_crystal_creep.f,52910,,,no_umat_entry,"Fortran, but it declares no SUBROUTINE UMAT",subroutine_umat_fortran,,
calculix/ccx_fff,7403c14a7470ef34775ce1f1bd23b82fc963db6e,GPL-3.0,copyleft,LICENSE (SPDX GPL-3.0 via the GitHub licence API),src/umat_undo_nlgeom_lin_el.f,11957,,,no_umat_entry,"Fortran, but it declares no SUBROUTINE UMAT",subroutine_umat_fortran,,
calculix/ccx_fff,7403c14a7470ef34775ce1f1bd23b82fc963db6e,GPL-3.0,copyleft,LICENSE (SPDX GPL-3.0 via the GitHub licence API),ccx_linux/ARPACK/BLAS/caxpy.f,851,,,no_umat_entry,"Fortran, but it declares no SUBROUTINE UMAT",subroutine_umat_fortran,,
calculix/ccx_fff,7403c14a7470ef34775ce1f1bd23b82fc963db6e,GPL-3.0,copyleft,LICENSE (SPDX GPL-3.0 via the GitHub licence API),ccx_linux/ARPACK/BLAS/ccopy.f,761,,,no_umat_entry,"Fortran, but it declares no SUBROUTINE UMAT",subroutine_umat_fortran,,
calculix/ccx_fff,7403c14a7470ef34775ce1f1bd23b82fc963db6e,GPL-3.0,copyleft,LICENSE (SPDX GPL-3.0 via the GitHub licence API),ccx_linux/ARPACK/BLAS/cdotc.f,941,,,no_umat_entry,"Fortran, but it declares no SUBROUTINE UMAT",subroutine_umat_fortran,,
calculix/ccx_fff,7403c14a7470ef34775ce1f1bd23b82fc963db6e,GPL-3.0,copyleft,LICENSE (SPDX GPL-3.0 via the GitHub licence API),ccx_linux/ARPACK/BLAS/cdotu.f,890,,,no_umat_entry,"Fortran, but it declares no SUBROUTINE UMAT",subroutine_umat_fortran,,
calculix/ccx_fff,7403c14a7470ef34775ce1f1bd23b82fc963db6e,GPL-3.0,copyleft,LICENSE (SPDX GPL-3.0 via the GitHub licence API),ccx_linux/ARPACK/BLAS/cgbmv.f,10056,,,no_umat_entry,"Fortran, but it declares no SUBROUTINE UMAT",subroutine_umat_fortran,,
calculix/ccx_fff,7403c14a7470ef34775ce1f1bd23b82fc963db6e,GPL-3.0,copyleft,LICENSE (SPDX GPL-3.0 via the GitHub licence API),ccx_linux/ARPACK/BLAS/cgemm.f,13184,,,no_umat_entry,"Fortran, but it declares no SUBROUTINE UMAT",subroutine_umat_fortran,,
calculix/ccx_fff,7403c14a7470ef34775ce1f1bd23b82fc963db6e,GPL-3.0,copyleft,LICENSE (SPDX GPL-3.0 via the GitHub licence API),ccx_linux/ARPACK/BLAS/cgemv.f,8170,,,no_umat_entry,"Fortran, but it declares no SUBROUTINE UMAT",subroutine_umat_fortran,,
calculix/ccx_fff,7403c14a7470ef34775ce1f1bd23b82fc963db6e,GPL-3.0,copyleft,LICENSE (SPDX GPL-3.0 via the GitHub licence API),ccx_linux/ARPACK/BLAS/cgerc.f,4412,,,no_umat_entry,"Fortran, but it declares no SUBROUTINE UMAT",subroutine_umat_fortran,,
calculix/ccx_fff,7403c14a7470ef34775ce1f1bd23b82fc963db6e,GPL-3.0,copyleft,LICENSE (SPDX GPL-3.0 via the GitHub licence API),ccx_linux/ARPACK/BLAS/cgeru.f,4378,,,no_umat_entry,"Fortran, but it declares no SUBROUTINE UMAT",subroutine_umat_fortran,,
calculix/ccx_fff,7403c14a7470ef34775ce1f1bd23b82fc963db6e,GPL-3.0,copyleft,LICENSE (SPDX GPL-3.0 via the GitHub licence API),ccx_linux/ARPACK/BLAS/cscal.f,629,,,no_umat_entry,"Fortran, but it declares no SUBROUTINE UMAT",subroutine_umat_fortran,,
calculix/ccx_fff,7403c14a7470ef34775ce1f1bd23b82fc963db6e,GPL-3.0,copyleft,LICENSE (SPDX GPL-3.0 via the GitHub licence API),ccx_linux/ARPACK/BLAS/csscal.f,711,,,no_umat_entry,"Fortran, but it declares no SUBROUTINE UMAT",subroutine_umat_fortran,,
calculix/ccx_fff,7403c14a7470ef34775ce1f1bd23b82fc963db6e,GPL-3.0,copyleft,LICENSE (SPDX GPL-3.0 via the GitHub licence API),ccx_linux/ARPACK/BLAS/cswap.f,843,,,no_umat_entry,"Fortran, but it declares no SUBROUTINE UMAT",subroutine_umat_fortran,,
calculix/ccx_fff,7403c14a7470ef34775ce1f1bd23b82fc963db6e,GPL-3.0,copyleft,LICENSE (SPDX GPL-3.0 via the GitHub licence API),ccx_linux/ARPACK/BLAS/ctbsv.f,13081,,,no_umat_entry,"Fortran, but it declares no SUBROUTINE UMAT",subroutine_umat_fortran,,
calculix/ccx_fff,7403c14a7470ef34775ce1f1bd23b82fc963db6e,GPL-3.0,copyleft,LICENSE (SPDX GPL-3.0 via the GitHub licence API),ccx_linux/ARPACK/BLAS/ctrmm.f,13079,,,no_umat_entry,"Fortran, but it declares no SUBROUTINE UMAT",subroutine_umat_fortran,,
calculix/ccx_fff,7403c14a7470ef34775ce1f1bd23b82fc963db6e,GPL-3.0,copyleft,LICENSE (SPDX GPL-3.0 via the GitHub licence API),ccx_linux/ARPACK/BLAS/ctrsm.f,13846,,,no_umat_entry,"Fortran, but it declares no SUBROUTINE UMAT",subroutine_umat_fortran,,
calculix/ccx_fff,7403c14a7470ef34775ce1f1bd23b82fc963db6e,GPL-3.0,copyleft,LICENSE (SPDX GPL-3.0 via the GitHub licence API),ccx_linux/ARPACK/BLAS/ctrsv.f,10542,,,no_umat_entry,"Fortran, but it declares no SUBROUTINE UMAT",subroutine_umat_fortran,,
calculix/ccx_fff,7403c14a7470ef34775ce1f1bd23b82fc963db6e,GPL-3.0,copyleft,LICENSE (SPDX GPL-3.0 via the GitHub licence API),ccx_linux/ARPACK/BLAS/dasum.f,1100,,,no_umat_entry,"Fortran, but it declares no SUBROUTINE UMAT",subroutine_umat_fortran,,
calculix/ccx_fff,7403c14a7470ef34775ce1f1bd23b82fc963db6e,GPL-3.0,copyleft,LICENSE (SPDX GPL-3.0 via the GitHub licence API),ccx_linux/ARPACK/BLAS/daxpy.f,1157,,,no_umat_entry,"Fortran, but it declares no SUBROUTINE UMAT",subroutine_umat_fortran,,
calculix/ccx_fff,7403c14a7470ef34775ce1f1bd23b82fc963db6e,GPL-3.0,copyleft,LICENSE (SPDX GPL-3.0 via the GitHub licence API),ccx_linux/ARPACK/BLAS/dcopy.f,1128,,,no_umat_entry,"Fortran, but it declares no SUBROUTINE UMAT",subroutine_umat_fortran,,
calculix/ccx_fff,7403c14a7470ef34775ce1f1bd23b82fc963db6e,GPL-3.0,copyleft,LICENSE (SPDX GPL-3.0 via the GitHub licence API),ccx_linux/ARPACK/BLAS/ddot.f,1187,,,no_umat_entry,"Fortran, but it declares no SUBROUTINE UMAT",subroutine_umat_fortran,,
calculix/ccx_fff,7403c14a7470ef34775ce1f1bd23b82fc963db6e,GPL-3.0,copyleft,LICENSE (SPDX GPL-3.0 via the GitHub licence API),ccx_linux/ARPACK/BLAS/dgbmv.f,9295,,,no_umat_entry,"Fortran, but it declares no SUBROUTINE UMAT",subroutine_umat_fortran,,
calculix/ccx_fff,7403c14a7470ef34775ce1f1bd23b82fc963db6e,GPL-3.0,copyleft,LICENSE (SPDX GPL-3.0 via the GitHub licence API),ccx_linux/ARPACK/BLAS/dgemm.f,9851,,,no_umat_entry,"Fortran, but it declares no SUBROUTINE UMAT",subroutine_umat_fortran,,
calculix/ccx_fff,7403c14a7470ef34775ce1f1bd23b82fc963db6e,GPL-3.0,copyleft,LICENSE (SPDX GPL-3.0 via the GitHub licence API),ccx_linux/ARPACK/BLAS/dgemv.f,7481,,,no_umat_entry,"Fortran, but it declares no SUBROUTINE UMAT",subroutine_umat_fortran,,
calculix/ccx_fff,7403c14a7470ef34775ce1f1bd23b82fc963db6e,GPL-3.0,copyleft,LICENSE (SPDX GPL-3.0 via the GitHub licence API),ccx_linux/ARPACK/BLAS/dger.f,4366,,,no_umat_entry,"Fortran, but it declares no SUBROUTINE UMAT",subroutine_umat_fortran,,
calculix/ccx_fff,7403c14a7470ef34775ce1f1bd23b82fc963db6e,GPL-3.0,copyleft,LICENSE (SPDX GPL-3.0 via the GitHub licence API),,0,,,not_examined,stopped after 40 files from this repository; 2719 not read,subroutine_umat_fortran,,
jpsferreira/UMAT-ABAQUS,e5ed4fbc58c08d11696614886326b7ae244bb72f,GPL-3.0,copyleft,LICENSE (SPDX GPL-3.0 via the GitHub licence API),UMAT_README.txt,11731,,,no_umat_entry,"Fortran, but it declares no SUBROUTINE UMAT",subroutine_umat_fortran,,
jpsferreira/UMAT-ABAQUS,e5ed4fbc58c08d11696614886326b7ae244bb72f,GPL-3.0,copyleft,LICENSE (SPDX GPL-3.0 via the GitHub licence API),main.f90,2355,,,no_umat_entry,"Fortran, but it declares no SUBROUTINE UMAT",subroutine_umat_fortran,,
jpsferreira/UMAT-ABAQUS,e5ed4fbc58c08d11696614886326b7ae244bb72f,GPL-3.0,copyleft,LICENSE (SPDX GPL-3.0 via the GitHub licence API),src/GETOUTDIR.for,331,,,no_umat_entry,"Fortran, but it declares no SUBROUTINE UMAT",subroutine_umat_fortran,,
jpsferreira/UMAT-ABAQUS,e5ed4fbc58c08d11696614886326b7ae244bb72f,GPL-3.0,copyleft,LICENSE (SPDX GPL-3.0 via the GitHub licence API),src/_umat.for,13352,6b56c4226c14b08379fba6c96f99a0be30630e74e4406695444a5e75028617bd,16fdb808b951e6608913e38b57abdec8bbac9429207a90c197d40995de51534e,already_known,"the same implementation as discovery_cache/jpsferreira__UMAT-ABAQUS/src/_umat.for, which this collection already counts",subroutine_umat_fortran,,
jpsferreira/UMAT-ABAQUS,e5ed4fbc58c08d11696614886326b7ae244bb72f,GPL-3.0,copyleft,LICENSE (SPDX GPL-3.0 via the GitHub licence API),src/index.for,925,,,no_umat_entry,"Fortran, but it declares no SUBROUTINE UMAT",subroutine_umat_fortran,,
jpsferreira/UMAT-ABAQUS,e5ed4fbc58c08d11696614886326b7ae244bb72f,GPL-3.0,copyleft,LICENSE (SPDX GPL-3.0 via the GitHub licence API),src/uexternaldb.for,918,,,no_umat_entry,"Fortran, but it declares no SUBROUTINE UMAT",subroutine_umat_fortran,,
jpsferreira/UMAT-ABAQUS,e5ed4fbc58c08d11696614886326b7ae244bb72f,GPL-3.0,copyleft,LICENSE (SPDX GPL-3.0 via the GitHub licence API),src/umat_notes.rpt,11722,,,no_umat_entry,"Fortran, but it declares no SUBROUTINE UMAT",subroutine_umat_fortran,,
jpsferreira/UMAT-ABAQUS,e5ed4fbc58c08d11696614886326b7ae244bb72f,GPL-3.0,copyleft,LICENSE (SPDX GPL-3.0 via the GitHub licence API),test_in_abaqus/umat_general.for,52824,7ee67f8607131a8fb96bea44bf44ecf9fef97abddaff74a162572b8f524ab0a4,cbbf3cfae183e5df13624fb92442918a2e78acbb5508b85f49d6d10e4926d916,candidate,"distinct, licensed GPL-3.0 (copyleft), declares a UMAT entry point; not yet transformed or verified",subroutine_umat_fortran,jpsferreira__UMAT-ABAQUS/test_in_abaqus/umat_general.for,test_in_abaqus/bcs_bi.inp;test_in_abaqus/bcs_sh.inp;test_in_abaqus/bcs_uni.inp;test_in_abaqus/cube_umat.inp;test_in_abaqus/fibers.inp;test_in_abaqus/sec_ud.inp
jpsferreira/UMAT-ABAQUS,e5ed4fbc58c08d11696614886326b7ae244bb72f,GPL-3.0,copyleft,LICENSE (SPDX GPL-3.0 via the GitHub licence API),umat_general.for,53155,54e1380ad872a3921093665c1b73996ad028bed8ee08f7091ef28ae9217d7bbd,d8d55070937a6beddc1df5b7ac2823dfcacc273a7e8be9e5be28ce21f7bc38fe,already_known,"the same implementation as discovery_cache/jpsferreira__UMAT-ABAQUS/umat_general.for, which this collection already counts",subroutine_umat_fortran,,
jpsferreira/UMAT-ABAQUS,e5ed4fbc58c08d11696614886326b7ae244bb72f,GPL-3.0,copyleft,LICENSE (SPDX GPL-3.0 via the GitHub licence API),src/anisomat.for,1385,,,no_umat_entry,"Fortran, but it declares no SUBROUTINE UMAT",subroutine_umat_fortran,,
jpsferreira/UMAT-ABAQUS,e5ed4fbc58c08d11696614886326b7ae244bb72f,GPL-3.0,copyleft,LICENSE (SPDX GPL-3.0 via the GitHub licence API),src/cisomatfic.for,449,,,no_umat_entry,"Fortran, but it declares no SUBROUTINE UMAT",subroutine_umat_fortran,,
jpsferreira/UMAT-ABAQUS,e5ed4fbc58c08d11696614886326b7ae244bb72f,GPL-3.0,copyleft,LICENSE (SPDX GPL-3.0 via the GitHub licence API),src/cmatanisomatfic.for,1285,,,no_umat_entry,"Fortran, but it declares no SUBROUTINE UMAT",subroutine_umat_fortran,,
jpsferreira/UMAT-ABAQUS,e5ed4fbc58c08d11696614886326b7ae244bb72f,GPL-3.0,copyleft,LICENSE (SPDX GPL-3.0 via the GitHub licence API),src/cmatisomatfic.for,1474,,,no_umat_entry,"Fortran, but it declares no SUBROUTINE UMAT",subroutine_umat_fortran,,
jpsferreira/UMAT-ABAQUS,e5ed4fbc58c08d11696614886326b7ae244bb72f,GPL-3.0,copyleft,LICENSE (SPDX GPL-3.0 via the GitHub licence API),src/contraction22.for,610,,,no_umat_entry,"Fortran, but it declares no SUBROUTINE UMAT",subroutine_umat_fortran,,
jpsferreira/UMAT-ABAQUS,e5ed4fbc58c08d11696614886326b7ae244bb72f,GPL-3.0,copyleft,LICENSE (SPDX GPL-3.0 via the GitHub licence API),src/contraction24.for,743,,,no_umat_entry,"Fortran, but it declares no SUBROUTINE UMAT",subroutine_umat_fortran,,
jpsferreira/UMAT-ABAQUS,e5ed4fbc58c08d11696614886326b7ae244bb72f,GPL-3.0,copyleft,LICENSE (SPDX GPL-3.0 via the GitHub licence API),src/contraction42.for,753,,,no_umat_entry,"Fortran, but it declares no SUBROUTINE UMAT",subroutine_umat_fortran,,
jpsferreira/UMAT-ABAQUS,e5ed4fbc58c08d11696614886326b7ae244bb72f,GPL-3.0,copyleft,LICENSE (SPDX GPL-3.0 via the GitHub licence API),src/contraction44.for,890,,,no_umat_entry,"Fortran, but it declares no SUBROUTINE UMAT",subroutine_umat_fortran,,
jpsferreira/UMAT-ABAQUS,e5ed4fbc58c08d11696614886326b7ae244bb72f,GPL-3.0,copyleft,LICENSE (SPDX GPL-3.0 via the GitHub licence API),src/deformation.for,418,,,no_umat_entry,"Fortran, but it declares no SUBROUTINE UMAT",subroutine_umat_fortran,,
jpsferreira/UMAT-ABAQUS,e5ed4fbc58c08d11696614886326b7ae244bb72f,GPL-3.0,copyleft,LICENSE (SPDX GPL-3.0 via the GitHub licence API),src/fibdir.for,1645,,,no_umat_entry,"Fortran, but it declares no SUBROUTINE UMAT",subroutine_umat_fortran,,
jpsferreira/UMAT-ABAQUS,e5ed4fbc58c08d11696614886326b7ae244bb72f,GPL-3.0,copyleft,LICENSE (SPDX GPL-3.0 via the GitHub licence API),src/fslip.for,758,,,no_umat_entry,"Fortran, but it declares no SUBROUTINE UMAT",subroutine_umat_fortran,,
jpsferreira/UMAT-ABAQUS,e5ed4fbc58c08d11696614886326b7ae244bb72f,GPL-3.0,copyleft,LICENSE (SPDX GPL-3.0 via the GitHub licence API),src/identity_tensors.for,876,,,no_umat_entry,"Fortran, but it declares no SUBROUTINE UMAT",subroutine_umat_fortran,,
jpsferreira/UMAT-ABAQUS,e5ed4fbc58c08d11696614886326b7ae244bb72f,GPL-3.0,copyleft,LICENSE (SPDX GPL-3.0 via the GitHub licence API),src/initialize.for,341,,,no_umat_entry,"Fortran, but it declares no SUBROUTINE UMAT",subroutine_umat_fortran,,
jpsferreira/UMAT-ABAQUS,e5ed4fbc58c08d11696614886326b7ae244bb72f,GPL-3.0,copyleft,LICENSE (SPDX GPL-3.0 via the GitHub licence API),src/invariants.for,486,,,no_umat_entry,"Fortran, but it declares no SUBROUTINE UMAT",subroutine_umat_fortran,,
jpsferreira/UMAT-ABAQUS,e5ed4fbc58c08d11696614886326b7ae244bb72f,GPL-3.0,copyleft,LICENSE (SPDX GPL-3.0 via the GitHub licence API),src/isomat.for,697,,,no_umat_entry,"Fortran, but it declares no SUBROUTINE UMAT",subroutine_umat_fortran,,
jpsferreira/UMAT-ABAQUS,e5ed4fbc58c08d11696614886326b7ae244bb72f,GPL-3.0,copyleft,LICENSE (SPDX GPL-3.0 via the GitHub licence API),src/metiso.for,1769,,,no_umat_entry,"Fortran, but it declares no SUBROUTINE UMAT",subroutine_umat_fortran,,
jpsferreira/UMAT-ABAQUS,e5ed4fbc58c08d11696614886326b7ae244bb72f,GPL-3.0,copyleft,LICENSE (SPDX GPL-3.0 via the GitHub licence API),src/metvol.for,728,,,no_umat_entry,"Fortran, but it declares no SUBROUTINE UMAT",subroutine_umat_fortran,,
jpsferreira/UMAT-ABAQUS,e5ed4fbc58c08d11696614886326b7ae244bb72f,GPL-3.0,copyleft,LICENSE (SPDX GPL-3.0 via the GitHub licence API),src/minverse3d.for,1153,,,no_umat_entry,"Fortran, but it declares no SUBROUTINE UMAT",subroutine_umat_fortran,,
jpsferreira/UMAT-ABAQUS,e5ed4fbc58c08d11696614886326b7ae244bb72f,GPL-3.0,copyleft,LICENSE (SPDX GPL-3.0 via the GitHub licence API),src/pinvariants.for,558,,,no_umat_entry,"Fortran, but it declares no SUBROUTINE UMAT",subroutine_umat_fortran,,
jpsferreira/UMAT-ABAQUS,e5ed4fbc58c08d11696614886326b7ae244bb72f,GPL-3.0,copyleft,LICENSE (SPDX GPL-3.0 via the GitHub licence API),src/pk2anisomatfic.for,858,,,no_umat_entry,"Fortran, but it declares no SUBROUTINE UMAT",subroutine_umat_fortran,,
jpsferreira/UMAT-ABAQUS,e5ed4fbc58c08d11696614886326b7ae244bb72f,GPL-3.0,copyleft,LICENSE (SPDX GPL-3.0 via the GitHub licence API),src/pk2iso.for,528,,,no_umat_entry,"Fortran, but it declares no SUBROUTINE UMAT",subroutine_umat_fortran,,
jpsferreira/UMAT-ABAQUS,e5ed4fbc58c08d11696614886326b7ae244bb72f,GPL-3.0,copyleft,LICENSE (SPDX GPL-3.0 via the GitHub licence API),src/pk2isomatfic.for,881,,,no_umat_entry,"Fortran, but it declares no SUBROUTINE UMAT",subroutine_umat_fortran,,
jpsferreira/UMAT-ABAQUS,e5ed4fbc58c08d11696614886326b7ae244bb72f,GPL-3.0,copyleft,LICENSE (SPDX GPL-3.0 via the GitHub licence API),src/pk2vol.for,423,,,no_umat_entry,"Fortran, but it declares no SUBROUTINE UMAT",subroutine_umat_fortran,,
jpsferreira/UMAT-ABAQUS,e5ed4fbc58c08d11696614886326b7ae244bb72f,GPL-3.0,copyleft,LICENSE (SPDX GPL-3.0 via the GitHub licence API),src/proj_eulerian.for,639,,,no_umat_entry,"Fortran, but it declares no SUBROUTINE UMAT",subroutine_umat_fortran,,
jpsferreira/UMAT-ABAQUS,e5ed4fbc58c08d11696614886326b7ae244bb72f,GPL-3.0,copyleft,LICENSE (SPDX GPL-3.0 via the GitHub licence API),src/proj_lagrangian.for,775,,,no_umat_entry,"Fortran, but it declares no SUBROUTINE UMAT",subroutine_umat_fortran,,
jpsferreira/UMAT-ABAQUS,e5ed4fbc58c08d11696614886326b7ae244bb72f,GPL-3.0,copyleft,LICENSE (SPDX GPL-3.0 via the GitHub licence API),src/pull2.for,598,,,no_umat_entry,"Fortran, but it declares no SUBROUTINE UMAT",subroutine_umat_fortran,,
jpsferreira/UMAT-ABAQUS,e5ed4fbc58c08d11696614886326b7ae244bb72f,GPL-3.0,copyleft,LICENSE (SPDX GPL-3.0 via the GitHub licence API),src/pull4.for,895,,,no_umat_entry,"Fortran, but it declares no SUBROUTINE UMAT",subroutine_umat_fortran,,
jpsferreira/UMAT-ABAQUS,e5ed4fbc58c08d11696614886326b7ae244bb72f,GPL-3.0,copyleft,LICENSE (SPDX GPL-3.0 via the GitHub licence API),src/push2.for,763,,,no_umat_entry,"Fortran, but it declares no SUBROUTINE UMAT",subroutine_umat_fortran,,
jpsferreira/UMAT-ABAQUS,e5ed4fbc58c08d11696614886326b7ae244bb72f,GPL-3.0,copyleft,LICENSE (SPDX GPL-3.0 via the GitHub licence API),src/push4.for,1061,,,no_umat_entry,"Fortran, but it declares no SUBROUTINE UMAT",subroutine_umat_fortran,,
jpsferreira/UMAT-ABAQUS,e5ed4fbc58c08d11696614886326b7ae244bb72f,GPL-3.0,copyleft,LICENSE (SPDX GPL-3.0 via the GitHub licence API),src/resetdfgr.for,420,,,no_umat_entry,"Fortran, but it declares no SUBROUTINE UMAT",subroutine_umat_fortran,,
jpsferreira/UMAT-ABAQUS,e5ed4fbc58c08d11696614886326b7ae244bb72f,GPL-3.0,copyleft,LICENSE (SPDX GPL-3.0 via the GitHub licence API),src/rotation.for,313,,,no_umat_entry,"Fortran, but it declares no SUBROUTINE UMAT",subroutine_umat_fortran,,
jpsferreira/UMAT-ABAQUS,e5ed4fbc58c08d11696614886326b7ae244bb72f,GPL-3.0,copyleft,LICENSE (SPDX GPL-3.0 via the GitHub licence API),,0,,,not_examined,stopped after 40 files from this repository; 12 not read,subroutine_umat_fortran,,
luisrlp/stochastic-biopolymers,,,,no LICENSE file detected by the GitHub API,,0,,,licence_absent,"no licence is declared, so nothing may be redistributed from it; a repository without a LICENSE file is refused, not assumed permissive; recorded and not fetched",subroutine_umat_fortran,,
IllinoisRocstar/calculix-csc,,,,no LICENSE file detected by the GitHub API,,0,,,licence_absent,"no licence is declared, so nothing may be redistributed from it; a repository without a LICENSE file is refused, not assumed permissive; recorded and not fetched",subroutine_umat_fortran,,
abuganza/UMAT_anisotropic_damage,4970287093956cd7949c66427b29f81902b5a3cc,GPL-3.0,copyleft,LICENSE (SPDX GPL-3.0 via the GitHub licence API),UMAT_Tissue_2d_plane_strain.f,25672,b7f948a43388433e3a012af0b7a17b9424d28d987bfb056faa063eddccc1a28c,d74d2bb1ddd7cb8922ee3105091f3a1d47abf7d768fdef173e0be28ad1088132,already_known,"the same implementation as discovery_cache/abuganza__UMAT_anisotropic_damage/UMAT_Tissue_2d_plane_strain.f, which this collection already counts",subroutine_umat_fortran,,
abuganza/UMAT_anisotropic_damage,4970287093956cd7949c66427b29f81902b5a3cc,GPL-3.0,copyleft,LICENSE (SPDX GPL-3.0 via the GitHub licence API),UMAT_Tissue_2d_plane_stress.f,25725,a2be2a039b4595150f4d665cae76f10df9f9bae42fc79aaac9b57a57dfdfa18e,a2eed8c09ff58edf3dd52fe70528f393bb1a07976c984459a09a6b5afa07b993,already_known,"the same implementation as discovery_cache/abuganza__UMAT_anisotropic_damage/UMAT_Tissue_2d_plane_stress.f, which this collection already counts",subroutine_umat_fortran,,
abuganza/UMAT_anisotropic_damage,4970287093956cd7949c66427b29f81902b5a3cc,GPL-3.0,copyleft,LICENSE (SPDX GPL-3.0 via the GitHub licence API),UMAT_Tissue_3d.f,25231,dcb1771abcb5e984af97010f571c96f072b1441842537bb423a4ff85ab1e2d9a,5eea07e3b8881f9133e9758e3f09c959704e6170e96f9fdf699fd0d0283fe3f1,already_known,"the same implementation as discovery_cache/abuganza__UMAT_anisotropic_damage/UMAT_Tissue_3d.f, which this collection already counts",subroutine_umat_fortran,,
jr23mx/Instrucciones-compilar-calculix,,,,no LICENSE file detected by the GitHub API,,0,,,licence_absent,"no licence is declared, so nothing may be redistributed from it; a repository without a LICENSE file is refused, not assumed permissive; recorded and not fetched",subroutine_umat_fortran,,
Pavan-asur/Multi-phase-field-Puck-FRC,,,,no LICENSE file detected by the GitHub API,,0,,,licence_absent,"no licence is declared, so nothing may be redistributed from it; a repository without a LICENSE file is refused, not assumed permissive; recorded and not fetched",subroutine_umat_fortran,,
patrickstaubach/abaqus-explicit,364d5fefad3c03f02a0c16225aaecbd94ec76178,GPL-3.0,copyleft,LICENSE (SPDX GPL-3.0 via the GitHub licence API),examples/_pile_driving/HPP_Staubach_explicit.f,46446,9f4323d0e4d4b554e5042572678b1cf7e7f9a7d3aa49fb97d5f338577d668fe9,450ddc84171ac92f2ecb2e225df8595b4e15f76ea3ad7e683e6e1541abb0de02,already_known,"the same implementation as discovery_cache/patrickstaubach__abaqus-explicit/examples/_pile_driving/HPP_Staubach_explicit.f, which this collection already counts",subroutine_umat_fortran,,
patrickstaubach/abaqus-explicit,364d5fefad3c03f02a0c16225aaecbd94ec76178,GPL-3.0,copyleft,LICENSE (SPDX GPL-3.0 via the GitHub licence API),examples/_pile_driving/vuamp.f,1541,,,no_umat_entry,"Fortran, but it declares no SUBROUTINE UMAT",subroutine_umat_fortran,,
patrickstaubach/abaqus-explicit,364d5fefad3c03f02a0c16225aaecbd94ec76178,GPL-3.0,copyleft,LICENSE (SPDX GPL-3.0 via the GitHub licence API),examples/_pile_driving/vufield_parallel.f,54914,,,no_umat_entry,"Fortran, but it declares no SUBROUTINE UMAT",subroutine_umat_fortran,,
patrickstaubach/abaqus-explicit,364d5fefad3c03f02a0c16225aaecbd94ec76178,GPL-3.0,copyleft,LICENSE (SPDX GPL-3.0 via the GitHub licence API),examples/_pile_driving/vusdfld_parallel.f,19736,,,no_umat_entry,"Fortran, but it declares no SUBROUTINE UMAT",subroutine_umat_fortran,,
patrickstaubach/abaqus-explicit,364d5fefad3c03f02a0c16225aaecbd94ec76178,GPL-3.0,copyleft,LICENSE (SPDX GPL-3.0 via the GitHub licence API),src/HPP_Staubach_explicit.f,46446,9f4323d0e4d4b554e5042572678b1cf7e7f9a7d3aa49fb97d5f338577d668fe9,450ddc84171ac92f2ecb2e225df8595b4e15f76ea3ad7e683e6e1541abb0de02,already_known,"the same implementation as discovery_cache/patrickstaubach__abaqus-explicit/examples/_pile_driving/HPP_Staubach_explicit.f, which this collection already counts",subroutine_umat_fortran,,
patrickstaubach/abaqus-explicit,364d5fefad3c03f02a0c16225aaecbd94ec76178,GPL-3.0,copyleft,LICENSE (SPDX GPL-3.0 via the GitHub licence API),src/VUMAT_HMC_Staubach_Abq2023.f,11800,,,no_umat_entry,declares a VUMAT and no UMAT; the explicit interface is out of scope,subroutine_umat_fortran,,
patrickstaubach/abaqus-explicit,364d5fefad3c03f02a0c16225aaecbd94ec76178,GPL-3.0,copyleft,LICENSE (SPDX GPL-3.0 via the GitHub licence API),examples/_pile_driving/VUMAT_HMC_Staubach_Abq2023.f,11601,,,no_umat_entry,declares a VUMAT and no UMAT; the explicit interface is out of scope,subroutine_umat_fortran,,
patrickstaubach/abaqus-explicit,364d5fefad3c03f02a0c16225aaecbd94ec76178,GPL-3.0,copyleft,LICENSE (SPDX GPL-3.0 via the GitHub licence API),examples/_pile_driving/call2023.f,198,,,no_umat_entry,"Fortran, but it declares no SUBROUTINE UMAT",subroutine_umat_fortran,,
patrickstaubach/abaqus-explicit,364d5fefad3c03f02a0c16225aaecbd94ec76178,GPL-3.0,copyleft,LICENSE (SPDX GPL-3.0 via the GitHub licence API),examples/_pile_driving/tools.f,15854,,,no_umat_entry,"Fortran, but it declares no SUBROUTINE UMAT",subroutine_umat_fortran,,
patrickstaubach/abaqus-explicit,364d5fefad3c03f02a0c16225aaecbd94ec76178,GPL-3.0,copyleft,LICENSE (SPDX GPL-3.0 via the GitHub licence API),src/VUMAT_HMC_Staubach_Abq2020.f,11833,,,no_umat_entry,declares a VUMAT and no UMAT; the explicit interface is out of scope,subroutine_umat_fortran,,
patrickstaubach/abaqus-explicit,364d5fefad3c03f02a0c16225aaecbd94ec76178,GPL-3.0,copyleft,LICENSE (SPDX GPL-3.0 via the GitHub licence API),src/call2020.f,205,,,no_umat_entry,"Fortran, but it declares no SUBROUTINE UMAT",subroutine_umat_fortran,,
patrickstaubach/abaqus-explicit,364d5fefad3c03f02a0c16225aaecbd94ec76178,GPL-3.0,copyleft,LICENSE (SPDX GPL-3.0 via the GitHub licence API),src/call2023.f,198,,,no_umat_entry,"Fortran, but it declares no SUBROUTINE UMAT",subroutine_umat_fortran,,
patrickstaubach/abaqus-explicit,364d5fefad3c03f02a0c16225aaecbd94ec76178,GPL-3.0,copyleft,LICENSE (SPDX GPL-3.0 via the GitHub licence API),src/tools.f,15854,,,no_umat_entry,"Fortran, but it declares no SUBROUTINE UMAT",subroutine_umat_fortran,,
patrickstaubach/abaqus-explicit,364d5fefad3c03f02a0c16225aaecbd94ec76178,GPL-3.0,copyleft,LICENSE (SPDX GPL-3.0 via the GitHub licence API),src/vufield_parallel.f,56093,,,no_umat_entry,"Fortran, but it declares no SUBROUTINE UMAT",subroutine_umat_fortran,,
patrickstaubach/abaqus-explicit,364d5fefad3c03f02a0c16225aaecbd94ec76178,GPL-3.0,copyleft,LICENSE (SPDX GPL-3.0 via the GitHub licence API),src/vusdfld_parallel.f,20220,,,no_umat_entry,"Fortran, but it declares no SUBROUTINE UMAT",subroutine_umat_fortran,,
zning8251-jpg/ufc-fem-kernel,d6097bf413b7ef90a1e065976590c54b44c47a8e,Apache-2.0,permissive,LICENSE (SPDX Apache-2.0 via the GitHub licence API),docs/02_Developer_Guide/Legacy_Adapters_Reference/Adapters/Load/DLOAD_Adapter.f90,8158,,,no_umat_entry,"Fortran, but it declares no SUBROUTINE UMAT",subroutine_umat_ddsdde,,
zning8251-jpg/ufc-fem-kernel,d6097bf413b7ef90a1e065976590c54b44c47a8e,Apache-2.0,permissive,LICENSE (SPDX Apache-2.0 via the GitHub licence API),docs/02_Developer_Guide/Legacy_Adapters_Reference/Adapters/Material/Adapters/UMATHT_Adapter.f90,1500,,,no_umat_entry,"Fortran, but it declares no SUBROUTINE UMAT",subroutine_umat_ddsdde,,
zning8251-jpg/ufc-fem-kernel,d6097bf413b7ef90a1e065976590c54b44c47a8e,Apache-2.0,permissive,LICENSE (SPDX Apache-2.0 via the GitHub licence API),docs/02_Developer_Guide/Legacy_Adapters_Reference/Adapters/Material/Adapters/UMAT_Adapter.f90,2945,d24da5040646cd2b21978529573b8be148c3fd383a3490d3151dce3434bb3a8e,6e400f2b2822fd8f42cecdd258b8bbefef6e7c3a76abbade81f03cd05ec6a2ec,candidate,"distinct, licensed Apache-2.0 (permissive), declares a UMAT entry point; not yet transformed or verified",subroutine_umat_ddsdde,zning8251-jpg__ufc-fem-kernel/docs/02_Developer_Guide/Legacy_Adapters_Reference/Adapters/Material/Adapters/UMAT_Adapter.f90,tests/samples/sample_1_simple_part.inp;tests/samples/sample_2_assembly_contact.inp;tests/samples/sample_3_step_static.inp
zning8251-jpg/ufc-fem-kernel,d6097bf413b7ef90a1e065976590c54b44c47a8e,Apache-2.0,permissive,LICENSE (SPDX Apache-2.0 via the GitHub licence API),docs/02_Developer_Guide/Legacy_Adapters_Reference/Adapters/Material/UMATHT_Adapter.f90,8799,,,no_umat_entry,"Fortran, but it declares no SUBROUTINE UMAT",subroutine_umat_ddsdde,,
zning8251-jpg/ufc-fem-kernel,d6097bf413b7ef90a1e065976590c54b44c47a8e,Apache-2.0,permissive,LICENSE (SPDX Apache-2.0 via the GitHub licence API),docs/02_Developer_Guide/Legacy_Adapters_Reference/Adapters/Material/UMAT_Adapter.f90,11618,ae24b53542faa294a96793a4e5c16243a9472bd74d3a994bc66bc619f5081f5a,7344bbb494d44a0f122e5c9163350f037c00633c4cd6647f97902315e16ebc03,candidate,"distinct, licensed Apache-2.0 (permissive), declares a UMAT entry point; not yet transformed or verified",subroutine_umat_ddsdde,zning8251-jpg__ufc-fem-kernel/docs/02_Developer_Guide/Legacy_Adapters_Reference/Adapters/Material/UMAT_Adapter.f90,tests/samples/sample_1_simple_part.inp;tests/samples/sample_2_assembly_contact.inp;tests/samples/sample_3_step_static.inp
zning8251-jpg/ufc-fem-kernel,d6097bf413b7ef90a1e065976590c54b44c47a8e,Apache-2.0,permissive,LICENSE (SPDX Apache-2.0 via the GitHub licence API),tests/TEST_PH_Mat_UMAT.f90,19294,dcf7b7b53526efb62a14b98f82c35656033730c6ce1f4873e7623f58be2eeab0,0371d0397ce024249d9061bf62d010571b10c595ec66a2d800236990b62cd6e3,candidate,"distinct, licensed Apache-2.0 (permissive), declares a UMAT entry point; not yet transformed or verified",subroutine_umat_ddsdde,zning8251-jpg__ufc-fem-kernel/tests/TEST_PH_Mat_UMAT.f90,tests/samples/sample_1_simple_part.inp;tests/samples/sample_2_assembly_contact.inp;tests/samples/sample_3_step_static.inp
zning8251-jpg/ufc-fem-kernel,d6097bf413b7ef90a1e065976590c54b44c47a8e,Apache-2.0,permissive,LICENSE (SPDX Apache-2.0 via the GitHub licence API),ufc_core/L3_MD/Material/Contract/MD_Mat_Def.f90,57277,,,no_umat_entry,"Fortran, but it declares no SUBROUTINE UMAT",subroutine_umat_ddsdde,,
zning8251-jpg/ufc-fem-kernel,d6097bf413b7ef90a1e065976590c54b44c47a8e,Apache-2.0,permissive,LICENSE (SPDX Apache-2.0 via the GitHub licence API),ufc_core/L4_PH/Material/Contract/PH_Mat_Defn_UMAT_Bridge.f90,6447,,,no_umat_entry,"Fortran, but it declares no SUBROUTINE UMAT",subroutine_umat_ddsdde,,
zning8251-jpg/ufc-fem-kernel,d6097bf413b7ef90a1e065976590c54b44c47a8e,Apache-2.0,permissive,LICENSE (SPDX Apache-2.0 via the GitHub licence API),ufc_core/L4_PH/Material/Contract/PH_Mat_Props_Def.f90,22642,,,no_umat_entry,"Fortran, but it declares no SUBROUTINE UMAT",subroutine_umat_ddsdde,,
zning8251-jpg/ufc-fem-kernel,d6097bf413b7ef90a1e065976590c54b44c47a8e,Apache-2.0,permissive,LICENSE (SPDX Apache-2.0 via the GitHub licence API),ufc_core/L6_AP/Input/Script/AP_InpScript_User.f90,16114,89a5ae712e5a5dc3591e4806237c626fd4d9a612324171c357cb985896e33370,938f788f1426a39a86f6d5ed8d89dd42c8f1e91258eedc9ebf80eeb9285f56cc,candidate,"distinct, licensed Apache-2.0 (permissive), declares a UMAT entry point; not yet transformed or verified",subroutine_umat_ddsdde,zning8251-jpg__ufc-fem-kernel/ufc_core/L6_AP/Input/Script/AP_InpScript_User.f90,tests/samples/sample_1_simple_part.inp;tests/samples/sample_2_assembly_contact.inp;tests/samples/sample_3_step_static.inp
zning8251-jpg/ufc-fem-kernel,d6097bf413b7ef90a1e065976590c54b44c47a8e,Apache-2.0,permissive,LICENSE (SPDX Apache-2.0 via the GitHub licence API),company_seed/kernel/src/L0_Global/FK_GlobalContainer_Def.f90,2734,,,no_umat_entry,"Fortran, but it declares no SUBROUTINE UMAT",subroutine_umat_ddsdde,,
zning8251-jpg/ufc-fem-kernel,d6097bf413b7ef90a1e065976590c54b44c47a8e,Apache-2.0,permissive,LICENSE (SPDX Apache-2.0 via the GitHub licence API),company_seed/kernel/src/L1_Infra/FK_IF_Base_DP.f90,944,,,no_umat_entry,"Fortran, but it declares no SUBROUTINE UMAT",subroutine_umat_ddsdde,,
zning8251-jpg/ufc-fem-kernel,d6097bf413b7ef90a1e065976590c54b44c47a8e,Apache-2.0,permissive,LICENSE (SPDX Apache-2.0 via the GitHub licence API),company_seed/kernel/src/L1_Infra/FK_IF_Base_Desc.f90,1487,,,no_umat_entry,"Fortran, but it declares no SUBROUTINE UMAT",subroutine_umat_ddsdde,,
zning8251-jpg/ufc-fem-kernel,d6097bf413b7ef90a1e065976590c54b44c47a8e,Apache-2.0,permissive,LICENSE (SPDX Apache-2.0 via the GitHub licence API),company_seed/kernel/src/L3_Model/FK_MD_Brg_L2.f90,1702,,,no_umat_entry,"Fortran, but it declares no SUBROUTINE UMAT",subroutine_umat_ddsdde,,
zning8251-jpg/ufc-fem-kernel,d6097bf413b7ef90a1e065976590c54b44c47a8e,Apache-2.0,permissive,LICENSE (SPDX Apache-2.0 via the GitHub licence API),company_seed/kernel/src/L3_Model/FK_MD_Mat_Elastic_Def.f90,2831,,,no_umat_entry,"Fortran, but it declares no SUBROUTINE UMAT",subroutine_umat_ddsdde,,
zning8251-jpg/ufc-fem-kernel,d6097bf413b7ef90a1e065976590c54b44c47a8e,Apache-2.0,permissive,LICENSE (SPDX Apache-2.0 via the GitHub licence API),company_seed/kernel/src/L4_Physics/FK_PH_Elem_Elastic_Core.f90,2515,,,no_umat_entry,"Fortran, but it declares no SUBROUTINE UMAT",subroutine_umat_ddsdde,,
zning8251-jpg/ufc-fem-kernel,d6097bf413b7ef90a1e065976590c54b44c47a8e,Apache-2.0,permissive,LICENSE (SPDX Apache-2.0 via the GitHub licence API),docs/02_Developer_Guide/Code_Templates/ElemGaussInt.f90,28081,,,no_umat_entry,"Fortran, but it declares no SUBROUTINE UMAT",subroutine_umat_ddsdde,,
zning8251-jpg/ufc-fem-kernel,d6097bf413b7ef90a1e065976590c54b44c47a8e,Apache-2.0,permissive,LICENSE (SPDX Apache-2.0 via the GitHub licence API),docs/02_Developer_Guide/Code_Templates/ElemLib.f90,58302,,,no_umat_entry,"Fortran, but it declares no SUBROUTINE UMAT",subroutine_umat_ddsdde,,
zning8251-jpg/ufc-fem-kernel,d6097bf413b7ef90a1e065976590c54b44c47a8e,Apache-2.0,permissive,LICENSE (SPDX Apache-2.0 via the GitHub licence API),docs/02_Developer_Guide/Code_Templates/MD_Amplitude_Types.f90,7483,,,no_umat_entry,"Fortran, but it declares no SUBROUTINE UMAT",subroutine_umat_ddsdde,,
zning8251-jpg/ufc-fem-kernel,d6097bf413b7ef90a1e065976590c54b44c47a8e,Apache-2.0,permissive,LICENSE (SPDX Apache-2.0 via the GitHub licence API),docs/02_Developer_Guide/Code_Templates/MD_Analysis_GroupAware_Desc.f90,19882,,,no_umat_entry,"Fortran, but it declares no SUBROUTINE UMAT",subroutine_umat_ddsdde,,
zning8251-jpg/ufc-fem-kernel,d6097bf413b7ef90a1e065976590c54b44c47a8e,Apache-2.0,permissive,LICENSE (SPDX Apache-2.0 via the GitHub licence API),docs/02_Developer_Guide/Code_Templates/MD_Analysis_Types.f90,8953,,,no_umat_entry,"Fortran, but it declares no SUBROUTINE UMAT",subroutine_umat_ddsdde,,
zning8251-jpg/ufc-fem-kernel,d6097bf413b7ef90a1e065976590c54b44c47a8e,Apache-2.0,permissive,LICENSE (SPDX Apache-2.0 via the GitHub licence API),docs/02_Developer_Guide/Code_Templates/MD_BC_Types.f90,11902,,,no_umat_entry,"Fortran, but it declares no SUBROUTINE UMAT",subroutine_umat_ddsdde,,
zning8251-jpg/ufc-fem-kernel,d6097bf413b7ef90a1e065976590c54b44c47a8e,Apache-2.0,permissive,LICENSE (SPDX Apache-2.0 via the GitHub licence API),docs/02_Developer_Guide/Code_Templates/MD_Constraint_Types.f90,11240,,,no_umat_entry,"Fortran, but it declares no SUBROUTINE UMAT",subroutine_umat_ddsdde,,
zning8251-jpg/ufc-fem-kernel,d6097bf413b7ef90a1e065976590c54b44c47a8e,Apache-2.0,permissive,LICENSE (SPDX Apache-2.0 via the GitHub licence API),docs/02_Developer_Guide/Code_Templates/MD_Contact_Types.f90,8359,,,no_umat_entry,"Fortran, but it declares no SUBROUTINE UMAT",subroutine_umat_ddsdde,,
zning8251-jpg/ufc-fem-kernel,d6097bf413b7ef90a1e065976590c54b44c47a8e,Apache-2.0,permissive,LICENSE (SPDX Apache-2.0 via the GitHub licence API),docs/02_Developer_Guide/Code_Templates/MD_DOF_Types.f90,5801,,,no_umat_entry,"Fortran, but it declares no SUBROUTINE UMAT",subroutine_umat_ddsdde,,
zning8251-jpg/ufc-fem-kernel,d6097bf413b7ef90a1e065976590c54b44c47a8e,Apache-2.0,permissive,LICENSE (SPDX Apache-2.0 via the GitHub licence API),docs/02_Developer_Guide/Code_Templates/MD_Damping_Types.f90,5119,,,no_umat_entry,"Fortran, but it declares no SUBROUTINE UMAT",subroutine_umat_ddsdde,,
zning8251-jpg/ufc-fem-kernel,d6097bf413b7ef90a1e065976590c54b44c47a8e,Apache-2.0,permissive,LICENSE (SPDX Apache-2.0 via the GitHub licence API),docs/02_Developer_Guide/Code_Templates/MD_Elem_Types.f90,17104,,,no_umat_entry,"Fortran, but it declares no SUBROUTINE UMAT",subroutine_umat_ddsdde,,
zning8251-jpg/ufc-fem-kernel,d6097bf413b7ef90a1e065976590c54b44c47a8e,Apache-2.0,permissive,LICENSE (SPDX Apache-2.0 via the GitHub licence API),docs/02_Developer_Guide/Code_Templates/MD_Field_Types.f90,10656,,,no_umat_entry,"Fortran, but it declares no SUBROUTINE UMAT",subroutine_umat_ddsdde,,
zning8251-jpg/ufc-fem-kernel,d6097bf413b7ef90a1e065976590c54b44c47a8e,Apache-2.0,permissive,LICENSE (SPDX Apache-2.0 via the GitHub licence API),docs/02_Developer_Guide/Code_Templates/MD_Friction_Types.f90,9757,,,no_umat_entry,"Fortran, but it declares no SUBROUTINE UMAT",subroutine_umat_ddsdde,,
zning8251-jpg/ufc-fem-kernel,d6097bf413b7ef90a1e065976590c54b44c47a8e,Apache-2.0,permissive,LICENSE (SPDX Apache-2.0 via the GitHub licence API),docs/02_Developer_Guide/Code_Templates/MD_Interaction_Types.f90,6857,,,no_umat_entry,"Fortran, but it declares no SUBROUTINE UMAT",subroutine_umat_ddsdde,,
zning8251-jpg/ufc-fem-kernel,d6097bf413b7ef90a1e065976590c54b44c47a8e,Apache-2.0,permissive,LICENSE (SPDX Apache-2.0 via the GitHub licence API),docs/02_Developer_Guide/Code_Templates/MD_Load_Types.f90,4698,,,no_umat_entry,"Fortran, but it declares no SUBROUTINE UMAT",subroutine_umat_ddsdde,,
zning8251-jpg/ufc-fem-kernel,d6097bf413b7ef90a1e065976590c54b44c47a8e,Apache-2.0,permissive,LICENSE (SPDX Apache-2.0 via the GitHub licence API),docs/02_Developer_Guide/Code_Templates/MD_Mat_Types.f90,26176,,,no_umat_entry,"Fortran, but it declares no SUBROUTINE UMAT",subroutine_umat_ddsdde,,
zning8251-jpg/ufc-fem-kernel,d6097bf413b7ef90a1e065976590c54b44c47a8e,Apache-2.0,permissive,LICENSE (SPDX Apache-2.0 via the GitHub licence API),docs/02_Developer_Guide/Code_Templates/MD_Mat_XXX.f90,10845,,,no_umat_entry,"Fortran, but it declares no SUBROUTINE UMAT",subroutine_umat_ddsdde,,
zning8251-jpg/ufc-fem-kernel,d6097bf413b7ef90a1e065976590c54b44c47a8e,Apache-2.0,permissive,LICENSE (SPDX Apache-2.0 via the GitHub licence API),docs/02_Developer_Guide/Code_Templates/MD_Material_Types.f90,8523,,,no_umat_entry,"Fortran, but it declares no SUBROUTINE UMAT",subroutine_umat_ddsdde,,
zning8251-jpg/ufc-fem-kernel,d6097bf413b7ef90a1e065976590c54b44c47a8e,Apache-2.0,permissive,LICENSE (SPDX Apache-2.0 via the GitHub licence API),docs/02_Developer_Guide/Code_Templates/MD_Mesh_Types.f90,15619,,,no_umat_entry,"Fortran, but it declares no SUBROUTINE UMAT",subroutine_umat_ddsdde,,
zning8251-jpg/ufc-fem-kernel,d6097bf413b7ef90a1e065976590c54b44c47a8e,Apache-2.0,permissive,LICENSE (SPDX Apache-2.0 via the GitHub licence API),docs/02_Developer_Guide/Code_Templates/MD_Model_Types.f90,14026,,,no_umat_entry,"Fortran, but it declares no SUBROUTINE UMAT",subroutine_umat_ddsdde,,
zning8251-jpg/ufc-fem-kernel,d6097bf413b7ef90a1e065976590c54b44c47a8e,Apache-2.0,permissive,LICENSE (SPDX Apache-2.0 via the GitHub licence API),docs/02_Developer_Guide/Code_Templates/MD_Orientation_Types.f90,5924,,,no_umat_entry,"Fortran, but it declares no SUBROUTINE UMAT",subroutine_umat_ddsdde,,
zning8251-jpg/ufc-fem-kernel,d6097bf413b7ef90a1e065976590c54b44c47a8e,Apache-2.0,permissive,LICENSE (SPDX Apache-2.0 via the GitHub licence API),docs/02_Developer_Guide/Code_Templates/MD_Output_Types.f90,14227,,,no_umat_entry,"Fortran, but it declares no SUBROUTINE UMAT",subroutine_umat_ddsdde,,
zning8251-jpg/ufc-fem-kernel,d6097bf413b7ef90a1e065976590c54b44c47a8e,Apache-2.0,permissive,LICENSE (SPDX Apache-2.0 via the GitHub licence API),docs/02_Developer_Guide/Code_Templates/MD_Sect_Types.f90,21258,,,no_umat_entry,"Fortran, but it declares no SUBROUTINE UMAT",subroutine_umat_ddsdde,,
zning8251-jpg/ufc-fem-kernel,d6097bf413b7ef90a1e065976590c54b44c47a8e,Apache-2.0,permissive,LICENSE (SPDX Apache-2.0 via the GitHub licence API),docs/02_Developer_Guide/Code_Templates/MD_Solver_Types.f90,12267,,,no_umat_entry,"Fortran, but it declares no SUBROUTINE UMAT",subroutine_umat_ddsdde,,
zning8251-jpg/ufc-fem-kernel,d6097bf413b7ef90a1e065976590c54b44c47a8e,Apache-2.0,permissive,LICENSE (SPDX Apache-2.0 via the GitHub licence API),,0,,,not_examined,stopped after 40 files from this repository; 1426 not read,subroutine_umat_ddsdde,,
Batmanabcdefg/ParaFEM-lite,bf353d506407cec184d3edfee48ef08caabc3e9a,BSD-3-Clause,permissive,LICENSE.md (SPDX BSD-3-Clause inferred from the licence text; GitHub's API reported no identifier for this file),src/programs/dev/xx15/francesc/umat_DP_primal_CPPM_def.f90,12333,a15cdf6ace140db8d7b371bb9c4ed2eef41f7e8b68d84c9f6b0090cdd6d1674e,56268ffcec7a1889eb689ac4804aacdde88439c6f97be278b2ec0ba06adf80e8,candidate,"distinct, licensed BSD-3-Clause (permissive), declares a UMAT entry point; not yet transformed or verified",subroutine_umat_fortran,Batmanabcdefg__ParaFEM-lite/src/programs/dev/xx15/francesc/umat_DP_primal_CPPM_def.f90,
Batmanabcdefg/ParaFEM-lite,bf353d506407cec184d3edfee48ef08caabc3e9a,BSD-3-Clause,permissive,LICENSE.md (SPDX BSD-3-Clause inferred from the licence text; GitHub's API reported no identifier for this file),src/programs/dev/xx15/plasticity_xx15.F90,42120,01814ce9052aeef9256b8d791b51c90be33dcf8d4ffe7447d29de01e0aaeeeea,49cc8bf0b8033c90827e4623f09c91e52d2ef43341801f60e49313bb765bf639,candidate,"distinct, licensed BSD-3-Clause (permissive), declares a UMAT entry point; not yet transformed or verified",subroutine_umat_fortran,Batmanabcdefg__ParaFEM-lite/src/programs/dev/xx15/plasticity_xx15.F90,
Batmanabcdefg/ParaFEM-lite,bf353d506407cec184d3edfee48ef08caabc3e9a,BSD-3-Clause,permissive,LICENSE.md (SPDX BSD-3-Clause inferred from the licence text; GitHub's API reported no identifier for this file),src/programs/dev/xx15/xx15_elastic.F90,43644,,,no_umat_entry,"Fortran, but it declares no SUBROUTINE UMAT",subroutine_umat_fortran,,
Batmanabcdefg/ParaFEM-lite,bf353d506407cec184d3edfee48ef08caabc3e9a,BSD-3-Clause,permissive,LICENSE.md (SPDX BSD-3-Clause inferred from the licence text; GitHub's API reported no identifier for this file),src/programs/dev/xx15/xx15_quadric_linear_hardening.F90,61175,,,no_umat_entry,"Fortran, but it declares no SUBROUTINE UMAT",subroutine_umat_fortran,,
Batmanabcdefg/ParaFEM-lite,bf353d506407cec184d3edfee48ef08caabc3e9a,BSD-3-Clause,permissive,LICENSE.md (SPDX BSD-3-Clause inferred from the licence text; GitHub's API reported no identifier for this file),src/programs/dev/xx15/xx15_vm_nonlinear_hardening.F90,53881,,,no_umat_entry,"Fortran, but it declares no SUBROUTINE UMAT",subroutine_umat_fortran,,
Batmanabcdefg/ParaFEM-lite,bf353d506407cec184d3edfee48ef08caabc3e9a,BSD-3-Clause,permissive,LICENSE.md (SPDX BSD-3-Clause inferred from the licence text; GitHub's API reported no identifier for this file),src/umats/dp/plasticity_imp/code_imp.f,7458,115b8a1a36f7d243dd8507189188bb5f0540d194ab609d259d31df1f13ff931b,ea1fd87b58bc94303ed2ff46bbc77269e88b9af0401439ee21e4b84c2e0ce0f7,already_known,"the same implementation as code_imp, which this collection already counts",subroutine_umat_fortran,,
Batmanabcdefg/ParaFEM-lite,bf353d506407cec184d3edfee48ef08caabc3e9a,BSD-3-Clause,permissive,LICENSE.md (SPDX BSD-3-Clause inferred from the licence text; GitHub's API reported no identifier for this file),src/umats/dp/spin/spin_elastic.f,2109,ca870aa7a8089b9eef285bfadd7168a840327ff281fff6d9f0b2108bbf72d0aa,212efe140efdc369615fd606fd23ec7907be8463ac9059e28f9f441aff1b1150,already_known,"the same implementation as spin_elastic, which this collection already counts",subroutine_umat_fortran,,
Batmanabcdefg/ParaFEM-lite,bf353d506407cec184d3edfee48ef08caabc3e9a,BSD-3-Clause,permissive,LICENSE.md (SPDX BSD-3-Clause inferred from the licence text; GitHub's API reported no identifier for this file),src/modules/bem/bem_lib.f90,114921,,,no_umat_entry,"Fortran, but it declares no SUBROUTINE UMAT",subroutine_umat_fortran,,
Batmanabcdefg/ParaFEM-lite,bf353d506407cec184d3edfee48ef08caabc3e9a,BSD-3-Clause,permissive,LICENSE.md (SPDX BSD-3-Clause inferred from the licence text; GitHub's API reported no identifier for this file),src/modules/bem_p/bem_lib_p.f90,114417,,,no_umat_entry,"Fortran, but it declares no SUBROUTINE UMAT",subroutine_umat_fortran,,
Batmanabcdefg/ParaFEM-lite,bf353d506407cec184d3edfee48ef08caabc3e9a,BSD-3-Clause,permissive,LICENSE.md (SPDX BSD-3-Clause inferred from the licence text; GitHub's API reported no identifier for this file),src/modules/choose_solvers/choose_solvers.F90,4845,,,no_umat_entry,"Fortran, but it declares no SUBROUTINE UMAT",subroutine_umat_fortran,,
Batmanabcdefg/ParaFEM-lite,bf353d506407cec184d3edfee48ef08caabc3e9a,BSD-3-Clause,permissive,LICENSE.md (SPDX BSD-3-Clause inferred from the licence text; GitHub's API reported no identifier for this file),src/modules/mpi/bicg.f90,5927,,,no_umat_entry,"Fortran, but it declares no SUBROUTINE UMAT",subroutine_umat_fortran,,
Batmanabcdefg/ParaFEM-lite,bf353d506407cec184d3edfee48ef08caabc3e9a,BSD-3-Clause,permissive,LICENSE.md (SPDX BSD-3-Clause inferred from the licence text; GitHub's API reported no identifier for this file),src/modules/mpi/eigen.f90,28392,,,no_umat_entry,"Fortran, but it declares no SUBROUTINE UMAT",subroutine_umat_fortran,,
Batmanabcdefg/ParaFEM-lite,bf353d506407cec184d3edfee48ef08caabc3e9a,BSD-3-Clause,permissive,LICENSE.md (SPDX BSD-3-Clause inferred from the licence text; GitHub's API reported no identifier for this file),src/modules/mpi/gather_scatter.f90,87033,,,no_umat_entry,"Fortran, but it declares no SUBROUTINE UMAT",subroutine_umat_fortran,,
Batmanabcdefg/ParaFEM-lite,bf353d506407cec184d3edfee48ef08caabc3e9a,BSD-3-Clause,permissive,LICENSE.md (SPDX BSD-3-Clause inferred from the licence text; GitHub's API reported no identifier for this file),src/modules/mpi/input.f90,301624,,,no_umat_entry,"Fortran, but it declares no SUBROUTINE UMAT",subroutine_umat_fortran,,
Batmanabcdefg/ParaFEM-lite,bf353d506407cec184d3edfee48ef08caabc3e9a,BSD-3-Clause,permissive,LICENSE.md (SPDX BSD-3-Clause inferred from the licence text; GitHub's API reported no identifier for this file),src/modules/mpi/large_strain.f90,63868,,,no_umat_entry,"Fortran, but it declares no SUBROUTINE UMAT",subroutine_umat_fortran,,
Batmanabcdefg/ParaFEM-lite,bf353d506407cec184d3edfee48ef08caabc3e9a,BSD-3-Clause,permissive,LICENSE.md (SPDX BSD-3-Clause inferred from the licence text; GitHub's API reported no identifier for this file),src/modules/mpi/loading.f90,24846,,,no_umat_entry,"Fortran, but it declares no SUBROUTINE UMAT",subroutine_umat_fortran,,
Batmanabcdefg/ParaFEM-lite,bf353d506407cec184d3edfee48ef08caabc3e9a,BSD-3-Clause,permissive,LICENSE.md (SPDX BSD-3-Clause inferred from the licence text; GitHub's API reported no identifier for this file),src/modules/mpi/maths.f90,36393,,,no_umat_entry,"Fortran, but it declares no SUBROUTINE UMAT",subroutine_umat_fortran,,
Batmanabcdefg/ParaFEM-lite,bf353d506407cec184d3edfee48ef08caabc3e9a,BSD-3-Clause,permissive,LICENSE.md (SPDX BSD-3-Clause inferred from the licence text; GitHub's API reported no identifier for this file),src/modules/mpi/mp_interface.f90,3099,,,no_umat_entry,"Fortran, but it declares no SUBROUTINE UMAT",subroutine_umat_fortran,,
Batmanabcdefg/ParaFEM-lite,bf353d506407cec184d3edfee48ef08caabc3e9a,BSD-3-Clause,permissive,LICENSE.md (SPDX BSD-3-Clause inferred from the licence text; GitHub's API reported no identifier for this file),src/modules/mpi/mpi_wrapper.f90,62,,,no_umat_entry,"Fortran, but it declares no SUBROUTINE UMAT",subroutine_umat_fortran,,
Batmanabcdefg/ParaFEM-lite,bf353d506407cec184d3edfee48ef08caabc3e9a,BSD-3-Clause,permissive,LICENSE.md (SPDX BSD-3-Clause inferred from the licence text; GitHub's API reported no identifier for this file),src/modules/mpi/output.f90,123025,,,no_umat_entry,"Fortran, but it declares no SUBROUTINE UMAT",subroutine_umat_fortran,,
Batmanabcdefg/ParaFEM-lite,bf353d506407cec184d3edfee48ef08caabc3e9a,BSD-3-Clause,permissive,LICENSE.md (SPDX BSD-3-Clause inferred from the licence text; GitHub's API reported no identifier for this file),src/modules/mpi/pcg.f90,691,,,no_umat_entry,"Fortran, but it declares no SUBROUTINE UMAT",subroutine_umat_fortran,,
Batmanabcdefg/ParaFEM-lite,bf353d506407cec184d3edfee48ef08caabc3e9a,BSD-3-Clause,permissive,LICENSE.md (SPDX BSD-3-Clause inferred from the licence text; GitHub's API reported no identifier for this file),src/modules/parafem_petsc/mod_read_line.F90,2140,,,no_umat_entry,"Fortran, but it declares no SUBROUTINE UMAT",subroutine_umat_fortran,,
Batmanabcdefg/ParaFEM-lite,bf353d506407cec184d3edfee48ef08caabc3e9a,BSD-3-Clause,permissive,LICENSE.md (SPDX BSD-3-Clause inferred from the licence text; GitHub's API reported no identifier for this file),src/modules/parafem_petsc/parafem_petsc.F90,77223,,,no_umat_entry,"Fortran, but it declares no SUBROUTINE UMAT",subroutine_umat_fortran,,
Batmanabcdefg/ParaFEM-lite,bf353d506407cec184d3edfee48ef08caabc3e9a,BSD-3-Clause,permissive,LICENSE.md (SPDX BSD-3-Clause inferred from the licence text; GitHub's API reported no identifier for this file),src/modules/serial/input.f90,17609,,,no_umat_entry,"Fortran, but it declares no SUBROUTINE UMAT",subroutine_umat_fortran,,
Batmanabcdefg/ParaFEM-lite,bf353d506407cec184d3edfee48ef08caabc3e9a,BSD-3-Clause,permissive,LICENSE.md (SPDX BSD-3-Clause inferred from the licence text; GitHub's API reported no identifier for this file),src/modules/serial/mp_interface.f90,2566,,,no_umat_entry,"Fortran, but it declares no SUBROUTINE UMAT",subroutine_umat_fortran,,
Batmanabcdefg/ParaFEM-lite,bf353d506407cec184d3edfee48ef08caabc3e9a,BSD-3-Clause,permissive,LICENSE.md (SPDX BSD-3-Clause inferred from the licence text; GitHub's API reported no identifier for this file),src/modules/shared/elements.f90,1369,,,no_umat_entry,"Fortran, but it declares no SUBROUTINE UMAT",subroutine_umat_fortran,,
Batmanabcdefg/ParaFEM-lite,bf353d506407cec184d3edfee48ef08caabc3e9a,BSD-3-Clause,permissive,LICENSE.md (SPDX BSD-3-Clause inferred from the licence text; GitHub's API reported no identifier for this file),src/modules/shared/fluid.f90,1115,,,no_umat_entry,"Fortran, but it declares no SUBROUTINE UMAT",subroutine_umat_fortran,,
Batmanabcdefg/ParaFEM-lite,bf353d506407cec184d3edfee48ef08caabc3e9a,BSD-3-Clause,permissive,LICENSE.md (SPDX BSD-3-Clause inferred from the licence text; GitHub's API reported no identifier for this file),src/modules/shared/geometry.f90,41091,,,no_umat_entry,"Fortran, but it declares no SUBROUTINE UMAT",subroutine_umat_fortran,,
Batmanabcdefg/ParaFEM-lite,bf353d506407cec184d3edfee48ef08caabc3e9a,BSD-3-Clause,permissive,LICENSE.md (SPDX BSD-3-Clause inferred from the licence text; GitHub's API reported no identifier for this file),src/modules/shared/global_variables.f90,899,,,no_umat_entry,"Fortran, but it declares no SUBROUTINE UMAT",subroutine_umat_fortran,,
Batmanabcdefg/ParaFEM-lite,bf353d506407cec184d3edfee48ef08caabc3e9a,BSD-3-Clause,permissive,LICENSE.md (SPDX BSD-3-Clause inferred from the licence text; GitHub's API reported no identifier for this file),src/modules/shared/new_library.f90,119709,,,no_umat_entry,"Fortran, but it declares no SUBROUTINE UMAT",subroutine_umat_fortran,,
Batmanabcdefg/ParaFEM-lite,bf353d506407cec184d3edfee48ef08caabc3e9a,BSD-3-Clause,permissive,LICENSE.md (SPDX BSD-3-Clause inferred from the licence text; GitHub's API reported no identifier for this file),src/modules/shared/partition.f90,609,,,no_umat_entry,"Fortran, but it declares no SUBROUTINE UMAT",subroutine_umat_fortran,,
Batmanabcdefg/ParaFEM-lite,bf353d506407cec184d3edfee48ef08caabc3e9a,BSD-3-Clause,permissive,LICENSE.md (SPDX BSD-3-Clause inferred from the licence text; GitHub's API reported no identifier for this file),src/modules/shared/plasticity.f90,2205,,,no_umat_entry,"Fortran, but it declares no SUBROUTINE UMAT",subroutine_umat_fortran,,
Batmanabcdefg/ParaFEM-lite,bf353d506407cec184d3edfee48ef08caabc3e9a,BSD-3-Clause,permissive,LICENSE.md (SPDX BSD-3-Clause inferred from the licence text; GitHub's API reported no identifier for this file),src/modules/shared/precision.f90,436,,,no_umat_entry,"Fortran, but it declares no SUBROUTINE UMAT",subroutine_umat_fortran,,
Batmanabcdefg/ParaFEM-lite,bf353d506407cec184d3edfee48ef08caabc3e9a,BSD-3-Clause,permissive,LICENSE.md (SPDX BSD-3-Clause inferred from the licence text; GitHub's API reported no identifier for this file),src/modules/shared/steering.f90,997,,,no_umat_entry,"Fortran, but it declares no SUBROUTINE UMAT",subroutine_umat_fortran,,
Batmanabcdefg/ParaFEM-lite,bf353d506407cec184d3edfee48ef08caabc3e9a,BSD-3-Clause,permissive,LICENSE.md (SPDX BSD-3-Clause inferred from the licence text; GitHub's API reported no identifier for this file),src/modules/shared/timing.f90,1645,,,no_umat_entry,"Fortran, but it declares no SUBROUTINE UMAT",subroutine_umat_fortran,,
Batmanabcdefg/ParaFEM-lite,bf353d506407cec184d3edfee48ef08caabc3e9a,BSD-3-Clause,permissive,LICENSE.md (SPDX BSD-3-Clause inferred from the licence text; GitHub's API reported no identifier for this file),src/programs/5th_ed/p121/p121.f90,7712,,,no_umat_entry,"Fortran, but it declares no SUBROUTINE UMAT",subroutine_umat_fortran,,
Batmanabcdefg/ParaFEM-lite,bf353d506407cec184d3edfee48ef08caabc3e9a,BSD-3-Clause,permissive,LICENSE.md (SPDX BSD-3-Clause inferred from the licence text; GitHub's API reported no identifier for this file),src/programs/5th_ed/p1210/p1210.f90,8207,,,no_umat_entry,"Fortran, but it declares no SUBROUTINE UMAT",subroutine_umat_fortran,,
Batmanabcdefg/ParaFEM-lite,bf353d506407cec184d3edfee48ef08caabc3e9a,BSD-3-Clause,permissive,LICENSE.md (SPDX BSD-3-Clause inferred from the licence text; GitHub's API reported no identifier for this file),src/programs/5th_ed/p1211/p1211.f90,7474,,,no_umat_entry,"Fortran, but it declares no SUBROUTINE UMAT",subroutine_umat_fortran,,
Batmanabcdefg/ParaFEM-lite,bf353d506407cec184d3edfee48ef08caabc3e9a,BSD-3-Clause,permissive,LICENSE.md (SPDX BSD-3-Clause inferred from the licence text; GitHub's API reported no identifier for this file),src/programs/5th_ed/p122/p122.f90,12574,,,no_umat_entry,"Fortran, but it declares no SUBROUTINE UMAT",subroutine_umat_fortran,,
Batmanabcdefg/ParaFEM-lite,bf353d506407cec184d3edfee48ef08caabc3e9a,BSD-3-Clause,permissive,LICENSE.md (SPDX BSD-3-Clause inferred from the licence text; GitHub's API reported no identifier for this file),src/programs/5th_ed/p123/p123.f90,9247,,,no_umat_entry,"Fortran, but it declares no SUBROUTINE UMAT",subroutine_umat_fortran,,
Batmanabcdefg/ParaFEM-lite,bf353d506407cec184d3edfee48ef08caabc3e9a,BSD-3-Clause,permissive,LICENSE.md (SPDX BSD-3-Clause inferred from the licence text; GitHub's API reported no identifier for this file),,0,,,not_examined,stopped after 40 files from this repository; 75 not read,subroutine_umat_fortran,,
Truster-Research-Group/moose-clmi_lab,,LGPL-2.1,permissive,LICENSE (SPDX LGPL-2.1 via the GitHub licence API),,0,,,licence_incompatible,LGPL-2.1 is outside the set this project may redistribute; recorded and not fetched,subroutine_umat_fortran,,
davidmorinNTNU/ABAQUS_subroutines,c0addfe18a20688e7d8f8783fc265f2a72e2ddb0,MIT,permissive,LICENSE (SPDX MIT inferred from the licence text; GitHub's API reported no identifier for this file),MJC_example/VUSDFLD_MJC.f,6009,,,no_umat_entry,"Fortran, but it declares no SUBROUTINE UMAT",subroutine_umat_fortran,,
davidmorinNTNU/ABAQUS_subroutines,c0addfe18a20688e7d8f8783fc265f2a72e2ddb0,MIT,permissive,LICENSE (SPDX MIT inferred from the licence text; GitHub's API reported no identifier for this file),UVARM/UVARM.f,2756,,,no_umat_entry,"Fortran, but it declares no SUBROUTINE UMAT",subroutine_umat_fortran,,
davidmorinNTNU/ABAQUS_subroutines,c0addfe18a20688e7d8f8783fc265f2a72e2ddb0,MIT,permissive,LICENSE (SPDX MIT inferred from the licence text; GitHub's API reported no identifier for this file),V_UEXTERNALDB/UEXTERNALDB.f,12124,,,no_umat_entry,"Fortran, but it declares no SUBROUTINE UMAT",subroutine_umat_fortran,,
davidmorinNTNU/ABAQUS_subroutines,c0addfe18a20688e7d8f8783fc265f2a72e2ddb0,MIT,permissive,LICENSE (SPDX MIT inferred from the licence text; GitHub's API reported no identifier for this file),V_UEXTERNALDB/VEXTERNALDB.f,15174,,,no_umat_entry,"Fortran, but it declares no SUBROUTINE UMAT",subroutine_umat_fortran,,
davidmorinNTNU/ABAQUS_subroutines,c0addfe18a20688e7d8f8783fc265f2a72e2ddb0,MIT,permissive,LICENSE (SPDX MIT inferred from the licence text; GitHub's API reported no identifier for this file),V_UHARD/UHARD_V1.f,3854,,,no_umat_entry,"Fortran, but it declares no SUBROUTINE UMAT",subroutine_umat_fortran,,
davidmorinNTNU/ABAQUS_subroutines,c0addfe18a20688e7d8f8783fc265f2a72e2ddb0,MIT,permissive,LICENSE (SPDX MIT inferred from the licence text; GitHub's API reported no identifier for this file),V_UMAT/UMAT.f,1736,f675a0c6ead3442b9c72b8e9209c3043adb468f1a59af2001bf956efc1e7527d,6d01146ecdf31fcff83667c8a7f66bd72f520d47038b64cfafc65e495f68e268,already_known,"the same implementation as discovery_cache/davidmorinNTNU__ABAQUS_subroutines/V_UMAT/UMAT.f, which this collection already counts",subroutine_umat_fortran,,
davidmorinNTNU/ABAQUS_subroutines,c0addfe18a20688e7d8f8783fc265f2a72e2ddb0,MIT,permissive,LICENSE (SPDX MIT inferred from the licence text; GitHub's API reported no identifier for this file),V_UMAT/UMAT_MODEL.f,13784,,,no_umat_entry,"Fortran, but it declares no SUBROUTINE UMAT",subroutine_umat_fortran,,
davidmorinNTNU/ABAQUS_subroutines,c0addfe18a20688e7d8f8783fc265f2a72e2ddb0,MIT,permissive,LICENSE (SPDX MIT inferred from the licence text; GitHub's API reported no identifier for this file),V_UMAT/VUMAT.f,8066,,,no_umat_entry,declares a VUMAT and no UMAT; the explicit interface is out of scope,subroutine_umat_fortran,,
davidmorinNTNU/ABAQUS_subroutines,c0addfe18a20688e7d8f8783fc265f2a72e2ddb0,MIT,permissive,LICENSE (SPDX MIT inferred from the licence text; GitHub's API reported no identifier for this file),V_UMAT/VUMAT_SHELL.f,9607,,,no_umat_entry,declares a VUMAT and no UMAT; the explicit interface is out of scope,subroutine_umat_fortran,,
davidmorinNTNU/ABAQUS_subroutines,c0addfe18a20688e7d8f8783fc265f2a72e2ddb0,MIT,permissive,LICENSE (SPDX MIT inferred from the licence text; GitHub's API reported no identifier for this file),V_USDFLD/USDFLD_V1.f,2245,,,no_umat_entry,"Fortran, but it declares no SUBROUTINE UMAT",subroutine_umat_fortran,,
davidmorinNTNU/ABAQUS_subroutines,c0addfe18a20688e7d8f8783fc265f2a72e2ddb0,MIT,permissive,LICENSE (SPDX MIT inferred from the licence text; GitHub's API reported no identifier for this file),V_USDFLD/USDFLD_V2.f,3378,,,no_umat_entry,"Fortran, but it declares no SUBROUTINE UMAT",subroutine_umat_fortran,,
davidmorinNTNU/ABAQUS_subroutines,c0addfe18a20688e7d8f8783fc265f2a72e2ddb0,MIT,permissive,LICENSE (SPDX MIT inferred from the licence text; GitHub's API reported no identifier for this file),MJC_example/VUHARD_MJC.f,5086,,,no_umat_entry,"Fortran, but it declares no SUBROUTINE UMAT",subroutine_umat_fortran,,
davidmorinNTNU/ABAQUS_subroutines,c0addfe18a20688e7d8f8783fc265f2a72e2ddb0,MIT,permissive,LICENSE (SPDX MIT inferred from the licence text; GitHub's API reported no identifier for this file),V_UHARD/VUHARD_V1.f,4193,,,no_umat_entry,"Fortran, but it declares no SUBROUTINE UMAT",subroutine_umat_fortran,,
davidmorinNTNU/ABAQUS_subroutines,c0addfe18a20688e7d8f8783fc265f2a72e2ddb0,MIT,permissive,LICENSE (SPDX MIT inferred from the licence text; GitHub's API reported no identifier for this file),V_UHARD/VUHARD_V2.f,5056,,,no_umat_entry,"Fortran, but it declares no SUBROUTINE UMAT",subroutine_umat_fortran,,
davidmorinNTNU/ABAQUS_subroutines,c0addfe18a20688e7d8f8783fc265f2a72e2ddb0,MIT,permissive,LICENSE (SPDX MIT inferred from the licence text; GitHub's API reported no identifier for this file),V_USDFLD/VUSDFLD_V1.f,4166,,,no_umat_entry,"Fortran, but it declares no SUBROUTINE UMAT",subroutine_umat_fortran,,
davidmorinNTNU/ABAQUS_subroutines,c0addfe18a20688e7d8f8783fc265f2a72e2ddb0,MIT,permissive,LICENSE (SPDX MIT inferred from the licence text; GitHub's API reported no identifier for this file),V_USDFLD/VUSDFLD_V2.f,4939,,,no_umat_entry,"Fortran, but it declares no SUBROUTINE UMAT",subroutine_umat_fortran,,
CMMAi/ABAQUS_UMAT,,,,no LICENSE file detected by the GitHub API,,0,,,licence_absent,"no licence is declared, so nothing may be redistributed from it; a repository without a LICENSE file is refused, not assumed permissive; recorded and not fetched",subroutine_umat_fortran,,
vnvlabs/moose,,LGPL-2.1,permissive,LICENSE (SPDX LGPL-2.1 via the GitHub licence API),,0,,,licence_incompatible,LGPL-2.1 is outside the set this project may redistribute; recorded and not fetched,subroutine_umat_fortran,,
yfche/parallel_subset,,LGPL-2.1,permissive,LICENSE (SPDX LGPL-2.1 via the GitHub licence API),,0,,,licence_incompatible,LGPL-2.1 is outside the set this project may redistribute; recorded and not fetched,subroutine_umat_fortran,,
Shi2oon/DIC2ABAQUS,851942fa1c388e06a7765ff9392fc16f03d5de27,MIT,permissive,LICENSE (SPDX MIT via the GitHub licence API),OXFORD-UMAT/OXFORD-UMAT v2.26/OXFORD-UMAT.f,18198,7edd5c4eec8e42d7eae798c79d2f865a681b36a0f06a90e4bf5cd3a9c97dbd7e,bab0c4c4a9653b6f483697424efc006e1df91ccb33500a591595c77047226c89,already_known,"the same implementation as discovery_cache/Shi2oon__DIC2ABAQUS/OXFORD-UMAT/OXFORD-UMAT v2.26/OXFORD-UMAT.f, which this collection already counts",subroutine_umat_fortran,,
Shi2oon/DIC2ABAQUS,851942fa1c388e06a7765ff9392fc16f03d5de27,MIT,permissive,LICENSE (SPDX MIT via the GitHub licence API),OXFORD-UMAT/OXFORD-UMAT v3.1/OXFORD-UMAT.f,9115,8ea940ca4e7f1156854e37e89a840df2016cc4059fb7d2c17689fbcb3d421f47,0f1bdae96f40758d11ca6750248e1d2a1deb389e88b66ad90d33942356e793b9,already_known,"the same implementation as discovery_cache/Shi2oon__DIC2ABAQUS/OXFORD-UMAT/OXFORD-UMAT v3.1/OXFORD-UMAT.f, which this collection already counts",subroutine_umat_fortran,,
Shi2oon/DIC2ABAQUS,851942fa1c388e06a7765ff9392fc16f03d5de27,MIT,permissive,LICENSE (SPDX MIT via the GitHub licence API),OXFORD-UMAT/OXFORD-UMAT v3.1/v3.1-updates.txt,9233,,,no_umat_entry,"Fortran, but it declares no SUBROUTINE UMAT",subroutine_umat_fortran,,
Shi2oon/DIC2ABAQUS,851942fa1c388e06a7765ff9392fc16f03d5de27,MIT,permissive,LICENSE (SPDX MIT via the GitHub licence API),OXFORD-UMAT/OXFORD-UMAT v3.3/OXFORD-UMAT.f,10138,0456701cd3a0a6c515793f8a024972c399d38a35feb4d892d1086922fa35586a,ad165396e46ff15f6846fb218947359fd1a68adbec1976ae50632b3bbf5949f6,already_known,"the same implementation as discovery_cache/Shi2oon__DIC2ABAQUS/OXFORD-UMAT/OXFORD-UMAT v3.3/OXFORD-UMAT.f, which this collection already counts",subroutine_umat_fortran,,
Shi2oon/DIC2ABAQUS,851942fa1c388e06a7765ff9392fc16f03d5de27,MIT,permissive,LICENSE (SPDX MIT via the GitHub licence API),OXFORD-UMAT/OXFORD-UMAT v3.3/v3.3-updates.txt,10177,,,no_umat_entry,"Fortran, but it declares no SUBROUTINE UMAT",subroutine_umat_fortran,,
Shi2oon/DIC2ABAQUS,851942fa1c388e06a7765ff9392fc16f03d5de27,MIT,permissive,LICENSE (SPDX MIT via the GitHub licence API),OXFORD-UMAT/old version/kCRSS.f,6226,,,no_umat_entry,"Fortran, but it declares no SUBROUTINE UMAT",subroutine_umat_fortran,,
Shi2oon/DIC2ABAQUS,851942fa1c388e06a7765ff9392fc16f03d5de27,MIT,permissive,LICENSE (SPDX MIT via the GitHub licence API),OXFORD-UMAT/old version/kcurlET.f,5059,,,no_umat_entry,"Fortran, but it declares no SUBROUTINE UMAT",subroutine_umat_fortran,,
Shi2oon/DIC2ABAQUS,851942fa1c388e06a7765ff9392fc16f03d5de27,MIT,permissive,LICENSE (SPDX MIT via the GitHub licence API),OXFORD-UMAT/old version/kmat.f,31612,,,no_umat_entry,"Fortran, but it declares no SUBROUTINE UMAT",subroutine_umat_fortran,,
Shi2oon/DIC2ABAQUS,851942fa1c388e06a7765ff9392fc16f03d5de27,MIT,permissive,LICENSE (SPDX MIT via the GitHub licence API),OXFORD-UMAT/old version/uexternaldb.f,885,,,no_umat_entry,"Fortran, but it declares no SUBROUTINE UMAT",subroutine_umat_fortran,,
Shi2oon/DIC2ABAQUS,851942fa1c388e06a7765ff9392fc16f03d5de27,MIT,permissive,LICENSE (SPDX MIT via the GitHub licence API),OXFORD-UMAT/old version/umat.for,13732,cd7f7c0baa970cde5118ef35a69e4e77f3232cdff47ceed736dc6df33f9adf00,6fbb4c84dfc965bd756284da1d39165c9430e6a876767ef52e4c02a90907837f,already_known,"the same implementation as ngrilli_umat, which this collection already counts",subroutine_umat_fortran,,
Shi2oon/DIC2ABAQUS,851942fa1c388e06a7765ff9392fc16f03d5de27,MIT,permissive,LICENSE (SPDX MIT via the GitHub licence API),OXFORD-UMAT/Example - Polycrytal with PROPS/OXFORD-UMAT.f,18127,cbee7baf209504ad86abb52983de579c37e44c25747a4c98958fe25a9bf01605,82c9b46c429d2d38690d648b1cdb1956a46bb530976f5aad88aaee5bdb9e359d,already_known,"the same implementation as discovery_cache/Shi2oon__DIC2ABAQUS/OXFORD-UMAT/Example - Polycrytal with PROPS/OXFORD-UMAT.f, which this collection already counts",subroutine_umat_fortran,,
Shi2oon/DIC2ABAQUS,851942fa1c388e06a7765ff9392fc16f03d5de27,MIT,permissive,LICENSE (SPDX MIT via the GitHub licence API),OXFORD-UMAT/Example - Polycrytal with PROPS/backstress.f,4330,,,no_umat_entry,"Fortran, but it declares no SUBROUTINE UMAT",subroutine_umat_fortran,,
Shi2oon/DIC2ABAQUS,851942fa1c388e06a7765ff9392fc16f03d5de27,MIT,permissive,LICENSE (SPDX MIT via the GitHub licence API),OXFORD-UMAT/Example - Polycrytal with PROPS/cpsolver.f,50351,,,no_umat_entry,"Fortran, but it declares no SUBROUTINE UMAT",subroutine_umat_fortran,,
Shi2oon/DIC2ABAQUS,851942fa1c388e06a7765ff9392fc16f03d5de27,MIT,permissive,LICENSE (SPDX MIT via the GitHub licence API),OXFORD-UMAT/Example - Polycrytal with PROPS/creep.f,3786,,,no_umat_entry,"Fortran, but it declares no SUBROUTINE UMAT",subroutine_umat_fortran,,
Shi2oon/DIC2ABAQUS,851942fa1c388e06a7765ff9392fc16f03d5de27,MIT,permissive,LICENSE (SPDX MIT via the GitHub licence API),OXFORD-UMAT/Example - Polycrytal with PROPS/crss.f,9472,,,no_umat_entry,"Fortran, but it declares no SUBROUTINE UMAT",subroutine_umat_fortran,,
Shi2oon/DIC2ABAQUS,851942fa1c388e06a7765ff9392fc16f03d5de27,MIT,permissive,LICENSE (SPDX MIT via the GitHub licence API),OXFORD-UMAT/Example - Polycrytal with PROPS/errors.f,7912,,,no_umat_entry,"Fortran, but it declares no SUBROUTINE UMAT",subroutine_umat_fortran,,
Shi2oon/DIC2ABAQUS,851942fa1c388e06a7765ff9392fc16f03d5de27,MIT,permissive,LICENSE (SPDX MIT via the GitHub licence API),OXFORD-UMAT/Example - Polycrytal with PROPS/globalvariables.f,28081,,,no_umat_entry,"Fortran, but it declares no SUBROUTINE UMAT",subroutine_umat_fortran,,
Shi2oon/DIC2ABAQUS,851942fa1c388e06a7765ff9392fc16f03d5de27,MIT,permissive,LICENSE (SPDX MIT via the GitHub licence API),OXFORD-UMAT/Example - Polycrytal with PROPS/hardening.f,10442,,,no_umat_entry,"Fortran, but it declares no SUBROUTINE UMAT",subroutine_umat_fortran,,
Shi2oon/DIC2ABAQUS,851942fa1c388e06a7765ff9392fc16f03d5de27,MIT,permissive,LICENSE (SPDX MIT via the GitHub licence API),OXFORD-UMAT/Example - Polycrytal with PROPS/initializations.f,41631,,,no_umat_entry,"Fortran, but it declares no SUBROUTINE UMAT",subroutine_umat_fortran,,
Shi2oon/DIC2ABAQUS,851942fa1c388e06a7765ff9392fc16f03d5de27,MIT,permissive,LICENSE (SPDX MIT via the GitHub licence API),OXFORD-UMAT/Example - Polycrytal with PROPS/innerloop.f,18669,,,no_umat_entry,"Fortran, but it declares no SUBROUTINE UMAT",subroutine_umat_fortran,,
Shi2oon/DIC2ABAQUS,851942fa1c388e06a7765ff9392fc16f03d5de27,MIT,permissive,LICENSE (SPDX MIT via the GitHub licence API),OXFORD-UMAT/Example - Polycrytal with PROPS/irradiation.f,2359,,,no_umat_entry,"Fortran, but it declares no SUBROUTINE UMAT",subroutine_umat_fortran,,
Shi2oon/DIC2ABAQUS,851942fa1c388e06a7765ff9392fc16f03d5de27,MIT,permissive,LICENSE (SPDX MIT via the GitHub licence API),OXFORD-UMAT/Example - Polycrytal with PROPS/meshprop.f,83400,,,no_umat_entry,"Fortran, but it declares no SUBROUTINE UMAT",subroutine_umat_fortran,,
Shi2oon/DIC2ABAQUS,851942fa1c388e06a7765ff9392fc16f03d5de27,MIT,permissive,LICENSE (SPDX MIT via the GitHub licence API),OXFORD-UMAT/Example - Polycrytal with PROPS/slip.f,15804,,,no_umat_entry,"Fortran, but it declares no SUBROUTINE UMAT",subroutine_umat_fortran,,
Shi2oon/DIC2ABAQUS,851942fa1c388e06a7765ff9392fc16f03d5de27,MIT,permissive,LICENSE (SPDX MIT via the GitHub licence API),OXFORD-UMAT/Example - Polycrytal with PROPS/slipreverse.f,15142,,,no_umat_entry,"Fortran, but it declares no SUBROUTINE UMAT",subroutine_umat_fortran,,
Shi2oon/DIC2ABAQUS,851942fa1c388e06a7765ff9392fc16f03d5de27,MIT,permissive,LICENSE (SPDX MIT via the GitHub licence API),OXFORD-UMAT/Example - Polycrytal with PROPS/straingradients.f,44064,,,no_umat_entry,"Fortran, but it declares no SUBROUTINE UMAT",subroutine_umat_fortran,,
Shi2oon/DIC2ABAQUS,851942fa1c388e06a7765ff9392fc16f03d5de27,MIT,permissive,LICENSE (SPDX MIT via the GitHub licence API),OXFORD-UMAT/Example - Polycrytal with PROPS/userinputs.f,8409,,,no_umat_entry,"Fortran, but it declares no SUBROUTINE UMAT",subroutine_umat_fortran,,
Shi2oon/DIC2ABAQUS,851942fa1c388e06a7765ff9392fc16f03d5de27,MIT,permissive,LICENSE (SPDX MIT via the GitHub licence API),OXFORD-UMAT/Example - Polycrytal with PROPS/usermaterials.f,45536,,,no_umat_entry,"Fortran, but it declares no SUBROUTINE UMAT",subroutine_umat_fortran,,
Shi2oon/DIC2ABAQUS,851942fa1c388e06a7765ff9392fc16f03d5de27,MIT,permissive,LICENSE (SPDX MIT via the GitHub licence API),OXFORD-UMAT/Example - Polycrytal with PROPS/useroutputs.f,24069,,,no_umat_entry,"Fortran, but it declares no SUBROUTINE UMAT",subroutine_umat_fortran,,
Shi2oon/DIC2ABAQUS,851942fa1c388e06a7765ff9392fc16f03d5de27,MIT,permissive,LICENSE (SPDX MIT via the GitHub licence API),OXFORD-UMAT/Example - Polycrytal with PROPS/utilities.f,34440,,,no_umat_entry,"Fortran, but it declares no SUBROUTINE UMAT",subroutine_umat_fortran,,
Shi2oon/DIC2ABAQUS,851942fa1c388e06a7765ff9392fc16f03d5de27,MIT,permissive,LICENSE (SPDX MIT via the GitHub licence API),OXFORD-UMAT/Example - Residual deformation/OXFORD-UMAT.f,9069,af2e3448f040dc4e9159c1bb252a3feaeb78ba1995ae78d9dae1eed87b9b559e,8fd17bbcbe4ab51369a427bd591afda81b6a77b1d8e2b4155787a1d192a33ec4,already_known,"the same implementation as discovery_cache/Shi2oon__DIC2ABAQUS/OXFORD-UMAT/Example - Residual deformation/OXFORD-UMAT.f, which this collection already counts",subroutine_umat_fortran,,
Shi2oon/DIC2ABAQUS,851942fa1c388e06a7765ff9392fc16f03d5de27,MIT,permissive,LICENSE (SPDX MIT via the GitHub licence API),OXFORD-UMAT/Example - Residual deformation/UEXTERNALDB.f,9174,,,no_umat_entry,"Fortran, but it declares no SUBROUTINE UMAT",subroutine_umat_fortran,,
Shi2oon/DIC2ABAQUS,851942fa1c388e06a7765ff9392fc16f03d5de27,MIT,permissive,LICENSE (SPDX MIT via the GitHub licence API),OXFORD-UMAT/Example - Residual deformation/backstress.f,4330,,,no_umat_entry,"Fortran, but it declares no SUBROUTINE UMAT",subroutine_umat_fortran,,
Shi2oon/DIC2ABAQUS,851942fa1c388e06a7765ff9392fc16f03d5de27,MIT,permissive,LICENSE (SPDX MIT via the GitHub licence API),OXFORD-UMAT/Example - Residual deformation/cpsolver.f,52997,,,no_umat_entry,"Fortran, but it declares no SUBROUTINE UMAT",subroutine_umat_fortran,,
Shi2oon/DIC2ABAQUS,851942fa1c388e06a7765ff9392fc16f03d5de27,MIT,permissive,LICENSE (SPDX MIT via the GitHub licence API),OXFORD-UMAT/Example - Residual deformation/creep.f,3786,,,no_umat_entry,"Fortran, but it declares no SUBROUTINE UMAT",subroutine_umat_fortran,,
Shi2oon/DIC2ABAQUS,851942fa1c388e06a7765ff9392fc16f03d5de27,MIT,permissive,LICENSE (SPDX MIT via the GitHub licence API),OXFORD-UMAT/Example - Residual deformation/crss.f,9472,,,no_umat_entry,"Fortran, but it declares no SUBROUTINE UMAT",subroutine_umat_fortran,,
Shi2oon/DIC2ABAQUS,851942fa1c388e06a7765ff9392fc16f03d5de27,MIT,permissive,LICENSE (SPDX MIT via the GitHub licence API),OXFORD-UMAT/Example - Residual deformation/errors.f,7912,,,no_umat_entry,"Fortran, but it declares no SUBROUTINE UMAT",subroutine_umat_fortran,,
Shi2oon/DIC2ABAQUS,851942fa1c388e06a7765ff9392fc16f03d5de27,MIT,permissive,LICENSE (SPDX MIT via the GitHub licence API),OXFORD-UMAT/Example - Residual deformation/globalvariables.f,28202,,,no_umat_entry,"Fortran, but it declares no SUBROUTINE UMAT",subroutine_umat_fortran,,
Shi2oon/DIC2ABAQUS,851942fa1c388e06a7765ff9392fc16f03d5de27,MIT,permissive,LICENSE (SPDX MIT via the GitHub licence API),OXFORD-UMAT/Example - Residual deformation/hardening.f,10996,,,no_umat_entry,"Fortran, but it declares no SUBROUTINE UMAT",subroutine_umat_fortran,,
Shi2oon/DIC2ABAQUS,851942fa1c388e06a7765ff9392fc16f03d5de27,MIT,permissive,LICENSE (SPDX MIT via the GitHub licence API),OXFORD-UMAT/Example - Residual deformation/initializations.f,46709,,,no_umat_entry,"Fortran, but it declares no SUBROUTINE UMAT",subroutine_umat_fortran,,
Shi2oon/DIC2ABAQUS,851942fa1c388e06a7765ff9392fc16f03d5de27,MIT,permissive,LICENSE (SPDX MIT via the GitHub licence API),OXFORD-UMAT/Example - Residual deformation/innerloop.f,18669,,,no_umat_entry,"Fortran, but it declares no SUBROUTINE UMAT",subroutine_umat_fortran,,
Shi2oon/DIC2ABAQUS,851942fa1c388e06a7765ff9392fc16f03d5de27,MIT,permissive,LICENSE (SPDX MIT via the GitHub licence API),,0,,,not_examined,stopped after 40 files from this repository; 136 not read,subroutine_umat_fortran,,
TarletonGroup/CrystalPlasticity,,,,no LICENSE file detected by the GitHub API,,0,,,licence_absent,"no licence is declared, so nothing may be redistributed from it; a repository without a LICENSE file is refused, not assumed permissive; recorded and not fetched",subroutine_umat_fortran,,
feltner515/COBRA,,LGPL-2.1,permissive,LICENSE (SPDX LGPL-2.1 via the GitHub licence API),,0,,,licence_incompatible,LGPL-2.1 is outside the set this project may redistribute; recorded and not fetched,subroutine_umat_fortran,,
svn2github/kratos,,,,no LICENSE file detected by the GitHub API,,0,,,licence_absent,"no licence is declared, so nothing may be redistributed from it; a repository without a LICENSE file is refused, not assumed permissive; recorded and not fetched",subroutine_umat_fortran,,
AbnerWater/Calculix-mingw,,,,no LICENSE file detected by the GitHub API,,0,,,licence_absent,"no licence is declared, so nothing may be redistributed from it; a repository without a LICENSE file is refused, not assumed permissive; recorded and not fetched",subroutine_umat_fortran,,
ISCPC/CalculiX-ccx,,,,no LICENSE file detected by the GitHub API,,0,,,licence_absent,"no licence is declared, so nothing may be redistributed from it; a repository without a LICENSE file is refused, not assumed permissive; recorded and not fetched",subroutine_umat_fortran,,
looooo/CalculiX,,,,no LICENSE file detected by the GitHub API,,0,,,licence_absent,"no licence is declared, so nothing may be redistributed from it; a repository without a LICENSE file is refused, not assumed permissive; recorded and not fetched",subroutine_umat_fortran,,
tengzhang48/abaqus_ufl,556dd6627985f1fe2291b58d2cf128ad3d1b1455,MIT,permissive,LICENSE (SPDX MIT via the GitHub licence API),examples/_template/f2py/drive_umat.f90,2167,,,no_umat_entry,"Fortran, but it declares no SUBROUTINE UMAT",subroutine_umat_fortran,,
tengzhang48/abaqus_ufl,556dd6627985f1fe2291b58d2cf128ad3d1b1455,MIT,permissive,LICENSE (SPDX MIT via the GitHub licence API),examples/_template/template_umat.for,61908,eab41052941eb1c23765c40cd224be041cece66b62627cc98ed067f8c92c2b09,9f022abc833dcbb89877d255222b29d87426f21d9d54a5f3819a2b5cc4904a69,already_known,"the same implementation as discovery_cache/tengzhang48__abaqus_ufl/examples/_template/template_umat.for, which this collection already counts",subroutine_umat_fortran,,
tengzhang48/abaqus_ufl,556dd6627985f1fe2291b58d2cf128ad3d1b1455,MIT,permissive,LICENSE (SPDX MIT via the GitHub licence API),examples/neo_hookean_umat/neo_hookean_umat.for,52761,6b9e356f33615cc644b925d21b39a920c68169bf3b553e01cc3814059c9011fe,e2e810249b51bc4aa1140a49407976d17450086f816949bab8f7826363ec2276,already_known,"the same implementation as discovery_cache/tengzhang48__abaqus_ufl/examples/neo_hookean_umat/neo_hookean_umat.for, which this collection already counts",subroutine_umat_fortran,,
tengzhang48/abaqus_ufl,556dd6627985f1fe2291b58d2cf128ad3d1b1455,MIT,permissive,LICENSE (SPDX MIT via the GitHub licence API),examples/ogden_umat/ogden_umat.for,54635,43120c54e4240450527264321c74b08e891ed7466b9cd48ba864629869c0914e,3cd6279d479c69653d065bce7278607595a7173c142e4448ad9772bcb59280fe,already_known,"the same implementation as discovery_cache/tengzhang48__abaqus_ufl/examples/ogden_umat/ogden_umat.for, which this collection already counts",subroutine_umat_fortran,,
tengzhang48/abaqus_ufl,556dd6627985f1fe2291b58d2cf128ad3d1b1455,MIT,permissive,LICENSE (SPDX MIT via the GitHub licence API),examples/small_strain_j2_umat/small_strain_j2.for,64605,90c1730bf9276a22bae2e999231ea41bf5533837d3a6ae00b5bce050c79fd201,d3179169fb9fb7a3103d331da25e9c39bc1f33caf5fb4f319f0ef5ed1fa192cd,already_known,"the same implementation as discovery_cache/tengzhang48__abaqus_ufl/examples/small_strain_j2_umat/small_strain_j2.for, which this collection already counts",subroutine_umat_fortran,,
tengzhang48/abaqus_ufl,556dd6627985f1fe2291b58d2cf128ad3d1b1455,MIT,permissive,LICENSE (SPDX MIT via the GitHub licence API),examples/small_strain_viscoelastic_umat/small_strain_viscoelastic.for,65045,2086dec7ddb297907aebed5fa9162a746d833552ffa4827488b14d8510bf847c,7fd9d826248780f62dda0538aad5fa5b201ae9210b1da39f732884d74be7f733,already_known,"the same implementation as discovery_cache/tengzhang48__abaqus_ufl/examples/small_strain_viscoelastic_umat/small_strain_viscoelastic.for, which this collection already counts",subroutine_umat_fortran,,
tengzhang48/abaqus_ufl,556dd6627985f1fe2291b58d2cf128ad3d1b1455,MIT,permissive,LICENSE (SPDX MIT via the GitHub licence API),tests/test_umat_gen.py,33484,921e8ccf3e692d545b2445f0620172438ea4353b8866a0bfe92bce24a065a350,bb8278645ccb4ac23a965cde03ab13613e4e07d9f34814e08684f696aaa176f7,not_a_source_file,names another language or a solver data format; it can contain the string SUBROUTINE UMAT while writing about Fortran rather than being it. Admitted in error by this run and refused since.,subroutine_umat_fortran,,examples/_template/abaqus/job.inp;examples/scalar_diffusion_uel/abaqus/job.inp;examples/thermo_mechanics_quad8/abaqus/job.inp
tengzhang48/abaqus_ufl,556dd6627985f1fe2291b58d2cf128ad3d1b1455,MIT,permissive,LICENSE (SPDX MIT via the GitHub licence API),abaqus_ufl/generators/templates/cs_linalg.for,10338,,,no_umat_entry,"Fortran, but it declares no SUBROUTINE UMAT",subroutine_umat_fortran,,
tengzhang48/abaqus_ufl,556dd6627985f1fe2291b58d2cf128ad3d1b1455,MIT,permissive,LICENSE (SPDX MIT via the GitHub licence API),abaqus_ufl/generators/templates/cs_tangent_engine.for,8899,,,no_umat_entry,"Fortran, but it declares no SUBROUTINE UMAT",subroutine_umat_fortran,,
tengzhang48/abaqus_ufl,556dd6627985f1fe2291b58d2cf128ad3d1b1455,MIT,permissive,LICENSE (SPDX MIT via the GitHub licence API),abaqus_ufl/generators/templates/edge_quad8.for,3836,,,no_umat_entry,"Fortran, but it declares no SUBROUTINE UMAT",subroutine_umat_fortran,,
tengzhang48/abaqus_ufl,556dd6627985f1fe2291b58d2cf128ad3d1b1455,MIT,permissive,LICENSE (SPDX MIT via the GitHub licence API),abaqus_ufl/generators/templates/face_hex.for,9738,,,no_umat_entry,"Fortran, but it declares no SUBROUTINE UMAT",subroutine_umat_fortran,,
tengzhang48/abaqus_ufl,556dd6627985f1fe2291b58d2cf128ad3d1b1455,MIT,permissive,LICENSE (SPDX MIT via the GitHub licence API),abaqus_ufl/generators/templates/gauss_hex.for,3050,,,no_umat_entry,"Fortran, but it declares no SUBROUTINE UMAT",subroutine_umat_fortran,,
tengzhang48/abaqus_ufl,556dd6627985f1fe2291b58d2cf128ad3d1b1455,MIT,permissive,LICENSE (SPDX MIT via the GitHub licence API),abaqus_ufl/generators/templates/gauss_rules.for,3638,,,no_umat_entry,"Fortran, but it declares no SUBROUTINE UMAT",subroutine_umat_fortran,,
tengzhang48/abaqus_ufl,556dd6627985f1fe2291b58d2cf128ad3d1b1455,MIT,permissive,LICENSE (SPDX MIT via the GitHub licence API),abaqus_ufl/generators/templates/isoparametric.for,6962,,,no_umat_entry,"Fortran, but it declares no SUBROUTINE UMAT",subroutine_umat_fortran,,
tengzhang48/abaqus_ufl,556dd6627985f1fe2291b58d2cf128ad3d1b1455,MIT,permissive,LICENSE (SPDX MIT via the GitHub licence API),abaqus_ufl/generators/templates/shape_hex20.for,6516,,,no_umat_entry,"Fortran, but it declares no SUBROUTINE UMAT",subroutine_umat_fortran,,
tengzhang48/abaqus_ufl,556dd6627985f1fe2291b58d2cf128ad3d1b1455,MIT,permissive,LICENSE (SPDX MIT via the GitHub licence API),abaqus_ufl/generators/templates/shape_hex8.for,2766,,,no_umat_entry,"Fortran, but it declares no SUBROUTINE UMAT",subroutine_umat_fortran,,
tengzhang48/abaqus_ufl,556dd6627985f1fe2291b58d2cf128ad3d1b1455,MIT,permissive,LICENSE (SPDX MIT via the GitHub licence API),abaqus_ufl/generators/templates/shape_quad4.for,1758,,,no_umat_entry,"Fortran, but it declares no SUBROUTINE UMAT",subroutine_umat_fortran,,
tengzhang48/abaqus_ufl,556dd6627985f1fe2291b58d2cf128ad3d1b1455,MIT,permissive,LICENSE (SPDX MIT via the GitHub licence API),abaqus_ufl/generators/templates/shape_quad8.for,6201,,,no_umat_entry,"Fortran, but it declares no SUBROUTINE UMAT",subroutine_umat_fortran,,
tengzhang48/abaqus_ufl,556dd6627985f1fe2291b58d2cf128ad3d1b1455,MIT,permissive,LICENSE (SPDX MIT via the GitHub licence API),abaqus_ufl/generators/templates/shape_tet4.for,3306,,,no_umat_entry,"Fortran, but it declares no SUBROUTINE UMAT",subroutine_umat_fortran,,
tengzhang48/abaqus_ufl,556dd6627985f1fe2291b58d2cf128ad3d1b1455,MIT,permissive,LICENSE (SPDX MIT via the GitHub licence API),abaqus_ufl/generators/templates/tangent_identities.for,7536,,,no_umat_entry,"Fortran, but it declares no SUBROUTINE UMAT",subroutine_umat_fortran,,
tengzhang48/abaqus_ufl,556dd6627985f1fe2291b58d2cf128ad3d1b1455,MIT,permissive,LICENSE (SPDX MIT via the GitHub licence API),abaqus_ufl/generators/templates/tensor_ops.for,43319,,,no_umat_entry,"Fortran, but it declares no SUBROUTINE UMAT",subroutine_umat_fortran,,
tengzhang48/abaqus_ufl,556dd6627985f1fe2291b58d2cf128ad3d1b1455,MIT,permissive,LICENSE (SPDX MIT via the GitHub licence API),examples/neo_hookean_umat/f2py/drive_umat.f90,2167,,,no_umat_entry,"Fortran, but it declares no SUBROUTINE UMAT",subroutine_umat_fortran,,
tengzhang48/abaqus_ufl,556dd6627985f1fe2291b58d2cf128ad3d1b1455,MIT,permissive,LICENSE (SPDX MIT via the GitHub licence API),examples/ogden_umat/f2py/drive_umat.f90,2167,,,no_umat_entry,"Fortran, but it declares no SUBROUTINE UMAT",subroutine_umat_fortran,,
tengzhang48/abaqus_ufl,556dd6627985f1fe2291b58d2cf128ad3d1b1455,MIT,permissive,LICENSE (SPDX MIT via the GitHub licence API),examples/scalar_diffusion_uel/f2py/drive_uel.f90,5915,,,no_umat_entry,"Fortran, but it declares no SUBROUTINE UMAT",subroutine_umat_fortran,,
tengzhang48/abaqus_ufl,556dd6627985f1fe2291b58d2cf128ad3d1b1455,MIT,permissive,LICENSE (SPDX MIT via the GitHub licence API),examples/scalar_diffusion_uel/scalar_diffusion_uel.for,85579,,,no_umat_entry,"Fortran, but it declares no SUBROUTINE UMAT",subroutine_umat_fortran,,
tengzhang48/abaqus_ufl,556dd6627985f1fe2291b58d2cf128ad3d1b1455,MIT,permissive,LICENSE (SPDX MIT via the GitHub licence API),examples/small_strain_j2_umat/f2py/drive_umat.f90,2167,,,no_umat_entry,"Fortran, but it declares no SUBROUTINE UMAT",subroutine_umat_fortran,,
tengzhang48/abaqus_ufl,556dd6627985f1fe2291b58d2cf128ad3d1b1455,MIT,permissive,LICENSE (SPDX MIT via the GitHub licence API),examples/small_strain_viscoelastic_umat/f2py/drive_umat.f90,2167,,,no_umat_entry,"Fortran, but it declares no SUBROUTINE UMAT",subroutine_umat_fortran,,
tengzhang48/abaqus_ufl,556dd6627985f1fe2291b58d2cf128ad3d1b1455,MIT,permissive,LICENSE (SPDX MIT via the GitHub licence API),examples/thermo_mechanics_quad8/f2py/drive_uel.f90,5915,,,no_umat_entry,"Fortran, but it declares no SUBROUTINE UMAT",subroutine_umat_fortran,,
tengzhang48/abaqus_ufl,556dd6627985f1fe2291b58d2cf128ad3d1b1455,MIT,permissive,LICENSE (SPDX MIT via the GitHub licence API),examples/thermo_mechanics_quad8/thermo_mechanics_quad8_uel.for,92153,,,no_umat_entry,"Fortran, but it declares no SUBROUTINE UMAT",subroutine_umat_fortran,,
tengzhang48/abaqus_ufl,556dd6627985f1fe2291b58d2cf128ad3d1b1455,MIT,permissive,LICENSE (SPDX MIT via the GitHub licence API),paper_examples/gel_bilayer/chester_anand_upmu_quad8.for,99350,,,no_umat_entry,"Fortran, but it declares no SUBROUTINE UMAT",subroutine_umat_fortran,,
tengzhang48/abaqus_ufl,556dd6627985f1fe2291b58d2cf128ad3d1b1455,MIT,permissive,LICENSE (SPDX MIT via the GitHub licence API),paper_examples/morphing_hex8/archived_submitted/chester_anand_local_pressure_hex8_pasta.for,79245,,,no_umat_entry,"Fortran, but it declares no SUBROUTINE UMAT",subroutine_umat_fortran,,
tengzhang48/abaqus_ufl,556dd6627985f1fe2291b58d2cf128ad3d1b1455,MIT,permissive,LICENSE (SPDX MIT via the GitHub licence API),paper_examples/morphing_hex8/pressuregel_local_pressure_hex8.for,90626,,,no_umat_entry,"Fortran, but it declares no SUBROUTINE UMAT",subroutine_umat_fortran,,
tengzhang48/abaqus_ufl,556dd6627985f1fe2291b58d2cf128ad3d1b1455,MIT,permissive,LICENSE (SPDX MIT via the GitHub licence API),paper_examples/phasefield_corrosion/archived_submitted/phasefield_corrosion_cui_diag_uel.for,101824,,,no_umat_entry,"Fortran, but it declares no SUBROUTINE UMAT",subroutine_umat_fortran,,
tengzhang48/abaqus_ufl,556dd6627985f1fe2291b58d2cf128ad3d1b1455,MIT,permissive,LICENSE (SPDX MIT via the GitHub licence API),paper_examples/phasefield_corrosion/archived_submitted/phasefield_corrosion_cui_uel.for,111989,,,no_umat_entry,"Fortran, but it declares no SUBROUTINE UMAT",subroutine_umat_fortran,,
tengzhang48/abaqus_ufl,556dd6627985f1fe2291b58d2cf128ad3d1b1455,MIT,permissive,LICENSE (SPDX MIT via the GitHub licence API),paper_examples/phasefield_corrosion/generated/phasefield_corrosion_cui_diag_uel.for,112441,,,no_umat_entry,"Fortran, but it declares no SUBROUTINE UMAT",subroutine_umat_fortran,,
tengzhang48/abaqus_ufl,556dd6627985f1fe2291b58d2cf128ad3d1b1455,MIT,permissive,LICENSE (SPDX MIT via the GitHub licence API),paper_examples/phasefield_corrosion/generated/phasefield_corrosion_cui_uel.for,122500,,,no_umat_entry,"Fortran, but it declares no SUBROUTINE UMAT",subroutine_umat_fortran,,
tengzhang48/abaqus_ufl,556dd6627985f1fe2291b58d2cf128ad3d1b1455,MIT,permissive,LICENSE (SPDX MIT via the GitHub licence API),paper_examples/stabilized_tet4/scovazzi_block_tet4.for,93268,,,no_umat_entry,"Fortran, but it declares no SUBROUTINE UMAT",subroutine_umat_fortran,,
tengzhang48/abaqus_ufl,556dd6627985f1fe2291b58d2cf128ad3d1b1455,MIT,permissive,LICENSE (SPDX MIT via the GitHub licence API),tests/f2py_wrappers/drive_eig33z.f90,1510,,,no_umat_entry,"Fortran, but it declares no SUBROUTINE UMAT",subroutine_umat_fortran,,
tengzhang48/abaqus_ufl,556dd6627985f1fe2291b58d2cf128ad3d1b1455,MIT,permissive,LICENSE (SPDX MIT via the GitHub licence API),tests/f2py_wrappers/drive_umat.f90,2165,,,no_umat_entry,"Fortran, but it declares no SUBROUTINE UMAT",subroutine_umat_fortran,,
SpringNuance/COMSOL-Hydrogen-Diffusion-Simulation,,,,no LICENSE file detected by the GitHub API,,0,,,licence_absent,"no licence is declared, so nothing may be redistributed from it; a repository without a LICENSE file is refused, not assumed permissive; recorded and not fetched",subroutine_umat_fortran,,
earthexploration/cp-modeling,,,,no LICENSE file detected by the GitHub API,,0,,,licence_absent,"no licence is declared, so nothing may be redistributed from it; a repository without a LICENSE file is refused, not assumed permissive; recorded and not fetched",subroutine_umat_fortran,,
jasonanewcoder/abaqus_skills,4737c0ab8d0548e0aa26345c5f7d5ac1a2e5dbc9,MIT,permissive,LICENSE (SPDX MIT via the GitHub licence API),abaqus_subroutine_skills/official_examples/disp/disp_official.f,981,,,no_umat_entry,"Fortran, but it declares no SUBROUTINE UMAT",subroutine_umat_ddsdde,,
jasonanewcoder/abaqus_skills,4737c0ab8d0548e0aa26345c5f7d5ac1a2e5dbc9,MIT,permissive,LICENSE (SPDX MIT via the GitHub licence API),abaqus_subroutine_skills/official_examples/hetval/hetval_official.f,1228,,,no_umat_entry,"Fortran, but it declares no SUBROUTINE UMAT",subroutine_umat_ddsdde,,
jasonanewcoder/abaqus_skills,4737c0ab8d0548e0aa26345c5f7d5ac1a2e5dbc9,MIT,permissive,LICENSE (SPDX MIT via the GitHub licence API),abaqus_subroutine_skills/official_examples/sdvini/sdvini_official.f,941,,,no_umat_entry,"Fortran, but it declares no SUBROUTINE UMAT",subroutine_umat_ddsdde,,
jasonanewcoder/abaqus_skills,4737c0ab8d0548e0aa26345c5f7d5ac1a2e5dbc9,MIT,permissive,LICENSE (SPDX MIT via the GitHub licence API),abaqus_subroutine_skills/official_examples/umat/umat_elastic_official.f,1964,cff8bd9e0f9854a8f3e4f04880408280e74b3a959a924b472e483a4fb5cf9b19,93eb606d5a643dffb25a435e50c2bc77418e0ea26dc676eb429b818ee76d9469,already_known,"the same implementation as discovery_cache/jasonanewcoder__abaqus_skills/abaqus_subroutine_skills/official_examples/umat/umat_elastic_official.f, which this collection already counts",subroutine_umat_ddsdde,,
jasonanewcoder/abaqus_skills,4737c0ab8d0548e0aa26345c5f7d5ac1a2e5dbc9,MIT,permissive,LICENSE (SPDX MIT via the GitHub licence API),abaqus_subroutine_skills/official_examples/umat/umat_mises_plasticity_official.f,5094,c5b47641976964a4f98ff6d842c49136ebc3045cdf358869f554a8aaa8fc2561,53f028befc6bc8301376bff9376d206f6ad36e2d75942a58274ffce7531976d6,already_known,"the same implementation as discovery_cache/jasonanewcoder__abaqus_skills/abaqus_subroutine_skills/official_examples/umat/umat_mises_plasticity_official.f, which this collection already counts",subroutine_umat_ddsdde,,
jasonanewcoder/abaqus_skills,4737c0ab8d0548e0aa26345c5f7d5ac1a2e5dbc9,MIT,permissive,LICENSE (SPDX MIT via the GitHub licence API),abaqus_subroutine_skills/official_examples/vdisp/vdisp_official.f,1499,,,no_umat_entry,"Fortran, but it declares no SUBROUTINE UMAT",subroutine_umat_ddsdde,,
jasonanewcoder/abaqus_skills,4737c0ab8d0548e0aa26345c5f7d5ac1a2e5dbc9,MIT,permissive,LICENSE (SPDX MIT via the GitHub licence API),abaqus_subroutine_skills/official_examples/dload/dload_official.f,955,,,no_umat_entry,"Fortran, but it declares no SUBROUTINE UMAT",subroutine_umat_ddsdde,,
jasonanewcoder/abaqus_skills,4737c0ab8d0548e0aa26345c5f7d5ac1a2e5dbc9,MIT,permissive,LICENSE (SPDX MIT via the GitHub licence API),abaqus_subroutine_skills/official_examples/film/film_official.f,1085,,,no_umat_entry,"Fortran, but it declares no SUBROUTINE UMAT",subroutine_umat_ddsdde,,
jasonanewcoder/abaqus_skills,4737c0ab8d0548e0aa26345c5f7d5ac1a2e5dbc9,MIT,permissive,LICENSE (SPDX MIT via the GitHub licence API),abaqus_subroutine_skills/official_examples/fric/fric_official.f,1313,,,no_umat_entry,"Fortran, but it declares no SUBROUTINE UMAT",subroutine_umat_ddsdde,,
jasonanewcoder/abaqus_skills,4737c0ab8d0548e0aa26345c5f7d5ac1a2e5dbc9,MIT,permissive,LICENSE (SPDX MIT via the GitHub licence API),abaqus_subroutine_skills/official_examples/sigini/sigini_official.f,1164,,,no_umat_entry,"Fortran, but it declares no SUBROUTINE UMAT",subroutine_umat_ddsdde,,
jasonanewcoder/abaqus_skills,4737c0ab8d0548e0aa26345c5f7d5ac1a2e5dbc9,MIT,permissive,LICENSE (SPDX MIT via the GitHub licence API),abaqus_subroutine_skills/official_examples/uel/uel_spring_official.f,2610,,,no_umat_entry,"Fortran, but it declares no SUBROUTINE UMAT",subroutine_umat_ddsdde,,
jasonanewcoder/abaqus_skills,4737c0ab8d0548e0aa26345c5f7d5ac1a2e5dbc9,MIT,permissive,LICENSE (SPDX MIT via the GitHub licence API),abaqus_subroutine_skills/official_examples/usdfld/usdfld_official.f,1117,,,no_umat_entry,"Fortran, but it declares no SUBROUTINE UMAT",subroutine_umat_ddsdde,,
jasonanewcoder/abaqus_skills,4737c0ab8d0548e0aa26345c5f7d5ac1a2e5dbc9,MIT,permissive,LICENSE (SPDX MIT via the GitHub licence API),abaqus_subroutine_skills/official_examples/vdload/vdload_official.f,1278,,,no_umat_entry,"Fortran, but it declares no SUBROUTINE UMAT",subroutine_umat_ddsdde,,
jasonanewcoder/abaqus_skills,4737c0ab8d0548e0aa26345c5f7d5ac1a2e5dbc9,MIT,permissive,LICENSE (SPDX MIT via the GitHub licence API),abaqus_subroutine_skills/official_examples/vric/vric_official.f,1553,,,no_umat_entry,"Fortran, but it declares no SUBROUTINE UMAT",subroutine_umat_ddsdde,,
jasonanewcoder/abaqus_skills,4737c0ab8d0548e0aa26345c5f7d5ac1a2e5dbc9,MIT,permissive,LICENSE (SPDX MIT via the GitHub licence API),abaqus_subroutine_skills/official_examples/vuel/vuel_spring_official.f,2618,,,no_umat_entry,"Fortran, but it declares no SUBROUTINE UMAT",subroutine_umat_ddsdde,,
jasonanewcoder/abaqus_skills,4737c0ab8d0548e0aa26345c5f7d5ac1a2e5dbc9,MIT,permissive,LICENSE (SPDX MIT via the GitHub licence API),abaqus_subroutine_skills/official_examples/vumat/vumat_elastic_official.f,4788,,,no_umat_entry,declares a VUMAT and no UMAT; the explicit interface is out of scope,subroutine_umat_ddsdde,,
jasonanewcoder/abaqus_skills,4737c0ab8d0548e0aa26345c5f7d5ac1a2e5dbc9,MIT,permissive,LICENSE (SPDX MIT via the GitHub licence API),cross_module_examples/dflux_welding/dflux_welding.f,2604,,,no_umat_entry,"Fortran, but it declares no SUBROUTINE UMAT",subroutine_umat_ddsdde,,
ngrilli/Oxford_Crystal_Plasticity,85102ed35dc4592edc5fd4aaec542fa63e7162fd,MIT,permissive,LICENSE (SPDX MIT via the GitHub licence API),ExampleInputFiles/HCPnoTwin/umat.for,13724,0a9ed34e0a6813911002913571401a311bd3d08826ebec0e8169693f76513e1a,5fb2b615c31b0de097c21083c9bbfae5cc52a974c0d538b3ae185c065a51300f,already_known,"the same implementation as discovery_cache/ngrilli__Oxford_Crystal_Plasticity/ExampleInputFiles/HCPnoTwin/umat.for, which this collection already counts",subroutine_umat_fortran,,
ngrilli/Oxford_Crystal_Plasticity,85102ed35dc4592edc5fd4aaec542fa63e7162fd,MIT,permissive,LICENSE (SPDX MIT via the GitHub licence API),UEL.for,29372,,,no_umat_entry,"Fortran, but it declares no SUBROUTINE UMAT",subroutine_umat_fortran,,
ngrilli/Oxford_Crystal_Plasticity,85102ed35dc4592edc5fd4aaec542fa63e7162fd,MIT,permissive,LICENSE (SPDX MIT via the GitHub licence API),kRhoTwinInit.f,4127,,,no_umat_entry,"Fortran, but it declares no SUBROUTINE UMAT",subroutine_umat_fortran,,
ngrilli/Oxford_Crystal_Plasticity,85102ed35dc4592edc5fd4aaec542fa63e7162fd,MIT,permissive,LICENSE (SPDX MIT via the GitHub licence API),kmat.f,32706,,,no_umat_entry,"Fortran, but it declares no SUBROUTINE UMAT",subroutine_umat_fortran,,
ngrilli/Oxford_Crystal_Plasticity,85102ed35dc4592edc5fd4aaec542fa63e7162fd,MIT,permissive,LICENSE (SPDX MIT via the GitHub licence API),uexternaldb.f,916,,,no_umat_entry,"Fortran, but it declares no SUBROUTINE UMAT",subroutine_umat_fortran,,
ngrilli/Oxford_Crystal_Plasticity,85102ed35dc4592edc5fd4aaec542fa63e7162fd,MIT,permissive,LICENSE (SPDX MIT via the GitHub licence API),umat.for,14188,cd7f7c0baa970cde5118ef35a69e4e77f3232cdff47ceed736dc6df33f9adf00,6fbb4c84dfc965bd756284da1d39165c9430e6a876767ef52e4c02a90907837f,already_known,"the same implementation as ngrilli_umat, which this collection already counts",subroutine_umat_fortran,,
ngrilli/Oxford_Crystal_Plasticity,85102ed35dc4592edc5fd4aaec542fa63e7162fd,MIT,permissive,LICENSE (SPDX MIT via the GitHub licence API),utils.f,21237,,,no_umat_entry,"Fortran, but it declares no SUBROUTINE UMAT",subroutine_umat_fortran,,
ngrilli/Oxford_Crystal_Plasticity,85102ed35dc4592edc5fd4aaec542fa63e7162fd,MIT,permissive,LICENSE (SPDX MIT via the GitHub licence API),ExampleInputFiles/DiscreteTwin/CoheleBulkMap.f,36,,,no_umat_entry,"Fortran, but it declares no SUBROUTINE UMAT",subroutine_umat_fortran,,
ngrilli/Oxford_Crystal_Plasticity,85102ed35dc4592edc5fd4aaec542fa63e7162fd,MIT,permissive,LICENSE (SPDX MIT via the GitHub licence API),ExampleInputFiles/DiscreteTwin/kMaterialParam.f,10188,,,no_umat_entry,"Fortran, but it declares no SUBROUTINE UMAT",subroutine_umat_fortran,,
ngrilli/Oxford_Crystal_Plasticity,85102ed35dc4592edc5fd4aaec542fa63e7162fd,MIT,permissive,LICENSE (SPDX MIT via the GitHub licence API),ExampleInputFiles/DiscreteTwin/mycommon.f,1624,,,no_umat_entry,"Fortran, but it declares no SUBROUTINE UMAT",subroutine_umat_fortran,,
ngrilli/Oxford_Crystal_Plasticity,85102ed35dc4592edc5fd4aaec542fa63e7162fd,MIT,permissive,LICENSE (SPDX MIT via the GitHub licence API),ExampleInputFiles/DiscreteTwinFracture/CoheleBulkMap.f,1909804,,,no_umat_entry,"Fortran, but it declares no SUBROUTINE UMAT",subroutine_umat_fortran,,
ngrilli/Oxford_Crystal_Plasticity,85102ed35dc4592edc5fd4aaec542fa63e7162fd,MIT,permissive,LICENSE (SPDX MIT via the GitHub licence API),ExampleInputFiles/DiscreteTwinFracture/kMaterialParam.f,10188,,,no_umat_entry,"Fortran, but it declares no SUBROUTINE UMAT",subroutine_umat_fortran,,
ngrilli/Oxford_Crystal_Plasticity,85102ed35dc4592edc5fd4aaec542fa63e7162fd,MIT,permissive,LICENSE (SPDX MIT via the GitHub licence API),ExampleInputFiles/HCPnoTwin/kMaterialParam.f,10185,,,no_umat_entry,"Fortran, but it declares no SUBROUTINE UMAT",subroutine_umat_fortran,,
ngrilli/Oxford_Crystal_Plasticity,85102ed35dc4592edc5fd4aaec542fa63e7162fd,MIT,permissive,LICENSE (SPDX MIT via the GitHub licence API),ExampleInputFiles/HomogeneousTwin/CoheleBulkMap.f,36,,,no_umat_entry,"Fortran, but it declares no SUBROUTINE UMAT",subroutine_umat_fortran,,
ngrilli/Oxford_Crystal_Plasticity,85102ed35dc4592edc5fd4aaec542fa63e7162fd,MIT,permissive,LICENSE (SPDX MIT via the GitHub licence API),ExampleInputFiles/HomogeneousTwin/kMaterialParam.f,10188,,,no_umat_entry,"Fortran, but it declares no SUBROUTINE UMAT",subroutine_umat_fortran,,
ngrilli/Oxford_Crystal_Plasticity,85102ed35dc4592edc5fd4aaec542fa63e7162fd,MIT,permissive,LICENSE (SPDX MIT via the GitHub licence API),ExampleInputFiles/HomogeneousTwin/kmat.f,31073,,,no_umat_entry,"Fortran, but it declares no SUBROUTINE UMAT",subroutine_umat_fortran,,
ngrilli/Oxford_Crystal_Plasticity,85102ed35dc4592edc5fd4aaec542fa63e7162fd,MIT,permissive,LICENSE (SPDX MIT via the GitHub licence API),ExampleInputFiles/HomogeneousTwin/mycommon.f,1624,,,no_umat_entry,"Fortran, but it declares no SUBROUTINE UMAT",subroutine_umat_fortran,,
ngrilli/Oxford_Crystal_Plasticity,85102ed35dc4592edc5fd4aaec542fa63e7162fd,MIT,permissive,LICENSE (SPDX MIT via the GitHub licence API),InterfaceElementGeneration/PhaseFieldCoupling/CoheleBulkMap.f,805932,,,no_umat_entry,"Fortran, but it declares no SUBROUTINE UMAT",subroutine_umat_fortran,,
ngrilli/Oxford_Crystal_Plasticity,85102ed35dc4592edc5fd4aaec542fa63e7162fd,MIT,permissive,LICENSE (SPDX MIT via the GitHub licence API),NickelSuperalloy.f,6374,,,no_umat_entry,"Fortran, but it declares no SUBROUTINE UMAT",subroutine_umat_fortran,,
ngrilli/Oxford_Crystal_Plasticity,85102ed35dc4592edc5fd4aaec542fa63e7162fd,MIT,permissive,LICENSE (SPDX MIT via the GitHub licence API),kCRSS.f,6226,,,no_umat_entry,"Fortran, but it declares no SUBROUTINE UMAT",subroutine_umat_fortran,,
ngrilli/Oxford_Crystal_Plasticity,85102ed35dc4592edc5fd4aaec542fa63e7162fd,MIT,permissive,LICENSE (SPDX MIT via the GitHub licence API),kHardening.f,5001,,,no_umat_entry,"Fortran, but it declares no SUBROUTINE UMAT",subroutine_umat_fortran,,
ngrilli/Oxford_Crystal_Plasticity,85102ed35dc4592edc5fd4aaec542fa63e7162fd,MIT,permissive,LICENSE (SPDX MIT via the GitHub licence API),kMaterialParam.f,11913,,,no_umat_entry,"Fortran, but it declares no SUBROUTINE UMAT",subroutine_umat_fortran,,
ngrilli/Oxford_Crystal_Plasticity,85102ed35dc4592edc5fd4aaec542fa63e7162fd,MIT,permissive,LICENSE (SPDX MIT via the GitHub licence API),kcurlET.f,5234,,,no_umat_entry,"Fortran, but it declares no SUBROUTINE UMAT",subroutine_umat_fortran,,
ngrilli/Oxford_Crystal_Plasticity,85102ed35dc4592edc5fd4aaec542fa63e7162fd,MIT,permissive,LICENSE (SPDX MIT via the GitHub licence API),kdirns.f,3088,,,no_umat_entry,"Fortran, but it declares no SUBROUTINE UMAT",subroutine_umat_fortran,,
ngrilli/Oxford_Crystal_Plasticity,85102ed35dc4592edc5fd4aaec542fa63e7162fd,MIT,permissive,LICENSE (SPDX MIT via the GitHub licence API),kgndl2ET.f,6664,,,no_umat_entry,"Fortran, but it declares no SUBROUTINE UMAT",subroutine_umat_fortran,,
ngrilli/Oxford_Crystal_Plasticity,85102ed35dc4592edc5fd4aaec542fa63e7162fd,MIT,permissive,LICENSE (SPDX MIT via the GitHub licence API),kshapes.f,6663,,,no_umat_entry,"Fortran, but it declares no SUBROUTINE UMAT",subroutine_umat_fortran,,
ngrilli/Oxford_Crystal_Plasticity,85102ed35dc4592edc5fd4aaec542fa63e7162fd,MIT,permissive,LICENSE (SPDX MIT via the GitHub licence API),kslip0.f,1821,,,no_umat_entry,"Fortran, but it declares no SUBROUTINE UMAT",subroutine_umat_fortran,,
ngrilli/Oxford_Crystal_Plasticity,85102ed35dc4592edc5fd4aaec542fa63e7162fd,MIT,permissive,LICENSE (SPDX MIT via the GitHub licence API),kslip5ET.f,2767,,,no_umat_entry,"Fortran, but it declares no SUBROUTINE UMAT",subroutine_umat_fortran,,
ngrilli/Oxford_Crystal_Plasticity,85102ed35dc4592edc5fd4aaec542fa63e7162fd,MIT,permissive,LICENSE (SPDX MIT via the GitHub licence API),kslip6ET.f,2867,,,no_umat_entry,"Fortran, but it declares no SUBROUTINE UMAT",subroutine_umat_fortran,,
ngrilli/Oxford_Crystal_Plasticity,85102ed35dc4592edc5fd4aaec542fa63e7162fd,MIT,permissive,LICENSE (SPDX MIT via the GitHub licence API),kslipCreepPowerLaw.f,5161,,,no_umat_entry,"Fortran, but it declares no SUBROUTINE UMAT",subroutine_umat_fortran,,
ngrilli/Oxford_Crystal_Plasticity,85102ed35dc4592edc5fd4aaec542fa63e7162fd,MIT,permissive,LICENSE (SPDX MIT via the GitHub licence API),kslipDoubleExponent.f,5438,,,no_umat_entry,"Fortran, but it declares no SUBROUTINE UMAT",subroutine_umat_fortran,,
ngrilli/Oxford_Crystal_Plasticity,85102ed35dc4592edc5fd4aaec542fa63e7162fd,MIT,permissive,LICENSE (SPDX MIT via the GitHub licence API),kslipPowerLaw.f,5579,,,no_umat_entry,"Fortran, but it declares no SUBROUTINE UMAT",subroutine_umat_fortran,,
ngrilli/Oxford_Crystal_Plasticity,85102ed35dc4592edc5fd4aaec542fa63e7162fd,MIT,permissive,LICENSE (SPDX MIT via the GitHub licence API),ksvd.f,1744,,,no_umat_entry,"Fortran, but it declares no SUBROUTINE UMAT",subroutine_umat_fortran,,
ngrilli/Oxford_Crystal_Plasticity,85102ed35dc4592edc5fd4aaec542fa63e7162fd,MIT,permissive,LICENSE (SPDX MIT via the GitHub licence API),ktwinneighbourhood.f,10695,,,no_umat_entry,"Fortran, but it declares no SUBROUTINE UMAT",subroutine_umat_fortran,,
ngrilli/Oxford_Crystal_Plasticity,85102ed35dc4592edc5fd4aaec542fa63e7162fd,MIT,permissive,LICENSE (SPDX MIT via the GitHub licence API),ktwinrot.f,1404,,,no_umat_entry,"Fortran, but it declares no SUBROUTINE UMAT",subroutine_umat_fortran,,
ngrilli/Oxford_Crystal_Plasticity,85102ed35dc4592edc5fd4aaec542fa63e7162fd,MIT,permissive,LICENSE (SPDX MIT via the GitHub licence API),mycommon.f,1629,,,no_umat_entry,"Fortran, but it declares no SUBROUTINE UMAT",subroutine_umat_fortran,,
ngrilli/Oxford_Crystal_Plasticity,85102ed35dc4592edc5fd4aaec542fa63e7162fd,MIT,permissive,LICENSE (SPDX MIT via the GitHub licence API),xDir0ET.f,1065,,,no_umat_entry,"Fortran, but it declares no SUBROUTINE UMAT",subroutine_umat_fortran,,
ngrilli/Oxford_Crystal_Plasticity,85102ed35dc4592edc5fd4aaec542fa63e7162fd,MIT,permissive,LICENSE (SPDX MIT via the GitHub licence API),xDir1.f,1293,,,no_umat_entry,"Fortran, but it declares no SUBROUTINE UMAT",subroutine_umat_fortran,,
ngrilli/Oxford_Crystal_Plasticity,85102ed35dc4592edc5fd4aaec542fa63e7162fd,MIT,permissive,LICENSE (SPDX MIT via the GitHub licence API),xDir2.f,633,,,no_umat_entry,"Fortran, but it declares no SUBROUTINE UMAT",subroutine_umat_fortran,,
ngrilli/Oxford_Crystal_Plasticity,85102ed35dc4592edc5fd4aaec542fa63e7162fd,MIT,permissive,LICENSE (SPDX MIT via the GitHub licence API),xDir2c.f,993,,,no_umat_entry,"Fortran, but it declares no SUBROUTINE UMAT",subroutine_umat_fortran,,
ngrilli/Oxford_Crystal_Plasticity,85102ed35dc4592edc5fd4aaec542fa63e7162fd,MIT,permissive,LICENSE (SPDX MIT via the GitHub licence API),,0,,,not_examined,stopped after 40 files from this repository; 10 not read,subroutine_umat_fortran,,
noberito/ethz,,,,no LICENSE file detected by the GitHub API,,0,,,licence_absent,"no licence is declared, so nothing may be redistributed from it; a repository without a LICENSE file is refused, not assumed permissive; recorded and not fetched",subroutine_umat_fortran,,
starry-phoenix/grainmodel,,,,no LICENSE file detected by the GitHub API,,0,,,licence_absent,"no licence is declared, so nothing may be redistributed from it; a repository without a LICENSE file is refused, not assumed permissive; recorded and not fetched",subroutine_umat_fortran,,
unicfdlab/TwoDaysMeshingCourse,,,,no LICENSE file detected by the GitHub API,,0,,,licence_absent,"no licence is declared, so nothing may be redistributed from it; a repository without a LICENSE file is refused, not assumed permissive; recorded and not fetched",subroutine_umat_fortran,,
Olareanu/ccx-install,,,,no LICENSE file detected by the GitHub API,,0,,,licence_absent,"no licence is declared, so nothing may be redistributed from it; a repository without a LICENSE file is refused, not assumed permissive; recorded and not fetched",subroutine_umat_fortran,,
migueljgoliveira/unified-material-model-driver-for-plasticity,,,,no LICENSE file detected by the GitHub API,,0,,,licence_absent,"no licence is declared, so nothing may be redistributed from it; a repository without a LICENSE file is refused, not assumed permissive; recorded and not fetched",subroutine_umat_fortran,,
sergiolucarini/UMAT4COMSOL,e62506fd842611566bac5b19ae1041b52b40ddc6,MIT,permissive,LICENSE (SPDX MIT via the GitHub licence API),coupled/UMAT4COMSOLfinite.c,17734,,,no_umat_entry,"Fortran, but it declares no SUBROUTINE UMAT",subroutine_umat_fortran,,
sergiolucarini/UMAT4COMSOL,e62506fd842611566bac5b19ae1041b52b40ddc6,MIT,permissive,LICENSE (SPDX MIT via the GitHub licence API),coupled/umat.f,94279,2790661de6f4493d5ed64bf8001fb672230144d03d5d36c2a4e46f7baf0412c5,18ba966c0b49984f6aa2c7b5ed93f92ec615935e3a6da4c187203601059ffec5,already_known,"the same implementation as lucarini_crystalplasticity, which this collection already counts",subroutine_umat_fortran,,
sergiolucarini/UMAT4COMSOL,e62506fd842611566bac5b19ae1041b52b40ddc6,MIT,permissive,LICENSE (SPDX MIT via the GitHub licence API),crystalplasticity/UMAT4COMSOLfinite.c,17734,,,no_umat_entry,"Fortran, but it declares no SUBROUTINE UMAT",subroutine_umat_fortran,,
sergiolucarini/UMAT4COMSOL,e62506fd842611566bac5b19ae1041b52b40ddc6,MIT,permissive,LICENSE (SPDX MIT via the GitHub licence API),neohookean/umat.f,3158,100d0d514d12a70225654eb6a2e3ce20f7aaa791ce1c7012a985754bbdeaa361,56d90c1a85672b1428a7be2d4a3445199488ddae847e660c79e282f6d269e374,already_known,"the same implementation as lucarini_neohookean, which this collection already counts",subroutine_umat_fortran,,
sergiolucarini/UMAT4COMSOL,e62506fd842611566bac5b19ae1041b52b40ddc6,MIT,permissive,LICENSE (SPDX MIT via the GitHub licence API),crystalplasticity/umat.f,94279,2790661de6f4493d5ed64bf8001fb672230144d03d5d36c2a4e46f7baf0412c5,18ba966c0b49984f6aa2c7b5ed93f92ec615935e3a6da4c187203601059ffec5,already_known,"the same implementation as lucarini_crystalplasticity, which this collection already counts",subroutine_umat_fortran,,
sergiolucarini/UMAT4COMSOL,e62506fd842611566bac5b19ae1041b52b40ddc6,MIT,permissive,LICENSE (SPDX MIT via the GitHub licence API),elastoplastic/umat.f,140650,c3b2510f7f2f4dbff225b624f11fd8bb5ca9e2010b3200d035c1ac36a56a7b3d,5be6a09f5c3cb79447c1234aa41d0594f2a711ae16f5181b68023a92335057e9,already_known,"the same implementation as lucarini_elastoplastic, which this collection already counts",subroutine_umat_fortran,,
zagl/ccx-user,,GPL-2.0,permissive,LICENSE (SPDX GPL-2.0 via the GitHub licence API),,0,,,licence_incompatible,GPL-2.0 is outside the set this project may redistribute; recorded and not fetched,subroutine_umat_fortran,,
490990916/umat-mohr,,,,no LICENSE file detected by the GitHub API,,0,,,licence_absent,"no licence is declared, so nothing may be redistributed from it; a repository without a LICENSE file is refused, not assumed permissive; recorded and not fetched",subroutine_umat_fortran,,
WeilinDeng/ABAQUS,,,,no LICENSE file detected by the GitHub API,,0,,,licence_absent,"no licence is declared, so nothing may be redistributed from it; a repository without a LICENSE file is refused, not assumed permissive; recorded and not fetched",subroutine_umat_fortran,,
happyhappysyr/Phase_field_brittle,,,,no LICENSE file detected by the GitHub API,,0,,,licence_absent,"no licence is declared, so nothing may be redistributed from it; a repository without a LICENSE file is refused, not assumed permissive; recorded and not fetched",subroutine_umat_fortran,,
SpringNuance/Abaqus-CPFEM-Workflow,,,,no LICENSE file detected by the GitHub API,,0,,,licence_absent,"no licence is declared, so nothing may be redistributed from it; a repository without a LICENSE file is refused, not assumed permissive; recorded and not fetched",subroutine_umat_fortran,,
dmytrokuksenko/FEA-Portfolio,,,,LICENSE.md present but neither GitHub nor a text match identified a licence,,0,,,licence_absent,"no licence is declared, so nothing may be redistributed from it; a repository without a LICENSE file is refused, not assumed permissive; recorded and not fetched",subroutine_umat_fortran,,
fbosi/ETFENLVEconstitutivemodel,,,,no LICENSE file detected by the GitHub API,,0,,,licence_absent,"no licence is declared, so nothing may be redistributed from it; a repository without a LICENSE file is refused, not assumed permissive; recorded and not fetched",subroutine_umat_fortran,,
parallelworks/CalculiX-PW,,,,no LICENSE file detected by the GitHub API,,0,,,licence_absent,"no licence is declared, so nothing may be redistributed from it; a repository without a LICENSE file is refused, not assumed permissive; recorded and not fetched",subroutine_umat_fortran,,
toruinaba/manforge,b51c663b973e70690edbed48be44c9f806eb7fa0,MIT,permissive,LICENSE (SPDX MIT via the GitHub licence API),archives/fortran_fixed_form/yu_kinematic_3d_abaqus.for,63372,87817461c9ef1bb6c91fdb20c09d5db8b74e03a74a83e11043657719566534bd,ac83a164fbdc569fed88009ff4b250e6c8330c87a2953dcaec381d9c90b347f7,already_known,"the same implementation as discovery_cache/toruinaba__manforge/archives/fortran_fixed_form/yu_kinematic_3d_abaqus.for, which this collection already counts",subroutine_umat_fortran,,
toruinaba/manforge,b51c663b973e70690edbed48be44c9f806eb7fa0,MIT,permissive,LICENSE (SPDX MIT via the GitHub licence API),archives/fortran_fixed_form/yu_kinematic_3d_fixed.for,63733,0c2af03e7b037a43ece3e9bf1bf61da064516eaf83e9355a20e53254acc7eef6,3806cc397888a499296b02d34a331f47649741ff0a1db285ecd358ca7ea39373,already_known,"the same implementation as discovery_cache/toruinaba__manforge/archives/fortran_fixed_form/yu_kinematic_3d_fixed.for, which this collection already counts",subroutine_umat_fortran,,
toruinaba/manforge,b51c663b973e70690edbed48be44c9f806eb7fa0,MIT,permissive,LICENSE (SPDX MIT via the GitHub licence API),fortran/j2_isotropic_3d.f90,14727,daebfc6a63f57c78f4579bec9685ec0844d54abaa8158e9af230f99539d5b8e3,db03bab447331ca2358ab13f5cf49674f5690dc0b34188e1ea7d3886977b49d5,already_known,"the same implementation as discovery_cache/toruinaba__manforge/fortran/j2_isotropic_3d.f90, which this collection already counts",subroutine_umat_fortran,,
toruinaba/manforge,b51c663b973e70690edbed48be44c9f806eb7fa0,MIT,permissive,LICENSE (SPDX MIT via the GitHub licence API),fortran/yu_kinematic_3d.f90,65928,15f5de32bacf301bbea43b6bf5da9b01ee9d0989b2a22a58f5adb34b1cf3068e,c066265330616e1d22f81a6bf16ad82c5dad54f8f1cb0defb3500fe775aebcf2,already_known,"the same implementation as discovery_cache/toruinaba__manforge/fortran/yu_kinematic_3d.f90, which this collection already counts",subroutine_umat_fortran,,
toruinaba/manforge,b51c663b973e70690edbed48be44c9f806eb7fa0,MIT,permissive,LICENSE (SPDX MIT via the GitHub licence API),fortran/yu_kinematic_ps.f90,59102,e82ee02140566747b97e24f8c45af524ed3433e8c5d615daac6529572f59d5bd,8ace400d26f37f318ee22d0890a58146279377513b9e2f45766d4775eb988c0c,already_known,"the same implementation as discovery_cache/toruinaba__manforge/fortran/yu_kinematic_ps.f90, which this collection already counts",subroutine_umat_fortran,,
toruinaba/manforge,b51c663b973e70690edbed48be44c9f806eb7fa0,MIT,permissive,LICENSE (SPDX MIT via the GitHub licence API),benchmarks/umat_timing/yu_3d_bench.f90,12429,,,no_umat_entry,"Fortran, but it declares no SUBROUTINE UMAT",subroutine_umat_fortran,,
toruinaba/manforge,b51c663b973e70690edbed48be44c9f806eb7fa0,MIT,permissive,LICENSE (SPDX MIT via the GitHub licence API),fortran/abaqus_stubs.f90,8592,,,no_umat_entry,"Fortran, but it declares no SUBROUTINE UMAT",subroutine_umat_fortran,,
toruinaba/manforge,b51c663b973e70690edbed48be44c9f806eb7fa0,MIT,permissive,LICENSE (SPDX MIT via the GitHub licence API),fortran/mock_kinematic.f90,1201,,,no_umat_entry,"Fortran, but it declares no SUBROUTINE UMAT",subroutine_umat_fortran,,
toruinaba/manforge,b51c663b973e70690edbed48be44c9f806eb7fa0,MIT,permissive,LICENSE (SPDX MIT via the GitHub licence API),fortran/test_basic.f90,3362,,,no_umat_entry,"Fortran, but it declares no SUBROUTINE UMAT",subroutine_umat_fortran,,
KianAbd/vCANN_FEM,1c1310a0c3ad369ecd913147d80d76d2374bbc2b,MIT,permissive,LICENSE (SPDX MIT via the GitHub licence API),Abaqus/umat.f90,91786,e8dae493c823817f195e81f700562d0bc2b88e3d6ddcfce3f3c2d7e260f68ebb,12ff5ab4c62f9f5f782ff66f454e811ea7c4becd0040e65f0b7b49ac9652001b,already_known,"the same implementation as discovery_cache/KianAbd__vCANN_FEM/Abaqus/umat.f90, which this collection already counts",subroutine_umat_ddsdde,,
KianAbd/vCANN_FEM,1c1310a0c3ad369ecd913147d80d76d2374bbc2b,MIT,permissive,LICENSE (SPDX MIT via the GitHub licence API),Abaqus/umat_vCANN.f90,140693,18b2dd0ffd81adb4da4b67cb5f748e092079a93795b0c1c95d8ecc595f0e3517,16e2441d8ae37bc597446dc540f04ac75bf7b5c071bd86f498dafd0a1acfeb8e,already_known,"the same implementation as discovery_cache/KianAbd__vCANN_FEM/Abaqus/umat_vCANN.f90, which this collection already counts",subroutine_umat_ddsdde,,
KianAbd/vCANN_FEM,1c1310a0c3ad369ecd913147d80d76d2374bbc2b,MIT,permissive,LICENSE (SPDX MIT via the GitHub licence API),Abaqus/umat_vCANN.for,122017,289105af3af5b0e9a7b914be9119399d533f4575489b89968fd6168de16bd990,8e68af1a139a4cbb7afb214b731ef487fe0da0aa49608406863059fd342aa7e9,already_known,"the same implementation as discovery_cache/KianAbd__vCANN_FEM/Abaqus/umat_vCANN.for, which this collection already counts",subroutine_umat_ddsdde,,
KianAbd/vCANN_FEM,1c1310a0c3ad369ecd913147d80d76d2374bbc2b,MIT,permissive,LICENSE (SPDX MIT via the GitHub licence API),TensorFlow/Results_Liao_Thermo/20260601-103627/UMAT/umat_vCANN.for,140693,18b2dd0ffd81adb4da4b67cb5f748e092079a93795b0c1c95d8ecc595f0e3517,9930927e07db4a9b507d1ecd9cdf7fdc0c53b9588c8187d8dbee737b5dc9e126,already_known,"the same implementation as discovery_cache/KianAbd__vCANN_FEM/TensorFlow/Results_Liao_Thermo/20260601-103627/UMAT/umat_vCANN.for, which this collection already counts",subroutine_umat_ddsdde,,
KianAbd/vCANN_FEM,1c1310a0c3ad369ecd913147d80d76d2374bbc2b,MIT,permissive,LICENSE (SPDX MIT via the GitHub licence API),Abaqus/FFNN_derivatives.f90,25078,,,no_umat_entry,"Fortran, but it declares no SUBROUTINE UMAT",subroutine_umat_ddsdde,,
KianAbd/vCANN_FEM,1c1310a0c3ad369ecd913147d80d76d2374bbc2b,MIT,permissive,LICENSE (SPDX MIT via the GitHub licence API),Abaqus/precision.f90,134,,,no_umat_entry,"Fortran, but it declares no SUBROUTINE UMAT",subroutine_umat_ddsdde,,
KianAbd/vCANN_FEM,1c1310a0c3ad369ecd913147d80d76d2374bbc2b,MIT,permissive,LICENSE (SPDX MIT via the GitHub licence API),Abaqus/umat_statev_utils.f90,3340,,,no_umat_entry,"Fortran, but it declares no SUBROUTINE UMAT",subroutine_umat_ddsdde,,
KianAbd/vCANN_FEM,1c1310a0c3ad369ecd913147d80d76d2374bbc2b,MIT,permissive,LICENSE (SPDX MIT via the GitHub licence API),TensorFlow/hessian_and_third_derivative.f90,14604,,,no_umat_entry,"Fortran, but it declares no SUBROUTINE UMAT",subroutine_umat_ddsdde,,
KianAbd/vCANN_FEM,1c1310a0c3ad369ecd913147d80d76d2374bbc2b,MIT,permissive,LICENSE (SPDX MIT via the GitHub licence API),TensorFlow/hessian_and_third_derivative_real_weights.f90,15092,,,no_umat_entry,"Fortran, but it declares no SUBROUTINE UMAT",subroutine_umat_ddsdde,,
Worlthen/20220314-abqus-simulation,f16335015561428046ea4e21f71827382894b2e8,MIT,permissive,LICENSE (SPDX MIT via the GitHub licence API),abaqus/enhanced/enhanced_curing.for,9651,6f0ff5e8b246f8c508cb2924b69e99c7fa290b0c745a9679be4aa145811b7be9,124762a4217558b2d7e4e7695db10318404ab366f8c70e263e547698ae6f73de,already_known,"the same implementation as discovery_cache/Worlthen__20220314-abqus-simulation/abaqus/enhanced/enhanced_curing.for, which this collection already counts",subroutine_umat_fortran,,
Worlthen/20220314-abqus-simulation,f16335015561428046ea4e21f71827382894b2e8,MIT,permissive,LICENSE (SPDX MIT via the GitHub licence API),abaqus/original/array_with_two_pixel_z.for,19885,50d78aea07a0cb547e96cd498117c32c1bcc4b765e80aa5258df35ceb4a29c9f,0e48ebdf5d423feac08dcca0e5e1aefe30a241b2961826d0e4e9a0e5158e9869,already_known,"the same implementation as discovery_cache/Worlthen__20220314-abqus-simulation/abaqus/original/array_with_two_pixel_z.for, which this collection already counts",subroutine_umat_fortran,,
Worlthen/20220314-abqus-simulation,f16335015561428046ea4e21f71827382894b2e8,MIT,permissive,LICENSE (SPDX MIT via the GitHub licence API),abaqus/simplified/simplified_curing.for,6831,58c0a242cad10028ec0addcfd8b28e3372bd1067acf00e3c60a2cb2cce9cdcbf,6c45c95aee0cc7a368b49e98b7c7121f5cb0b8cff52d95d36fce0b6036aab8bf,already_known,"the same implementation as discovery_cache/Worlthen__20220314-abqus-simulation/abaqus/simplified/simplified_curing.for, which this collection already counts",subroutine_umat_fortran,,
bobmel/CalculiX,,,,no LICENSE file detected by the GitHub API,,0,,,licence_absent,"no licence is declared, so nothing may be redistributed from it; a repository without a LICENSE file is refused, not assumed permissive; recorded and not fetched",subroutine_umat_fortran,,
chihsuan/search-engine,,,,no LICENSE file detected by the GitHub API,,0,,,licence_absent,"no licence is declared, so nothing may be redistributed from it; a repository without a LICENSE file is refused, not assumed permissive; recorded and not fetched",subroutine_umat_ddsdde,,
faisal-bhuiyan/Physics-based-composite-progressive-failure,,,,no LICENSE file detected by the GitHub API,,0,,,licence_absent,"no licence is declared, so nothing may be redistributed from it; a repository without a LICENSE file is refused, not assumed permissive; recorded and not fetched",subroutine_umat_fortran,,
flaviomamede/FurnasDinamica,,,,no LICENSE file detected by the GitHub API,,0,,,licence_absent,"no licence is declared, so nothing may be redistributed from it; a repository without a LICENSE file is refused, not assumed permissive; recorded and not fetched",subroutine_umat_fortran,,
gustafson/CalculiX,,,,no LICENSE file detected by the GitHub API,,0,,,licence_absent,"no licence is declared, so nothing may be redistributed from it; a repository without a LICENSE file is refused, not assumed permissive; recorded and not fetched",subroutine_umat_fortran,,
makkemal/NGIMASEM,d760d948a1215248a6d2ea8459e2db2505ce482d,GPL-3.0,copyleft,license.md (SPDX GPL-3.0 via the GitHub licence API),MainCalculiXProgram.model,9858,28e6e2ccc87d0aed60dd596b7eafb84dda590e357152c4e257c2ace660a14afb,d56441a0fb7aa937db5569ac0f205731ea3438982740d5a5f386138ebe7ac03e,not_a_source_file,names another language or a solver data format; it can contain the string SUBROUTINE UMAT while writing about Fortran rather than being it. Admitted in error by this run and refused since.,subroutine_umat_fortran,,
makkemal/NGIMASEM,d760d948a1215248a6d2ea8459e2db2505ce482d,GPL-3.0,copyleft,license.md (SPDX GPL-3.0 via the GitHub licence API),ccx_2.14src/src/umat_abaqusnl.f,21054,,,no_umat_entry,"Fortran, but it declares no SUBROUTINE UMAT",subroutine_umat_fortran,,
makkemal/NGIMASEM,d760d948a1215248a6d2ea8459e2db2505ce482d,GPL-3.0,copyleft,license.md (SPDX GPL-3.0 via the GitHub licence API),ccx_2.14src/src/umat_compression_only.f,17180,,,no_umat_entry,"Fortran, but it declares no SUBROUTINE UMAT",subroutine_umat_fortran,,
makkemal/NGIMASEM,d760d948a1215248a6d2ea8459e2db2505ce482d,GPL-3.0,copyleft,license.md (SPDX GPL-3.0 via the GitHub licence API),ccx_2.14src/src/umat_ideal_gas.f,8318,,,no_umat_entry,"Fortran, but it declares no SUBROUTINE UMAT",subroutine_umat_fortran,,
makkemal/NGIMASEM,d760d948a1215248a6d2ea8459e2db2505ce482d,GPL-3.0,copyleft,license.md (SPDX GPL-3.0 via the GitHub licence API),ccx_2.14src/src/umat_main.f,8233,,,no_umat_entry,"Fortran, but it declares no SUBROUTINE UMAT",subroutine_umat_fortran,,
makkemal/NGIMASEM,d760d948a1215248a6d2ea8459e2db2505ce482d,GPL-3.0,copyleft,license.md (SPDX GPL-3.0 via the GitHub licence API),ccx_2.14src/src/umat_undo_nlgeom_lin_iso_el.f,11345,,,no_umat_entry,"Fortran, but it declares no SUBROUTINE UMAT",subroutine_umat_fortran,,
makkemal/NGIMASEM,d760d948a1215248a6d2ea8459e2db2505ce482d,GPL-3.0,copyleft,license.md (SPDX GPL-3.0 via the GitHub licence API),ccx_2.14src/src/umatht.f,5417,,,no_umat_entry,"Fortran, but it declares no SUBROUTINE UMAT",subroutine_umat_fortran,,
makkemal/NGIMASEM,d760d948a1215248a6d2ea8459e2db2505ce482d,GPL-3.0,copyleft,license.md (SPDX GPL-3.0 via the GitHub licence API),ccx_2.14src/src/absolute_relative.f,8953,,,no_umat_entry,"Fortran, but it declares no SUBROUTINE UMAT",subroutine_umat_fortran,,
makkemal/NGIMASEM,d760d948a1215248a6d2ea8459e2db2505ce482d,GPL-3.0,copyleft,license.md (SPDX GPL-3.0 via the GitHub licence API),ccx_2.14src/src/acctube.f,1865,,,no_umat_entry,"Fortran, but it declares no SUBROUTINE UMAT",subroutine_umat_fortran,,
makkemal/NGIMASEM,d760d948a1215248a6d2ea8459e2db2505ce482d,GPL-3.0,copyleft,license.md (SPDX GPL-3.0 via the GitHub licence API),ccx_2.14src/src/acctube_one.f,1891,,,no_umat_entry,"Fortran, but it declares no SUBROUTINE UMAT",subroutine_umat_fortran,,
makkemal/NGIMASEM,d760d948a1215248a6d2ea8459e2db2505ce482d,GPL-3.0,copyleft,license.md (SPDX GPL-3.0 via the GitHub licence API),ccx_2.14src/src/actideacti.f,1898,,,no_umat_entry,"Fortran, but it declares no SUBROUTINE UMAT",subroutine_umat_fortran,,
makkemal/NGIMASEM,d760d948a1215248a6d2ea8459e2db2505ce482d,GPL-3.0,copyleft,license.md (SPDX GPL-3.0 via the GitHub licence API),ccx_2.14src/src/actideactistr.f,3712,,,no_umat_entry,"Fortran, but it declares no SUBROUTINE UMAT",subroutine_umat_fortran,,
makkemal/NGIMASEM,d760d948a1215248a6d2ea8459e2db2505ce482d,GPL-3.0,copyleft,license.md (SPDX GPL-3.0 via the GitHub licence API),ccx_2.14src/src/adaptconnectivity.f,2693,,,no_umat_entry,"Fortran, but it declares no SUBROUTINE UMAT",subroutine_umat_fortran,,
makkemal/NGIMASEM,d760d948a1215248a6d2ea8459e2db2505ce482d,GPL-3.0,copyleft,license.md (SPDX GPL-3.0 via the GitHub licence API),ccx_2.14src/src/add_bo_st.f,1483,,,no_umat_entry,"Fortran, but it declares no SUBROUTINE UMAT",subroutine_umat_fortran,,
makkemal/NGIMASEM,d760d948a1215248a6d2ea8459e2db2505ce482d,GPL-3.0,copyleft,license.md (SPDX GPL-3.0 via the GitHub licence API),ccx_2.14src/src/add_sm_ei.f,2101,,,no_umat_entry,"Fortran, but it declares no SUBROUTINE UMAT",subroutine_umat_fortran,,
makkemal/NGIMASEM,d760d948a1215248a6d2ea8459e2db2505ce482d,GPL-3.0,copyleft,license.md (SPDX GPL-3.0 via the GitHub licence API),ccx_2.14src/src/add_sm_fl.f,1536,,,no_umat_entry,"Fortran, but it declares no SUBROUTINE UMAT",subroutine_umat_fortran,,
makkemal/NGIMASEM,d760d948a1215248a6d2ea8459e2db2505ce482d,GPL-3.0,copyleft,license.md (SPDX GPL-3.0 via the GitHub licence API),ccx_2.14src/src/add_sm_fl_as.f,1816,,,no_umat_entry,"Fortran, but it declares no SUBROUTINE UMAT",subroutine_umat_fortran,,
makkemal/NGIMASEM,d760d948a1215248a6d2ea8459e2db2505ce482d,GPL-3.0,copyleft,license.md (SPDX GPL-3.0 via the GitHub licence API),ccx_2.14src/src/add_sm_st.f,1733,,,no_umat_entry,"Fortran, but it declares no SUBROUTINE UMAT",subroutine_umat_fortran,,
makkemal/NGIMASEM,d760d948a1215248a6d2ea8459e2db2505ce482d,GPL-3.0,copyleft,license.md (SPDX GPL-3.0 via the GitHub licence API),ccx_2.14src/src/add_sm_st_as.f,1763,,,no_umat_entry,"Fortran, but it declares no SUBROUTINE UMAT",subroutine_umat_fortran,,
makkemal/NGIMASEM,d760d948a1215248a6d2ea8459e2db2505ce482d,GPL-3.0,copyleft,license.md (SPDX GPL-3.0 via the GitHub licence API),ccx_2.14src/src/add_sm_st_corio.f,1861,,,no_umat_entry,"Fortran, but it declares no SUBROUTINE UMAT",subroutine_umat_fortran,,
makkemal/NGIMASEM,d760d948a1215248a6d2ea8459e2db2505ce482d,GPL-3.0,copyleft,license.md (SPDX GPL-3.0 via the GitHub licence API),ccx_2.14src/src/addimd.f,1336,,,no_umat_entry,"Fortran, but it declares no SUBROUTINE UMAT",subroutine_umat_fortran,,
makkemal/NGIMASEM,d760d948a1215248a6d2ea8459e2db2505ce482d,GPL-3.0,copyleft,license.md (SPDX GPL-3.0 via the GitHub licence API),ccx_2.14src/src/addimdnodecload.f,2336,,,no_umat_entry,"Fortran, but it declares no SUBROUTINE UMAT",subroutine_umat_fortran,,
makkemal/NGIMASEM,d760d948a1215248a6d2ea8459e2db2505ce482d,GPL-3.0,copyleft,license.md (SPDX GPL-3.0 via the GitHub licence API),ccx_2.14src/src/addimdnodedload.f,5790,,,no_umat_entry,"Fortran, but it declares no SUBROUTINE UMAT",subroutine_umat_fortran,,
makkemal/NGIMASEM,d760d948a1215248a6d2ea8459e2db2505ce482d,GPL-3.0,copyleft,license.md (SPDX GPL-3.0 via the GitHub licence API),ccx_2.14src/src/addimdnodedof.f,2588,,,no_umat_entry,"Fortran, but it declares no SUBROUTINE UMAT",subroutine_umat_fortran,,
makkemal/NGIMASEM,d760d948a1215248a6d2ea8459e2db2505ce482d,GPL-3.0,copyleft,license.md (SPDX GPL-3.0 via the GitHub licence API),ccx_2.14src/src/addizdofcload.f,2209,,,no_umat_entry,"Fortran, but it declares no SUBROUTINE UMAT",subroutine_umat_fortran,,
makkemal/NGIMASEM,d760d948a1215248a6d2ea8459e2db2505ce482d,GPL-3.0,copyleft,license.md (SPDX GPL-3.0 via the GitHub licence API),ccx_2.14src/src/addizdofdload.f,4876,,,no_umat_entry,"Fortran, but it declares no SUBROUTINE UMAT",subroutine_umat_fortran,,
makkemal/NGIMASEM,d760d948a1215248a6d2ea8459e2db2505ce482d,GPL-3.0,copyleft,license.md (SPDX GPL-3.0 via the GitHub licence API),ccx_2.14src/src/adjustcontactnodes.f,11054,,,no_umat_entry,"Fortran, but it declares no SUBROUTINE UMAT",subroutine_umat_fortran,,
makkemal/NGIMASEM,d760d948a1215248a6d2ea8459e2db2505ce482d,GPL-3.0,copyleft,license.md (SPDX GPL-3.0 via the GitHub licence API),ccx_2.14src/src/advecforc.f,7481,,,no_umat_entry,"Fortran, but it declares no SUBROUTINE UMAT",subroutine_umat_fortran,,
makkemal/NGIMASEM,d760d948a1215248a6d2ea8459e2db2505ce482d,GPL-3.0,copyleft,license.md (SPDX GPL-3.0 via the GitHub licence API),ccx_2.14src/src/advecstiff.f,7380,,,no_umat_entry,"Fortran, but it declares no SUBROUTINE UMAT",subroutine_umat_fortran,,
makkemal/NGIMASEM,d760d948a1215248a6d2ea8459e2db2505ce482d,GPL-3.0,copyleft,license.md (SPDX GPL-3.0 via the GitHub licence API),ccx_2.14src/src/allocation.f,92206,,,no_umat_entry,"Fortran, but it declares no SUBROUTINE UMAT",subroutine_umat_fortran,,
makkemal/NGIMASEM,d760d948a1215248a6d2ea8459e2db2505ce482d,GPL-3.0,copyleft,license.md (SPDX GPL-3.0 via the GitHub licence API),ccx_2.14src/src/allocont.f,7561,,,no_umat_entry,"Fortran, but it declares no SUBROUTINE UMAT",subroutine_umat_fortran,,
makkemal/NGIMASEM,d760d948a1215248a6d2ea8459e2db2505ce482d,GPL-3.0,copyleft,license.md (SPDX GPL-3.0 via the GitHub licence API),ccx_2.14src/src/amplitudes.f,5444,,,no_umat_entry,"Fortran, but it declares no SUBROUTINE UMAT",subroutine_umat_fortran,,
makkemal/NGIMASEM,d760d948a1215248a6d2ea8459e2db2505ce482d,GPL-3.0,copyleft,license.md (SPDX GPL-3.0 via the GitHub licence API),ccx_2.14src/src/angsum.f,4101,,,no_umat_entry,"Fortran, but it declares no SUBROUTINE UMAT",subroutine_umat_fortran,,
makkemal/NGIMASEM,d760d948a1215248a6d2ea8459e2db2505ce482d,GPL-3.0,copyleft,license.md (SPDX GPL-3.0 via the GitHub licence API),ccx_2.14src/src/anisomaxwavspd.f,4769,,,no_umat_entry,"Fortran, but it declares no SUBROUTINE UMAT",subroutine_umat_fortran,,
makkemal/NGIMASEM,d760d948a1215248a6d2ea8459e2db2505ce482d,GPL-3.0,copyleft,license.md (SPDX GPL-3.0 via the GitHub licence API),ccx_2.14src/src/anisonl.f,28575,,,no_umat_entry,"Fortran, but it declares no SUBROUTINE UMAT",subroutine_umat_fortran,,
makkemal/NGIMASEM,d760d948a1215248a6d2ea8459e2db2505ce482d,GPL-3.0,copyleft,license.md (SPDX GPL-3.0 via the GitHub licence API),ccx_2.14src/src/anisotropic.f,3705,,,no_umat_entry,"Fortran, but it declares no SUBROUTINE UMAT",subroutine_umat_fortran,,
makkemal/NGIMASEM,d760d948a1215248a6d2ea8459e2db2505ce482d,GPL-3.0,copyleft,license.md (SPDX GPL-3.0 via the GitHub licence API),ccx_2.14src/src/applyboun.f,9809,,,no_umat_entry,"Fortran, but it declares no SUBROUTINE UMAT",subroutine_umat_fortran,,
makkemal/NGIMASEM,d760d948a1215248a6d2ea8459e2db2505ce482d,GPL-3.0,copyleft,license.md (SPDX GPL-3.0 via the GitHub licence API),ccx_2.14src/src/applympc.f,3466,,,no_umat_entry,"Fortran, but it declares no SUBROUTINE UMAT",subroutine_umat_fortran,,
makkemal/NGIMASEM,d760d948a1215248a6d2ea8459e2db2505ce482d,GPL-3.0,copyleft,license.md (SPDX GPL-3.0 via the GitHub licence API),ccx_2.14src/src/applympc_hfa.f,2377,,,no_umat_entry,"Fortran, but it declares no SUBROUTINE UMAT",subroutine_umat_fortran,,
makkemal/NGIMASEM,d760d948a1215248a6d2ea8459e2db2505ce482d,GPL-3.0,copyleft,license.md (SPDX GPL-3.0 via the GitHub licence API),ccx_2.14src/src/approxplane.f,3402,,,no_umat_entry,"Fortran, but it declares no SUBROUTINE UMAT",subroutine_umat_fortran,,
makkemal/NGIMASEM,d760d948a1215248a6d2ea8459e2db2505ce482d,GPL-3.0,copyleft,license.md (SPDX GPL-3.0 via the GitHub licence API),,0,,,not_examined,stopped after 40 files from this repository; 771 not read,subroutine_umat_fortran,,
vikrambalaji95/UMAT-Files,,,,no LICENSE file detected by the GitHub API,,0,,,licence_absent,"no licence is declared, so nothing may be redistributed from it; a repository without a LICENSE file is refused, not assumed permissive; recorded and not fetched",subroutine_umat_fortran,,
LallyLabTCD/localBasisAbaqus,eaaaa39ea8c2fd5748372ae1410357aee6f40e8d,MIT,permissive,LICENSE (SPDX MIT via the GitHub licence API),Case studies/kCTM.for,4346,,,no_umat_entry,"Fortran, but it declares no SUBROUTINE UMAT",subroutine_umat_fortran,,
LallyLabTCD/localBasisAbaqus,eaaaa39ea8c2fd5748372ae1410357aee6f40e8d,MIT,permissive,LICENSE (SPDX MIT via the GitHub licence API),Case studies/umat_MA_global.for,4750,68c6f1da970989aaaea1383bab4f9877f7bfd7810d71ae56539e8c8d4f3e93e0,78adadc8c69e37801e5a428afe6e6f92d6cd7644b55ab05e7c60137304699c51,already_known,"the same implementation as discovery_cache/LallyLabTCD__localBasisAbaqus/Case studies/umat_MA_global.for, which this collection already counts",subroutine_umat_fortran,,
LallyLabTCD/localBasisAbaqus,eaaaa39ea8c2fd5748372ae1410357aee6f40e8d,MIT,permissive,LICENSE (SPDX MIT via the GitHub licence API),Case studies/umat_MA_local.for,6077,1f1ff71b64aa7eb7ce156660e78975c72c502f83ed2585fa27aed0c38ddd24e7,9799db392bb2ed31fa085c3002939f29ebbaa7adf1a341de6e0ef817b9836335,already_known,"the same implementation as discovery_cache/LallyLabTCD__localBasisAbaqus/Case studies/umat_MA_local.for, which this collection already counts",subroutine_umat_fortran,,
LallyLabTCD/localBasisAbaqus,eaaaa39ea8c2fd5748372ae1410357aee6f40e8d,MIT,permissive,LICENSE (SPDX MIT via the GitHub licence API),Lesson C - fibre reinforced anistropic models/Abaqus/umat_MA_global.for,4591,0e4021910cba515eaa0555a168111262f21a1e45dc8b28ffc354aa077e57eecc,cb26cf6c2eb1e1c8a9113894b58d28905c814c3e16a9bca43e14bfd2101ad933,already_known,"the same implementation as discovery_cache/LallyLabTCD__localBasisAbaqus/Lesson C - fibre reinforced anistropic models/Abaqus/umat_MA_global.for, which this collection already counts",subroutine_umat_fortran,,
LallyLabTCD/localBasisAbaqus,eaaaa39ea8c2fd5748372ae1410357aee6f40e8d,MIT,permissive,LICENSE (SPDX MIT via the GitHub licence API),Case studies/kpolarDecomp.for,4234,,,no_umat_entry,"Fortran, but it declares no SUBROUTINE UMAT",subroutine_umat_fortran,,
LallyLabTCD/localBasisAbaqus,eaaaa39ea8c2fd5748372ae1410357aee6f40e8d,MIT,permissive,LICENSE (SPDX MIT via the GitHub licence API),Case studies/kstress_calc.for,5365,,,no_umat_entry,"Fortran, but it declares no SUBROUTINE UMAT",subroutine_umat_fortran,,
LallyLabTCD/localBasisAbaqus,eaaaa39ea8c2fd5748372ae1410357aee6f40e8d,MIT,permissive,LICENSE (SPDX MIT via the GitHub licence API),Case studies/utilities.for,3772,,,no_umat_entry,"Fortran, but it declares no SUBROUTINE UMAT",subroutine_umat_fortran,,
LallyLabTCD/localBasisAbaqus,eaaaa39ea8c2fd5748372ae1410357aee6f40e8d,MIT,permissive,LICENSE (SPDX MIT via the GitHub licence API),Lesson C - fibre reinforced anistropic models/Abaqus/kCTM.for,4346,,,no_umat_entry,"Fortran, but it declares no SUBROUTINE UMAT",subroutine_umat_fortran,,
LallyLabTCD/localBasisAbaqus,eaaaa39ea8c2fd5748372ae1410357aee6f40e8d,MIT,permissive,LICENSE (SPDX MIT via the GitHub licence API),Lesson C - fibre reinforced anistropic models/Abaqus/kpolarDecomp.for,4234,,,no_umat_entry,"Fortran, but it declares no SUBROUTINE UMAT",subroutine_umat_fortran,,
LallyLabTCD/localBasisAbaqus,eaaaa39ea8c2fd5748372ae1410357aee6f40e8d,MIT,permissive,LICENSE (SPDX MIT via the GitHub licence API),Lesson C - fibre reinforced anistropic models/Abaqus/kstress_calc.for,5365,,,no_umat_entry,"Fortran, but it declares no SUBROUTINE UMAT",subroutine_umat_fortran,,
LallyLabTCD/localBasisAbaqus,eaaaa39ea8c2fd5748372ae1410357aee6f40e8d,MIT,permissive,LICENSE (SPDX MIT via the GitHub licence API),Lesson C - fibre reinforced anistropic models/Abaqus/umat_MA_local.for,5902,c343ef19fe8d08eae014e8036060eb5c649252be52443675925c675f0ed75516,195c6e035fde91fe1c2b48d5487002e631aa50e3df45705b275ee7cabf11a84a,already_known,"the same implementation as discovery_cache/LallyLabTCD__localBasisAbaqus/Lesson C - fibre reinforced anistropic models/Abaqus/umat_MA_local.for, which this collection already counts",subroutine_umat_fortran,,
LallyLabTCD/localBasisAbaqus,eaaaa39ea8c2fd5748372ae1410357aee6f40e8d,MIT,permissive,LICENSE (SPDX MIT via the GitHub licence API),Lesson C - fibre reinforced anistropic models/Abaqus/utilities.for,3772,,,no_umat_entry,"Fortran, but it declares no SUBROUTINE UMAT",subroutine_umat_fortran,,
gustafson/CalculiXarchive,,,,no LICENSE file detected by the GitHub API,,0,,,licence_absent,"no licence is declared, so nothing may be redistributed from it; a repository without a LICENSE file is refused, not assumed permissive; recorded and not fetched",subroutine_umat_fortran,,
prateekr9SF/Large-Scale-Topology-Optimization,,,,no LICENSE file detected by the GitHub API,,0,,,licence_absent,"no licence is declared, so nothing may be redistributed from it; a repository without a LICENSE file is refused, not assumed permissive; recorded and not fetched",subroutine_umat_fortran,,
tin7/TestUmar-CodeAster-Gdef,,,,no LICENSE file detected by the GitHub API,,0,,,licence_absent,"no licence is declared, so nothing may be redistributed from it; a repository without a LICENSE file is refused, not assumed permissive; recorded and not fetched",subroutine_umat_ddsdde,,
Jeff97/inverse-design-HME-plate,5a407f05c7789ed03d9a5b06280e2a5dbee865a7,Apache-2.0,permissive,LICENSE (SPDX Apache-2.0 via the GitHub licence API),Benchmark-Epsilon-Th004/UEL-HardMagneto-FM-Q2.for,58494,,,no_umat_entry,"Fortran, but it declares no SUBROUTINE UMAT",aba_param_include,,
Jeff97/inverse-design-HME-plate,5a407f05c7789ed03d9a5b06280e2a5dbee865a7,Apache-2.0,permissive,LICENSE (SPDX Apache-2.0 via the GitHub licence API),Experiment/UEL-HardMagneto-FM-Q2-LetterC.for,58685,,,no_umat_entry,"Fortran, but it declares no SUBROUTINE UMAT",aba_param_include,,
Jeff97/inverse-design-HME-plate,5a407f05c7789ed03d9a5b06280e2a5dbee865a7,Apache-2.0,permissive,LICENSE (SPDX Apache-2.0 via the GitHub licence API),Experiment/UEL-HardMagneto-FM-Q2-LetterT.for,59523,,,no_umat_entry,"Fortran, but it declares no SUBROUTINE UMAT",aba_param_include,,
Jeff97/inverse-design-HME-plate,5a407f05c7789ed03d9a5b06280e2a5dbee865a7,Apache-2.0,permissive,LICENSE (SPDX Apache-2.0 via the GitHub licence API),Experiment/UEL-HardMagneto-FM-Q2-LetterU.for,58912,,,no_umat_entry,"Fortran, but it declares no SUBROUTINE UMAT",aba_param_include,,
Jeff97/inverse-design-HME-plate,5a407f05c7789ed03d9a5b06280e2a5dbee865a7,Apache-2.0,permissive,LICENSE (SPDX Apache-2.0 via the GitHub licence API),ForwardProblem/Case4-Th005-ChangeM/UEL-HardMagneto-FM-Q2-M-1.for,58113,,,no_umat_entry,"Fortran, but it declares no SUBROUTINE UMAT",aba_param_include,,
Jeff97/inverse-design-HME-plate,5a407f05c7789ed03d9a5b06280e2a5dbee865a7,Apache-2.0,permissive,LICENSE (SPDX Apache-2.0 via the GitHub licence API),ForwardProblem/Case4-Th005-ChangeM/UEL-HardMagneto-FM-Q2-M-3.for,58131,,,no_umat_entry,"Fortran, but it declares no SUBROUTINE UMAT",aba_param_include,,
Jeff97/inverse-design-HME-plate,5a407f05c7789ed03d9a5b06280e2a5dbee865a7,Apache-2.0,permissive,LICENSE (SPDX Apache-2.0 via the GitHub licence API),InverseCase1-Bending/UEL-HardMagneto-FM-Q2-LinearG.for,58618,,,no_umat_entry,"Fortran, but it declares no SUBROUTINE UMAT",aba_param_include,,
Jeff97/inverse-design-HME-plate,5a407f05c7789ed03d9a5b06280e2a5dbee865a7,Apache-2.0,permissive,LICENSE (SPDX Apache-2.0 via the GitHub licence API),InverseCase3-Letter/UEL-HardMagneto-FM-Q2-LetterU.for,58639,,,no_umat_entry,"Fortran, but it declares no SUBROUTINE UMAT",aba_param_include,,
Jeff97/inverse-design-HME-plate,5a407f05c7789ed03d9a5b06280e2a5dbee865a7,Apache-2.0,permissive,LICENSE (SPDX Apache-2.0 via the GitHub licence API),Verification-branch/UEL-HardMagneto-FM-Branch2.for,58560,,,no_umat_entry,"Fortran, but it declares no SUBROUTINE UMAT",aba_param_include,,
Jeff97/inverse-design-HME-plate,5a407f05c7789ed03d9a5b06280e2a5dbee865a7,Apache-2.0,permissive,LICENSE (SPDX Apache-2.0 via the GitHub licence API),Benchmark-LinearM0/UEL-HardMagneto-FM-Q2.for,59329,,,no_umat_entry,"Fortran, but it declares no SUBROUTINE UMAT",aba_param_include,,
Jeff97/inverse-design-HME-plate,5a407f05c7789ed03d9a5b06280e2a5dbee865a7,Apache-2.0,permissive,LICENSE (SPDX Apache-2.0 via the GitHub licence API),Benchmark-Th-Epsilon003/UEL-HardMagneto-FM-Q2-Th007.for,58564,,,no_umat_entry,"Fortran, but it declares no SUBROUTINE UMAT",aba_param_include,,
Jeff97/inverse-design-HME-plate,5a407f05c7789ed03d9a5b06280e2a5dbee865a7,Apache-2.0,permissive,LICENSE (SPDX Apache-2.0 via the GitHub licence API),Benchmark-Th-Epsilon003/UEL-HardMagneto-FM-Q2.for,58494,,,no_umat_entry,"Fortran, but it declares no SUBROUTINE UMAT",aba_param_include,,
Jeff97/inverse-design-HME-plate,5a407f05c7789ed03d9a5b06280e2a5dbee865a7,Apache-2.0,permissive,LICENSE (SPDX Apache-2.0 via the GitHub licence API),Experiment/UEL-HardMagneto-FM-Q2-LetterS.for,59006,,,no_umat_entry,"Fortran, but it declares no SUBROUTINE UMAT",aba_param_include,,
Jeff97/inverse-design-HME-plate,5a407f05c7789ed03d9a5b06280e2a5dbee865a7,Apache-2.0,permissive,LICENSE (SPDX Apache-2.0 via the GitHub licence API),ForwardProblem/Case1-Th005-ChangeEpsilon/UEL-HardMAE-Q2-Reference.for,81140,,,no_umat_entry,"Fortran, but it declares no SUBROUTINE UMAT",aba_param_include,,
Jeff97/inverse-design-HME-plate,5a407f05c7789ed03d9a5b06280e2a5dbee865a7,Apache-2.0,permissive,LICENSE (SPDX Apache-2.0 via the GitHub licence API),ForwardProblem/Case1-Th005-ChangeEpsilon/UEL-HardMagneto-FM-Q2.for,57722,,,no_umat_entry,"Fortran, but it declares no SUBROUTINE UMAT",aba_param_include,,
Jeff97/inverse-design-HME-plate,5a407f05c7789ed03d9a5b06280e2a5dbee865a7,Apache-2.0,permissive,LICENSE (SPDX Apache-2.0 via the GitHub licence API),ForwardProblem/Case2-C0-1MPa-ChangeTh/UEL-HardMAE-Q2-Reference.for,81140,,,no_umat_entry,"Fortran, but it declares no SUBROUTINE UMAT",aba_param_include,,
Jeff97/inverse-design-HME-plate,5a407f05c7789ed03d9a5b06280e2a5dbee865a7,Apache-2.0,permissive,LICENSE (SPDX Apache-2.0 via the GitHub licence API),ForwardProblem/Case2-C0-1MPa-ChangeTh/UEL-HardMagneto-FM-Q2.for,57722,,,no_umat_entry,"Fortran, but it declares no SUBROUTINE UMAT",aba_param_include,,
Jeff97/inverse-design-HME-plate,5a407f05c7789ed03d9a5b06280e2a5dbee865a7,Apache-2.0,permissive,LICENSE (SPDX Apache-2.0 via the GitHub licence API),ForwardProblem/Case3-Th005-ChangeOrient/UEL-HardMAE-Q2-Reference.for,81140,,,no_umat_entry,"Fortran, but it declares no SUBROUTINE UMAT",aba_param_include,,
Jeff97/inverse-design-HME-plate,5a407f05c7789ed03d9a5b06280e2a5dbee865a7,Apache-2.0,permissive,LICENSE (SPDX Apache-2.0 via the GitHub licence API),ForwardProblem/Case3-Th005-ChangeOrient/UEL-HardMagneto-FM-Q2.for,57722,,,no_umat_entry,"Fortran, but it declares no SUBROUTINE UMAT",aba_param_include,,
Jeff97/inverse-design-HME-plate,5a407f05c7789ed03d9a5b06280e2a5dbee865a7,Apache-2.0,permissive,LICENSE (SPDX Apache-2.0 via the GitHub licence API),ForwardProblem/Case4-Th005-ChangeM/UEL-HardMagneto-FM-Q2-M-2.for,58123,,,no_umat_entry,"Fortran, but it declares no SUBROUTINE UMAT",aba_param_include,,
Jeff97/inverse-design-HME-plate,5a407f05c7789ed03d9a5b06280e2a5dbee865a7,Apache-2.0,permissive,LICENSE (SPDX Apache-2.0 via the GitHub licence API),ForwardProblem/Case4-Th005-ChangeM/UEL-HardMagneto-FM-Q2-M-4.for,58129,,,no_umat_entry,"Fortran, but it declares no SUBROUTINE UMAT",aba_param_include,,
Jeff97/inverse-design-HME-plate,5a407f05c7789ed03d9a5b06280e2a5dbee865a7,Apache-2.0,permissive,LICENSE (SPDX Apache-2.0 via the GitHub licence API),ForwardProblem/Case4-Th005-ChangeM/UEL-HardMagneto-FM-Q2-M-5.for,58131,,,no_umat_entry,"Fortran, but it declares no SUBROUTINE UMAT",aba_param_include,,
Jeff97/inverse-design-HME-plate,5a407f05c7789ed03d9a5b06280e2a5dbee865a7,Apache-2.0,permissive,LICENSE (SPDX Apache-2.0 via the GitHub licence API),ForwardProblem/Case5-Th005-ChangeTheta/UEL-HardMagneto-FM-Q2-Theta-1.for,58112,,,no_umat_entry,"Fortran, but it declares no SUBROUTINE UMAT",aba_param_include,,
Jeff97/inverse-design-HME-plate,5a407f05c7789ed03d9a5b06280e2a5dbee865a7,Apache-2.0,permissive,LICENSE (SPDX Apache-2.0 via the GitHub licence API),ForwardProblem/Case5-Th005-ChangeTheta/UEL-HardMagneto-FM-Q2-Theta-2.for,58131,,,no_umat_entry,"Fortran, but it declares no SUBROUTINE UMAT",aba_param_include,,
Jeff97/inverse-design-HME-plate,5a407f05c7789ed03d9a5b06280e2a5dbee865a7,Apache-2.0,permissive,LICENSE (SPDX Apache-2.0 via the GitHub licence API),ForwardProblem/Case5-Th005-ChangeTheta/UEL-HardMagneto-FM-Q2-Theta-3.for,58131,,,no_umat_entry,"Fortran, but it declares no SUBROUTINE UMAT",aba_param_include,,
Jeff97/inverse-design-HME-plate,5a407f05c7789ed03d9a5b06280e2a5dbee865a7,Apache-2.0,permissive,LICENSE (SPDX Apache-2.0 via the GitHub licence API),ForwardProblem/Case5-Th005-ChangeTheta/UEL-HardMagneto-FM-Q2-Theta-4.for,58135,,,no_umat_entry,"Fortran, but it declares no SUBROUTINE UMAT",aba_param_include,,
Jeff97/inverse-design-HME-plate,5a407f05c7789ed03d9a5b06280e2a5dbee865a7,Apache-2.0,permissive,LICENSE (SPDX Apache-2.0 via the GitHub licence API),ForwardProblem/Case5-Th005-ChangeTheta/UEL-HardMagneto-FM-Q2-Theta-5.for,58307,,,no_umat_entry,"Fortran, but it declares no SUBROUTINE UMAT",aba_param_include,,
Jeff97/inverse-design-HME-plate,5a407f05c7789ed03d9a5b06280e2a5dbee865a7,Apache-2.0,permissive,LICENSE (SPDX Apache-2.0 via the GitHub licence API),ForwardProblem/Th005-ChangeEpsilon-RModel-Pass/UEL-HardMagneto-RM-Q2.for,63967,,,no_umat_entry,"Fortran, but it declares no SUBROUTINE UMAT",aba_param_include,,
Jeff97/inverse-design-HME-plate,5a407f05c7789ed03d9a5b06280e2a5dbee865a7,Apache-2.0,permissive,LICENSE (SPDX Apache-2.0 via the GitHub licence API),ForwardProblem/Verification-Epsilon/UEL-HardMAE-Q2-Reference.for,81140,,,no_umat_entry,"Fortran, but it declares no SUBROUTINE UMAT",aba_param_include,,
Jeff97/inverse-design-HME-plate,5a407f05c7789ed03d9a5b06280e2a5dbee865a7,Apache-2.0,permissive,LICENSE (SPDX Apache-2.0 via the GitHub licence API),ForwardProblem/Verification-Epsilon/UEL-HardMagneto-FM-Q2.for,57722,,,no_umat_entry,"Fortran, but it declares no SUBROUTINE UMAT",aba_param_include,,
Jeff97/inverse-design-HME-plate,5a407f05c7789ed03d9a5b06280e2a5dbee865a7,Apache-2.0,permissive,LICENSE (SPDX Apache-2.0 via the GitHub licence API),InverseCase1-Bending/UEL-HardMagneto-FM-Q2.for,58618,,,no_umat_entry,"Fortran, but it declares no SUBROUTINE UMAT",aba_param_include,,
Jeff97/inverse-design-HME-plate,5a407f05c7789ed03d9a5b06280e2a5dbee865a7,Apache-2.0,permissive,LICENSE (SPDX Apache-2.0 via the GitHub licence API),InverseCase2-Wave/UEL-HardMagneto-FM-Q2.for,58685,,,no_umat_entry,"Fortran, but it declares no SUBROUTINE UMAT",aba_param_include,,
Jeff97/inverse-design-HME-plate,5a407f05c7789ed03d9a5b06280e2a5dbee865a7,Apache-2.0,permissive,LICENSE (SPDX Apache-2.0 via the GitHub licence API),InverseCase3-Letter/UEL-HardMagneto-FM-Q2-LetterC.for,58440,,,no_umat_entry,"Fortran, but it declares no SUBROUTINE UMAT",aba_param_include,,
Jeff97/inverse-design-HME-plate,5a407f05c7789ed03d9a5b06280e2a5dbee865a7,Apache-2.0,permissive,LICENSE (SPDX Apache-2.0 via the GitHub licence API),InverseCase3-Letter/UEL-HardMagneto-FM-Q2-LetterS.for,58650,,,no_umat_entry,"Fortran, but it declares no SUBROUTINE UMAT",aba_param_include,,
Jeff97/inverse-design-HME-plate,5a407f05c7789ed03d9a5b06280e2a5dbee865a7,Apache-2.0,permissive,LICENSE (SPDX Apache-2.0 via the GitHub licence API),InverseCase3-Letter/UEL-HardMagneto-FM-Q2-LetterT.for,58900,,,no_umat_entry,"Fortran, but it declares no SUBROUTINE UMAT",aba_param_include,,
Jeff97/inverse-design-HME-plate,5a407f05c7789ed03d9a5b06280e2a5dbee865a7,Apache-2.0,permissive,LICENSE (SPDX Apache-2.0 via the GitHub licence API),Verification-branch/UEL-HardMagneto-FM-Branch1-AdvancedLoading.for,58729,,,no_umat_entry,"Fortran, but it declares no SUBROUTINE UMAT",aba_param_include,,
Jeff97/inverse-design-HME-plate,5a407f05c7789ed03d9a5b06280e2a5dbee865a7,Apache-2.0,permissive,LICENSE (SPDX Apache-2.0 via the GitHub licence API),Verification-branch/UEL-HardMagneto-FM-Branch1.for,58761,,,no_umat_entry,"Fortran, but it declares no SUBROUTINE UMAT",aba_param_include,,
PlatypusBytes/ConstitutiveModels,cf5836cf1bb90a19dcb69a4f00f5c7ebb554e374,MIT,permissive,LICENSE (SPDX MIT via the GitHub licence API),c_models/linear_elastic_with_vertical_tens_cutoff_2d_interface/linear_elastic_with_vertical_tens_cutoff_2d_interface.c,8632,,,no_umat_entry,"Fortran, but it declares no SUBROUTINE UMAT",subroutine_umat_ddsdde,,
PlatypusBytes/ConstitutiveModels,cf5836cf1bb90a19dcb69a4f00f5c7ebb554e374,MIT,permissive,LICENSE (SPDX MIT via the GitHub licence API),fortran_models/linear_elastic/UMAT_LinearElasticity.f90,2143,b6e01d8d538921295fdabe83e4c2f0217c5c44d9db7289aced982ee6e3b2a88e,656e009be5d862cf048185575e7cbc4e0420b9b964b4d48c45393147a3bffd77,already_known,"the same implementation as discovery_cache/PlatypusBytes__ConstitutiveModels/fortran_models/linear_elastic/UMAT_LinearElasticity.f90, which this collection already counts",subroutine_umat_ddsdde,,
PlatypusBytes/ConstitutiveModels,cf5836cf1bb90a19dcb69a4f00f5c7ebb554e374,MIT,permissive,LICENSE (SPDX MIT via the GitHub licence API),incrementalDriver/incrementalDriver.f,77573,,,no_umat_entry,"Fortran, but it declares no SUBROUTINE UMAT",subroutine_umat_ddsdde,,
PlatypusBytes/ConstitutiveModels,cf5836cf1bb90a19dcb69a4f00f5c7ebb554e374,MIT,permissive,LICENSE (SPDX MIT via the GitHub licence API),fortran_models/mohr_coulomb/UMAT_MohrCoulomb.f,40293,806b5f55ce75ae34e3da4e06fd7658e9c5b4096a548e335be16f7cf3b755b2e3,6500147a5ce58668bdcb384c7be198bd3b37b4832641d177cec614521c796ce7,already_known,"the same implementation as discovery_cache/PlatypusBytes__ConstitutiveModels/fortran_models/mohr_coulomb/UMAT_MohrCoulomb.f, which this collection already counts",subroutine_umat_ddsdde,,
TRG-NHM/DRM-and-PML,,,,no LICENSE file detected by the GitHub API,,0,,,licence_absent,"no licence is declared, so nothing may be redistributed from it; a repository without a LICENSE file is refused, not assumed permissive; recorded and not fetched",subroutine_umat_fortran,,
hhupde/abaqusUEL,,,,no LICENSE file detected by the GitHub API,,0,,,licence_absent,"no licence is declared, so nothing may be redistributed from it; a repository without a LICENSE file is refused, not assumed permissive; recorded and not fetched",subroutine_umat_fortran,,
joel-laudo/TE-skin-digital-twin,,,,no LICENSE file detected by the GitHub API,,0,,,licence_absent,"no licence is declared, so nothing may be redistributed from it; a repository without a LICENSE file is refused, not assumed permissive; recorded and not fetched",subroutine_umat_fortran,,
llnl/ExaConstit,371d3cbeced59f95e8bf1d8ec2b7c4436f98b52a,BSD-3-Clause,permissive,LICENSE (SPDX BSD-3-Clause via the GitHub licence API),src/umats/umat.cxx,1491,,,no_umat_entry,"Fortran, but it declares no SUBROUTINE UMAT",subroutine_umat_fortran,,
llnl/ExaConstit,371d3cbeced59f95e8bf1d8ec2b7c4436f98b52a,BSD-3-Clause,permissive,LICENSE (SPDX BSD-3-Clause via the GitHub licence API),src/umats/umat.f,3988,6c633b331e9fb1d33902243f6e48e2b2c37bbc8ad1293235141e0d8fadd3e823,c420c99d574e8b7c61da8d6d3595adc12aab29353a52129893024ea56befa73a,already_known,"the same implementation as discovery_cache/llnl__ExaConstit/src/umats/umat.f, which this collection already counts",subroutine_umat_fortran,,
llnl/ExaConstit,371d3cbeced59f95e8bf1d8ec2b7c4436f98b52a,BSD-3-Clause,permissive,LICENSE (SPDX BSD-3-Clause via the GitHub licence API),src/umats/userumat.h,6458,,,no_umat_entry,"Fortran, but it declares no SUBROUTINE UMAT",subroutine_umat_fortran,,
sanjayg0/feappv,e6897950aaca6166f4893bbe21d644c7af6150d7,BSD-3-Clause,permissive,LICENSE.txt (SPDX BSD-3-Clause via the GitHub licence API),user/umati0.f,1264,,,no_umat_entry,"Fortran, but it declares no SUBROUTINE UMAT",subroutine_umat_fortran,,
sanjayg0/feappv,e6897950aaca6166f4893bbe21d644c7af6150d7,BSD-3-Clause,permissive,LICENSE.txt (SPDX BSD-3-Clause via the GitHub licence API),user/umati1.f,1264,,,no_umat_entry,"Fortran, but it declares no SUBROUTINE UMAT",subroutine_umat_fortran,,
sanjayg0/feappv,e6897950aaca6166f4893bbe21d644c7af6150d7,BSD-3-Clause,permissive,LICENSE.txt (SPDX BSD-3-Clause via the GitHub licence API),user/umati5.f,1260,,,no_umat_entry,"Fortran, but it declares no SUBROUTINE UMAT",subroutine_umat_fortran,,
sanjayg0/feappv,e6897950aaca6166f4893bbe21d644c7af6150d7,BSD-3-Clause,permissive,LICENSE.txt (SPDX BSD-3-Clause via the GitHub licence API),user/umatl0.f,1793,,,no_umat_entry,"Fortran, but it declares no SUBROUTINE UMAT",subroutine_umat_fortran,,
sanjayg0/feappv,e6897950aaca6166f4893bbe21d644c7af6150d7,BSD-3-Clause,permissive,LICENSE.txt (SPDX BSD-3-Clause via the GitHub licence API),user/umatl1.f,1793,,,no_umat_entry,"Fortran, but it declares no SUBROUTINE UMAT",subroutine_umat_fortran,,
sanjayg0/feappv,e6897950aaca6166f4893bbe21d644c7af6150d7,BSD-3-Clause,permissive,LICENSE.txt (SPDX BSD-3-Clause via the GitHub licence API),user/umatl2.f,1793,,,no_umat_entry,"Fortran, but it declares no SUBROUTINE UMAT",subroutine_umat_fortran,,
sanjayg0/feappv,e6897950aaca6166f4893bbe21d644c7af6150d7,BSD-3-Clause,permissive,LICENSE.txt (SPDX BSD-3-Clause via the GitHub licence API),user/umatl4.f,1793,,,no_umat_entry,"Fortran, but it declares no SUBROUTINE UMAT",subroutine_umat_fortran,,
sanjayg0/feappv,e6897950aaca6166f4893bbe21d644c7af6150d7,BSD-3-Clause,permissive,LICENSE.txt (SPDX BSD-3-Clause via the GitHub licence API),elements/frame/frame2d.f,50547,,,no_umat_entry,"Fortran, but it declares no SUBROUTINE UMAT",subroutine_umat_fortran,,
sanjayg0/feappv,e6897950aaca6166f4893bbe21d644c7af6150d7,BSD-3-Clause,permissive,LICENSE.txt (SPDX BSD-3-Clause via the GitHub licence API),elements/frame/frame3d.f,20498,,,no_umat_entry,"Fortran, but it declares no SUBROUTINE UMAT",subroutine_umat_fortran,,
sanjayg0/feappv,e6897950aaca6166f4893bbe21d644c7af6150d7,BSD-3-Clause,permissive,LICENSE.txt (SPDX BSD-3-Clause via the GitHub licence API),elements/frame/pointnd.f,2692,,,no_umat_entry,"Fortran, but it declares no SUBROUTINE UMAT",subroutine_umat_fortran,,
sanjayg0/feappv,e6897950aaca6166f4893bbe21d644c7af6150d7,BSD-3-Clause,permissive,LICENSE.txt (SPDX BSD-3-Clause via the GitHub licence API),elements/frame/trussnd.f,12783,,,no_umat_entry,"Fortran, but it declares no SUBROUTINE UMAT",subroutine_umat_fortran,,
sanjayg0/feappv,e6897950aaca6166f4893bbe21d644c7af6150d7,BSD-3-Clause,permissive,LICENSE.txt (SPDX BSD-3-Clause via the GitHub licence API),elements/material/material.f,103005,,,no_umat_entry,"Fortran, but it declares no SUBROUTINE UMAT",subroutine_umat_fortran,,
sanjayg0/feappv,e6897950aaca6166f4893bbe21d644c7af6150d7,BSD-3-Clause,permissive,LICENSE.txt (SPDX BSD-3-Clause via the GitHub licence API),elements/material/rvemat.f,1772,,,no_umat_entry,"Fortran, but it declares no SUBROUTINE UMAT",subroutine_umat_fortran,,
sanjayg0/feappv,e6897950aaca6166f4893bbe21d644c7af6150d7,BSD-3-Clause,permissive,LICENSE.txt (SPDX BSD-3-Clause via the GitHub licence API),elements/material/srvemat.f,1764,,,no_umat_entry,"Fortran, but it declares no SUBROUTINE UMAT",subroutine_umat_fortran,,
sanjayg0/feappv,e6897950aaca6166f4893bbe21d644c7af6150d7,BSD-3-Clause,permissive,LICENSE.txt (SPDX BSD-3-Clause via the GitHub licence API),elements/shells/membr3d.f,12564,,,no_umat_entry,"Fortran, but it declares no SUBROUTINE UMAT",subroutine_umat_fortran,,
sanjayg0/feappv,e6897950aaca6166f4893bbe21d644c7af6150d7,BSD-3-Clause,permissive,LICENSE.txt (SPDX BSD-3-Clause via the GitHub licence API),elements/shells/plate2d.f,45230,,,no_umat_entry,"Fortran, but it declares no SUBROUTINE UMAT",subroutine_umat_fortran,,
sanjayg0/feappv,e6897950aaca6166f4893bbe21d644c7af6150d7,BSD-3-Clause,permissive,LICENSE.txt (SPDX BSD-3-Clause via the GitHub licence API),elements/shells/shell2d.f,24131,,,no_umat_entry,"Fortran, but it declares no SUBROUTINE UMAT",subroutine_umat_fortran,,
sanjayg0/feappv,e6897950aaca6166f4893bbe21d644c7af6150d7,BSD-3-Clause,permissive,LICENSE.txt (SPDX BSD-3-Clause via the GitHub licence API),elements/shells/shell3d.f,59441,,,no_umat_entry,"Fortran, but it declares no SUBROUTINE UMAT",subroutine_umat_fortran,,
sanjayg0/feappv,e6897950aaca6166f4893bbe21d644c7af6150d7,BSD-3-Clause,permissive,LICENSE.txt (SPDX BSD-3-Clause via the GitHub licence API),elements/solid1d/bbar1s.f,4894,,,no_umat_entry,"Fortran, but it declares no SUBROUTINE UMAT",subroutine_umat_fortran,,
sanjayg0/feappv,e6897950aaca6166f4893bbe21d644c7af6150d7,BSD-3-Clause,permissive,LICENSE.txt (SPDX BSD-3-Clause via the GitHub licence API),elements/solid1d/interp1d.f,1192,,,no_umat_entry,"Fortran, but it declares no SUBROUTINE UMAT",subroutine_umat_fortran,,
sanjayg0/feappv,e6897950aaca6166f4893bbe21d644c7af6150d7,BSD-3-Clause,permissive,LICENSE.txt (SPDX BSD-3-Clause via the GitHub licence API),elements/solid1d/mass1d.f,2126,,,no_umat_entry,"Fortran, but it declares no SUBROUTINE UMAT",subroutine_umat_fortran,,
sanjayg0/feappv,e6897950aaca6166f4893bbe21d644c7af6150d7,BSD-3-Clause,permissive,LICENSE.txt (SPDX BSD-3-Clause via the GitHub licence API),elements/solid1d/quadr1d.f,972,,,no_umat_entry,"Fortran, but it declares no SUBROUTINE UMAT",subroutine_umat_fortran,,
sanjayg0/feappv,e6897950aaca6166f4893bbe21d644c7af6150d7,BSD-3-Clause,permissive,LICENSE.txt (SPDX BSD-3-Clause via the GitHub licence API),elements/solid1d/rays1d.f,1289,,,no_umat_entry,"Fortran, but it declares no SUBROUTINE UMAT",subroutine_umat_fortran,,
sanjayg0/feappv,e6897950aaca6166f4893bbe21d644c7af6150d7,BSD-3-Clause,permissive,LICENSE.txt (SPDX BSD-3-Clause via the GitHub licence API),elements/solid1d/resid1d.f,1882,,,no_umat_entry,"Fortran, but it declares no SUBROUTINE UMAT",subroutine_umat_fortran,,
sanjayg0/feappv,e6897950aaca6166f4893bbe21d644c7af6150d7,BSD-3-Clause,permissive,LICENSE.txt (SPDX BSD-3-Clause via the GitHub licence API),elements/solid1d/shpi1d.f,751,,,no_umat_entry,"Fortran, but it declares no SUBROUTINE UMAT",subroutine_umat_fortran,,
sanjayg0/feappv,e6897950aaca6166f4893bbe21d644c7af6150d7,BSD-3-Clause,permissive,LICENSE.txt (SPDX BSD-3-Clause via the GitHub licence API),elements/solid1d/slcn1d.f,1680,,,no_umat_entry,"Fortran, but it declares no SUBROUTINE UMAT",subroutine_umat_fortran,,
sanjayg0/feappv,e6897950aaca6166f4893bbe21d644c7af6150d7,BSD-3-Clause,permissive,LICENSE.txt (SPDX BSD-3-Clause via the GitHub licence API),elements/solid1d/sld1d1.f,7620,,,no_umat_entry,"Fortran, but it declares no SUBROUTINE UMAT",subroutine_umat_fortran,,
sanjayg0/feappv,e6897950aaca6166f4893bbe21d644c7af6150d7,BSD-3-Clause,permissive,LICENSE.txt (SPDX BSD-3-Clause via the GitHub licence API),elements/solid1d/sld1d2.f,12276,,,no_umat_entry,"Fortran, but it declares no SUBROUTINE UMAT",subroutine_umat_fortran,,
sanjayg0/feappv,e6897950aaca6166f4893bbe21d644c7af6150d7,BSD-3-Clause,permissive,LICENSE.txt (SPDX BSD-3-Clause via the GitHub licence API),elements/solid1d/sld1d3.f,10975,,,no_umat_entry,"Fortran, but it declares no SUBROUTINE UMAT",subroutine_umat_fortran,,
sanjayg0/feappv,e6897950aaca6166f4893bbe21d644c7af6150d7,BSD-3-Clause,permissive,LICENSE.txt (SPDX BSD-3-Clause via the GitHub licence API),elements/solid1d/solid1d.f,3437,,,no_umat_entry,"Fortran, but it declares no SUBROUTINE UMAT",subroutine_umat_fortran,,
sanjayg0/feappv,e6897950aaca6166f4893bbe21d644c7af6150d7,BSD-3-Clause,permissive,LICENSE.txt (SPDX BSD-3-Clause via the GitHub licence API),elements/solid1d/stra1d.f,2619,,,no_umat_entry,"Fortran, but it declares no SUBROUTINE UMAT",subroutine_umat_fortran,,
sanjayg0/feappv,e6897950aaca6166f4893bbe21d644c7af6150d7,BSD-3-Clause,permissive,LICENSE.txt (SPDX BSD-3-Clause via the GitHub licence API),elements/solid1d/strn1m.f,2103,,,no_umat_entry,"Fortran, but it declares no SUBROUTINE UMAT",subroutine_umat_fortran,,
sanjayg0/feappv,e6897950aaca6166f4893bbe21d644c7af6150d7,BSD-3-Clause,permissive,LICENSE.txt (SPDX BSD-3-Clause via the GitHub licence API),elements/solid2d/bbar2m.f,4630,,,no_umat_entry,"Fortran, but it declares no SUBROUTINE UMAT",subroutine_umat_fortran,,
sanjayg0/feappv,e6897950aaca6166f4893bbe21d644c7af6150d7,BSD-3-Clause,permissive,LICENSE.txt (SPDX BSD-3-Clause via the GitHub licence API),elements/solid2d/bmat2d.f,1307,,,no_umat_entry,"Fortran, but it declares no SUBROUTINE UMAT",subroutine_umat_fortran,,
sanjayg0/feappv,e6897950aaca6166f4893bbe21d644c7af6150d7,BSD-3-Clause,permissive,LICENSE.txt (SPDX BSD-3-Clause via the GitHub licence API),elements/solid2d/fbar2m.f,1237,,,no_umat_entry,"Fortran, but it declares no SUBROUTINE UMAT",subroutine_umat_fortran,,
sanjayg0/feappv,e6897950aaca6166f4893bbe21d644c7af6150d7,BSD-3-Clause,permissive,LICENSE.txt (SPDX BSD-3-Clause via the GitHub licence API),elements/solid2d/fld2d1.f,9687,,,no_umat_entry,"Fortran, but it declares no SUBROUTINE UMAT",subroutine_umat_fortran,,
sanjayg0/feappv,e6897950aaca6166f4893bbe21d644c7af6150d7,BSD-3-Clause,permissive,LICENSE.txt (SPDX BSD-3-Clause via the GitHub licence API),elements/solid2d/fld2d2.f,11915,,,no_umat_entry,"Fortran, but it declares no SUBROUTINE UMAT",subroutine_umat_fortran,,
sanjayg0/feappv,e6897950aaca6166f4893bbe21d644c7af6150d7,BSD-3-Clause,permissive,LICENSE.txt (SPDX BSD-3-Clause via the GitHub licence API),elements/solid2d/gvec2d.f,3031,,,no_umat_entry,"Fortran, but it declares no SUBROUTINE UMAT",subroutine_umat_fortran,,
sanjayg0/feappv,e6897950aaca6166f4893bbe21d644c7af6150d7,BSD-3-Clause,permissive,LICENSE.txt (SPDX BSD-3-Clause via the GitHub licence API),elements/solid2d/interp2d.f,1490,,,no_umat_entry,"Fortran, but it declares no SUBROUTINE UMAT",subroutine_umat_fortran,,
sanjayg0/feappv,e6897950aaca6166f4893bbe21d644c7af6150d7,BSD-3-Clause,permissive,LICENSE.txt (SPDX BSD-3-Clause via the GitHub licence API),elements/solid2d/kine2d.f,3385,,,no_umat_entry,"Fortran, but it declares no SUBROUTINE UMAT",subroutine_umat_fortran,,
sanjayg0/feappv,e6897950aaca6166f4893bbe21d644c7af6150d7,BSD-3-Clause,permissive,LICENSE.txt (SPDX BSD-3-Clause via the GitHub licence API),,0,,,not_examined,stopped after 40 files from this repository; 746 not read,subroutine_umat_fortran,,
Dalft/Anura3D,,,,no LICENSE file detected by the GitHub API,,0,,,licence_absent,"no licence is declared, so nothing may be redistributed from it; a repository without a LICENSE file is refused, not assumed permissive; recorded and not fetched",ddsdde_statev_nprops,,
RitioL/PolyFatigueCrackSim,bc97ef8a685e5ebff738a0386e3e7a3a3957a6f2,MIT,permissive,LICENSE (SPDX MIT via the GitHub licence API),CPFEM-val/subroutines_revised.for,95189,c470768dbb3b4b1346613fa6fdf875ceb4454337fdabe6907f9bbb079d850f39,58daec4df53e559341f8e6cdaae4695aeca1839d47276534eb8b881d43118a48,already_known,"the same implementation as discovery_cache/RitioL__PolyFatigueCrackSim/CPFEM-val/subroutines_revised.for, which this collection already counts",subroutine_umat_fortran,,
RitioL/PolyFatigueCrackSim,bc97ef8a685e5ebff738a0386e3e7a3a3957a6f2,MIT,permissive,LICENSE (SPDX MIT via the GitHub licence API),workplace/huang_umat_97.for,94890,cfd8c9ce82750474e1c8f3cc129ebe078282a0b969bc9db537f332b9cf4b02ce,c2df41eed60163dfb6b29ac364c4450d517e2fe17b766cdd035972e07bd73204,already_known,"the same implementation as discovery_cache/RitioL__PolyFatigueCrackSim/workplace/huang_umat_97.for, which this collection already counts",subroutine_umat_fortran,,
RitioL/PolyFatigueCrackSim,bc97ef8a685e5ebff738a0386e3e7a3a3957a6f2,MIT,permissive,LICENSE (SPDX MIT via the GitHub licence API),workplace/subroutines3_revised.for,96747,38e2eb2e1fbd6056daba307385e9ba025837dac7ae2ecf9844b39909e3daf214,4c258df8219997f6163139230caa4b8290d979eb33187c994d5592064df68b6f,already_known,"the same implementation as discovery_cache/RitioL__PolyFatigueCrackSim/workplace/subroutines3_revised.for, which this collection already counts",subroutine_umat_fortran,,
burakbayramli/books,,,,no LICENSE file detected by the GitHub API,,0,,,licence_absent,"no licence is declared, so nothing may be redistributed from it; a repository without a LICENSE file is refused, not assumed permissive; recorded and not fetched",subroutine_umat_fortran,,
glu46/3D_anisotropic_viscoelastic_model,59e88cbfd2eeb20c329dddfb798d706a4229dc49,GPL-3.0,copyleft,LICENSE (SPDX GPL-3.0 via the GitHub licence API),OrthoWoodCreep_Column.for,13631,cc6dd250a6c7689fe13ee6181078e9d5e2594accf573e6bfe880838d5dbe92c5,cdf3566831d131cf2968a56b3231f752fe16aa0a9d2fd2801d4d72edf0941ac4,already_known,"the same implementation as discovery_cache/glu46__3D_anisotropic_viscoelastic_model/OrthoWoodCreep_Column.for, which this collection already counts",subroutine_umat_fortran,,
glu46/3D_anisotropic_viscoelastic_model,59e88cbfd2eeb20c329dddfb798d706a4229dc49,GPL-3.0,copyleft,LICENSE (SPDX GPL-3.0 via the GitHub licence API),OrthoWoodCreep_General.for,13111,27426897e5aadace9f69310b748a54089999c367b2e55d095d60af831dbea806,177c5dc43d1eed37703caef2d58f0d83fb872305b1159cff15539619e7c2d961,already_known,"the same implementation as discovery_cache/glu46__3D_anisotropic_viscoelastic_model/OrthoWoodCreep_General.for, which this collection already counts",subroutine_umat_fortran,,
glu46/3D_anisotropic_viscoelastic_model,59e88cbfd2eeb20c329dddfb798d706a4229dc49,GPL-3.0,copyleft,LICENSE (SPDX GPL-3.0 via the GitHub licence API),TIRockCreep_CANEY.for,13589,853a04d1cc8e8efe4732bb941b128550a0ec1b18c0507c6e341af6f2de3c81b4,483937cbb99b8727d6998b5320e3c30835ed694ad0b87f34ff87f59464bed093,already_known,"the same implementation as discovery_cache/glu46__3D_anisotropic_viscoelastic_model/TIRockCreep_CANEY.for, which this collection already counts",subroutine_umat_fortran,,
glu46/3D_anisotropic_viscoelastic_model,59e88cbfd2eeb20c329dddfb798d706a4229dc49,GPL-3.0,copyleft,LICENSE (SPDX GPL-3.0 via the GitHub licence API),TIRockCreep_GENERAL.for,13073,f863750fd5a8fb3b990ada103ce68a86c6631f6c4bfff402d39ce6c1be95694f,1f3aaefd166814dc0cfee355d3d2178457a39c7db8f0a621b928661f72034d20,already_known,"the same implementation as discovery_cache/glu46__3D_anisotropic_viscoelastic_model/TIRockCreep_GENERAL.for, which this collection already counts",subroutine_umat_fortran,,
glu46/3D_anisotropic_viscoelastic_model,59e88cbfd2eeb20c329dddfb798d706a4229dc49,GPL-3.0,copyleft,LICENSE (SPDX GPL-3.0 via the GitHub licence API),Ortho_WoodCreep_Cube.for,13167,0e2334611a948b68a0d845a8a4757a9749fdf9f9fb1bbf6421c7ab11c64f45a6,d6910dca921d2fc933f67a5312a59b3baa659c00cdcda86414089a59149f5a8f,already_known,"the same implementation as discovery_cache/glu46__3D_anisotropic_viscoelastic_model/Ortho_WoodCreep_Cube.for, which this collection already counts",subroutine_umat_fortran,,
3MAH/simcoon,5413900c9cdc5997bd2eb506a599462f4826ae5e,GPL-3.0,copyleft,LICENSE (SPDX GPL-3.0 via the GitHub licence API),software/umat_externalM.cpp,6432,,,no_umat_entry,"Fortran, but it declares no SUBROUTINE UMAT",subroutine_umat_fortran,,
3MAH/simcoon,5413900c9cdc5997bd2eb506a599462f4826ae5e,GPL-3.0,copyleft,LICENSE (SPDX GPL-3.0 via the GitHub licence API),testBin/Umats/UMABA/external/UMAT_ABAQUS_ELASTIC.f,13213,c2b7576950d80562e07b07c76f7b80e63e6cac6247a26017764b69a077961438,01af6f1fa915c1b9cc5222aea9af97aa2864cde209af754ce03194149ce8ad53,already_known,"the same implementation as discovery_cache/3MAH__simcoon/testBin/Umats/UMABA/external/UMAT_ABAQUS_ELASTIC.f, which this collection already counts",subroutine_umat_fortran,,
3MAH/simcoon,5413900c9cdc5997bd2eb506a599462f4826ae5e,GPL-3.0,copyleft,LICENSE (SPDX GPL-3.0 via the GitHub licence API),external/UMAT_ABAQUS_ELASTIC.f,13213,c2b7576950d80562e07b07c76f7b80e63e6cac6247a26017764b69a077961438,01af6f1fa915c1b9cc5222aea9af97aa2864cde209af754ce03194149ce8ad53,already_known,"the same implementation as discovery_cache/3MAH__simcoon/testBin/Umats/UMABA/external/UMAT_ABAQUS_ELASTIC.f, which this collection already counts",subroutine_umat_fortran,,
3MAH/simcoon,5413900c9cdc5997bd2eb506a599462f4826ae5e,GPL-3.0,copyleft,LICENSE (SPDX GPL-3.0 via the GitHub licence API),external/USERMAT_ANSYS_ELASTIC.for,3943,,,no_umat_entry,"Fortran, but it declares no SUBROUTINE UMAT",subroutine_umat_fortran,,
Jamal-dev/thesis_material,,,,no LICENSE file detected by the GitHub API,,0,,,licence_absent,"no licence is declared, so nothing may be redistributed from it; a repository without a LICENSE file is refused, not assumed permissive; recorded and not fetched",subroutine_umat_ddsdde,,
Patrickstarrrrr/pasta,,,,no LICENSE file detected by the GitHub API,,0,,,licence_absent,"no licence is declared, so nothing may be redistributed from it; a repository without a LICENSE file is refused, not assumed permissive; recorded and not fetched",subroutine_umat_fortran,,
PeriDoX/PeriDoX,80a3615a20539188bd20a2ca57b4389c4c58dc81,BSD-3-Clause,permissive,LICENSE (SPDX BSD-3-Clause via the GitHub licence API),Publications/2022_JOSS/data/UMAT/base.f,2030,66679e47122eeb077ba2ca9ddb5f5f50ca10dcff2259084cf0cbcab092a81b17,66ed41ff3c9c2c0bd2a5070cad15b62da981743661df0c082026e5941b82ee2b,already_known,"the same implementation as discovery_cache/PeriDoX__PeriDoX/Publications/2022_JOSS/data/UMAT/base.f, which this collection already counts",subroutine_umat_fortran,,
PeriDoX/PeriDoX,80a3615a20539188bd20a2ca57b4389c4c58dc81,BSD-3-Clause,permissive,LICENSE (SPDX BSD-3-Clause via the GitHub licence API),Publications/2022_JOSS/paper/paper.jats,37709,,,no_umat_entry,"Fortran, but it declares no SUBROUTINE UMAT",subroutine_umat_fortran,,
ahartloper/UVC_MatMod,a4b8f6e27d0c9c4699332d75f68c562ee64932ae,MIT,permissive,LICENSE (SPDX MIT via the GitHub licence API),Abaqus/UVCplanestress.for,14070,cbdd910802ee735841683ed38ed8cccd21e3c0b1484a9990b4db1d8a9fa053dd,53bec4357731a8ed1595721c4ea5ebfcec68fd92f2aabf39daafdf0333940623,already_known,"the same implementation as discovery_cache/ahartloper__UVC_MatMod/Abaqus/UVCplanestress.for, which this collection already counts",subroutine_umat_fortran,,
ahartloper/UVC_MatMod,a4b8f6e27d0c9c4699332d75f68c562ee64932ae,MIT,permissive,LICENSE (SPDX MIT via the GitHub licence API),Abaqus/UVCuniaxial.for,6412,e8e27c5655554e24fc904157156401dc56ff404ac9d945629948c436df612fed,e5152463c4fd518c0bdb9b6df4b84b462d408dc8d3f1ecc17a20da4f17ff1a66,already_known,"the same implementation as discovery_cache/ahartloper__UVC_MatMod/Abaqus/UVCuniaxial.for, which this collection already counts",subroutine_umat_fortran,,
ahartloper/UVC_MatMod,a4b8f6e27d0c9c4699332d75f68c562ee64932ae,MIT,permissive,LICENSE (SPDX MIT via the GitHub licence API),Abaqus/UVCuniaxial_IS.for,9324,514ce1514b025cef9432fab1004bed2a532dfe6316641c28ab38ae819cec684a,f1c92e8c3fd1d7fa517a6b468942720e3005ee139caaf174f4808fa10a41e671,already_known,"the same implementation as discovery_cache/ahartloper__UVC_MatMod/Abaqus/UVCuniaxial_IS.for, which this collection already counts",subroutine_umat_fortran,,
ahartloper/UVC_MatMod,a4b8f6e27d0c9c4699332d75f68c562ee64932ae,MIT,permissive,LICENSE (SPDX MIT via the GitHub licence API),Abaqus/UVCmultiaxial.for,11548,594ee2e16e1a7cfa1990e80b44e0b239a58756ce283031dab738334e37073f07,28aaefbe3895036c02137a5182963f83eb4422af064f1eb01fd1104e518e5849,already_known,"the same implementation as discovery_cache/ahartloper__UVC_MatMod/Abaqus/UVCmultiaxial.for, which this collection already counts",subroutine_umat_fortran,,
compas-dev/compas_fea2,4c1aca223221774433d4026eab24aca2a91b4523,MIT,permissive,LICENSE (SPDX MIT via the GitHub licence API),data/umat/umat-hooke-iso.f,1793,db20768b0aa00284cacc5361727623c0ad0e69e94276e6158b9d35e804475abe,61be286a0617c0f576692d68c0b7aaa637302bec500111075a80b1e855a201b4,already_known,"the same implementation as discovery_cache/compas-dev__compas_fea2/data/umat/umat-hooke-iso.f, which this collection already counts",subroutine_umat_fortran,,
compas-dev/compas_fea2,4c1aca223221774433d4026eab24aca2a91b4523,MIT,permissive,LICENSE (SPDX MIT via the GitHub licence API),data/umat/umat-hooke-transversaliso.f,1880,9d9f3e186c835299a6fc61f89dc0bcd7dfb1171674c9e6f51090a8626922a630,4249675e4b626b13c5c063c41f7720c9619bc97535182a913df64d7b95270716,already_known,"the same implementation as discovery_cache/compas-dev__compas_fea2/data/umat/umat-hooke-transversaliso.f, which this collection already counts",subroutine_umat_fortran,,
haomjc/UmatCryspl,,,,no LICENSE file detected by the GitHub API,,0,,,licence_absent,"no licence is declared, so nothing may be redistributed from it; a repository without a LICENSE file is refused, not assumed permissive; recorded and not fetched",subroutine_umat_fortran,,
j-machacek/numgeo-hardening-soil-bricks,5c0d98bbd4d186805d40228ba3daeeb223a4a393,BSD-3-Clause,permissive,LICENSE (SPDX BSD-3-Clause via the GitHub licence API),src/hs-bricks-umat/umat.f90,7717,af1548c03b6b25926f29f25607196a98cd45bbd0623e0352befd1e71055d0d03,070dd4e4863969842ef1ae0d7c35aad2e6e0fff34e698848378e479d45bbc605,already_known,"the same implementation as discovery_cache/j-machacek__numgeo-hardening-soil-bricks/src/hs-bricks-umat/umat.f90, which this collection already counts",ddsdde_statev_nprops,,
j-machacek/numgeo-hardening-soil-bricks,5c0d98bbd4d186805d40228ba3daeeb223a4a393,BSD-3-Clause,permissive,LICENSE (SPDX BSD-3-Clause via the GitHub licence API),src/incremental-driver/incrementalDriver.f,70858,,,no_umat_entry,"Fortran, but it declares no SUBROUTINE UMAT",ddsdde_statev_nprops,,
j-machacek/numgeo-hardening-soil-bricks,5c0d98bbd4d186805d40228ba3daeeb223a4a393,BSD-3-Clause,permissive,LICENSE (SPDX BSD-3-Clause via the GitHub licence API),src/incremental-driver/material_models.f90,6439,35cbfa506010f4e9a2635f3277e97fdb6d387cc55e4607abac93741da833862f,68b96b23976013e29817e187537aa6fcb83814001e7dc6fc89979fbf79059772,already_known,"the same implementation as discovery_cache/j-machacek__numgeo-hardening-soil-bricks/src/incremental-driver/material_models.f90, which this collection already counts",ddsdde_statev_nprops,,
j-machacek/numgeo-hardening-soil-bricks,5c0d98bbd4d186805d40228ba3daeeb223a4a393,BSD-3-Clause,permissive,LICENSE (SPDX BSD-3-Clause via the GitHub licence API),src/hs-bricks-umat/sdvini.f90,312,,,no_umat_entry,"Fortran, but it declares no SUBROUTINE UMAT",ddsdde_statev_nprops,,
j-machacek/numgeo-hardening-soil-bricks,5c0d98bbd4d186805d40228ba3daeeb223a4a393,BSD-3-Clause,permissive,LICENSE (SPDX BSD-3-Clause via the GitHub licence API),src/hs-bricks-umat/user.for,786,,,no_umat_entry,"Fortran, but it declares no SUBROUTINE UMAT",ddsdde_statev_nprops,,
j-machacek/numgeo-hardening-soil-bricks,5c0d98bbd4d186805d40228ba3daeeb223a4a393,BSD-3-Clause,permissive,LICENSE (SPDX BSD-3-Clause via the GitHub licence API),src/numgeo-hs-bricks-calibration/calibrate_hs_bricks.f90,5661,,,no_umat_entry,"Fortran, but it declares no SUBROUTINE UMAT",ddsdde_statev_nprops,,
j-machacek/numgeo-hardening-soil-bricks,5c0d98bbd4d186805d40228ba3daeeb223a4a393,BSD-3-Clause,permissive,LICENSE (SPDX BSD-3-Clause via the GitHub licence API),src/numgeo-hs-bricks/compatibility_numgeo_.f90,15963,,,no_umat_entry,"Fortran, but it declares no SUBROUTINE UMAT",ddsdde_statev_nprops,,
j-machacek/numgeo-hardening-soil-bricks,5c0d98bbd4d186805d40228ba3daeeb223a4a393,BSD-3-Clause,permissive,LICENSE (SPDX BSD-3-Clause via the GitHub licence API),src/numgeo-hs-bricks/github - numgeo_hardening_soil_MN_bricks_ - Kopie.f90,125104,,,no_umat_entry,"Fortran, but it declares no SUBROUTINE UMAT",ddsdde_statev_nprops,,
j-machacek/numgeo-hardening-soil-bricks,5c0d98bbd4d186805d40228ba3daeeb223a4a393,BSD-3-Clause,permissive,LICENSE (SPDX BSD-3-Clause via the GitHub licence API),src/numgeo-hs-bricks/numgeo_hardening_soil_MN_bricks_.f90,125104,,,no_umat_entry,"Fortran, but it declares no SUBROUTINE UMAT",ddsdde_statev_nprops,,
j-machacek/numgeo-hardening-soil-bricks,5c0d98bbd4d186805d40228ba3daeeb223a4a393,BSD-3-Clause,permissive,LICENSE (SPDX BSD-3-Clause via the GitHub licence API),src/numgeo-hs-bricks/precision_.f90,2981,,,no_umat_entry,"Fortran, but it declares no SUBROUTINE UMAT",ddsdde_statev_nprops,,
luisez1988/Viscoplastic-SSMC,9f89a7b30f95ad759424b6328cf17dbb882371eb,MIT,permissive,LICENSE (SPDX MIT via the GitHub licence API),UMAT_SSMCWStrainRates_Zambrano.for,78152,a8d9dd6ff940541e73b75b18b9071f7c0b13a72add8caefcf863a232f9964a2b,621d793677ca809931b52479b311521b04c891e0ceefe36301c0b19281198ef0,already_known,"the same implementation as discovery_cache/luisez1988__Viscoplastic-SSMC/UMAT_SSMCWStrainRates_Zambrano.for, which this collection already counts",subroutine_umat_fortran,,
luisez1988/Viscoplastic-SSMC,9f89a7b30f95ad759424b6328cf17dbb882371eb,MIT,permissive,LICENSE (SPDX MIT via the GitHub licence API),incrementalDriver.f,75826,,,no_umat_entry,"Fortran, but it declares no SUBROUTINE UMAT",subroutine_umat_fortran,,
ngrilli/c_pfor_am,,LGPL-2.1,permissive,LICENSE (SPDX LGPL-2.1 via the GitHub licence API),,0,,,licence_incompatible,LGPL-2.1 is outside the set this project may redistribute; recorded and not fetched,subroutine_umat_fortran,,
snake0/spec-int-2006,,,,LICENSE present but neither GitHub nor a text match identified a licence,,0,,,licence_absent,"no licence is declared, so nothing may be redistributed from it; a repository without a LICENSE file is refused, not assumed permissive; recorded and not fetched",subroutine_umat_fortran,,
thelfer/tfel,95f5b95139d1f24193aae30bc73e6f644012e44a,LGPL-3.0,copyleft,COPYING (SPDX LGPL-3.0 inferred from the licence text; GitHub's API reported no identifier for this file),docs/mfront/abaqus/umat.cpp,14124,,,no_umat_entry,"Fortran, but it declares no SUBROUTINE UMAT",ddsdde_statev_nprops,,
thelfer/tfel,95f5b95139d1f24193aae30bc73e6f644012e44a,LGPL-3.0,copyleft,COPYING (SPDX LGPL-3.0 inferred from the licence text; GitHub's API reported no identifier for this file),docs/mfront/dianafea/dianafea_external_behaviour_call.cxx,11647,,,no_umat_entry,"Fortran, but it declares no SUBROUTINE UMAT",ddsdde_statev_nprops,,
thelfer/tfel,95f5b95139d1f24193aae30bc73e6f644012e44a,LGPL-3.0,copyleft,COPYING (SPDX LGPL-3.0 inferred from the licence text; GitHub's API reported no identifier for this file),docs/mfront/dianafea/usrmat.f90,2816,,,no_umat_entry,"Fortran, but it declares no SUBROUTINE UMAT",ddsdde_statev_nprops,,
thelfer/tfel,95f5b95139d1f24193aae30bc73e6f644012e44a,LGPL-3.0,copyleft,COPYING (SPDX LGPL-3.0 inferred from the licence text; GitHub's API reported no identifier for this file),mfront/include/MFront/Abaqus/AbaqusData.hxx,1605,,,no_umat_entry,"Fortran, but it declares no SUBROUTINE UMAT",ddsdde_statev_nprops,,
thelfer/tfel,95f5b95139d1f24193aae30bc73e6f644012e44a,LGPL-3.0,copyleft,COPYING (SPDX LGPL-3.0 inferred from the licence text; GitHub's API reported no identifier for this file),mfront/include/MFront/LSDYNA/LSDYNAData.hxx,1440,,,no_umat_entry,"Fortran, but it declares no SUBROUTINE UMAT",ddsdde_statev_nprops,,
thelfer/tfel,95f5b95139d1f24193aae30bc73e6f644012e44a,LGPL-3.0,copyleft,COPYING (SPDX LGPL-3.0 inferred from the licence text; GitHub's API reported no identifier for this file),mfront/src/AbaqusInterface.cxx,59616,,,no_umat_entry,"Fortran, but it declares no SUBROUTINE UMAT",ddsdde_statev_nprops,,
thelfer/tfel,95f5b95139d1f24193aae30bc73e6f644012e44a,LGPL-3.0,copyleft,COPYING (SPDX LGPL-3.0 inferred from the licence text; GitHub's API reported no identifier for this file),mfront/src/AnsysInterface.cxx,76970,,,no_umat_entry,"Fortran, but it declares no SUBROUTINE UMAT",ddsdde_statev_nprops,,
thelfer/tfel,95f5b95139d1f24193aae30bc73e6f644012e44a,LGPL-3.0,copyleft,COPYING (SPDX LGPL-3.0 inferred from the licence text; GitHub's API reported no identifier for this file),mfront/src/CyranoInterface.cxx,44373,,,no_umat_entry,"Fortran, but it declares no SUBROUTINE UMAT",ddsdde_statev_nprops,,
thelfer/tfel,95f5b95139d1f24193aae30bc73e6f644012e44a,LGPL-3.0,copyleft,COPYING (SPDX LGPL-3.0 inferred from the licence text; GitHub's API reported no identifier for this file),mfront/src/DianaFEAInterface.cxx,29934,,,no_umat_entry,"Fortran, but it declares no SUBROUTINE UMAT",ddsdde_statev_nprops,,
thelfer/tfel,95f5b95139d1f24193aae30bc73e6f644012e44a,LGPL-3.0,copyleft,COPYING (SPDX LGPL-3.0 inferred from the licence text; GitHub's API reported no identifier for this file),bindings/fortran90/tfel_physical_constants.f90,3018,,,no_umat_entry,"Fortran, but it declares no SUBROUTINE UMAT",ddsdde_statev_nprops,,
thelfer/tfel,95f5b95139d1f24193aae30bc73e6f644012e44a,LGPL-3.0,copyleft,COPYING (SPDX LGPL-3.0 inferred from the licence text; GitHub's API reported no identifier for this file),docs/mfront/dianafea/test.f90,810,,,no_umat_entry,"Fortran, but it declares no SUBROUTINE UMAT",ddsdde_statev_nprops,,
thelfer/tfel,95f5b95139d1f24193aae30bc73e6f644012e44a,LGPL-3.0,copyleft,COPYING (SPDX LGPL-3.0 inferred from the licence text; GitHub's API reported no identifier for this file),mfront/tests/properties/compute.f,492,,,no_umat_entry,"Fortran, but it declares no SUBROUTINE UMAT",ddsdde_statev_nprops,,
thelfer/tfel,95f5b95139d1f24193aae30bc73e6f644012e44a,LGPL-3.0,copyleft,COPYING (SPDX LGPL-3.0 inferred from the licence text; GitHub's API reported no identifier for this file),mtest/tests/mtest/castem/mooney.f,12190,,,no_umat_entry,"Fortran, but it declares no SUBROUTINE UMAT",ddsdde_statev_nprops,,
thelfer/tfel,95f5b95139d1f24193aae30bc73e6f644012e44a,LGPL-3.0,copyleft,COPYING (SPDX LGPL-3.0 inferred from the licence text; GitHub's API reported no identifier for this file),mtest/tests/mtest/castem/neohoo.f,4679,,,no_umat_entry,"Fortran, but it declares no SUBROUTINE UMAT",ddsdde_statev_nprops,,
thelfer/tfel,95f5b95139d1f24193aae30bc73e6f644012e44a,LGPL-3.0,copyleft,COPYING (SPDX LGPL-3.0 inferred from the licence text; GitHub's API reported no identifier for this file),mtest/tests/mtest/castem/umat.f,18807,8b2f6c383e9c07bfd3db4a09efd072e63c4ff934a9132a5cf04c576e63bdc8dc,77276911be4e7864b2b583d45687762d1f1ed68f58338b1b8029be04e670cfc5,candidate,"distinct, licensed LGPL-3.0 (copyleft), declares a UMAT entry point; not yet transformed or verified",ddsdde_statev_nprops,thelfer__tfel/mtest/tests/mtest/castem/umat.f,
zhao1995/MiniThesi,,,,no LICENSE file detected by the GitHub API,,0,,,licence_absent,"no licence is declared, so nothing may be redistributed from it; a repository without a LICENSE file is refused, not assumed permissive; recorded and not fetched",subroutine_umat_fortran,,
Aero-tomato/SMA-UMAT,,,,no LICENSE file detected by the GitHub API,,0,,,licence_absent,"no licence is declared, so nothing may be redistributed from it; a repository without a LICENSE file is refused, not assumed permissive; recorded and not fetched",subroutine_umat_fortran,,
GundaSachin/Finite-Strain-fractional-poroelasticity,,,,no LICENSE file detected by the GitHub API,,0,,,licence_absent,"no licence is declared, so nothing may be redistributed from it; a repository without a LICENSE file is refused, not assumed permissive; recorded and not fetched",subroutine_umat_fortran,,
HenannResearchGroup/ElastomericFoam,,,,no LICENSE file detected by the GitHub API,,0,,,licence_absent,"no licence is declared, so nothing may be redistributed from it; a repository without a LICENSE file is refused, not assumed permissive; recorded and not fetched",subroutine_umat_fortran,,
Megidd/CalculiX,,,,no LICENSE file detected by the GitHub API,,0,,,licence_absent,"no licence is declared, so nothing may be redistributed from it; a repository without a LICENSE file is refused, not assumed permissive; recorded and not fetched",subroutine_umat_fortran,,
Pavan-asur/Fatigue-Solidshell,,,,no LICENSE file detected by the GitHub API,,0,,,licence_absent,"no licence is declared, so nothing may be redistributed from it; a repository without a LICENSE file is refused, not assumed permissive; recorded and not fetched",subroutine_umat_fortran,,
PeriHub/PeriLab.jl,8a10ab0527ae7626eab276ba3ceb001df8f1064e,BSD-3-Clause,permissive,LICENSE.md (SPDX BSD-3-Clause via the GitHub licence API),src/Models/Material/UMATs/base.f,2077,2e5e2ee0102bb1651f212350f4cc789aae435fcec5bb3d7972bb7a48a405264a,66ed41ff3c9c2c0bd2a5070cad15b62da981743661df0c082026e5941b82ee2b,already_known,"the same implementation as discovery_cache/PeriDoX__PeriDoX/Publications/2022_JOSS/data/UMAT/base.f, which this collection already counts",subroutine_umat_fortran,,
PeriHub/PeriLab.jl,8a10ab0527ae7626eab276ba3ceb001df8f1064e,BSD-3-Clause,permissive,LICENSE.md (SPDX BSD-3-Clause via the GitHub licence API),src/Models/Material/UMATs/usertest.f,1452,9b06230a10c12f099083b01a4cff79ae9b66d31e480dde55633f573163be9565,0c8c9fda7a484bd934945294c71fa5620e02e1faa245bcaa4fa2aeb2948fa2e3,already_known,"the same implementation as discovery_cache/PeriHub__PeriLab.jl/src/Models/Material/UMATs/usertest.f, which this collection already counts",subroutine_umat_fortran,,
PeriHub/PeriLab.jl,8a10ab0527ae7626eab276ba3ceb001df8f1064e,BSD-3-Clause,permissive,LICENSE.md (SPDX BSD-3-Clause via the GitHub licence API),src/Models/Thermal/HETVALs/hetval.f,404,,,no_umat_entry,"Fortran, but it declares no SUBROUTINE UMAT",subroutine_umat_fortran,,
PeriHub/PeriLab.jl,8a10ab0527ae7626eab276ba3ceb001df8f1064e,BSD-3-Clause,permissive,LICENSE.md (SPDX BSD-3-Clause via the GitHub licence API),test/fullscale_tests/test_Hetval/hetval.f,336,,,no_umat_entry,"Fortran, but it declares no SUBROUTINE UMAT",subroutine_umat_fortran,,
RafalMichalczyk/PavementDesign,ef0b1dc48ec9a59f2a4aade4d64b36d64fb0230c,GPL-3.0,copyleft,LICENSE (SPDX GPL-3.0 via the GitHub licence API),Subroutines/umat_gmaxwell.for,4175,dc0ab28860340caa5d5549b4844ca553946a5174e596e3b5e3d5668a847774b7,e930f983935dc194a289c5870b1e8b9eb55b0208fc248190ce290caa92218630,already_known,"the same implementation as discovery_cache/RafalMichalczyk__PavementDesign/Subroutines/umat_gmaxwell.for, which this collection already counts",subroutine_umat_fortran,,
RafalMichalczyk/PavementDesign,ef0b1dc48ec9a59f2a4aade4d64b36d64fb0230c,GPL-3.0,copyleft,LICENSE (SPDX GPL-3.0 via the GitHub licence API),Subroutines/dload.for,2740,,,no_umat_entry,"Fortran, but it declares no SUBROUTINE UMAT",subroutine_umat_fortran,,
RafalMichalczyk/PavementDesign,ef0b1dc48ec9a59f2a4aade4d64b36d64fb0230c,GPL-3.0,copyleft,LICENSE (SPDX GPL-3.0 via the GitHub licence API),Subroutines/umat_ms_plast.for,4686,cb86a098e3455c19f820ed4f1e027ef2411bcf2d021d66549d18b5839986b487,a0403127b09eb66c2bb8b7d02f0ab72d7393951789944eccf0126e269306191d,already_known,"the same implementation as discovery_cache/RafalMichalczyk__PavementDesign/Subroutines/umat_ms_plast.for, which this collection already counts",subroutine_umat_fortran,,
Yutu0k/ABQflow,f7171435fc2b3e26c49ee954e8d7daaa382620e1,MIT,permissive,LICENSE (SPDX MIT via the GitHub licence API),examples/07_SubroutineJob/subroutine/umat_elastic.for,3699,5dd34c28af4e93bf56a38fffd2e3c39b0433e0e651913c223d682f9eb6aa15e8,f7065079139e0e04711ade7123f6a3f659bb7a3e35e7e6a6ce7b6c6f87b82c84,already_known,"the same implementation as discovery_cache/Yutu0k__ABQflow/examples/07_SubroutineJob/subroutine/umat_elastic.for, which this collection already counts",subroutine_umat_fortran,,
Zexu-Fan/COUPLED_ELEMENT_ABAQUS,,,,no LICENSE file detected by the GitHub API,,0,,,licence_absent,"no licence is declared, so nothing may be redistributed from it; a repository without a LICENSE file is refused, not assumed permissive; recorded and not fetched",subroutine_umat_fortran,,
brizzer/elmerfem_piezo,9910affa795afecc77a08cfce20d79065183a22d,BSD-3-Clause,permissive,LICENSE.md (SPDX BSD-3-Clause inferred from the licence text; GitHub's API reported no identifier for this file),fem/src/LoadMod.F90,38754,,,no_umat_entry,"Fortran, but it declares no SUBROUTINE UMAT",subroutine_umat_ddsdde,,
brizzer/elmerfem_piezo,9910affa795afecc77a08cfce20d79065183a22d,BSD-3-Clause,permissive,LICENSE.md (SPDX BSD-3-Clause inferred from the licence text; GitHub's API reported no identifier for this file),fem/src/modules/ElasticSolve.F90,227283,bd79cfc8b71b020d5532ad2fb130321f0806fd928a33dc7f2e1ab2781cb85f73,09ce17587c2cf287cd3ed539736475a1024f28e41060e86522061f91a5eb7403,candidate,"distinct, licensed BSD-3-Clause (permissive), declares a UMAT entry point; not yet transformed or verified",subroutine_umat_ddsdde,brizzer__elmerfem_piezo/fem/src/modules/ElasticSolve.F90,
brizzer/elmerfem_piezo,9910affa795afecc77a08cfce20d79065183a22d,BSD-3-Clause,permissive,LICENSE.md (SPDX BSD-3-Clause inferred from the licence text; GitHub's API reported no identifier for this file),fem/src/modules/UMATLib.F90,35817,,,no_umat_entry,"Fortran, but it declares no SUBROUTINE UMAT",subroutine_umat_ddsdde,,
brizzer/elmerfem_piezo,9910affa795afecc77a08cfce20d79065183a22d,BSD-3-Clause,permissive,LICENSE.md (SPDX BSD-3-Clause inferred from the licence text; GitHub's API reported no identifier for this file),fem/tests/UMAT_StVenant_2D/MyUMAT.F90,11354,,,no_umat_entry,"Fortran, but it declares no SUBROUTINE UMAT",subroutine_umat_ddsdde,,
brizzer/elmerfem_piezo,9910affa795afecc77a08cfce20d79065183a22d,BSD-3-Clause,permissive,LICENSE.md (SPDX BSD-3-Clause inferred from the licence text; GitHub's API reported no identifier for this file),fem/tests/UMAT_StVenant_axials/LocalUMAT.F90,45822,,,no_umat_entry,"Fortran, but it declares no SUBROUTINE UMAT",subroutine_umat_ddsdde,,
brizzer/elmerfem_piezo,9910affa795afecc77a08cfce20d79065183a22d,BSD-3-Clause,permissive,LICENSE.md (SPDX BSD-3-Clause inferred from the licence text; GitHub's API reported no identifier for this file),ElmerWorkflows/Gid2Elmer/elmer.gid/findparents.f90,5326,,,no_umat_entry,"Fortran, but it declares no SUBROUTINE UMAT",subroutine_umat_ddsdde,,
brizzer/elmerfem_piezo,9910affa795afecc77a08cfce20d79065183a22d,BSD-3-Clause,permissive,LICENSE.md (SPDX BSD-3-Clause inferred from the licence text; GitHub's API reported no identifier for this file),ElmerWorkflows/Gid2Elmer/elmer.gid/gid2elmer.f90,1325,,,no_umat_entry,"Fortran, but it declares no SUBROUTINE UMAT",subroutine_umat_ddsdde,,
brizzer/elmerfem_piezo,9910affa795afecc77a08cfce20d79065183a22d,BSD-3-Clause,permissive,LICENSE.md (SPDX BSD-3-Clause inferred from the licence text; GitHub's API reported no identifier for this file),elmerice/IceSheet/Greenland/MAKE_MESH/USF_PCond.F90,1170,,,no_umat_entry,"Fortran, but it declares no SUBROUTINE UMAT",subroutine_umat_ddsdde,,
brizzer/elmerfem_piezo,9910affa795afecc77a08cfce20d79065183a22d,BSD-3-Clause,permissive,LICENSE.md (SPDX BSD-3-Clause inferred from the licence text; GitHub's API reported no identifier for this file),elmerice/IceSheet/Greenland/SSA/Scalar_OUTPUT.F90,22134,,,no_umat_entry,"Fortran, but it declares no SUBROUTINE UMAT",subroutine_umat_ddsdde,,
brizzer/elmerfem_piezo,9910affa795afecc77a08cfce20d79065183a22d,BSD-3-Clause,permissive,LICENSE.md (SPDX BSD-3-Clause inferred from the licence text; GitHub's API reported no identifier for this file),elmerice/IceSheet/Greenland/SSA_FRICTION_INIT/USFs.F90,722,,,no_umat_entry,"Fortran, but it declares no SUBROUTINE UMAT",subroutine_umat_ddsdde,,
brizzer/elmerfem_piezo,9910affa795afecc77a08cfce20d79065183a22d,BSD-3-Clause,permissive,LICENSE.md (SPDX BSD-3-Clause inferred from the licence text; GitHub's API reported no identifier for this file),elmerice/IceSheet/Tools/ConservativeInterpolation/CELL_TO_NODE.F90,5482,,,no_umat_entry,"Fortran, but it declares no SUBROUTINE UMAT",subroutine_umat_ddsdde,,
brizzer/elmerfem_piezo,9910affa795afecc77a08cfce20d79065183a22d,BSD-3-Clause,permissive,LICENSE.md (SPDX BSD-3-Clause inferred from the licence text; GitHub's API reported no identifier for this file),elmerice/IceSheet/Tools/ConservativeInterpolation/MakeCDOGridDesc.F90,5413,,,no_umat_entry,"Fortran, but it declares no SUBROUTINE UMAT",subroutine_umat_ddsdde,,
brizzer/elmerfem_piezo,9910affa795afecc77a08cfce20d79065183a22d,BSD-3-Clause,permissive,LICENSE.md (SPDX BSD-3-Clause inferred from the licence text; GitHub's API reported no identifier for this file),elmerice/IceSheet/Tools/ConservativeInterpolation/READ_CELL_NETCDF.F90,6819,,,no_umat_entry,"Fortran, but it declares no SUBROUTINE UMAT",subroutine_umat_ddsdde,,
brizzer/elmerfem_piezo,9910affa795afecc77a08cfce20d79065183a22d,BSD-3-Clause,permissive,LICENSE.md (SPDX BSD-3-Clause inferred from the licence text; GitHub's API reported no identifier for this file),elmerice/Meshers/MshGlacier.F90,5641,,,no_umat_entry,"Fortran, but it declares no SUBROUTINE UMAT",subroutine_umat_ddsdde,,
brizzer/elmerfem_piezo,9910affa795afecc77a08cfce20d79065183a22d,BSD-3-Clause,permissive,LICENSE.md (SPDX BSD-3-Clause inferred from the licence text; GitHub's API reported no identifier for this file),elmerice/Meshers/MshGlacierDEM.F90,10672,,,no_umat_entry,"Fortran, but it declares no SUBROUTINE UMAT",subroutine_umat_ddsdde,,
brizzer/elmerfem_piezo,9910affa795afecc77a08cfce20d79065183a22d,BSD-3-Clause,permissive,LICENSE.md (SPDX BSD-3-Clause inferred from the licence text; GitHub's API reported no identifier for this file),elmerice/Meshers/MshGlacierSynthetic.F90,4862,,,no_umat_entry,"Fortran, but it declares no SUBROUTINE UMAT",subroutine_umat_ddsdde,,
brizzer/elmerfem_piezo,9910affa795afecc77a08cfce20d79065183a22d,BSD-3-Clause,permissive,LICENSE.md (SPDX BSD-3-Clause inferred from the licence text; GitHub's API reported no identifier for this file),elmerice/Solvers/AIFlowSolve_nlD2.F90,52572,,,no_umat_entry,"Fortran, but it declares no SUBROUTINE UMAT",subroutine_umat_ddsdde,,
brizzer/elmerfem_piezo,9910affa795afecc77a08cfce20d79065183a22d,BSD-3-Clause,permissive,LICENSE.md (SPDX BSD-3-Clause inferred from the licence text; GitHub's API reported no identifier for this file),elmerice/Solvers/AIFlowSolve_nlS2.F90,53565,,,no_umat_entry,"Fortran, but it declares no SUBROUTINE UMAT",subroutine_umat_ddsdde,,
brizzer/elmerfem_piezo,9910affa795afecc77a08cfce20d79065183a22d,BSD-3-Clause,permissive,LICENSE.md (SPDX BSD-3-Clause inferred from the licence text; GitHub's API reported no identifier for this file),elmerice/Solvers/Adjoint/Adjoint_CostContSolver.F90,11442,,,no_umat_entry,"Fortran, but it declares no SUBROUTINE UMAT",subroutine_umat_ddsdde,,
brizzer/elmerfem_piezo,9910affa795afecc77a08cfce20d79065183a22d,BSD-3-Clause,permissive,LICENSE.md (SPDX BSD-3-Clause inferred from the licence text; GitHub's API reported no identifier for this file),elmerice/Solvers/Adjoint/Adjoint_CostDiscSolver.F90,30758,,,no_umat_entry,"Fortran, but it declares no SUBROUTINE UMAT",subroutine_umat_ddsdde,,
brizzer/elmerfem_piezo,9910affa795afecc77a08cfce20d79065183a22d,BSD-3-Clause,permissive,LICENSE.md (SPDX BSD-3-Clause inferred from the licence text; GitHub's API reported no identifier for this file),elmerice/Solvers/Adjoint/Adjoint_CostRegSolver.F90,15633,,,no_umat_entry,"Fortran, but it declares no SUBROUTINE UMAT",subroutine_umat_ddsdde,,
brizzer/elmerfem_piezo,9910affa795afecc77a08cfce20d79065183a22d,BSD-3-Clause,permissive,LICENSE.md (SPDX BSD-3-Clause inferred from the licence text; GitHub's API reported no identifier for this file),elmerice/Solvers/Adjoint/Adjoint_GradientValidation.F90,11027,,,no_umat_entry,"Fortran, but it declares no SUBROUTINE UMAT",subroutine_umat_ddsdde,,
brizzer/elmerfem_piezo,9910affa795afecc77a08cfce20d79065183a22d,BSD-3-Clause,permissive,LICENSE.md (SPDX BSD-3-Clause inferred from the licence text; GitHub's API reported no identifier for this file),elmerice/Solvers/Adjoint/Adjoint_LinearSolver.F90,13830,,,no_umat_entry,"Fortran, but it declares no SUBROUTINE UMAT",subroutine_umat_ddsdde,,
brizzer/elmerfem_piezo,9910affa795afecc77a08cfce20d79065183a22d,BSD-3-Clause,permissive,LICENSE.md (SPDX BSD-3-Clause inferred from the licence text; GitHub's API reported no identifier for this file),elmerice/Solvers/AdjointSSA/AdjointSSA_AdjointSolver.F90,13969,,,no_umat_entry,"Fortran, but it declares no SUBROUTINE UMAT",subroutine_umat_ddsdde,,
brizzer/elmerfem_piezo,9910affa795afecc77a08cfce20d79065183a22d,BSD-3-Clause,permissive,LICENSE.md (SPDX BSD-3-Clause inferred from the licence text; GitHub's API reported no identifier for this file),elmerice/Solvers/AdjointSSA/AdjointSSA_CostContSolver.F90,11414,,,no_umat_entry,"Fortran, but it declares no SUBROUTINE UMAT",subroutine_umat_ddsdde,,
brizzer/elmerfem_piezo,9910affa795afecc77a08cfce20d79065183a22d,BSD-3-Clause,permissive,LICENSE.md (SPDX BSD-3-Clause inferred from the licence text; GitHub's API reported no identifier for this file),elmerice/Solvers/AdjointSSA/AdjointSSA_CostDiscSolver.F90,23836,,,no_umat_entry,"Fortran, but it declares no SUBROUTINE UMAT",subroutine_umat_ddsdde,,
brizzer/elmerfem_piezo,9910affa795afecc77a08cfce20d79065183a22d,BSD-3-Clause,permissive,LICENSE.md (SPDX BSD-3-Clause inferred from the licence text; GitHub's API reported no identifier for this file),elmerice/Solvers/AdjointSSA/AdjointSSA_CostFluxDivSolver.F90,17433,,,no_umat_entry,"Fortran, but it declares no SUBROUTINE UMAT",subroutine_umat_ddsdde,,
brizzer/elmerfem_piezo,9910affa795afecc77a08cfce20d79065183a22d,BSD-3-Clause,permissive,LICENSE.md (SPDX BSD-3-Clause inferred from the licence text; GitHub's API reported no identifier for this file),elmerice/Solvers/AdjointSSA/AdjointSSA_CostRegSolver.F90,15489,,,no_umat_entry,"Fortran, but it declares no SUBROUTINE UMAT",subroutine_umat_ddsdde,,
brizzer/elmerfem_piezo,9910affa795afecc77a08cfce20d79065183a22d,BSD-3-Clause,permissive,LICENSE.md (SPDX BSD-3-Clause inferred from the licence text; GitHub's API reported no identifier for this file),elmerice/Solvers/AdjointSSA/AdjointSSA_CostTaubSolver.F90,13918,,,no_umat_entry,"Fortran, but it declares no SUBROUTINE UMAT",subroutine_umat_ddsdde,,
brizzer/elmerfem_piezo,9910affa795afecc77a08cfce20d79065183a22d,BSD-3-Clause,permissive,LICENSE.md (SPDX BSD-3-Clause inferred from the licence text; GitHub's API reported no identifier for this file),elmerice/Solvers/AdjointSSA/AdjointSSA_GradientSolver.F90,34058,,,no_umat_entry,"Fortran, but it declares no SUBROUTINE UMAT",subroutine_umat_ddsdde,,
brizzer/elmerfem_piezo,9910affa795afecc77a08cfce20d79065183a22d,BSD-3-Clause,permissive,LICENSE.md (SPDX BSD-3-Clause inferred from the licence text; GitHub's API reported no identifier for this file),elmerice/Solvers/AdjointSSA/AdjointSSA_SSASolver.F90,29386,,,no_umat_entry,"Fortran, but it declares no SUBROUTINE UMAT",subroutine_umat_ddsdde,,
brizzer/elmerfem_piezo,9910affa795afecc77a08cfce20d79065183a22d,BSD-3-Clause,permissive,LICENSE.md (SPDX BSD-3-Clause inferred from the licence text; GitHub's API reported no identifier for this file),elmerice/Solvers/AdjointSolver.F90,9110,,,no_umat_entry,"Fortran, but it declares no SUBROUTINE UMAT",subroutine_umat_ddsdde,,
brizzer/elmerfem_piezo,9910affa795afecc77a08cfce20d79065183a22d,BSD-3-Clause,permissive,LICENSE.md (SPDX BSD-3-Clause inferred from the licence text; GitHub's API reported no identifier for this file),elmerice/Solvers/AdjointStokes/AdjointStokes_GradientBetaSolver.F90,11833,,,no_umat_entry,"Fortran, but it declares no SUBROUTINE UMAT",subroutine_umat_ddsdde,,
brizzer/elmerfem_piezo,9910affa795afecc77a08cfce20d79065183a22d,BSD-3-Clause,permissive,LICENSE.md (SPDX BSD-3-Clause inferred from the licence text; GitHub's API reported no identifier for this file),elmerice/Solvers/AdjointStokes/AdjointStokes_GradientMu.F90,10584,,,no_umat_entry,"Fortran, but it declares no SUBROUTINE UMAT",subroutine_umat_ddsdde,,
brizzer/elmerfem_piezo,9910affa795afecc77a08cfce20d79065183a22d,BSD-3-Clause,permissive,LICENSE.md (SPDX BSD-3-Clause inferred from the licence text; GitHub's API reported no identifier for this file),elmerice/Solvers/AdjointThickness/AdjointThickness_GradientSolver.F90,20614,,,no_umat_entry,"Fortran, but it declares no SUBROUTINE UMAT",subroutine_umat_ddsdde,,
brizzer/elmerfem_piezo,9910affa795afecc77a08cfce20d79065183a22d,BSD-3-Clause,permissive,LICENSE.md (SPDX BSD-3-Clause inferred from the licence text; GitHub's API reported no identifier for this file),elmerice/Solvers/AdjointThickness/AdjointThickness_ThicknessSolver.F90,14898,,,no_umat_entry,"Fortran, but it declares no SUBROUTINE UMAT",subroutine_umat_ddsdde,,
brizzer/elmerfem_piezo,9910affa795afecc77a08cfce20d79065183a22d,BSD-3-Clause,permissive,LICENSE.md (SPDX BSD-3-Clause inferred from the licence text; GitHub's API reported no identifier for this file),elmerice/Solvers/BasalMelt3D.F90,13263,,,no_umat_entry,"Fortran, but it declares no SUBROUTINE UMAT",subroutine_umat_ddsdde,,
brizzer/elmerfem_piezo,9910affa795afecc77a08cfce20d79065183a22d,BSD-3-Clause,permissive,LICENSE.md (SPDX BSD-3-Clause inferred from the licence text; GitHub's API reported no identifier for this file),elmerice/Solvers/CaffeSolver.F90,91305,,,no_umat_entry,"Fortran, but it declares no SUBROUTINE UMAT",subroutine_umat_ddsdde,,
brizzer/elmerfem_piezo,9910affa795afecc77a08cfce20d79065183a22d,BSD-3-Clause,permissive,LICENSE.md (SPDX BSD-3-Clause inferred from the licence text; GitHub's API reported no identifier for this file),elmerice/Solvers/Calving.F90,53836,,,no_umat_entry,"Fortran, but it declares no SUBROUTINE UMAT",subroutine_umat_ddsdde,,
brizzer/elmerfem_piezo,9910affa795afecc77a08cfce20d79065183a22d,BSD-3-Clause,permissive,LICENSE.md (SPDX BSD-3-Clause inferred from the licence text; GitHub's API reported no identifier for this file),elmerice/Solvers/Calving3D.F90,83561,,,no_umat_entry,"Fortran, but it declares no SUBROUTINE UMAT",subroutine_umat_ddsdde,,
brizzer/elmerfem_piezo,9910affa795afecc77a08cfce20d79065183a22d,BSD-3-Clause,permissive,LICENSE.md (SPDX BSD-3-Clause inferred from the licence text; GitHub's API reported no identifier for this file),,0,,,not_examined,stopped after 40 files from this repository; 2178 not read,subroutine_umat_ddsdde,,
core-marine-dev/elmerfem,4cc5d87035abeb760ab42d508e96ee2e60687de2,BSD-3-Clause,permissive,LICENSE.md (SPDX BSD-3-Clause inferred from the licence text; GitHub's API reported no identifier for this file),fem/src/LoadMod.F90,38774,,,no_umat_entry,"Fortran, but it declares no SUBROUTINE UMAT",subroutine_umat_ddsdde,,
core-marine-dev/elmerfem,4cc5d87035abeb760ab42d508e96ee2e60687de2,BSD-3-Clause,permissive,LICENSE.md (SPDX BSD-3-Clause inferred from the licence text; GitHub's API reported no identifier for this file),fem/src/modules/ElasticSolve.F90,226670,fe8cfaa45edcaac0053e4db4a3991dc06d75b8f0c88f5f01a6ba3102411670f8,9dedcc395f1102e19856b3aed68bb48b7aed68824cce2958f84b93f1155272ef,candidate,"distinct, licensed BSD-3-Clause (permissive), declares a UMAT entry point; not yet transformed or verified",subroutine_umat_ddsdde,core-marine-dev__elmerfem/fem/src/modules/ElasticSolve.F90,
core-marine-dev/elmerfem,4cc5d87035abeb760ab42d508e96ee2e60687de2,BSD-3-Clause,permissive,LICENSE.md (SPDX BSD-3-Clause inferred from the licence text; GitHub's API reported no identifier for this file),fem/src/modules/UMATLib.F90,35783,,,no_umat_entry,"Fortran, but it declares no SUBROUTINE UMAT",subroutine_umat_ddsdde,,
core-marine-dev/elmerfem,4cc5d87035abeb760ab42d508e96ee2e60687de2,BSD-3-Clause,permissive,LICENSE.md (SPDX BSD-3-Clause inferred from the licence text; GitHub's API reported no identifier for this file),fem/tests/UMAT_StVenant_axials/LocalUMAT.F90,45737,,,no_umat_entry,"Fortran, but it declares no SUBROUTINE UMAT",subroutine_umat_ddsdde,,
core-marine-dev/elmerfem,4cc5d87035abeb760ab42d508e96ee2e60687de2,BSD-3-Clause,permissive,LICENSE.md (SPDX BSD-3-Clause inferred from the licence text; GitHub's API reported no identifier for this file),ElmerWorkflows/Gid2Elmer/elmer.gid/findparents.f90,5326,,,no_umat_entry,"Fortran, but it declares no SUBROUTINE UMAT",subroutine_umat_ddsdde,,
core-marine-dev/elmerfem,4cc5d87035abeb760ab42d508e96ee2e60687de2,BSD-3-Clause,permissive,LICENSE.md (SPDX BSD-3-Clause inferred from the licence text; GitHub's API reported no identifier for this file),ElmerWorkflows/Gid2Elmer/elmer.gid/gid2elmer.f90,1325,,,no_umat_entry,"Fortran, but it declares no SUBROUTINE UMAT",subroutine_umat_ddsdde,,
core-marine-dev/elmerfem,4cc5d87035abeb760ab42d508e96ee2e60687de2,BSD-3-Clause,permissive,LICENSE.md (SPDX BSD-3-Clause inferred from the licence text; GitHub's API reported no identifier for this file),elmerice/IceSheet/Greenland/MAKE_MESH/USF_PCond.F90,1170,,,no_umat_entry,"Fortran, but it declares no SUBROUTINE UMAT",subroutine_umat_ddsdde,,
core-marine-dev/elmerfem,4cc5d87035abeb760ab42d508e96ee2e60687de2,BSD-3-Clause,permissive,LICENSE.md (SPDX BSD-3-Clause inferred from the licence text; GitHub's API reported no identifier for this file),elmerice/IceSheet/Greenland/SSA/Scalar_OUTPUT.F90,22134,,,no_umat_entry,"Fortran, but it declares no SUBROUTINE UMAT",subroutine_umat_ddsdde,,
core-marine-dev/elmerfem,4cc5d87035abeb760ab42d508e96ee2e60687de2,BSD-3-Clause,permissive,LICENSE.md (SPDX BSD-3-Clause inferred from the licence text; GitHub's API reported no identifier for this file),elmerice/IceSheet/Greenland/SSA_FRICTION_INIT/USFs.F90,722,,,no_umat_entry,"Fortran, but it declares no SUBROUTINE UMAT",subroutine_umat_ddsdde,,
core-marine-dev/elmerfem,4cc5d87035abeb760ab42d508e96ee2e60687de2,BSD-3-Clause,permissive,LICENSE.md (SPDX BSD-3-Clause inferred from the licence text; GitHub's API reported no identifier for this file),elmerice/IceSheet/Tools/ConservativeInterpolation/CELL_TO_NODE.F90,5482,,,no_umat_entry,"Fortran, but it declares no SUBROUTINE UMAT",subroutine_umat_ddsdde,,
core-marine-dev/elmerfem,4cc5d87035abeb760ab42d508e96ee2e60687de2,BSD-3-Clause,permissive,LICENSE.md (SPDX BSD-3-Clause inferred from the licence text; GitHub's API reported no identifier for this file),elmerice/IceSheet/Tools/ConservativeInterpolation/MakeCDOGridDesc.F90,5413,,,no_umat_entry,"Fortran, but it declares no SUBROUTINE UMAT",subroutine_umat_ddsdde,,
core-marine-dev/elmerfem,4cc5d87035abeb760ab42d508e96ee2e60687de2,BSD-3-Clause,permissive,LICENSE.md (SPDX BSD-3-Clause inferred from the licence text; GitHub's API reported no identifier for this file),elmerice/IceSheet/Tools/ConservativeInterpolation/READ_CELL_NETCDF.F90,6819,,,no_umat_entry,"Fortran, but it declares no SUBROUTINE UMAT",subroutine_umat_ddsdde,,
core-marine-dev/elmerfem,4cc5d87035abeb760ab42d508e96ee2e60687de2,BSD-3-Clause,permissive,LICENSE.md (SPDX BSD-3-Clause inferred from the licence text; GitHub's API reported no identifier for this file),elmerice/Meshers/MshGlacier.F90,5641,,,no_umat_entry,"Fortran, but it declares no SUBROUTINE UMAT",subroutine_umat_ddsdde,,
core-marine-dev/elmerfem,4cc5d87035abeb760ab42d508e96ee2e60687de2,BSD-3-Clause,permissive,LICENSE.md (SPDX BSD-3-Clause inferred from the licence text; GitHub's API reported no identifier for this file),elmerice/Meshers/MshGlacierDEM.F90,10672,,,no_umat_entry,"Fortran, but it declares no SUBROUTINE UMAT",subroutine_umat_ddsdde,,
core-marine-dev/elmerfem,4cc5d87035abeb760ab42d508e96ee2e60687de2,BSD-3-Clause,permissive,LICENSE.md (SPDX BSD-3-Clause inferred from the licence text; GitHub's API reported no identifier for this file),elmerice/Meshers/MshGlacierSynthetic.F90,4862,,,no_umat_entry,"Fortran, but it declares no SUBROUTINE UMAT",subroutine_umat_ddsdde,,
core-marine-dev/elmerfem,4cc5d87035abeb760ab42d508e96ee2e60687de2,BSD-3-Clause,permissive,LICENSE.md (SPDX BSD-3-Clause inferred from the licence text; GitHub's API reported no identifier for this file),elmerice/Solvers/AIFlowSolve_nlD2.F90,52652,,,no_umat_entry,"Fortran, but it declares no SUBROUTINE UMAT",subroutine_umat_ddsdde,,
core-marine-dev/elmerfem,4cc5d87035abeb760ab42d508e96ee2e60687de2,BSD-3-Clause,permissive,LICENSE.md (SPDX BSD-3-Clause inferred from the licence text; GitHub's API reported no identifier for this file),elmerice/Solvers/AIFlowSolve_nlS2.F90,53644,,,no_umat_entry,"Fortran, but it declares no SUBROUTINE UMAT",subroutine_umat_ddsdde,,
core-marine-dev/elmerfem,4cc5d87035abeb760ab42d508e96ee2e60687de2,BSD-3-Clause,permissive,LICENSE.md (SPDX BSD-3-Clause inferred from the licence text; GitHub's API reported no identifier for this file),elmerice/Solvers/Adjoint/Adjoint_CostContSolver.F90,11442,,,no_umat_entry,"Fortran, but it declares no SUBROUTINE UMAT",subroutine_umat_ddsdde,,
core-marine-dev/elmerfem,4cc5d87035abeb760ab42d508e96ee2e60687de2,BSD-3-Clause,permissive,LICENSE.md (SPDX BSD-3-Clause inferred from the licence text; GitHub's API reported no identifier for this file),elmerice/Solvers/Adjoint/Adjoint_CostDiscSolver.F90,30800,,,no_umat_entry,"Fortran, but it declares no SUBROUTINE UMAT",subroutine_umat_ddsdde,,
core-marine-dev/elmerfem,4cc5d87035abeb760ab42d508e96ee2e60687de2,BSD-3-Clause,permissive,LICENSE.md (SPDX BSD-3-Clause inferred from the licence text; GitHub's API reported no identifier for this file),elmerice/Solvers/Adjoint/Adjoint_CostRegSolver.F90,15633,,,no_umat_entry,"Fortran, but it declares no SUBROUTINE UMAT",subroutine_umat_ddsdde,,
core-marine-dev/elmerfem,4cc5d87035abeb760ab42d508e96ee2e60687de2,BSD-3-Clause,permissive,LICENSE.md (SPDX BSD-3-Clause inferred from the licence text; GitHub's API reported no identifier for this file),elmerice/Solvers/Adjoint/Adjoint_GradientValidation.F90,11049,,,no_umat_entry,"Fortran, but it declares no SUBROUTINE UMAT",subroutine_umat_ddsdde,,
core-marine-dev/elmerfem,4cc5d87035abeb760ab42d508e96ee2e60687de2,BSD-3-Clause,permissive,LICENSE.md (SPDX BSD-3-Clause inferred from the licence text; GitHub's API reported no identifier for this file),elmerice/Solvers/Adjoint/Adjoint_LinearSolver.F90,13830,,,no_umat_entry,"Fortran, but it declares no SUBROUTINE UMAT",subroutine_umat_ddsdde,,
core-marine-dev/elmerfem,4cc5d87035abeb760ab42d508e96ee2e60687de2,BSD-3-Clause,permissive,LICENSE.md (SPDX BSD-3-Clause inferred from the licence text; GitHub's API reported no identifier for this file),elmerice/Solvers/AdjointSSA/AdjointSSA_AdjointSolver.F90,13969,,,no_umat_entry,"Fortran, but it declares no SUBROUTINE UMAT",subroutine_umat_ddsdde,,
core-marine-dev/elmerfem,4cc5d87035abeb760ab42d508e96ee2e60687de2,BSD-3-Clause,permissive,LICENSE.md (SPDX BSD-3-Clause inferred from the licence text; GitHub's API reported no identifier for this file),elmerice/Solvers/AdjointSSA/AdjointSSA_CostContSolver.F90,11456,,,no_umat_entry,"Fortran, but it declares no SUBROUTINE UMAT",subroutine_umat_ddsdde,,
core-marine-dev/elmerfem,4cc5d87035abeb760ab42d508e96ee2e60687de2,BSD-3-Clause,permissive,LICENSE.md (SPDX BSD-3-Clause inferred from the licence text; GitHub's API reported no identifier for this file),elmerice/Solvers/AdjointSSA/AdjointSSA_CostDiscSolver.F90,23878,,,no_umat_entry,"Fortran, but it declares no SUBROUTINE UMAT",subroutine_umat_ddsdde,,
core-marine-dev/elmerfem,4cc5d87035abeb760ab42d508e96ee2e60687de2,BSD-3-Clause,permissive,LICENSE.md (SPDX BSD-3-Clause inferred from the licence text; GitHub's API reported no identifier for this file),elmerice/Solvers/AdjointSSA/AdjointSSA_CostFluxDivSolver.F90,17475,,,no_umat_entry,"Fortran, but it declares no SUBROUTINE UMAT",subroutine_umat_ddsdde,,
core-marine-dev/elmerfem,4cc5d87035abeb760ab42d508e96ee2e60687de2,BSD-3-Clause,permissive,LICENSE.md (SPDX BSD-3-Clause inferred from the licence text; GitHub's API reported no identifier for this file),elmerice/Solvers/AdjointSSA/AdjointSSA_CostRegSolver.F90,15531,,,no_umat_entry,"Fortran, but it declares no SUBROUTINE UMAT",subroutine_umat_ddsdde,,
core-marine-dev/elmerfem,4cc5d87035abeb760ab42d508e96ee2e60687de2,BSD-3-Clause,permissive,LICENSE.md (SPDX BSD-3-Clause inferred from the licence text; GitHub's API reported no identifier for this file),elmerice/Solvers/AdjointSSA/AdjointSSA_CostTaubSolver.F90,13961,,,no_umat_entry,"Fortran, but it declares no SUBROUTINE UMAT",subroutine_umat_ddsdde,,
core-marine-dev/elmerfem,4cc5d87035abeb760ab42d508e96ee2e60687de2,BSD-3-Clause,permissive,LICENSE.md (SPDX BSD-3-Clause inferred from the licence text; GitHub's API reported no identifier for this file),elmerice/Solvers/AdjointSSA/AdjointSSA_GradientSolver.F90,34148,,,no_umat_entry,"Fortran, but it declares no SUBROUTINE UMAT",subroutine_umat_ddsdde,,
core-marine-dev/elmerfem,4cc5d87035abeb760ab42d508e96ee2e60687de2,BSD-3-Clause,permissive,LICENSE.md (SPDX BSD-3-Clause inferred from the licence text; GitHub's API reported no identifier for this file),elmerice/Solvers/AdjointSSA/AdjointSSA_SSASolver.F90,29476,,,no_umat_entry,"Fortran, but it declares no SUBROUTINE UMAT",subroutine_umat_ddsdde,,
core-marine-dev/elmerfem,4cc5d87035abeb760ab42d508e96ee2e60687de2,BSD-3-Clause,permissive,LICENSE.md (SPDX BSD-3-Clause inferred from the licence text; GitHub's API reported no identifier for this file),elmerice/Solvers/AdjointSolver.F90,9110,,,no_umat_entry,"Fortran, but it declares no SUBROUTINE UMAT",subroutine_umat_ddsdde,,
core-marine-dev/elmerfem,4cc5d87035abeb760ab42d508e96ee2e60687de2,BSD-3-Clause,permissive,LICENSE.md (SPDX BSD-3-Clause inferred from the licence text; GitHub's API reported no identifier for this file),elmerice/Solvers/AdjointStokes/AdjointStokes_GradientBetaSolver.F90,11833,,,no_umat_entry,"Fortran, but it declares no SUBROUTINE UMAT",subroutine_umat_ddsdde,,
core-marine-dev/elmerfem,4cc5d87035abeb760ab42d508e96ee2e60687de2,BSD-3-Clause,permissive,LICENSE.md (SPDX BSD-3-Clause inferred from the licence text; GitHub's API reported no identifier for this file),elmerice/Solvers/AdjointStokes/AdjointStokes_GradientMu.F90,10584,,,no_umat_entry,"Fortran, but it declares no SUBROUTINE UMAT",subroutine_umat_ddsdde,,
core-marine-dev/elmerfem,4cc5d87035abeb760ab42d508e96ee2e60687de2,BSD-3-Clause,permissive,LICENSE.md (SPDX BSD-3-Clause inferred from the licence text; GitHub's API reported no identifier for this file),elmerice/Solvers/AdjointThickness/AdjointThickness_GradientSolver.F90,20614,,,no_umat_entry,"Fortran, but it declares no SUBROUTINE UMAT",subroutine_umat_ddsdde,,
core-marine-dev/elmerfem,4cc5d87035abeb760ab42d508e96ee2e60687de2,BSD-3-Clause,permissive,LICENSE.md (SPDX BSD-3-Clause inferred from the licence text; GitHub's API reported no identifier for this file),elmerice/Solvers/AdjointThickness/AdjointThickness_ThicknessSolver.F90,14898,,,no_umat_entry,"Fortran, but it declares no SUBROUTINE UMAT",subroutine_umat_ddsdde,,
core-marine-dev/elmerfem,4cc5d87035abeb760ab42d508e96ee2e60687de2,BSD-3-Clause,permissive,LICENSE.md (SPDX BSD-3-Clause inferred from the licence text; GitHub's API reported no identifier for this file),elmerice/Solvers/BasalMelt3D.F90,13243,,,no_umat_entry,"Fortran, but it declares no SUBROUTINE UMAT",subroutine_umat_ddsdde,,
core-marine-dev/elmerfem,4cc5d87035abeb760ab42d508e96ee2e60687de2,BSD-3-Clause,permissive,LICENSE.md (SPDX BSD-3-Clause inferred from the licence text; GitHub's API reported no identifier for this file),elmerice/Solvers/CaffeSolver.F90,91390,,,no_umat_entry,"Fortran, but it declares no SUBROUTINE UMAT",subroutine_umat_ddsdde,,
core-marine-dev/elmerfem,4cc5d87035abeb760ab42d508e96ee2e60687de2,BSD-3-Clause,permissive,LICENSE.md (SPDX BSD-3-Clause inferred from the licence text; GitHub's API reported no identifier for this file),elmerice/Solvers/Calving.F90,53177,,,no_umat_entry,"Fortran, but it declares no SUBROUTINE UMAT",subroutine_umat_ddsdde,,
core-marine-dev/elmerfem,4cc5d87035abeb760ab42d508e96ee2e60687de2,BSD-3-Clause,permissive,LICENSE.md (SPDX BSD-3-Clause inferred from the licence text; GitHub's API reported no identifier for this file),elmerice/Solvers/Calving3D.F90,83626,,,no_umat_entry,"Fortran, but it declares no SUBROUTINE UMAT",subroutine_umat_ddsdde,,
core-marine-dev/elmerfem,4cc5d87035abeb760ab42d508e96ee2e60687de2,BSD-3-Clause,permissive,LICENSE.md (SPDX BSD-3-Clause inferred from the licence text; GitHub's API reported no identifier for this file),elmerice/Solvers/Calving3D_lset.F90,98376,,,no_umat_entry,"Fortran, but it declares no SUBROUTINE UMAT",subroutine_umat_ddsdde,,
core-marine-dev/elmerfem,4cc5d87035abeb760ab42d508e96ee2e60687de2,BSD-3-Clause,permissive,LICENSE.md (SPDX BSD-3-Clause inferred from the licence text; GitHub's API reported no identifier for this file),,0,,,not_examined,stopped after 40 files from this repository; 2164 not read,subroutine_umat_ddsdde,,
ehmoussi/code_aster,34161d7955a653fc38bafe5de09903d3755dbba4,GPL-3.0,copyleft,LICENSE.txt (SPDX GPL-3.0 via the GitHub licence API),astest/umat001a.f,7300,,,no_umat_entry,"Fortran, but it declares no SUBROUTINE UMAT",subroutine_umat_ddsdde,,
ehmoussi/code_aster,34161d7955a653fc38bafe5de09903d3755dbba4,GPL-3.0,copyleft,LICENSE.txt (SPDX GPL-3.0 via the GitHub licence API),bibc/supervis/dll_mfront.c,24546,,,no_umat_entry,"Fortran, but it declares no SUBROUTINE UMAT",subroutine_umat_ddsdde,,
ehmoussi/code_aster,34161d7955a653fc38bafe5de09903d3755dbba4,GPL-3.0,copyleft,LICENSE.txt (SPDX GPL-3.0 via the GitHub licence API),bibfor/comport/umatPrepareStrain.F90,2908,,,no_umat_entry,"Fortran, but it declares no SUBROUTINE UMAT",subroutine_umat_ddsdde,,
ehmoussi/code_aster,34161d7955a653fc38bafe5de09903d3755dbba4,GPL-3.0,copyleft,LICENSE.txt (SPDX GPL-3.0 via the GitHub licence API),astest/umat002a.f,7227,,,no_umat_entry,"Fortran, but it declares no SUBROUTINE UMAT",subroutine_umat_ddsdde,,
ehmoussi/code_aster,34161d7955a653fc38bafe5de09903d3755dbba4,GPL-3.0,copyleft,LICENSE.txt (SPDX GPL-3.0 via the GitHub licence API),bibfor/algeline/almulr.F90,2678,,,no_umat_entry,"Fortran, but it declares no SUBROUTINE UMAT",subroutine_umat_ddsdde,,
ehmoussi/code_aster,34161d7955a653fc38bafe5de09903d3755dbba4,GPL-3.0,copyleft,LICENSE.txt (SPDX GPL-3.0 via the GitHub licence API),bibfor/algeline/amdapt.F90,6418,,,no_umat_entry,"Fortran, but it declares no SUBROUTINE UMAT",subroutine_umat_ddsdde,,
ehmoussi/code_aster,34161d7955a653fc38bafe5de09903d3755dbba4,GPL-3.0,copyleft,LICENSE.txt (SPDX GPL-3.0 via the GitHub licence API),bibfor/algeline/amdbar.F90,55588,,,no_umat_entry,"Fortran, but it declares no SUBROUTINE UMAT",subroutine_umat_ddsdde,,
ehmoussi/code_aster,34161d7955a653fc38bafe5de09903d3755dbba4,GPL-3.0,copyleft,LICENSE.txt (SPDX GPL-3.0 via the GitHub licence API),bibfor/algeline/amogen.F90,5753,,,no_umat_entry,"Fortran, but it declares no SUBROUTINE UMAT",subroutine_umat_ddsdde,,
ehmoussi/code_aster,34161d7955a653fc38bafe5de09903d3755dbba4,GPL-3.0,copyleft,LICENSE.txt (SPDX GPL-3.0 via the GitHub licence API),bibfor/algeline/antisy.F90,1813,,,no_umat_entry,"Fortran, but it declares no SUBROUTINE UMAT",subroutine_umat_ddsdde,,
ehmoussi/code_aster,34161d7955a653fc38bafe5de09903d3755dbba4,GPL-3.0,copyleft,LICENSE.txt (SPDX GPL-3.0 via the GitHub licence API),bibfor/algeline/apchar.F90,8590,,,no_umat_entry,"Fortran, but it declares no SUBROUTINE UMAT",subroutine_umat_ddsdde,,
ehmoussi/code_aster,34161d7955a653fc38bafe5de09903d3755dbba4,GPL-3.0,copyleft,LICENSE.txt (SPDX GPL-3.0 via the GitHub licence API),bibfor/algeline/apm345.F90,5478,,,no_umat_entry,"Fortran, but it declares no SUBROUTINE UMAT",subroutine_umat_ddsdde,,
ehmoussi/code_aster,34161d7955a653fc38bafe5de09903d3755dbba4,GPL-3.0,copyleft,LICENSE.txt (SPDX GPL-3.0 via the GitHub licence API),bibfor/algeline/ascarm.F90,4824,,,no_umat_entry,"Fortran, but it declares no SUBROUTINE UMAT",subroutine_umat_ddsdde,,
ehmoussi/code_aster,34161d7955a653fc38bafe5de09903d3755dbba4,GPL-3.0,copyleft,LICENSE.txt (SPDX GPL-3.0 via the GitHub licence API),bibfor/algeline/ascorm.F90,15362,,,no_umat_entry,"Fortran, but it declares no SUBROUTINE UMAT",subroutine_umat_ddsdde,,
ehmoussi/code_aster,34161d7955a653fc38bafe5de09903d3755dbba4,GPL-3.0,copyleft,LICENSE.txt (SPDX GPL-3.0 via the GitHub licence API),bibfor/algeline/axial.F90,1485,,,no_umat_entry,"Fortran, but it declares no SUBROUTINE UMAT",subroutine_umat_ddsdde,,
ehmoussi/code_aster,34161d7955a653fc38bafe5de09903d3755dbba4,GPL-3.0,copyleft,LICENSE.txt (SPDX GPL-3.0 via the GitHub licence API),bibfor/algeline/bijmoc.F90,10505,,,no_umat_entry,"Fortran, but it declares no SUBROUTINE UMAT",subroutine_umat_ddsdde,,
ehmoussi/code_aster,34161d7955a653fc38bafe5de09903d3755dbba4,GPL-3.0,copyleft,LICENSE.txt (SPDX GPL-3.0 via the GitHub licence API),bibfor/algeline/bijsom.F90,5331,,,no_umat_entry,"Fortran, but it declares no SUBROUTINE UMAT",subroutine_umat_ddsdde,,
ehmoussi/code_aster,34161d7955a653fc38bafe5de09903d3755dbba4,GPL-3.0,copyleft,LICENSE.txt (SPDX GPL-3.0 via the GitHub licence API),bibfor/algeline/binomial.F90,4976,,,no_umat_entry,"Fortran, but it declares no SUBROUTINE UMAT",subroutine_umat_ddsdde,,
ehmoussi/code_aster,34161d7955a653fc38bafe5de09903d3755dbba4,GPL-3.0,copyleft,LICENSE.txt (SPDX GPL-3.0 via the GitHub licence API),bibfor/algeline/bmocca.F90,10710,,,no_umat_entry,"Fortran, but it declares no SUBROUTINE UMAT",subroutine_umat_ddsdde,,
ehmoussi/code_aster,34161d7955a653fc38bafe5de09903d3755dbba4,GPL-3.0,copyleft,LICENSE.txt (SPDX GPL-3.0 via the GitHub licence API),bibfor/algeline/bprime.F90,7399,,,no_umat_entry,"Fortran, but it declares no SUBROUTINE UMAT",subroutine_umat_ddsdde,,
ehmoussi/code_aster,34161d7955a653fc38bafe5de09903d3755dbba4,GPL-3.0,copyleft,LICENSE.txt (SPDX GPL-3.0 via the GitHub licence API),bibfor/algeline/cajgr2.F90,7099,,,no_umat_entry,"Fortran, but it declares no SUBROUTINE UMAT",subroutine_umat_ddsdde,,
ehmoussi/code_aster,34161d7955a653fc38bafe5de09903d3755dbba4,GPL-3.0,copyleft,LICENSE.txt (SPDX GPL-3.0 via the GitHub licence API),bibfor/algeline/caladj.F90,5144,,,no_umat_entry,"Fortran, but it declares no SUBROUTINE UMAT",subroutine_umat_ddsdde,,
ehmoussi/code_aster,34161d7955a653fc38bafe5de09903d3755dbba4,GPL-3.0,copyleft,LICENSE.txt (SPDX GPL-3.0 via the GitHub licence API),bibfor/algeline/calajt.F90,2348,,,no_umat_entry,"Fortran, but it declares no SUBROUTINE UMAT",subroutine_umat_ddsdde,,
ehmoussi/code_aster,34161d7955a653fc38bafe5de09903d3755dbba4,GPL-3.0,copyleft,LICENSE.txt (SPDX GPL-3.0 via the GitHub licence API),bibfor/algeline/calcdr.F90,5178,,,no_umat_entry,"Fortran, but it declares no SUBROUTINE UMAT",subroutine_umat_ddsdde,,
ehmoussi/code_aster,34161d7955a653fc38bafe5de09903d3755dbba4,GPL-3.0,copyleft,LICENSE.txt (SPDX GPL-3.0 via the GitHub licence API),bibfor/algeline/calcds.F90,4048,,,no_umat_entry,"Fortran, but it declares no SUBROUTINE UMAT",subroutine_umat_ddsdde,,
ehmoussi/code_aster,34161d7955a653fc38bafe5de09903d3755dbba4,GPL-3.0,copyleft,LICENSE.txt (SPDX GPL-3.0 via the GitHub licence API),bibfor/algeline/calcdy.F90,3817,,,no_umat_entry,"Fortran, but it declares no SUBROUTINE UMAT",subroutine_umat_ddsdde,,
ehmoussi/code_aster,34161d7955a653fc38bafe5de09903d3755dbba4,GPL-3.0,copyleft,LICENSE.txt (SPDX GPL-3.0 via the GitHub licence API),bibfor/algeline/calcg.F90,3284,,,no_umat_entry,"Fortran, but it declares no SUBROUTINE UMAT",subroutine_umat_ddsdde,,
ehmoussi/code_aster,34161d7955a653fc38bafe5de09903d3755dbba4,GPL-3.0,copyleft,LICENSE.txt (SPDX GPL-3.0 via the GitHub licence API),bibfor/algeline/calcj0.F90,2832,,,no_umat_entry,"Fortran, but it declares no SUBROUTINE UMAT",subroutine_umat_ddsdde,,
ehmoussi/code_aster,34161d7955a653fc38bafe5de09903d3755dbba4,GPL-3.0,copyleft,LICENSE.txt (SPDX GPL-3.0 via the GitHub licence API),bibfor/algeline/calcn.F90,3037,,,no_umat_entry,"Fortran, but it declares no SUBROUTINE UMAT",subroutine_umat_ddsdde,,
ehmoussi/code_aster,34161d7955a653fc38bafe5de09903d3755dbba4,GPL-3.0,copyleft,LICENSE.txt (SPDX GPL-3.0 via the GitHub licence API),bibfor/algeline/calcpj.F90,6226,,,no_umat_entry,"Fortran, but it declares no SUBROUTINE UMAT",subroutine_umat_ddsdde,,
ehmoussi/code_aster,34161d7955a653fc38bafe5de09903d3755dbba4,GPL-3.0,copyleft,LICENSE.txt (SPDX GPL-3.0 via the GitHub licence API),bibfor/algeline/calcq.F90,4120,,,no_umat_entry,"Fortran, but it declares no SUBROUTINE UMAT",subroutine_umat_ddsdde,,
ehmoussi/code_aster,34161d7955a653fc38bafe5de09903d3755dbba4,GPL-3.0,copyleft,LICENSE.txt (SPDX GPL-3.0 via the GitHub licence API),bibfor/algeline/calsvd.F90,6386,,,no_umat_entry,"Fortran, but it declares no SUBROUTINE UMAT",subroutine_umat_ddsdde,,
ehmoussi/code_aster,34161d7955a653fc38bafe5de09903d3755dbba4,GPL-3.0,copyleft,LICENSE.txt (SPDX GPL-3.0 via the GitHub licence API),bibfor/algeline/cbval2.F90,5925,,,no_umat_entry,"Fortran, but it declares no SUBROUTINE UMAT",subroutine_umat_ddsdde,,
ehmoussi/code_aster,34161d7955a653fc38bafe5de09903d3755dbba4,GPL-3.0,copyleft,LICENSE.txt (SPDX GPL-3.0 via the GitHub licence API),bibfor/algeline/cbvalc.F90,3428,,,no_umat_entry,"Fortran, but it declares no SUBROUTINE UMAT",subroutine_umat_ddsdde,,
ehmoussi/code_aster,34161d7955a653fc38bafe5de09903d3755dbba4,GPL-3.0,copyleft,LICENSE.txt (SPDX GPL-3.0 via the GitHub licence API),bibfor/algeline/cbvale.F90,8656,,,no_umat_entry,"Fortran, but it declares no SUBROUTINE UMAT",subroutine_umat_ddsdde,,
ehmoussi/code_aster,34161d7955a653fc38bafe5de09903d3755dbba4,GPL-3.0,copyleft,LICENSE.txt (SPDX GPL-3.0 via the GitHub licence API),bibfor/algeline/cbvalr.F90,3391,,,no_umat_entry,"Fortran, but it declares no SUBROUTINE UMAT",subroutine_umat_ddsdde,,
ehmoussi/code_aster,34161d7955a653fc38bafe5de09903d3755dbba4,GPL-3.0,copyleft,LICENSE.txt (SPDX GPL-3.0 via the GitHub licence API),bibfor/algeline/ccl11j.F90,1385,,,no_umat_entry,"Fortran, but it declares no SUBROUTINE UMAT",subroutine_umat_ddsdde,,
ehmoussi/code_aster,34161d7955a653fc38bafe5de09903d3755dbba4,GPL-3.0,copyleft,LICENSE.txt (SPDX GPL-3.0 via the GitHub licence API),bibfor/algeline/ccl21j.F90,2206,,,no_umat_entry,"Fortran, but it declares no SUBROUTINE UMAT",subroutine_umat_ddsdde,,
ehmoussi/code_aster,34161d7955a653fc38bafe5de09903d3755dbba4,GPL-3.0,copyleft,LICENSE.txt (SPDX GPL-3.0 via the GitHub licence API),bibfor/algeline/cclni1.F90,1311,,,no_umat_entry,"Fortran, but it declares no SUBROUTINE UMAT",subroutine_umat_ddsdde,,
ehmoussi/code_aster,34161d7955a653fc38bafe5de09903d3755dbba4,GPL-3.0,copyleft,LICENSE.txt (SPDX GPL-3.0 via the GitHub licence API),bibfor/algeline/cclni2.F90,1462,,,no_umat_entry,"Fortran, but it declares no SUBROUTINE UMAT",subroutine_umat_ddsdde,,
ehmoussi/code_aster,34161d7955a653fc38bafe5de09903d3755dbba4,GPL-3.0,copyleft,LICENSE.txt (SPDX GPL-3.0 via the GitHub licence API),bibfor/algeline/cdatrc.F90,1775,,,no_umat_entry,"Fortran, but it declares no SUBROUTINE UMAT",subroutine_umat_ddsdde,,
ehmoussi/code_aster,34161d7955a653fc38bafe5de09903d3755dbba4,GPL-3.0,copyleft,LICENSE.txt (SPDX GPL-3.0 via the GitHub licence API),,0,,,not_examined,stopped after 40 files from this repository; 8178 not read,subroutine_umat_ddsdde,,
etacir/TRG-Regional-Seismic-Workflow,,,,no LICENSE file detected by the GitHub API,,0,,,licence_absent,"no licence is declared, so nothing may be redistributed from it; a repository without a LICENSE file is refused, not assumed permissive; recorded and not fetched",subroutine_umat_fortran,,
hwu12sluedu/MaterialAI-Workbench,f71d05bfd525919a9249bd85a1af6e9523a42896,GPL-3.0,copyleft,LICENSE (SPDX GPL-3.0 via the GitHub licence API),examples/UMAT/ml_umat.f,23868,04cc4e4d9f340f4832cf66daded96aebe0401b917c496f728858dd02f8fba7c8,e2cd3b97f3b80c04c0f04ec73c6c02273f5c79e1eea47f115311dfa08bb7443b,already_known,"the same implementation as discovery_cache/hwu12sluedu__MaterialAI-Workbench/examples/UMAT/ml_umat.f, which this collection already counts",subroutine_umat_fortran,,
hwu12sluedu/MaterialAI-Workbench,f71d05bfd525919a9249bd85a1af6e9523a42896,GPL-3.0,copyleft,LICENSE (SPDX GPL-3.0 via the GitHub licence API),material_ai_workbench/resources/umat/ml_umat.f,23868,04cc4e4d9f340f4832cf66daded96aebe0401b917c496f728858dd02f8fba7c8,e2cd3b97f3b80c04c0f04ec73c6c02273f5c79e1eea47f115311dfa08bb7443b,already_known,"the same implementation as discovery_cache/hwu12sluedu__MaterialAI-Workbench/examples/UMAT/ml_umat.f, which this collection already counts",subroutine_umat_fortran,,
luisez1988/Viscoplastic-NorSand,70be1c599fbff0751bfa75486403fcfc229a9513,MIT,permissive,LICENSE (SPDX MIT via the GitHub licence API),UMAT_Nor_Sand_Zamb.for,84098,dfc78ccc8d4854578807cd37e086e681f06c39eb2b33f88403466eec95786c22,c3c40373ed4ad93a209e3e5296110d9479148c4cf70be4665a45d2c15b5839df,already_known,"the same implementation as discovery_cache/luisez1988__Viscoplastic-NorSand/UMAT_Nor_Sand_Zamb.for, which this collection already counts",subroutine_umat_fortran,,
luisez1988/Viscoplastic-NorSand,70be1c599fbff0751bfa75486403fcfc229a9513,MIT,permissive,LICENSE (SPDX MIT via the GitHub licence API),incrementalDriver.f,75769,,,no_umat_entry,"Fortran, but it declares no SUBROUTINE UMAT",subroutine_umat_fortran,,
mrkearden/UMATLIB,c5dc8c4bbc6f9e07d3bdb9c9f13eec7aee6f9705,MIT,permissive,license.txt (SPDX MIT inferred from the licence text; GitHub's API reported no identifier for this file),UMATLib.F90,35783,,,no_umat_entry,"Fortran, but it declares no SUBROUTINE UMAT",subroutine_umat_ddsdde,,
mrkearden/UMATLIB,c5dc8c4bbc6f9e07d3bdb9c9f13eec7aee6f9705,MIT,permissive,license.txt (SPDX MIT inferred from the licence text; GitHub's API reported no identifier for this file),UMATortho.F90,14083,,,no_umat_entry,"Fortran, but it declares no SUBROUTINE UMAT",subroutine_umat_ddsdde,,
mrkearden/UMATLIB,c5dc8c4bbc6f9e07d3bdb9c9f13eec7aee6f9705,MIT,permissive,license.txt (SPDX MIT inferred from the licence text; GitHub's API reported no identifier for this file),myUMATLib.F90,83648,,,no_umat_entry,"Fortran, but it declares no SUBROUTINE UMAT",subroutine_umat_ddsdde,,
mrkearden/UMATLIB,c5dc8c4bbc6f9e07d3bdb9c9f13eec7aee6f9705,MIT,permissive,license.txt (SPDX MIT inferred from the licence text; GitHub's API reported no identifier for this file),UMATbi_linear.F90,11693,,,no_umat_entry,"Fortran, but it declares no SUBROUTINE UMAT",subroutine_umat_ddsdde,,
mrkearden/UMATLIB,c5dc8c4bbc6f9e07d3bdb9c9f13eec7aee6f9705,MIT,permissive,license.txt (SPDX MIT inferred from the licence text; GitHub's API reported no identifier for this file),UMATmises_yield.F90,8791,,,no_umat_entry,"Fortran, but it declares no SUBROUTINE UMAT",subroutine_umat_ddsdde,,
peer-open-source/xara,e81c9b657a0d0d3484071a8f8cabf097fcb22a55,BSD-2-Clause,permissive,LICENSE.txt (SPDX BSD-2-Clause via the GitHub licence API),SRC/domain/peri/uel.for,17385,,,no_umat_entry,"Fortran, but it declares no SUBROUTINE UMAT",subroutine_umat_fortran,,
peer-open-source/xara,e81c9b657a0d0d3484071a8f8cabf097fcb22a55,BSD-2-Clause,permissive,LICENSE.txt (SPDX BSD-2-Clause via the GitHub licence API),SRC/domain/peri/umat.for,1430,c48ee1d9846bd7d0d460d5d8e5467ae3b1ec44c46150a5b054368ae920463dee,c27fbd7e90ebb4126e0f3c81f68c4534feb04f7bba7963e6b0ac475d4aa72421,already_known,"the same implementation as discovery_cache/peer-open-source__xara/SRC/domain/peri/umat.for, which this collection already counts",subroutine_umat_fortran,,
peer-open-source/xara,e81c9b657a0d0d3484071a8f8cabf097fcb22a55,BSD-2-Clause,permissive,LICENSE.txt (SPDX BSD-2-Clause via the GitHub licence API),SRC/element/Other/PML/pml_3d.f,67533,,,no_umat_entry,"Fortran, but it declares no SUBROUTINE UMAT",subroutine_umat_fortran,,
peer-open-source/xara,e81c9b657a0d0d3484071a8f8cabf097fcb22a55,BSD-2-Clause,permissive,LICENSE.txt (SPDX BSD-2-Clause via the GitHub licence API),OTHER/AMD/amd.f,52625,,,no_umat_entry,"Fortran, but it declares no SUBROUTINE UMAT",subroutine_umat_fortran,,
peer-open-source/xara,e81c9b657a0d0d3484071a8f8cabf097fcb22a55,BSD-2-Clause,permissive,LICENSE.txt (SPDX BSD-2-Clause via the GitHub licence API),OTHER/AMD/amdbar.f,52282,,,no_umat_entry,"Fortran, but it declares no SUBROUTINE UMAT",subroutine_umat_fortran,,
peer-open-source/xara,e81c9b657a0d0d3484071a8f8cabf097fcb22a55,BSD-2-Clause,permissive,LICENSE.txt (SPDX BSD-2-Clause via the GitHub licence API),OTHER/ARPACK/cgetv0.f,12904,,,no_umat_entry,"Fortran, but it declares no SUBROUTINE UMAT",subroutine_umat_fortran,,
peer-open-source/xara,e81c9b657a0d0d3484071a8f8cabf097fcb22a55,BSD-2-Clause,permissive,LICENSE.txt (SPDX BSD-2-Clause via the GitHub licence API),OTHER/ARPACK/cmout.f,8755,,,no_umat_entry,"Fortran, but it declares no SUBROUTINE UMAT",subroutine_umat_fortran,,
peer-open-source/xara,e81c9b657a0d0d3484071a8f8cabf097fcb22a55,BSD-2-Clause,permissive,LICENSE.txt (SPDX BSD-2-Clause via the GitHub licence API),OTHER/ARPACK/cnaitr.f,31031,,,no_umat_entry,"Fortran, but it declares no SUBROUTINE UMAT",subroutine_umat_fortran,,
peer-open-source/xara,e81c9b657a0d0d3484071a8f8cabf097fcb22a55,BSD-2-Clause,permissive,LICENSE.txt (SPDX BSD-2-Clause via the GitHub licence API),OTHER/ARPACK/cnapps.f,17542,,,no_umat_entry,"Fortran, but it declares no SUBROUTINE UMAT",subroutine_umat_fortran,,
peer-open-source/xara,e81c9b657a0d0d3484071a8f8cabf097fcb22a55,BSD-2-Clause,permissive,LICENSE.txt (SPDX BSD-2-Clause via the GitHub licence API),OTHER/ARPACK/cnaup2.f,29213,,,no_umat_entry,"Fortran, but it declares no SUBROUTINE UMAT",subroutine_umat_fortran,,
peer-open-source/xara,e81c9b657a0d0d3484071a8f8cabf097fcb22a55,BSD-2-Clause,permissive,LICENSE.txt (SPDX BSD-2-Clause via the GitHub licence API),OTHER/ARPACK/cnaupd.f,27731,,,no_umat_entry,"Fortran, but it declares no SUBROUTINE UMAT",subroutine_umat_fortran,,
peer-open-source/xara,e81c9b657a0d0d3484071a8f8cabf097fcb22a55,BSD-2-Clause,permissive,LICENSE.txt (SPDX BSD-2-Clause via the GitHub licence API),OTHER/ARPACK/cneigh.f,8137,,,no_umat_entry,"Fortran, but it declares no SUBROUTINE UMAT",subroutine_umat_fortran,,
peer-open-source/xara,e81c9b657a0d0d3484071a8f8cabf097fcb22a55,BSD-2-Clause,permissive,LICENSE.txt (SPDX BSD-2-Clause via the GitHub licence API),OTHER/ARPACK/cneupd.f,35882,,,no_umat_entry,"Fortran, but it declares no SUBROUTINE UMAT",subroutine_umat_fortran,,
peer-open-source/xara,e81c9b657a0d0d3484071a8f8cabf097fcb22a55,BSD-2-Clause,permissive,LICENSE.txt (SPDX BSD-2-Clause via the GitHub licence API),OTHER/ARPACK/cngets.f,5563,,,no_umat_entry,"Fortran, but it declares no SUBROUTINE UMAT",subroutine_umat_fortran,,
peer-open-source/xara,e81c9b657a0d0d3484071a8f8cabf097fcb22a55,BSD-2-Clause,permissive,LICENSE.txt (SPDX BSD-2-Clause via the GitHub licence API),OTHER/ARPACK/csortc.f,8061,,,no_umat_entry,"Fortran, but it declares no SUBROUTINE UMAT",subroutine_umat_fortran,,
peer-open-source/xara,e81c9b657a0d0d3484071a8f8cabf097fcb22a55,BSD-2-Clause,permissive,LICENSE.txt (SPDX BSD-2-Clause via the GitHub licence API),OTHER/ARPACK/cstatn.f,1221,,,no_umat_entry,"Fortran, but it declares no SUBROUTINE UMAT",subroutine_umat_fortran,,
peer-open-source/xara,e81c9b657a0d0d3484071a8f8cabf097fcb22a55,BSD-2-Clause,permissive,LICENSE.txt (SPDX BSD-2-Clause via the GitHub licence API),OTHER/ARPACK/cvout.f,8205,,,no_umat_entry,"Fortran, but it declares no SUBROUTINE UMAT",subroutine_umat_fortran,,
peer-open-source/xara,e81c9b657a0d0d3484071a8f8cabf097fcb22a55,BSD-2-Clause,permissive,LICENSE.txt (SPDX BSD-2-Clause via the GitHub licence API),OTHER/ARPACK/dgetv0.f,13218,,,no_umat_entry,"Fortran, but it declares no SUBROUTINE UMAT",subroutine_umat_fortran,,
peer-open-source/xara,e81c9b657a0d0d3484071a8f8cabf097fcb22a55,BSD-2-Clause,permissive,LICENSE.txt (SPDX BSD-2-Clause via the GitHub licence API),OTHER/ARPACK/dlaqrb.f,18448,,,no_umat_entry,"Fortran, but it declares no SUBROUTINE UMAT",subroutine_umat_fortran,,
peer-open-source/xara,e81c9b657a0d0d3484071a8f8cabf097fcb22a55,BSD-2-Clause,permissive,LICENSE.txt (SPDX BSD-2-Clause via the GitHub licence API),OTHER/ARPACK/dmout.f,5551,,,no_umat_entry,"Fortran, but it declares no SUBROUTINE UMAT",subroutine_umat_fortran,,
peer-open-source/xara,e81c9b657a0d0d3484071a8f8cabf097fcb22a55,BSD-2-Clause,permissive,LICENSE.txt (SPDX BSD-2-Clause via the GitHub licence API),OTHER/ARPACK/dnaitr.f,30651,,,no_umat_entry,"Fortran, but it declares no SUBROUTINE UMAT",subroutine_umat_fortran,,
peer-open-source/xara,e81c9b657a0d0d3484071a8f8cabf097fcb22a55,BSD-2-Clause,permissive,LICENSE.txt (SPDX BSD-2-Clause via the GitHub licence API),OTHER/ARPACK/dnapps.f,23505,,,no_umat_entry,"Fortran, but it declares no SUBROUTINE UMAT",subroutine_umat_fortran,,
peer-open-source/xara,e81c9b657a0d0d3484071a8f8cabf097fcb22a55,BSD-2-Clause,permissive,LICENSE.txt (SPDX BSD-2-Clause via the GitHub licence API),OTHER/ARPACK/dnaup2.f,31580,,,no_umat_entry,"Fortran, but it declares no SUBROUTINE UMAT",subroutine_umat_fortran,,
peer-open-source/xara,e81c9b657a0d0d3484071a8f8cabf097fcb22a55,BSD-2-Clause,permissive,LICENSE.txt (SPDX BSD-2-Clause via the GitHub licence API),OTHER/ARPACK/dnaupd.f,29788,,,no_umat_entry,"Fortran, but it declares no SUBROUTINE UMAT",subroutine_umat_fortran,,
peer-open-source/xara,e81c9b657a0d0d3484071a8f8cabf097fcb22a55,BSD-2-Clause,permissive,LICENSE.txt (SPDX BSD-2-Clause via the GitHub licence API),OTHER/ARPACK/dnaupe.f,0,,,no_umat_entry,"Fortran, but it declares no SUBROUTINE UMAT",subroutine_umat_fortran,,
peer-open-source/xara,e81c9b657a0d0d3484071a8f8cabf097fcb22a55,BSD-2-Clause,permissive,LICENSE.txt (SPDX BSD-2-Clause via the GitHub licence API),OTHER/ARPACK/dnconv.f,4085,,,no_umat_entry,"Fortran, but it declares no SUBROUTINE UMAT",subroutine_umat_fortran,,
peer-open-source/xara,e81c9b657a0d0d3484071a8f8cabf097fcb22a55,BSD-2-Clause,permissive,LICENSE.txt (SPDX BSD-2-Clause via the GitHub licence API),OTHER/ARPACK/dneigh.f,10401,,,no_umat_entry,"Fortran, but it declares no SUBROUTINE UMAT",subroutine_umat_fortran,,
peer-open-source/xara,e81c9b657a0d0d3484071a8f8cabf097fcb22a55,BSD-2-Clause,permissive,LICENSE.txt (SPDX BSD-2-Clause via the GitHub licence API),OTHER/ARPACK/dneupd.f,43763,,,no_umat_entry,"Fortran, but it declares no SUBROUTINE UMAT",subroutine_umat_fortran,,
peer-open-source/xara,e81c9b657a0d0d3484071a8f8cabf097fcb22a55,BSD-2-Clause,permissive,LICENSE.txt (SPDX BSD-2-Clause via the GitHub licence API),OTHER/ARPACK/dngets.f,8028,,,no_umat_entry,"Fortran, but it declares no SUBROUTINE UMAT",subroutine_umat_fortran,,
peer-open-source/xara,e81c9b657a0d0d3484071a8f8cabf097fcb22a55,BSD-2-Clause,permissive,LICENSE.txt (SPDX BSD-2-Clause via the GitHub licence API),OTHER/ARPACK/dsaitr.f,30811,,,no_umat_entry,"Fortran, but it declares no SUBROUTINE UMAT",subroutine_umat_fortran,,
peer-open-source/xara,e81c9b657a0d0d3484071a8f8cabf097fcb22a55,BSD-2-Clause,permissive,LICENSE.txt (SPDX BSD-2-Clause via the GitHub licence API),OTHER/ARPACK/dsapps.f,18514,,,no_umat_entry,"Fortran, but it declares no SUBROUTINE UMAT",subroutine_umat_fortran,,
peer-open-source/xara,e81c9b657a0d0d3484071a8f8cabf097fcb22a55,BSD-2-Clause,permissive,LICENSE.txt (SPDX BSD-2-Clause via the GitHub licence API),OTHER/ARPACK/dsaup2.f,32343,,,no_umat_entry,"Fortran, but it declares no SUBROUTINE UMAT",subroutine_umat_fortran,,
peer-open-source/xara,e81c9b657a0d0d3484071a8f8cabf097fcb22a55,BSD-2-Clause,permissive,LICENSE.txt (SPDX BSD-2-Clause via the GitHub licence API),OTHER/ARPACK/dsaupd.f,28994,,,no_umat_entry,"Fortran, but it declares no SUBROUTINE UMAT",subroutine_umat_fortran,,
peer-open-source/xara,e81c9b657a0d0d3484071a8f8cabf097fcb22a55,BSD-2-Clause,permissive,LICENSE.txt (SPDX BSD-2-Clause via the GitHub licence API),OTHER/ARPACK/dsconv.f,3458,,,no_umat_entry,"Fortran, but it declares no SUBROUTINE UMAT",subroutine_umat_fortran,,
peer-open-source/xara,e81c9b657a0d0d3484071a8f8cabf097fcb22a55,BSD-2-Clause,permissive,LICENSE.txt (SPDX BSD-2-Clause via the GitHub licence API),OTHER/ARPACK/dseigt.f,5197,,,no_umat_entry,"Fortran, but it declares no SUBROUTINE UMAT",subroutine_umat_fortran,,
peer-open-source/xara,e81c9b657a0d0d3484071a8f8cabf097fcb22a55,BSD-2-Clause,permissive,LICENSE.txt (SPDX BSD-2-Clause via the GitHub licence API),OTHER/ARPACK/dsesrt.f,5368,,,no_umat_entry,"Fortran, but it declares no SUBROUTINE UMAT",subroutine_umat_fortran,,
peer-open-source/xara,e81c9b657a0d0d3484071a8f8cabf097fcb22a55,BSD-2-Clause,permissive,LICENSE.txt (SPDX BSD-2-Clause via the GitHub licence API),OTHER/ARPACK/dseupd.f,36887,,,no_umat_entry,"Fortran, but it declares no SUBROUTINE UMAT",subroutine_umat_fortran,,
peer-open-source/xara,e81c9b657a0d0d3484071a8f8cabf097fcb22a55,BSD-2-Clause,permissive,LICENSE.txt (SPDX BSD-2-Clause via the GitHub licence API),OTHER/ARPACK/dsgets.f,7453,,,no_umat_entry,"Fortran, but it declares no SUBROUTINE UMAT",subroutine_umat_fortran,,
peer-open-source/xara,e81c9b657a0d0d3484071a8f8cabf097fcb22a55,BSD-2-Clause,permissive,LICENSE.txt (SPDX BSD-2-Clause via the GitHub licence API),OTHER/ARPACK/dsortc.f,9254,,,no_umat_entry,"Fortran, but it declares no SUBROUTINE UMAT",subroutine_umat_fortran,,
peer-open-source/xara,e81c9b657a0d0d3484071a8f8cabf097fcb22a55,BSD-2-Clause,permissive,LICENSE.txt (SPDX BSD-2-Clause via the GitHub licence API),OTHER/ARPACK/dsortr.f,5356,,,no_umat_entry,"Fortran, but it declares no SUBROUTINE UMAT",subroutine_umat_fortran,,
peer-open-source/xara,e81c9b657a0d0d3484071a8f8cabf097fcb22a55,BSD-2-Clause,permissive,LICENSE.txt (SPDX BSD-2-Clause via the GitHub licence API),,0,,,not_examined,stopped after 40 files from this repository; 530 not read,subroutine_umat_fortran,,
ralic/Code_Aster,f603c149266e20185a4429766b6a9a10fe934f29,GPL-3.0,copyleft,LICENSE.txt (SPDX GPL-3.0 via the GitHub licence API),bibfor/lc/lc0050.F90,10333,,,no_umat_entry,"Fortran, but it declares no SUBROUTINE UMAT",subroutine_umat_ddsdde,,
ralic/Code_Aster,f603c149266e20185a4429766b6a9a10fe934f29,GPL-3.0,copyleft,LICENSE.txt (SPDX GPL-3.0 via the GitHub licence API),bibfor/algeline/almulr.F90,2793,,,no_umat_entry,"Fortran, but it declares no SUBROUTINE UMAT",subroutine_umat_ddsdde,,
ralic/Code_Aster,f603c149266e20185a4429766b6a9a10fe934f29,GPL-3.0,copyleft,LICENSE.txt (SPDX GPL-3.0 via the GitHub licence API),bibfor/algeline/amdapt.F90,6460,,,no_umat_entry,"Fortran, but it declares no SUBROUTINE UMAT",subroutine_umat_ddsdde,,
ralic/Code_Aster,f603c149266e20185a4429766b6a9a10fe934f29,GPL-3.0,copyleft,LICENSE.txt (SPDX GPL-3.0 via the GitHub licence API),bibfor/algeline/amdbar.F90,55630,,,no_umat_entry,"Fortran, but it declares no SUBROUTINE UMAT",subroutine_umat_ddsdde,,
ralic/Code_Aster,f603c149266e20185a4429766b6a9a10fe934f29,GPL-3.0,copyleft,LICENSE.txt (SPDX GPL-3.0 via the GitHub licence API),bibfor/algeline/amogen.F90,5794,,,no_umat_entry,"Fortran, but it declares no SUBROUTINE UMAT",subroutine_umat_ddsdde,,
ralic/Code_Aster,f603c149266e20185a4429766b6a9a10fe934f29,GPL-3.0,copyleft,LICENSE.txt (SPDX GPL-3.0 via the GitHub licence API),bibfor/algeline/antisy.F90,1855,,,no_umat_entry,"Fortran, but it declares no SUBROUTINE UMAT",subroutine_umat_ddsdde,,
ralic/Code_Aster,f603c149266e20185a4429766b6a9a10fe934f29,GPL-3.0,copyleft,LICENSE.txt (SPDX GPL-3.0 via the GitHub licence API),bibfor/algeline/apchar.F90,8777,,,no_umat_entry,"Fortran, but it declares no SUBROUTINE UMAT",subroutine_umat_ddsdde,,
ralic/Code_Aster,f603c149266e20185a4429766b6a9a10fe934f29,GPL-3.0,copyleft,LICENSE.txt (SPDX GPL-3.0 via the GitHub licence API),bibfor/algeline/apm345.F90,5665,,,no_umat_entry,"Fortran, but it declares no SUBROUTINE UMAT",subroutine_umat_ddsdde,,
ralic/Code_Aster,f603c149266e20185a4429766b6a9a10fe934f29,GPL-3.0,copyleft,LICENSE.txt (SPDX GPL-3.0 via the GitHub licence API),bibfor/algeline/ascarm.F90,4987,,,no_umat_entry,"Fortran, but it declares no SUBROUTINE UMAT",subroutine_umat_ddsdde,,
ralic/Code_Aster,f603c149266e20185a4429766b6a9a10fe934f29,GPL-3.0,copyleft,LICENSE.txt (SPDX GPL-3.0 via the GitHub licence API),bibfor/algeline/ascorm.F90,15515,,,no_umat_entry,"Fortran, but it declares no SUBROUTINE UMAT",subroutine_umat_ddsdde,,
ralic/Code_Aster,f603c149266e20185a4429766b6a9a10fe934f29,GPL-3.0,copyleft,LICENSE.txt (SPDX GPL-3.0 via the GitHub licence API),bibfor/algeline/axial.F90,1527,,,no_umat_entry,"Fortran, but it declares no SUBROUTINE UMAT",subroutine_umat_ddsdde,,
ralic/Code_Aster,f603c149266e20185a4429766b6a9a10fe934f29,GPL-3.0,copyleft,LICENSE.txt (SPDX GPL-3.0 via the GitHub licence API),bibfor/algeline/bijmoc.F90,10693,,,no_umat_entry,"Fortran, but it declares no SUBROUTINE UMAT",subroutine_umat_ddsdde,,
ralic/Code_Aster,f603c149266e20185a4429766b6a9a10fe934f29,GPL-3.0,copyleft,LICENSE.txt (SPDX GPL-3.0 via the GitHub licence API),bibfor/algeline/bijsom.F90,5519,,,no_umat_entry,"Fortran, but it declares no SUBROUTINE UMAT",subroutine_umat_ddsdde,,
ralic/Code_Aster,f603c149266e20185a4429766b6a9a10fe934f29,GPL-3.0,copyleft,LICENSE.txt (SPDX GPL-3.0 via the GitHub licence API),bibfor/algeline/bmocca.F90,10898,,,no_umat_entry,"Fortran, but it declares no SUBROUTINE UMAT",subroutine_umat_ddsdde,,
ralic/Code_Aster,f603c149266e20185a4429766b6a9a10fe934f29,GPL-3.0,copyleft,LICENSE.txt (SPDX GPL-3.0 via the GitHub licence API),bibfor/algeline/bprime.F90,7591,,,no_umat_entry,"Fortran, but it declares no SUBROUTINE UMAT",subroutine_umat_ddsdde,,
ralic/Code_Aster,f603c149266e20185a4429766b6a9a10fe934f29,GPL-3.0,copyleft,LICENSE.txt (SPDX GPL-3.0 via the GitHub licence API),bibfor/algeline/cajgr2.F90,7137,,,no_umat_entry,"Fortran, but it declares no SUBROUTINE UMAT",subroutine_umat_ddsdde,,
ralic/Code_Aster,f603c149266e20185a4429766b6a9a10fe934f29,GPL-3.0,copyleft,LICENSE.txt (SPDX GPL-3.0 via the GitHub licence API),bibfor/algeline/caladj.F90,5248,,,no_umat_entry,"Fortran, but it declares no SUBROUTINE UMAT",subroutine_umat_ddsdde,,
ralic/Code_Aster,f603c149266e20185a4429766b6a9a10fe934f29,GPL-3.0,copyleft,LICENSE.txt (SPDX GPL-3.0 via the GitHub licence API),bibfor/algeline/calajt.F90,2390,,,no_umat_entry,"Fortran, but it declares no SUBROUTINE UMAT",subroutine_umat_ddsdde,,
ralic/Code_Aster,f603c149266e20185a4429766b6a9a10fe934f29,GPL-3.0,copyleft,LICENSE.txt (SPDX GPL-3.0 via the GitHub licence API),bibfor/algeline/calcdr.F90,5370,,,no_umat_entry,"Fortran, but it declares no SUBROUTINE UMAT",subroutine_umat_ddsdde,,
ralic/Code_Aster,f603c149266e20185a4429766b6a9a10fe934f29,GPL-3.0,copyleft,LICENSE.txt (SPDX GPL-3.0 via the GitHub licence API),bibfor/algeline/calcds.F90,4240,,,no_umat_entry,"Fortran, but it declares no SUBROUTINE UMAT",subroutine_umat_ddsdde,,
ralic/Code_Aster,f603c149266e20185a4429766b6a9a10fe934f29,GPL-3.0,copyleft,LICENSE.txt (SPDX GPL-3.0 via the GitHub licence API),bibfor/algeline/calcdy.F90,4009,,,no_umat_entry,"Fortran, but it declares no SUBROUTINE UMAT",subroutine_umat_ddsdde,,
ralic/Code_Aster,f603c149266e20185a4429766b6a9a10fe934f29,GPL-3.0,copyleft,LICENSE.txt (SPDX GPL-3.0 via the GitHub licence API),bibfor/algeline/calcg.F90,3476,,,no_umat_entry,"Fortran, but it declares no SUBROUTINE UMAT",subroutine_umat_ddsdde,,
ralic/Code_Aster,f603c149266e20185a4429766b6a9a10fe934f29,GPL-3.0,copyleft,LICENSE.txt (SPDX GPL-3.0 via the GitHub licence API),bibfor/algeline/calcj0.F90,2874,,,no_umat_entry,"Fortran, but it declares no SUBROUTINE UMAT",subroutine_umat_ddsdde,,
ralic/Code_Aster,f603c149266e20185a4429766b6a9a10fe934f29,GPL-3.0,copyleft,LICENSE.txt (SPDX GPL-3.0 via the GitHub licence API),bibfor/algeline/calcn.F90,3229,,,no_umat_entry,"Fortran, but it declares no SUBROUTINE UMAT",subroutine_umat_ddsdde,,
ralic/Code_Aster,f603c149266e20185a4429766b6a9a10fe934f29,GPL-3.0,copyleft,LICENSE.txt (SPDX GPL-3.0 via the GitHub licence API),bibfor/algeline/calcpj.F90,6418,,,no_umat_entry,"Fortran, but it declares no SUBROUTINE UMAT",subroutine_umat_ddsdde,,
ralic/Code_Aster,f603c149266e20185a4429766b6a9a10fe934f29,GPL-3.0,copyleft,LICENSE.txt (SPDX GPL-3.0 via the GitHub licence API),bibfor/algeline/calcq.F90,4312,,,no_umat_entry,"Fortran, but it declares no SUBROUTINE UMAT",subroutine_umat_ddsdde,,
ralic/Code_Aster,f603c149266e20185a4429766b6a9a10fe934f29,GPL-3.0,copyleft,LICENSE.txt (SPDX GPL-3.0 via the GitHub licence API),bibfor/algeline/calsvd.F90,6598,,,no_umat_entry,"Fortran, but it declares no SUBROUTINE UMAT",subroutine_umat_ddsdde,,
ralic/Code_Aster,f603c149266e20185a4429766b6a9a10fe934f29,GPL-3.0,copyleft,LICENSE.txt (SPDX GPL-3.0 via the GitHub licence API),bibfor/algeline/cbval2.F90,6040,,,no_umat_entry,"Fortran, but it declares no SUBROUTINE UMAT",subroutine_umat_ddsdde,,
ralic/Code_Aster,f603c149266e20185a4429766b6a9a10fe934f29,GPL-3.0,copyleft,LICENSE.txt (SPDX GPL-3.0 via the GitHub licence API),bibfor/algeline/cbvalc.F90,3562,,,no_umat_entry,"Fortran, but it declares no SUBROUTINE UMAT",subroutine_umat_ddsdde,,
ralic/Code_Aster,f603c149266e20185a4429766b6a9a10fe934f29,GPL-3.0,copyleft,LICENSE.txt (SPDX GPL-3.0 via the GitHub licence API),bibfor/algeline/cbvale.F90,8771,,,no_umat_entry,"Fortran, but it declares no SUBROUTINE UMAT",subroutine_umat_ddsdde,,
ralic/Code_Aster,f603c149266e20185a4429766b6a9a10fe934f29,GPL-3.0,copyleft,LICENSE.txt (SPDX GPL-3.0 via the GitHub licence API),bibfor/algeline/cbvalr.F90,3525,,,no_umat_entry,"Fortran, but it declares no SUBROUTINE UMAT",subroutine_umat_ddsdde,,
ralic/Code_Aster,f603c149266e20185a4429766b6a9a10fe934f29,GPL-3.0,copyleft,LICENSE.txt (SPDX GPL-3.0 via the GitHub licence API),bibfor/algeline/ccl11j.F90,1427,,,no_umat_entry,"Fortran, but it declares no SUBROUTINE UMAT",subroutine_umat_ddsdde,,
ralic/Code_Aster,f603c149266e20185a4429766b6a9a10fe934f29,GPL-3.0,copyleft,LICENSE.txt (SPDX GPL-3.0 via the GitHub licence API),bibfor/algeline/ccl21j.F90,2248,,,no_umat_entry,"Fortran, but it declares no SUBROUTINE UMAT",subroutine_umat_ddsdde,,
ralic/Code_Aster,f603c149266e20185a4429766b6a9a10fe934f29,GPL-3.0,copyleft,LICENSE.txt (SPDX GPL-3.0 via the GitHub licence API),bibfor/algeline/cclni1.F90,1353,,,no_umat_entry,"Fortran, but it declares no SUBROUTINE UMAT",subroutine_umat_ddsdde,,
ralic/Code_Aster,f603c149266e20185a4429766b6a9a10fe934f29,GPL-3.0,copyleft,LICENSE.txt (SPDX GPL-3.0 via the GitHub licence API),bibfor/algeline/cclni2.F90,1504,,,no_umat_entry,"Fortran, but it declares no SUBROUTINE UMAT",subroutine_umat_ddsdde,,
ralic/Code_Aster,f603c149266e20185a4429766b6a9a10fe934f29,GPL-3.0,copyleft,LICENSE.txt (SPDX GPL-3.0 via the GitHub licence API),bibfor/algeline/cdatrc.F90,1963,,,no_umat_entry,"Fortran, but it declares no SUBROUTINE UMAT",subroutine_umat_ddsdde,,
ralic/Code_Aster,f603c149266e20185a4429766b6a9a10fe934f29,GPL-3.0,copyleft,LICENSE.txt (SPDX GPL-3.0 via the GitHub licence API),bibfor/algeline/chcoma.F90,6919,,,no_umat_entry,"Fortran, but it declares no SUBROUTINE UMAT",subroutine_umat_ddsdde,,
ralic/Code_Aster,f603c149266e20185a4429766b6a9a10fe934f29,GPL-3.0,copyleft,LICENSE.txt (SPDX GPL-3.0 via the GitHub licence API),bibfor/algeline/chcomb.F90,5418,,,no_umat_entry,"Fortran, but it declares no SUBROUTINE UMAT",subroutine_umat_ddsdde,,
ralic/Code_Aster,f603c149266e20185a4429766b6a9a10fe934f29,GPL-3.0,copyleft,LICENSE.txt (SPDX GPL-3.0 via the GitHub licence API),bibfor/algeline/ckatrc.F90,1933,,,no_umat_entry,"Fortran, but it declares no SUBROUTINE UMAT",subroutine_umat_ddsdde,,
ralic/Code_Aster,f603c149266e20185a4429766b6a9a10fe934f29,GPL-3.0,copyleft,LICENSE.txt (SPDX GPL-3.0 via the GitHub licence API),bibfor/algeline/cmcovo.F90,22229,,,no_umat_entry,"Fortran, but it declares no SUBROUTINE UMAT",subroutine_umat_ddsdde,,
ralic/Code_Aster,f603c149266e20185a4429766b6a9a10fe934f29,GPL-3.0,copyleft,LICENSE.txt (SPDX GPL-3.0 via the GitHub licence API),,0,,,not_examined,stopped after 40 files from this repository; 7803 not read,subroutine_umat_ddsdde,,
ritukeshbharali/Abaqus-UMAT-cpp,,Unlicense,permissive,LICENSE (SPDX Unlicense via the GitHub licence API),,0,,,licence_incompatible,Unlicense is outside the set this project may redistribute; recorded and not fetched,subroutine_umat_fortran,,
usnistgov/viscoelastic_SLS_umat_with_radiation_stiffening,,,,LICENSE.md present but neither GitHub nor a text match identified a licence,,0,,,licence_absent,"no licence is declared, so nothing may be redistributed from it; a repository without a LICENSE file is refused, not assumed permissive; recorded and not fetched",subroutine_umat_fortran,,
zhmAtSJTU/personalSetup,,,,no LICENSE file detected by the GitHub API,,0,,,licence_absent,"no licence is declared, so nothing may be redistributed from it; a repository without a LICENSE file is refused, not assumed permissive; recorded and not fetched",subroutine_umat_fortran,,
BristolCompositesInstitute/abaqus-modern-fortran,20f721cd913625b87bb27fd567aa34945ceb0320,MIT,permissive,LICENSE (SPDX MIT via the GitHub licence API),src/Elastic_mod.f90,3592,,,no_umat_entry,"Fortran, but it declares no SUBROUTINE UMAT",subroutine_umat_fortran,,
BristolCompositesInstitute/abaqus-modern-fortran,20f721cd913625b87bb27fd567aa34945ceb0320,MIT,permissive,LICENSE (SPDX MIT via the GitHub licence API),src/umat.f,1447,38b5adc2458a5f1dcbd9bf822f1e33b7b5b600e04b9c20b0f33653be4c30ed4e,b1479cc836a92e3496aae37dbf8ff66e28aa5ba779d6cd41197cb8c8555ceaa5,already_known,"the same implementation as discovery_cache/BristolCompositesInstitute__abaqus-modern-fortran/src/umat.f, which this collection already counts",subroutine_umat_fortran,,
BristolCompositesInstitute/abaqus-modern-fortran,20f721cd913625b87bb27fd567aa34945ceb0320,MIT,permissive,LICENSE (SPDX MIT via the GitHub licence API),src/Abaqus_Definitions.f90,2414,,,no_umat_entry,"Fortran, but it declares no SUBROUTINE UMAT",subroutine_umat_fortran,,
BristolCompositesInstitute/abaqus-modern-fortran,20f721cd913625b87bb27fd567aa34945ceb0320,MIT,permissive,LICENSE (SPDX MIT via the GitHub licence API),test/test_elastic.f90,1558,,,no_umat_entry,"Fortran, but it declares no SUBROUTINE UMAT",subroutine_umat_fortran,,
ElmerCSC/elmerfem,2db4575f7500a0b2bda76db739cc8803d3aae698,BSD-3-Clause,permissive,LICENSE.md (SPDX BSD-3-Clause inferred from the licence text; GitHub's API reported no identifier for this file),fem/src/LoadMod.F90,39172,,,no_umat_entry,"Fortran, but it declares no SUBROUTINE UMAT",umat_extension_f90,,
ElmerCSC/elmerfem,2db4575f7500a0b2bda76db739cc8803d3aae698,BSD-3-Clause,permissive,LICENSE.md (SPDX BSD-3-Clause inferred from the licence text; GitHub's API reported no identifier for this file),fem/src/modules/ElasticSolve.F90,288575,213b38ababaff048c3b4250c860941cab3d3cd0f493de482ed2c1b443b631bbb,4a6972d3b379b1800972b2beda25932e4907cc21ad2518eac3bb7f1644c77115,candidate,"distinct, licensed BSD-3-Clause (permissive), declares a UMAT entry point; not yet transformed or verified",umat_extension_f90,ElmerCSC__elmerfem/fem/src/modules/ElasticSolve.F90,
ElmerCSC/elmerfem,2db4575f7500a0b2bda76db739cc8803d3aae698,BSD-3-Clause,permissive,LICENSE.md (SPDX BSD-3-Clause inferred from the licence text; GitHub's API reported no identifier for this file),fem/src/modules/UMATLib.F90,35817,,,no_umat_entry,"Fortran, but it declares no SUBROUTINE UMAT",umat_extension_f90,,
ElmerCSC/elmerfem,2db4575f7500a0b2bda76db739cc8803d3aae698,BSD-3-Clause,permissive,LICENSE.md (SPDX BSD-3-Clause inferred from the licence text; GitHub's API reported no identifier for this file),fem/tests/UMAT_StVenant_2D/MyUMAT.F90,11354,,,no_umat_entry,"Fortran, but it declares no SUBROUTINE UMAT",umat_extension_f90,,
ElmerCSC/elmerfem,2db4575f7500a0b2bda76db739cc8803d3aae698,BSD-3-Clause,permissive,LICENSE.md (SPDX BSD-3-Clause inferred from the licence text; GitHub's API reported no identifier for this file),fem/tests/UMAT_StVenant_axials/LocalUMAT.F90,45822,,,no_umat_entry,"Fortran, but it declares no SUBROUTINE UMAT",umat_extension_f90,,
ElmerCSC/elmerfem,2db4575f7500a0b2bda76db739cc8803d3aae698,BSD-3-Clause,permissive,LICENSE.md (SPDX BSD-3-Clause inferred from the licence text; GitHub's API reported no identifier for this file),ElmerWorkflows/Gid2Elmer/elmer.gid/findparents.f90,5326,,,no_umat_entry,"Fortran, but it declares no SUBROUTINE UMAT",umat_extension_f90,,
ElmerCSC/elmerfem,2db4575f7500a0b2bda76db739cc8803d3aae698,BSD-3-Clause,permissive,LICENSE.md (SPDX BSD-3-Clause inferred from the licence text; GitHub's API reported no identifier for this file),ElmerWorkflows/Gid2Elmer/elmer.gid/gid2elmer.f90,1325,,,no_umat_entry,"Fortran, but it declares no SUBROUTINE UMAT",umat_extension_f90,,
ElmerCSC/elmerfem,2db4575f7500a0b2bda76db739cc8803d3aae698,BSD-3-Clause,permissive,LICENSE.md (SPDX BSD-3-Clause inferred from the licence text; GitHub's API reported no identifier for this file),elmerice/IceSheet/Greenland/MAKE_MESH/USF_PCond.F90,1170,,,no_umat_entry,"Fortran, but it declares no SUBROUTINE UMAT",umat_extension_f90,,
ElmerCSC/elmerfem,2db4575f7500a0b2bda76db739cc8803d3aae698,BSD-3-Clause,permissive,LICENSE.md (SPDX BSD-3-Clause inferred from the licence text; GitHub's API reported no identifier for this file),elmerice/IceSheet/Greenland/SSA/Scalar_OUTPUT.F90,22134,,,no_umat_entry,"Fortran, but it declares no SUBROUTINE UMAT",umat_extension_f90,,
ElmerCSC/elmerfem,2db4575f7500a0b2bda76db739cc8803d3aae698,BSD-3-Clause,permissive,LICENSE.md (SPDX BSD-3-Clause inferred from the licence text; GitHub's API reported no identifier for this file),elmerice/IceSheet/Greenland/SSA_FRICTION_INIT/USFs.F90,722,,,no_umat_entry,"Fortran, but it declares no SUBROUTINE UMAT",umat_extension_f90,,
ElmerCSC/elmerfem,2db4575f7500a0b2bda76db739cc8803d3aae698,BSD-3-Clause,permissive,LICENSE.md (SPDX BSD-3-Clause inferred from the licence text; GitHub's API reported no identifier for this file),elmerice/IceSheet/Tools/ConservativeInterpolation/CELL_TO_NODE.F90,5482,,,no_umat_entry,"Fortran, but it declares no SUBROUTINE UMAT",umat_extension_f90,,
ElmerCSC/elmerfem,2db4575f7500a0b2bda76db739cc8803d3aae698,BSD-3-Clause,permissive,LICENSE.md (SPDX BSD-3-Clause inferred from the licence text; GitHub's API reported no identifier for this file),elmerice/IceSheet/Tools/ConservativeInterpolation/MakeCDOGridDesc.F90,5413,,,no_umat_entry,"Fortran, but it declares no SUBROUTINE UMAT",umat_extension_f90,,
ElmerCSC/elmerfem,2db4575f7500a0b2bda76db739cc8803d3aae698,BSD-3-Clause,permissive,LICENSE.md (SPDX BSD-3-Clause inferred from the licence text; GitHub's API reported no identifier for this file),elmerice/IceSheet/Tools/ConservativeInterpolation/READ_CELL_NETCDF.F90,6819,,,no_umat_entry,"Fortran, but it declares no SUBROUTINE UMAT",umat_extension_f90,,
ElmerCSC/elmerfem,2db4575f7500a0b2bda76db739cc8803d3aae698,BSD-3-Clause,permissive,LICENSE.md (SPDX BSD-3-Clause inferred from the licence text; GitHub's API reported no identifier for this file),elmerice/Meshers/MshGlacier.F90,5641,,,no_umat_entry,"Fortran, but it declares no SUBROUTINE UMAT",umat_extension_f90,,
ElmerCSC/elmerfem,2db4575f7500a0b2bda76db739cc8803d3aae698,BSD-3-Clause,permissive,LICENSE.md (SPDX BSD-3-Clause inferred from the licence text; GitHub's API reported no identifier for this file),elmerice/Meshers/MshGlacierDEM.F90,10672,,,no_umat_entry,"Fortran, but it declares no SUBROUTINE UMAT",umat_extension_f90,,
ElmerCSC/elmerfem,2db4575f7500a0b2bda76db739cc8803d3aae698,BSD-3-Clause,permissive,LICENSE.md (SPDX BSD-3-Clause inferred from the licence text; GitHub's API reported no identifier for this file),elmerice/Meshers/MshGlacierSynthetic.F90,4862,,,no_umat_entry,"Fortran, but it declares no SUBROUTINE UMAT",umat_extension_f90,,
ElmerCSC/elmerfem,2db4575f7500a0b2bda76db739cc8803d3aae698,BSD-3-Clause,permissive,LICENSE.md (SPDX BSD-3-Clause inferred from the licence text; GitHub's API reported no identifier for this file),elmerice/Solvers/AIFlowSolve_nlD2.F90,52572,,,no_umat_entry,"Fortran, but it declares no SUBROUTINE UMAT",umat_extension_f90,,
ElmerCSC/elmerfem,2db4575f7500a0b2bda76db739cc8803d3aae698,BSD-3-Clause,permissive,LICENSE.md (SPDX BSD-3-Clause inferred from the licence text; GitHub's API reported no identifier for this file),elmerice/Solvers/AIFlowSolve_nlS2.F90,53565,,,no_umat_entry,"Fortran, but it declares no SUBROUTINE UMAT",umat_extension_f90,,
ElmerCSC/elmerfem,2db4575f7500a0b2bda76db739cc8803d3aae698,BSD-3-Clause,permissive,LICENSE.md (SPDX BSD-3-Clause inferred from the licence text; GitHub's API reported no identifier for this file),elmerice/Solvers/Adjoint/Adjoint_CostContSolver.F90,11442,,,no_umat_entry,"Fortran, but it declares no SUBROUTINE UMAT",umat_extension_f90,,
ElmerCSC/elmerfem,2db4575f7500a0b2bda76db739cc8803d3aae698,BSD-3-Clause,permissive,LICENSE.md (SPDX BSD-3-Clause inferred from the licence text; GitHub's API reported no identifier for this file),elmerice/Solvers/Adjoint/Adjoint_CostDiscSolver.F90,30758,,,no_umat_entry,"Fortran, but it declares no SUBROUTINE UMAT",umat_extension_f90,,
ElmerCSC/elmerfem,2db4575f7500a0b2bda76db739cc8803d3aae698,BSD-3-Clause,permissive,LICENSE.md (SPDX BSD-3-Clause inferred from the licence text; GitHub's API reported no identifier for this file),elmerice/Solvers/Adjoint/Adjoint_CostRegSolver.F90,15633,,,no_umat_entry,"Fortran, but it declares no SUBROUTINE UMAT",umat_extension_f90,,
ElmerCSC/elmerfem,2db4575f7500a0b2bda76db739cc8803d3aae698,BSD-3-Clause,permissive,LICENSE.md (SPDX BSD-3-Clause inferred from the licence text; GitHub's API reported no identifier for this file),elmerice/Solvers/Adjoint/Adjoint_GradientValidation.F90,11027,,,no_umat_entry,"Fortran, but it declares no SUBROUTINE UMAT",umat_extension_f90,,
ElmerCSC/elmerfem,2db4575f7500a0b2bda76db739cc8803d3aae698,BSD-3-Clause,permissive,LICENSE.md (SPDX BSD-3-Clause inferred from the licence text; GitHub's API reported no identifier for this file),elmerice/Solvers/Adjoint/Adjoint_LinearSolver.F90,13830,,,no_umat_entry,"Fortran, but it declares no SUBROUTINE UMAT",umat_extension_f90,,
ElmerCSC/elmerfem,2db4575f7500a0b2bda76db739cc8803d3aae698,BSD-3-Clause,permissive,LICENSE.md (SPDX BSD-3-Clause inferred from the licence text; GitHub's API reported no identifier for this file),elmerice/Solvers/AdjointSSA/AdjointSSA_AdjointSolver.F90,13969,,,no_umat_entry,"Fortran, but it declares no SUBROUTINE UMAT",umat_extension_f90,,
ElmerCSC/elmerfem,2db4575f7500a0b2bda76db739cc8803d3aae698,BSD-3-Clause,permissive,LICENSE.md (SPDX BSD-3-Clause inferred from the licence text; GitHub's API reported no identifier for this file),elmerice/Solvers/AdjointSSA/AdjointSSA_CostContSolver.F90,11414,,,no_umat_entry,"Fortran, but it declares no SUBROUTINE UMAT",umat_extension_f90,,
ElmerCSC/elmerfem,2db4575f7500a0b2bda76db739cc8803d3aae698,BSD-3-Clause,permissive,LICENSE.md (SPDX BSD-3-Clause inferred from the licence text; GitHub's API reported no identifier for this file),elmerice/Solvers/AdjointSSA/AdjointSSA_CostDiscSolver.F90,23836,,,no_umat_entry,"Fortran, but it declares no SUBROUTINE UMAT",umat_extension_f90,,
ElmerCSC/elmerfem,2db4575f7500a0b2bda76db739cc8803d3aae698,BSD-3-Clause,permissive,LICENSE.md (SPDX BSD-3-Clause inferred from the licence text; GitHub's API reported no identifier for this file),elmerice/Solvers/AdjointSSA/AdjointSSA_CostFluxDivSolver.F90,17433,,,no_umat_entry,"Fortran, but it declares no SUBROUTINE UMAT",umat_extension_f90,,
ElmerCSC/elmerfem,2db4575f7500a0b2bda76db739cc8803d3aae698,BSD-3-Clause,permissive,LICENSE.md (SPDX BSD-3-Clause inferred from the licence text; GitHub's API reported no identifier for this file),elmerice/Solvers/AdjointSSA/AdjointSSA_CostRegSolver.F90,15489,,,no_umat_entry,"Fortran, but it declares no SUBROUTINE UMAT",umat_extension_f90,,
ElmerCSC/elmerfem,2db4575f7500a0b2bda76db739cc8803d3aae698,BSD-3-Clause,permissive,LICENSE.md (SPDX BSD-3-Clause inferred from the licence text; GitHub's API reported no identifier for this file),elmerice/Solvers/AdjointSSA/AdjointSSA_CostTaubSolver.F90,13918,,,no_umat_entry,"Fortran, but it declares no SUBROUTINE UMAT",umat_extension_f90,,
ElmerCSC/elmerfem,2db4575f7500a0b2bda76db739cc8803d3aae698,BSD-3-Clause,permissive,LICENSE.md (SPDX BSD-3-Clause inferred from the licence text; GitHub's API reported no identifier for this file),elmerice/Solvers/AdjointSSA/AdjointSSA_GradientSolver.F90,34502,,,no_umat_entry,"Fortran, but it declares no SUBROUTINE UMAT",umat_extension_f90,,
ElmerCSC/elmerfem,2db4575f7500a0b2bda76db739cc8803d3aae698,BSD-3-Clause,permissive,LICENSE.md (SPDX BSD-3-Clause inferred from the licence text; GitHub's API reported no identifier for this file),elmerice/Solvers/AdjointSSA/AdjointSSA_SSASolver.F90,29386,,,no_umat_entry,"Fortran, but it declares no SUBROUTINE UMAT",umat_extension_f90,,
ElmerCSC/elmerfem,2db4575f7500a0b2bda76db739cc8803d3aae698,BSD-3-Clause,permissive,LICENSE.md (SPDX BSD-3-Clause inferred from the licence text; GitHub's API reported no identifier for this file),elmerice/Solvers/AdjointSolver.F90,9110,,,no_umat_entry,"Fortran, but it declares no SUBROUTINE UMAT",umat_extension_f90,,
ElmerCSC/elmerfem,2db4575f7500a0b2bda76db739cc8803d3aae698,BSD-3-Clause,permissive,LICENSE.md (SPDX BSD-3-Clause inferred from the licence text; GitHub's API reported no identifier for this file),elmerice/Solvers/AdjointStokes/AdjointStokes_GradientBetaSolver.F90,11833,,,no_umat_entry,"Fortran, but it declares no SUBROUTINE UMAT",umat_extension_f90,,
ElmerCSC/elmerfem,2db4575f7500a0b2bda76db739cc8803d3aae698,BSD-3-Clause,permissive,LICENSE.md (SPDX BSD-3-Clause inferred from the licence text; GitHub's API reported no identifier for this file),elmerice/Solvers/AdjointStokes/AdjointStokes_GradientMu.F90,10584,,,no_umat_entry,"Fortran, but it declares no SUBROUTINE UMAT",umat_extension_f90,,
ElmerCSC/elmerfem,2db4575f7500a0b2bda76db739cc8803d3aae698,BSD-3-Clause,permissive,LICENSE.md (SPDX BSD-3-Clause inferred from the licence text; GitHub's API reported no identifier for this file),elmerice/Solvers/AdjointThickness/AdjointThickness_GradientSolver.F90,20614,,,no_umat_entry,"Fortran, but it declares no SUBROUTINE UMAT",umat_extension_f90,,
ElmerCSC/elmerfem,2db4575f7500a0b2bda76db739cc8803d3aae698,BSD-3-Clause,permissive,LICENSE.md (SPDX BSD-3-Clause inferred from the licence text; GitHub's API reported no identifier for this file),elmerice/Solvers/AdjointThickness/AdjointThickness_ThicknessSolver.F90,14898,,,no_umat_entry,"Fortran, but it declares no SUBROUTINE UMAT",umat_extension_f90,,
ElmerCSC/elmerfem,2db4575f7500a0b2bda76db739cc8803d3aae698,BSD-3-Clause,permissive,LICENSE.md (SPDX BSD-3-Clause inferred from the licence text; GitHub's API reported no identifier for this file),elmerice/Solvers/BasalMelt3D.F90,13263,,,no_umat_entry,"Fortran, but it declares no SUBROUTINE UMAT",umat_extension_f90,,
ElmerCSC/elmerfem,2db4575f7500a0b2bda76db739cc8803d3aae698,BSD-3-Clause,permissive,LICENSE.md (SPDX BSD-3-Clause inferred from the licence text; GitHub's API reported no identifier for this file),elmerice/Solvers/CaffeSolver.F90,91305,,,no_umat_entry,"Fortran, but it declares no SUBROUTINE UMAT",umat_extension_f90,,
ElmerCSC/elmerfem,2db4575f7500a0b2bda76db739cc8803d3aae698,BSD-3-Clause,permissive,LICENSE.md (SPDX BSD-3-Clause inferred from the licence text; GitHub's API reported no identifier for this file),elmerice/Solvers/Calving.F90,53836,,,no_umat_entry,"Fortran, but it declares no SUBROUTINE UMAT",umat_extension_f90,,
ElmerCSC/elmerfem,2db4575f7500a0b2bda76db739cc8803d3aae698,BSD-3-Clause,permissive,LICENSE.md (SPDX BSD-3-Clause inferred from the licence text; GitHub's API reported no identifier for this file),elmerice/Solvers/Calving3D.F90,84018,,,no_umat_entry,"Fortran, but it declares no SUBROUTINE UMAT",umat_extension_f90,,
ElmerCSC/elmerfem,2db4575f7500a0b2bda76db739cc8803d3aae698,BSD-3-Clause,permissive,LICENSE.md (SPDX BSD-3-Clause inferred from the licence text; GitHub's API reported no identifier for this file),,0,,,not_examined,stopped after 40 files from this repository; 2201 not read,umat_extension_f90,,
JuliaFEM/UMAT.jl,091d34e317da0ac34271168de1288157718af5fd,MIT,permissive,LICENSE (SPDX MIT inferred from the licence text; GitHub's API reported no identifier for this file),umat_models/drucker_prager_plasticity.f90,33173,5f4b97fece6c647cdbbe33e805e159f07e05796285364f119d46020c4d159ebc,f7254ed4ed449ec19270bee2625d0ddcb65f76b0d8e1d0de97285477886d1bd8,candidate,"distinct, licensed MIT (permissive), declares a UMAT entry point; not yet transformed or verified",subroutine_umat_ddsdde,JuliaFEM__UMAT.jl/umat_models/drucker_prager_plasticity.f90,
JuliaFEM/UMAT.jl,091d34e317da0ac34271168de1288157718af5fd,MIT,permissive,LICENSE (SPDX MIT inferred from the licence text; GitHub's API reported no identifier for this file),umat_models/gurson_porous_plasticity.f90,33420,0f3b928775e8ffec0e08c16c36923896774d4b780b4d7b5abb5a18126455bdc9,b5adea964e503dafb7b30183c7f80f627449862edfa5633fe02db79e2dbaaf71,candidate,"distinct, licensed MIT (permissive), declares a UMAT entry point; not yet transformed or verified",subroutine_umat_ddsdde,JuliaFEM__UMAT.jl/umat_models/gurson_porous_plasticity.f90,
JuliaFEM/UMAT.jl,091d34e317da0ac34271168de1288157718af5fd,MIT,permissive,LICENSE (SPDX MIT inferred from the licence text; GitHub's API reported no identifier for this file),umat_models/drucker_prager_plasticity_deriv.f90,20183,,,no_umat_entry,"Fortran, but it declares no SUBROUTINE UMAT",subroutine_umat_ddsdde,,
Prasannahegde23/UMAT-and-UMATHT-Implementation-for-Hydrogen-diffusion-under-Large-deformations-in-Abaqus,,,,no LICENSE file detected by the GitHub API,,0,,,licence_absent,"no licence is declared, so nothing may be redistributed from it; a repository without a LICENSE file is refused, not assumed permissive; recorded and not fetched",subroutine_umat_fortran,,
gabnasello/boneingrowth_subroutine,,,,no LICENSE file detected by the GitHub API,,0,,,licence_absent,"no licence is declared, so nothing may be redistributed from it; a repository without a LICENSE file is refused, not assumed permissive; recorded and not fetched",subroutine_umat_fortran,,
keisuke58/wccm2026-cfrp-gnn,,,,no LICENSE file detected by the GitHub API,,0,,,licence_absent,"no licence is declared, so nothing may be redistributed from it; a repository without a LICENSE file is refused, not assumed permissive; recorded and not fetched",subroutine_umat_fortran,,
louisepb/TexGen,,GPL-2.0,permissive,LICENSE (SPDX GPL-2.0 via the GitHub licence API),,0,,,licence_incompatible,GPL-2.0 is outside the set this project may redistribute; recorded and not fetched,subroutine_umat_fortran,,
matmodlab/matmodlab2,d2e6f5332d319752285c042e88e2baab506dc921,BSD-3-Clause,permissive,LICENSE (SPDX BSD-3-Clause via the GitHub licence API),matmodlab2/umat/uhyper.pyf,4020,7d3f659f5fda5c1b8fd722ea837ebaeca226e55ed22fd0e33f73fe61e9828a0b,b70b4a9a2eea4a8a5068a492b046f555496468faaed8ca6bc011c17b24816d1a,not_a_source_file,names another language or a solver data format; it can contain the string SUBROUTINE UMAT while writing about Fortran rather than being it. Admitted in error by this run and refused since.,subroutine_umat_ddsdde,,
matmodlab/matmodlab2,d2e6f5332d319752285c042e88e2baab506dc921,BSD-3-Clause,permissive,LICENSE (SPDX BSD-3-Clause via the GitHub licence API),matmodlab2/umat/uhyper_wrap.f90,16053,8674d4c8f2e67138807726172d796c89800e32dc9f6ec0528df2b184c3f39a98,5309c82124fe7dfe37afe34341d67281fe63367d15e279a895fb2eb1d2b95f67,candidate,"distinct, licensed BSD-3-Clause (permissive), declares a UMAT entry point; not yet transformed or verified",subroutine_umat_ddsdde,matmodlab__matmodlab2/matmodlab2/umat/uhyper_wrap.f90,
matmodlab/matmodlab2,d2e6f5332d319752285c042e88e2baab506dc921,BSD-3-Clause,permissive,LICENSE (SPDX BSD-3-Clause via the GitHub licence API),matmodlab2/umat/umats/umat_neohooke.f90,4904,59678bf4c33220105b5618984db7a3a358542c582a291a1e5a7f29a00d3a69bd,8cb9e0ba346c73ac19ad7275020deee6b6ec4d02b27714bf8b39a51eab7b76c6,candidate,"distinct, licensed BSD-3-Clause (permissive), declares a UMAT entry point; not yet transformed or verified",subroutine_umat_ddsdde,matmodlab__matmodlab2/matmodlab2/umat/umats/umat_neohooke.f90,
matmodlab/matmodlab2,d2e6f5332d319752285c042e88e2baab506dc921,BSD-3-Clause,permissive,LICENSE (SPDX BSD-3-Clause via the GitHub licence API),matmodlab2/umat/umats/umat_stub.f90,1064,3557f248dd39f39940fda4aa55a4d773436836058aad16bd0824a65d02723cfd,cc1b5b5cdc55f67e3e60ba99ca1e94b62d82ccd18cd53c36dc93cf3658e242d2,candidate,"distinct, licensed BSD-3-Clause (permissive), declares a UMAT entry point; not yet transformed or verified",subroutine_umat_ddsdde,matmodlab__matmodlab2/matmodlab2/umat/umats/umat_stub.f90,
matmodlab/matmodlab2,d2e6f5332d319752285c042e88e2baab506dc921,BSD-3-Clause,permissive,LICENSE (SPDX BSD-3-Clause via the GitHub licence API),matmodlab2/umat/umats/umat_thermoelastic.f90,3769,9eb51d6d1308e87f89a7e0821f464e62fc22fc9ab091758e4bbc68f91054e31a,9e9fd9f4292c4e21825f72bf9b6e133802b5029e0363fdc5c03e76b209c110d6,candidate,"distinct, licensed BSD-3-Clause (permissive), declares a UMAT entry point; not yet transformed or verified",subroutine_umat_ddsdde,matmodlab__matmodlab2/matmodlab2/umat/umats/umat_thermoelastic.f90,
matmodlab/matmodlab2,d2e6f5332d319752285c042e88e2baab506dc921,BSD-3-Clause,permissive,LICENSE (SPDX BSD-3-Clause via the GitHub licence API),matmodlab2/ext_helpers/blas_lapack-lite.f,333119,,,no_umat_entry,"Fortran, but it declares no SUBROUTINE UMAT",subroutine_umat_ddsdde,,
matmodlab/matmodlab2,d2e6f5332d319752285c042e88e2baab506dc921,BSD-3-Clause,permissive,LICENSE (SPDX BSD-3-Clause via the GitHub licence API),matmodlab2/ext_helpers/dgpadm.f,5490,,,no_umat_entry,"Fortran, but it declares no SUBROUTINE UMAT",subroutine_umat_ddsdde,,
matmodlab/matmodlab2,d2e6f5332d319752285c042e88e2baab506dc921,BSD-3-Clause,permissive,LICENSE (SPDX BSD-3-Clause via the GitHub licence API),matmodlab2/ext_helpers/matrix_funcs.f90,6618,,,no_umat_entry,"Fortran, but it declares no SUBROUTINE UMAT",subroutine_umat_ddsdde,,
matmodlab/matmodlab2,d2e6f5332d319752285c042e88e2baab506dc921,BSD-3-Clause,permissive,LICENSE (SPDX BSD-3-Clause via the GitHub licence API),matmodlab2/ext_helpers/mml_io.f90,3909,,,no_umat_entry,"Fortran, but it declares no SUBROUTINE UMAT",subroutine_umat_ddsdde,,
matmodlab/matmodlab2,d2e6f5332d319752285c042e88e2baab506dc921,BSD-3-Clause,permissive,LICENSE (SPDX BSD-3-Clause via the GitHub licence API),matmodlab2/umat/aba_sdvini.f90,391,,,no_umat_entry,"Fortran, but it declares no SUBROUTINE UMAT",subroutine_umat_ddsdde,,
matmodlab/matmodlab2,d2e6f5332d319752285c042e88e2baab506dc921,BSD-3-Clause,permissive,LICENSE (SPDX BSD-3-Clause via the GitHub licence API),matmodlab2/umat/aba_utils.f90,3077,,,no_umat_entry,"Fortran, but it declares no SUBROUTINE UMAT",subroutine_umat_ddsdde,,
matmodlab/matmodlab2,d2e6f5332d319752285c042e88e2baab506dc921,BSD-3-Clause,permissive,LICENSE (SPDX BSD-3-Clause via the GitHub licence API),matmodlab2/umat/tensalg.f90,39320,,,no_umat_entry,"Fortran, but it declares no SUBROUTINE UMAT",subroutine_umat_ddsdde,,
matmodlab/matmodlab2,d2e6f5332d319752285c042e88e2baab506dc921,BSD-3-Clause,permissive,LICENSE (SPDX BSD-3-Clause via the GitHub licence API),matmodlab2/umat/umats/uhyper_neohooke.f90,2017,,,no_umat_entry,"Fortran, but it declares no SUBROUTINE UMAT",subroutine_umat_ddsdde,,
mkhadijeh26/UMAT_for_Viscoelastictiy,c77c611972c35ec7fca803cdb1d31d1b8fa81c53,MIT,permissive,LICENSE (SPDX MIT via the GitHub licence API),Fortran Code_Basic_Viscoelasticity/ABAQUS_DSR_EXAMPLE/ViscoelasticityCode3.f,6428,4ae48f16439c130e02e1129d8d2e1dd9e23c7ac062165903213955c7aab06b76,1de370b9bda644e9a01ec61f0d7c9309825ecc04a10c1eb9e1bd54ae87bd93f6,already_known,"the same implementation as discovery_cache/mkhadijeh26__UMAT_for_Viscoelastictiy/Fortran Code_Basic_Viscoelasticity/ABAQUS_DSR_EXAMPLE/ViscoelasticityCode3.f, which this collection already counts",subroutine_umat_fortran,,
mkhadijeh26/UMAT_for_Viscoelastictiy,c77c611972c35ec7fca803cdb1d31d1b8fa81c53,MIT,permissive,LICENSE (SPDX MIT via the GitHub licence API),Fortran Code_Basic_Viscoelasticity/ViscoelasticityCode.f,9892,f7e2b95e001a93b75d22b7f30d3fdfd5037428e81083d6a43879128f4fd5cd6e,12aaca7ad6a8ebee89888239a91c942146e41a3bd71d81e23aba7a7c8cfd3096,already_known,"the same implementation as discovery_cache/mkhadijeh26__UMAT_for_Viscoelastictiy/Fortran Code_Basic_Viscoelasticity/ViscoelasticityCode.f, which this collection already counts",subroutine_umat_fortran,,
mkhadijeh26/UMAT_for_Viscoelastictiy,c77c611972c35ec7fca803cdb1d31d1b8fa81c53,MIT,permissive,LICENSE (SPDX MIT via the GitHub licence API),Fortran Code_Basic_Viscoelasticity/ViscoelasticityCode2.f,7578,f94218be91765e1b8ccd32e2005a9043ea7dbb9ded458828e07968714ed038fe,851f4d9b6965e3f092156dd0383ec426c482f5ae9336f71b7929ac4d61e4e902,already_known,"the same implementation as discovery_cache/mkhadijeh26__UMAT_for_Viscoelastictiy/Fortran Code_Basic_Viscoelasticity/ViscoelasticityCode2.f, which this collection already counts",subroutine_umat_fortran,,
mkhadijeh26/UMAT_for_Viscoelastictiy,c77c611972c35ec7fca803cdb1d31d1b8fa81c53,MIT,permissive,LICENSE (SPDX MIT via the GitHub licence API),Fortran Code_Basic_Viscoelasticity/ViscoelasticityCode3.f,6258,c629d13048205f52d04f6728c70ab159e9eebb9dfacecb85005fb27d12f741ea,f1542ed8ff7ea920af33d9686d92807ea978ec2fd2cdfdc5cf11c7e932c8a9c7,already_known,"the same implementation as discovery_cache/mkhadijeh26__UMAT_for_Viscoelastictiy/Fortran Code_Basic_Viscoelasticity/ViscoelasticityCode3.f, which this collection already counts",subroutine_umat_fortran,,
mkhadijeh26/UMAT_for_Viscoelastictiy,c77c611972c35ec7fca803cdb1d31d1b8fa81c53,MIT,permissive,LICENSE (SPDX MIT via the GitHub licence API),Linking Mechanical with Aging Code/CoupledMechanicalAgingCode.f,8338,899132498585e817607d5db1d398dc6dea8b9fcf68160ac68a4f76fef0219f8c,368231efe0efeec3e1ab16adcf368dc1f3f8bbbfa06e73d8e202d12b218907fd,already_known,"the same implementation as discovery_cache/mkhadijeh26__UMAT_for_Viscoelastictiy/Linking Mechanical with Aging Code/CoupledMechanicalAgingCode.f, which this collection already counts",subroutine_umat_fortran,,
mkhadijeh26/UMAT_for_Viscoelastictiy,c77c611972c35ec7fca803cdb1d31d1b8fa81c53,MIT,permissive,LICENSE (SPDX MIT via the GitHub licence API),Linking Mechanical with Aging Code/CoupledMechanicalAgingCode2.f,8574,daee9124d470e398ec096a79ab8f5a10551dfed1f2a5bb290ac869fcd1bbe0fc,b0be14b077982be39a1a97187fa9ab8abca9478575f2793c9ae274115f7d3575,already_known,"the same implementation as discovery_cache/mkhadijeh26__UMAT_for_Viscoelastictiy/Linking Mechanical with Aging Code/CoupledMechanicalAgingCode2.f, which this collection already counts",subroutine_umat_fortran,,
ngrilli/PyCiGen,,,,no LICENSE file detected by the GitHub API,,0,,,licence_absent,"no licence is declared, so nothing may be redistributed from it; a repository without a LICENSE file is refused, not assumed permissive; recorded and not fetched",subroutine_umat_fortran,,
npaulson/MKS-Experimentation,,,,no LICENSE file detected by the GitHub API,,0,,,licence_absent,"no licence is declared, so nothing may be redistributed from it; a repository without a LICENSE file is refused, not assumed permissive; recorded and not fetched",subroutine_umat_fortran,,
nsundar/thermomechfatigue,,,,no LICENSE file detected by the GitHub API,,0,,,licence_absent,"no licence is declared, so nothing may be redistributed from it; a repository without a LICENSE file is refused, not assumed permissive; recorded and not fetched",subroutine_umat_fortran,,
thealanjason/umat_finite_viscoelasticity,847803d0087a5833b7a059d392e27d76c0061f54,MIT,permissive,LICENSE (SPDX MIT via the GitHub licence API),UMAT/VISC_OGDEN_1EL.for,39486,2ee65682829f66b7a807bca2a61d9c07f0def22db82ce6e97fa32b0719dbfed8,033c0ec54f48d4f1cee50c49a95a6b1a95954bc7f7783f9d321116c27bcb997f,candidate,"distinct, licensed MIT (permissive), declares a UMAT entry point; not yet transformed or verified",subroutine_umat_ddsdde,thealanjason__umat_finite_viscoelasticity/UMAT/VISC_OGDEN_1EL.for,
thealanjason/umat_finite_viscoelasticity,847803d0087a5833b7a059d392e27d76c0061f54,MIT,permissive,LICENSE (SPDX MIT via the GitHub licence API),UMAT/VISC_OGDEN_2EL.for,58551,040907490925a4f80abbf0e75bca4986861bd8ff264c36dbf703fad51ff216ad,04cb1b8180c060d2b00ecf008c3ce21594a4cc878eccec37d780ddc73970aeea,candidate,"distinct, licensed MIT (permissive), declares a UMAT entry point; not yet transformed or verified",subroutine_umat_ddsdde,thealanjason__umat_finite_viscoelasticity/UMAT/VISC_OGDEN_2EL.for,
thealanjason/umat_finite_viscoelasticity,847803d0087a5833b7a059d392e27d76c0061f54,MIT,permissive,LICENSE (SPDX MIT via the GitHub licence API),UMAT/VISC_OGDEN_3EL.for,77495,b22ce06a48a70528e32798de06ad2c368cef5c065cb8b175601d70585bda2162,e0f58033028c573fb181a8d6640899695ceea3700bb4b68c73d2b0c2d9747878,candidate,"distinct, licensed MIT (permissive), declares a UMAT entry point; not yet transformed or verified",subroutine_umat_ddsdde,thealanjason__umat_finite_viscoelasticity/UMAT/VISC_OGDEN_3EL.for,
thealanjason/umat_finite_viscoelasticity,847803d0087a5833b7a059d392e27d76c0061f54,MIT,permissive,LICENSE (SPDX MIT via the GitHub licence API),simulation_input_files/VISC_OGDEN_1EL.for,39776,265dde6a7f0c6e66cc44edf2c156141537a4b28b367986dae69c329ebb4e6f40,4169b799b871de98faafb3979728dc92672eefb99ed7ab94f4f292a9e5cff5bd,candidate,"distinct, licensed MIT (permissive), declares a UMAT entry point; not yet transformed or verified",subroutine_umat_ddsdde,thealanjason__umat_finite_viscoelasticity/simulation_input_files/VISC_OGDEN_1EL.for,simulation_input_files/ColumnTwisting/2EL/twist20/twist20.inp;simulation_input_files/ColumnTwisting/2EL/twist20slow/twist20slow.inp;simulation_input_files/ColumnTwisting/2EL/twist20slow/twist20slowsteady.inp;simulation_input_files/ColumnTwisting/2EL/twist8/twist8.inp;simulation_input_files/ColumnTwisting/2EL/twist8slow/twist8slow.inp;simulation_input_files/ColumnTwisting/2EL/twist8slow/twist8slow2x.inp;simulation_input_files/ColumnTwisting/2EL/twist8slow/twist8slowsteady.inp;simulation_input_files/ColumnTwisting/2EL/twistfine20/twistfine20.inp
thealanjason/umat_finite_viscoelasticity,847803d0087a5833b7a059d392e27d76c0061f54,MIT,permissive,LICENSE (SPDX MIT via the GitHub licence API),simulation_input_files/VISC_OGDEN_2EL.for,58834,c2f525aa58394432cb5adf95c555b5bd9123e891068e9484db4e16d15e2fa1f9,a5a6a5373ed4d953e084b41e25056c964dde018e989854a6035e252cb646290e,candidate,"distinct, licensed MIT (permissive), declares a UMAT entry point; not yet transformed or verified",subroutine_umat_ddsdde,thealanjason__umat_finite_viscoelasticity/simulation_input_files/VISC_OGDEN_2EL.for,simulation_input_files/ColumnTwisting/2EL/twist20/twist20.inp;simulation_input_files/ColumnTwisting/2EL/twist20slow/twist20slow.inp;simulation_input_files/ColumnTwisting/2EL/twist20slow/twist20slowsteady.inp;simulation_input_files/ColumnTwisting/2EL/twist8/twist8.inp;simulation_input_files/ColumnTwisting/2EL/twist8slow/twist8slow.inp;simulation_input_files/ColumnTwisting/2EL/twist8slow/twist8slow2x.inp;simulation_input_files/ColumnTwisting/2EL/twist8slow/twist8slowsteady.inp;simulation_input_files/ColumnTwisting/2EL/twistfine20/twistfine20.inp
thealanjason/umat_finite_viscoelasticity,847803d0087a5833b7a059d392e27d76c0061f54,MIT,permissive,LICENSE (SPDX MIT via the GitHub licence API),simulation_input_files/VISC_OGDEN_3EL.for,77771,b0171398af73d8d6bc1843879e650a702809ef6621a09c85954e98936e605f9e,e0c19ffdada894012bab8415a5e371c70099236f83584a84e0aca687156f3c61,candidate,"distinct, licensed MIT (permissive), declares a UMAT entry point; not yet transformed or verified",subroutine_umat_ddsdde,thealanjason__umat_finite_viscoelasticity/simulation_input_files/VISC_OGDEN_3EL.for,simulation_input_files/ColumnTwisting/2EL/twist20/twist20.inp;simulation_input_files/ColumnTwisting/2EL/twist20slow/twist20slow.inp;simulation_input_files/ColumnTwisting/2EL/twist20slow/twist20slowsteady.inp;simulation_input_files/ColumnTwisting/2EL/twist8/twist8.inp;simulation_input_files/ColumnTwisting/2EL/twist8slow/twist8slow.inp;simulation_input_files/ColumnTwisting/2EL/twist8slow/twist8slow2x.inp;simulation_input_files/ColumnTwisting/2EL/twist8slow/twist8slowsteady.inp;simulation_input_files/ColumnTwisting/2EL/twistfine20/twistfine20.inp
thealanjason/umat_finite_viscoelasticity,847803d0087a5833b7a059d392e27d76c0061f54,MIT,permissive,LICENSE (SPDX MIT via the GitHub licence API),report/chapters/VISC_OGDEN_2EL.for,58862,73987cb0bbed5f997e7651a5697d75c2afb198ccff7fe70deb36a210ad687332,a4757867c863567e5df39c83f44380f4f77ab3fd960f8d7a5cba78d8d53fd272,candidate,"distinct, licensed MIT (permissive), declares a UMAT entry point; not yet transformed or verified",subroutine_umat_ddsdde,thealanjason__umat_finite_viscoelasticity/report/chapters/VISC_OGDEN_2EL.for,
vidratajec/VFW,,,,no LICENSE file detected by the GitHub API,,0,,,licence_absent,"no licence is declared, so nothing may be redistributed from it; a repository without a LICENSE file is refused, not assumed permissive; recorded and not fetched",subroutine_umat_fortran,,
xdbc/codeAster,292d95fe5afb9a516fbcac1c70afdb965f5cdfce,GPL-3.0,copyleft,LICENSE (SPDX GPL-3.0 via the GitHub licence API),astest/umat001a.f,7300,,,no_umat_entry,"Fortran, but it declares no SUBROUTINE UMAT",subroutine_umat_ddsdde,,
xdbc/codeAster,292d95fe5afb9a516fbcac1c70afdb965f5cdfce,GPL-3.0,copyleft,LICENSE (SPDX GPL-3.0 via the GitHub licence API),bibfor/comport/umatPrepareStrain.F90,3317,,,no_umat_entry,"Fortran, but it declares no SUBROUTINE UMAT",subroutine_umat_ddsdde,,
xdbc/codeAster,292d95fe5afb9a516fbcac1c70afdb965f5cdfce,GPL-3.0,copyleft,LICENSE (SPDX GPL-3.0 via the GitHub licence API),astest/umat002a.f,7227,,,no_umat_entry,"Fortran, but it declares no SUBROUTINE UMAT",subroutine_umat_ddsdde,,
xdbc/codeAster,292d95fe5afb9a516fbcac1c70afdb965f5cdfce,GPL-3.0,copyleft,LICENSE (SPDX GPL-3.0 via the GitHub licence API),bibfor/algeline/addMatrAsse.F90,3042,,,no_umat_entry,"Fortran, but it declares no SUBROUTINE UMAT",subroutine_umat_ddsdde,,
xdbc/codeAster,292d95fe5afb9a516fbcac1c70afdb965f5cdfce,GPL-3.0,copyleft,LICENSE (SPDX GPL-3.0 via the GitHub licence API),bibfor/algeline/almulr.F90,2698,,,no_umat_entry,"Fortran, but it declares no SUBROUTINE UMAT",subroutine_umat_ddsdde,,
xdbc/codeAster,292d95fe5afb9a516fbcac1c70afdb965f5cdfce,GPL-3.0,copyleft,LICENSE (SPDX GPL-3.0 via the GitHub licence API),bibfor/algeline/amdapt.F90,6402,,,no_umat_entry,"Fortran, but it declares no SUBROUTINE UMAT",subroutine_umat_ddsdde,,
xdbc/codeAster,292d95fe5afb9a516fbcac1c70afdb965f5cdfce,GPL-3.0,copyleft,LICENSE (SPDX GPL-3.0 via the GitHub licence API),bibfor/algeline/amdbar.F90,55342,,,no_umat_entry,"Fortran, but it declares no SUBROUTINE UMAT",subroutine_umat_ddsdde,,
xdbc/codeAster,292d95fe5afb9a516fbcac1c70afdb965f5cdfce,GPL-3.0,copyleft,LICENSE (SPDX GPL-3.0 via the GitHub licence API),bibfor/algeline/amogen.F90,5717,,,no_umat_entry,"Fortran, but it declares no SUBROUTINE UMAT",subroutine_umat_ddsdde,,
xdbc/codeAster,292d95fe5afb9a516fbcac1c70afdb965f5cdfce,GPL-3.0,copyleft,LICENSE (SPDX GPL-3.0 via the GitHub licence API),bibfor/algeline/antisy.F90,1813,,,no_umat_entry,"Fortran, but it declares no SUBROUTINE UMAT",subroutine_umat_ddsdde,,
xdbc/codeAster,292d95fe5afb9a516fbcac1c70afdb965f5cdfce,GPL-3.0,copyleft,LICENSE (SPDX GPL-3.0 via the GitHub licence API),bibfor/algeline/apchar.F90,8692,,,no_umat_entry,"Fortran, but it declares no SUBROUTINE UMAT",subroutine_umat_ddsdde,,
xdbc/codeAster,292d95fe5afb9a516fbcac1c70afdb965f5cdfce,GPL-3.0,copyleft,LICENSE (SPDX GPL-3.0 via the GitHub licence API),bibfor/algeline/apm345.F90,5622,,,no_umat_entry,"Fortran, but it declares no SUBROUTINE UMAT",subroutine_umat_ddsdde,,
xdbc/codeAster,292d95fe5afb9a516fbcac1c70afdb965f5cdfce,GPL-3.0,copyleft,LICENSE (SPDX GPL-3.0 via the GitHub licence API),bibfor/algeline/axial.F90,1488,,,no_umat_entry,"Fortran, but it declares no SUBROUTINE UMAT",subroutine_umat_ddsdde,,
xdbc/codeAster,292d95fe5afb9a516fbcac1c70afdb965f5cdfce,GPL-3.0,copyleft,LICENSE (SPDX GPL-3.0 via the GitHub licence API),bibfor/algeline/bijmoc.F90,10601,,,no_umat_entry,"Fortran, but it declares no SUBROUTINE UMAT",subroutine_umat_ddsdde,,
xdbc/codeAster,292d95fe5afb9a516fbcac1c70afdb965f5cdfce,GPL-3.0,copyleft,LICENSE (SPDX GPL-3.0 via the GitHub licence API),bibfor/algeline/bijsom.F90,5371,,,no_umat_entry,"Fortran, but it declares no SUBROUTINE UMAT",subroutine_umat_ddsdde,,
xdbc/codeAster,292d95fe5afb9a516fbcac1c70afdb965f5cdfce,GPL-3.0,copyleft,LICENSE (SPDX GPL-3.0 via the GitHub licence API),bibfor/algeline/binomial.F90,4692,,,no_umat_entry,"Fortran, but it declares no SUBROUTINE UMAT",subroutine_umat_ddsdde,,
xdbc/codeAster,292d95fe5afb9a516fbcac1c70afdb965f5cdfce,GPL-3.0,copyleft,LICENSE (SPDX GPL-3.0 via the GitHub licence API),bibfor/algeline/bmocca.F90,10793,,,no_umat_entry,"Fortran, but it declares no SUBROUTINE UMAT",subroutine_umat_ddsdde,,
xdbc/codeAster,292d95fe5afb9a516fbcac1c70afdb965f5cdfce,GPL-3.0,copyleft,LICENSE (SPDX GPL-3.0 via the GitHub licence API),bibfor/algeline/bprime.F90,7455,,,no_umat_entry,"Fortran, but it declares no SUBROUTINE UMAT",subroutine_umat_ddsdde,,
xdbc/codeAster,292d95fe5afb9a516fbcac1c70afdb965f5cdfce,GPL-3.0,copyleft,LICENSE (SPDX GPL-3.0 via the GitHub licence API),bibfor/algeline/cajgr2.F90,7160,,,no_umat_entry,"Fortran, but it declares no SUBROUTINE UMAT",subroutine_umat_ddsdde,,
xdbc/codeAster,292d95fe5afb9a516fbcac1c70afdb965f5cdfce,GPL-3.0,copyleft,LICENSE (SPDX GPL-3.0 via the GitHub licence API),bibfor/algeline/caladj.F90,5069,,,no_umat_entry,"Fortran, but it declares no SUBROUTINE UMAT",subroutine_umat_ddsdde,,
xdbc/codeAster,292d95fe5afb9a516fbcac1c70afdb965f5cdfce,GPL-3.0,copyleft,LICENSE (SPDX GPL-3.0 via the GitHub licence API),bibfor/algeline/calajt.F90,2374,,,no_umat_entry,"Fortran, but it declares no SUBROUTINE UMAT",subroutine_umat_ddsdde,,
xdbc/codeAster,292d95fe5afb9a516fbcac1c70afdb965f5cdfce,GPL-3.0,copyleft,LICENSE (SPDX GPL-3.0 via the GitHub licence API),bibfor/algeline/calcdr.F90,5173,,,no_umat_entry,"Fortran, but it declares no SUBROUTINE UMAT",subroutine_umat_ddsdde,,
xdbc/codeAster,292d95fe5afb9a516fbcac1c70afdb965f5cdfce,GPL-3.0,copyleft,LICENSE (SPDX GPL-3.0 via the GitHub licence API),bibfor/algeline/calcds.F90,4085,,,no_umat_entry,"Fortran, but it declares no SUBROUTINE UMAT",subroutine_umat_ddsdde,,
xdbc/codeAster,292d95fe5afb9a516fbcac1c70afdb965f5cdfce,GPL-3.0,copyleft,LICENSE (SPDX GPL-3.0 via the GitHub licence API),bibfor/algeline/calcdy.F90,3710,,,no_umat_entry,"Fortran, but it declares no SUBROUTINE UMAT",subroutine_umat_ddsdde,,
xdbc/codeAster,292d95fe5afb9a516fbcac1c70afdb965f5cdfce,GPL-3.0,copyleft,LICENSE (SPDX GPL-3.0 via the GitHub licence API),bibfor/algeline/calcg.F90,3512,,,no_umat_entry,"Fortran, but it declares no SUBROUTINE UMAT",subroutine_umat_ddsdde,,
xdbc/codeAster,292d95fe5afb9a516fbcac1c70afdb965f5cdfce,GPL-3.0,copyleft,LICENSE (SPDX GPL-3.0 via the GitHub licence API),bibfor/algeline/calcj0.F90,2871,,,no_umat_entry,"Fortran, but it declares no SUBROUTINE UMAT",subroutine_umat_ddsdde,,
xdbc/codeAster,292d95fe5afb9a516fbcac1c70afdb965f5cdfce,GPL-3.0,copyleft,LICENSE (SPDX GPL-3.0 via the GitHub licence API),bibfor/algeline/calcn.F90,3124,,,no_umat_entry,"Fortran, but it declares no SUBROUTINE UMAT",subroutine_umat_ddsdde,,
xdbc/codeAster,292d95fe5afb9a516fbcac1c70afdb965f5cdfce,GPL-3.0,copyleft,LICENSE (SPDX GPL-3.0 via the GitHub licence API),bibfor/algeline/calcpj.F90,6394,,,no_umat_entry,"Fortran, but it declares no SUBROUTINE UMAT",subroutine_umat_ddsdde,,
xdbc/codeAster,292d95fe5afb9a516fbcac1c70afdb965f5cdfce,GPL-3.0,copyleft,LICENSE (SPDX GPL-3.0 via the GitHub licence API),bibfor/algeline/calcq.F90,4191,,,no_umat_entry,"Fortran, but it declares no SUBROUTINE UMAT",subroutine_umat_ddsdde,,
xdbc/codeAster,292d95fe5afb9a516fbcac1c70afdb965f5cdfce,GPL-3.0,copyleft,LICENSE (SPDX GPL-3.0 via the GitHub licence API),bibfor/algeline/calsvd.F90,7349,,,no_umat_entry,"Fortran, but it declares no SUBROUTINE UMAT",subroutine_umat_ddsdde,,
xdbc/codeAster,292d95fe5afb9a516fbcac1c70afdb965f5cdfce,GPL-3.0,copyleft,LICENSE (SPDX GPL-3.0 via the GitHub licence API),bibfor/algeline/cbval2.F90,6009,,,no_umat_entry,"Fortran, but it declares no SUBROUTINE UMAT",subroutine_umat_ddsdde,,
xdbc/codeAster,292d95fe5afb9a516fbcac1c70afdb965f5cdfce,GPL-3.0,copyleft,LICENSE (SPDX GPL-3.0 via the GitHub licence API),bibfor/algeline/cbvalc.F90,3379,,,no_umat_entry,"Fortran, but it declares no SUBROUTINE UMAT",subroutine_umat_ddsdde,,
xdbc/codeAster,292d95fe5afb9a516fbcac1c70afdb965f5cdfce,GPL-3.0,copyleft,LICENSE (SPDX GPL-3.0 via the GitHub licence API),bibfor/algeline/cbvale.F90,8743,,,no_umat_entry,"Fortran, but it declares no SUBROUTINE UMAT",subroutine_umat_ddsdde,,
xdbc/codeAster,292d95fe5afb9a516fbcac1c70afdb965f5cdfce,GPL-3.0,copyleft,LICENSE (SPDX GPL-3.0 via the GitHub licence API),bibfor/algeline/cbvalr.F90,3341,,,no_umat_entry,"Fortran, but it declares no SUBROUTINE UMAT",subroutine_umat_ddsdde,,
xdbc/codeAster,292d95fe5afb9a516fbcac1c70afdb965f5cdfce,GPL-3.0,copyleft,LICENSE (SPDX GPL-3.0 via the GitHub licence API),bibfor/algeline/ccl11j.F90,1380,,,no_umat_entry,"Fortran, but it declares no SUBROUTINE UMAT",subroutine_umat_ddsdde,,
xdbc/codeAster,292d95fe5afb9a516fbcac1c70afdb965f5cdfce,GPL-3.0,copyleft,LICENSE (SPDX GPL-3.0 via the GitHub licence API),bibfor/algeline/ccl21j.F90,2150,,,no_umat_entry,"Fortran, but it declares no SUBROUTINE UMAT",subroutine_umat_ddsdde,,
xdbc/codeAster,292d95fe5afb9a516fbcac1c70afdb965f5cdfce,GPL-3.0,copyleft,LICENSE (SPDX GPL-3.0 via the GitHub licence API),bibfor/algeline/cclni1.F90,1323,,,no_umat_entry,"Fortran, but it declares no SUBROUTINE UMAT",subroutine_umat_ddsdde,,
xdbc/codeAster,292d95fe5afb9a516fbcac1c70afdb965f5cdfce,GPL-3.0,copyleft,LICENSE (SPDX GPL-3.0 via the GitHub licence API),bibfor/algeline/cclni2.F90,1472,,,no_umat_entry,"Fortran, but it declares no SUBROUTINE UMAT",subroutine_umat_ddsdde,,
xdbc/codeAster,292d95fe5afb9a516fbcac1c70afdb965f5cdfce,GPL-3.0,copyleft,LICENSE (SPDX GPL-3.0 via the GitHub licence API),bibfor/algeline/cdatrc.F90,1791,,,no_umat_entry,"Fortran, but it declares no SUBROUTINE UMAT",subroutine_umat_ddsdde,,
xdbc/codeAster,292d95fe5afb9a516fbcac1c70afdb965f5cdfce,GPL-3.0,copyleft,LICENSE (SPDX GPL-3.0 via the GitHub licence API),bibfor/algeline/chcoma.F90,7210,,,no_umat_entry,"Fortran, but it declares no SUBROUTINE UMAT",subroutine_umat_ddsdde,,
xdbc/codeAster,292d95fe5afb9a516fbcac1c70afdb965f5cdfce,GPL-3.0,copyleft,LICENSE (SPDX GPL-3.0 via the GitHub licence API),bibfor/algeline/chcomb.F90,5674,,,no_umat_entry,"Fortran, but it declares no SUBROUTINE UMAT",subroutine_umat_ddsdde,,
xdbc/codeAster,292d95fe5afb9a516fbcac1c70afdb965f5cdfce,GPL-3.0,copyleft,LICENSE (SPDX GPL-3.0 via the GitHub licence API),,0,,,not_examined,stopped after 40 files from this repository; 7925 not read,subroutine_umat_ddsdde,,
Balbest/igUEL-public,847534972ad33906a65627b06aaeac4887f8762e,MIT,permissive,LICENSE.txt (SPDX MIT via the GitHub licence API),2D_SGE_igUEL/Strains_2D.f,2313,,,no_umat_entry,"Fortran, but it declares no SUBROUTINE UMAT",aba_param_include,,
Balbest/igUEL-public,847534972ad33906a65627b06aaeac4887f8762e,MIT,permissive,LICENSE.txt (SPDX MIT via the GitHub licence API),3D_SGE_igUEL/Mat_Prop_3D.f,1566,,,no_umat_entry,"Fortran, but it declares no SUBROUTINE UMAT",aba_param_include,,
Balbest/igUEL-public,847534972ad33906a65627b06aaeac4887f8762e,MIT,permissive,LICENSE.txt (SPDX MIT via the GitHub licence API),3D_SGE_igUEL/Strains_3D.f,3815,,,no_umat_entry,"Fortran, but it declares no SUBROUTINE UMAT",aba_param_include,,
Balbest/igUEL-public,847534972ad33906a65627b06aaeac4887f8762e,MIT,permissive,LICENSE.txt (SPDX MIT via the GitHub licence API),3D_SGE_igUEL/UEL_IGA_3D_SGE.f,15506,,,no_umat_entry,"Fortran, but it declares no SUBROUTINE UMAT",aba_param_include,,
Balbest/igUEL-public,847534972ad33906a65627b06aaeac4887f8762e,MIT,permissive,LICENSE.txt (SPDX MIT via the GitHub licence API),2D_SGE_igUEL/Force_Stiff_2D.f,3636,,,no_umat_entry,"Fortran, but it declares no SUBROUTINE UMAT",aba_param_include,,
Balbest/igUEL-public,847534972ad33906a65627b06aaeac4887f8762e,MIT,permissive,LICENSE.txt (SPDX MIT via the GitHub licence API),2D_SGE_igUEL/GaussLegendre.f,7468,,,no_umat_entry,"Fortran, but it declares no SUBROUTINE UMAT",aba_param_include,,
Balbest/igUEL-public,847534972ad33906a65627b06aaeac4887f8762e,MIT,permissive,LICENSE.txt (SPDX MIT via the GitHub licence API),2D_SGE_igUEL/Mat_Prop_2D.f,1532,,,no_umat_entry,"Fortran, but it declares no SUBROUTINE UMAT",aba_param_include,,
Balbest/igUEL-public,847534972ad33906a65627b06aaeac4887f8762e,MIT,permissive,LICENSE.txt (SPDX MIT via the GitHub licence API),2D_SGE_igUEL/NURBS_BF_2D.f,9482,,,no_umat_entry,"Fortran, but it declares no SUBROUTINE UMAT",aba_param_include,,
Balbest/igUEL-public,847534972ad33906a65627b06aaeac4887f8762e,MIT,permissive,LICENSE.txt (SPDX MIT via the GitHub licence API),2D_SGE_igUEL/Output_2D.f,16400,,,no_umat_entry,"Fortran, but it declares no SUBROUTINE UMAT",aba_param_include,,
Balbest/igUEL-public,847534972ad33906a65627b06aaeac4887f8762e,MIT,permissive,LICENSE.txt (SPDX MIT via the GitHub licence API),2D_SGE_igUEL/UEL_IGA_2D_SGE.f,12819,,,no_umat_entry,"Fortran, but it declares no SUBROUTINE UMAT",aba_param_include,,
Balbest/igUEL-public,847534972ad33906a65627b06aaeac4887f8762e,MIT,permissive,LICENSE.txt (SPDX MIT via the GitHub licence API),3D_SGE_igUEL/Force_Stiff_3D.f,5515,,,no_umat_entry,"Fortran, but it declares no SUBROUTINE UMAT",aba_param_include,,
Balbest/igUEL-public,847534972ad33906a65627b06aaeac4887f8762e,MIT,permissive,LICENSE.txt (SPDX MIT via the GitHub licence API),3D_SGE_igUEL/GaussLegendre.f,7468,,,no_umat_entry,"Fortran, but it declares no SUBROUTINE UMAT",aba_param_include,,
Balbest/igUEL-public,847534972ad33906a65627b06aaeac4887f8762e,MIT,permissive,LICENSE.txt (SPDX MIT via the GitHub licence API),3D_SGE_igUEL/NURBS_BF_3D.f,16918,,,no_umat_entry,"Fortran, but it declares no SUBROUTINE UMAT",aba_param_include,,
Balbest/igUEL-public,847534972ad33906a65627b06aaeac4887f8762e,MIT,permissive,LICENSE.txt (SPDX MIT via the GitHub licence API),3D_SGE_igUEL/Output_3D.f,37173,,,no_umat_entry,"Fortran, but it declares no SUBROUTINE UMAT",aba_param_include,,
Balbest/igUEL-public,847534972ad33906a65627b06aaeac4887f8762e,MIT,permissive,LICENSE.txt (SPDX MIT via the GitHub licence API),Examples/3D_square_prism/UEL_IGA_3D_SGE.f,16460,,,no_umat_entry,"Fortran, but it declares no SUBROUTINE UMAT",aba_param_include,,
CAEAssistant-Group/Abaqus-CAE-UMAT-subroutine-for-3D-Composite-fatigue-simulation,1aafd76bce57d5dcc4467d9583b5fbd937fc83b2,MIT,permissive,LICENSE (SPDX MIT via the GitHub licence API),Abaqus-CAE-UMAT-subroutine-for-3D-Composite-fatigue-simulation-Fortran-Code.for,22190,44785316ea9e44240691a9166dc7b2f5afdbcce4908aa11466307e1e9c38fe0b,2291e2f70f9d760fead2e3e81424447c26c6dc32cd3192df6bfc1eac7798f426,already_known,"the same implementation as discovery_cache/CAEAssistant-Group__Abaqus-CAE-UMAT-subroutine-for-3D-Composite-fatigue-simulation/Abaqus-CAE-UMAT-subroutine-for-3D-Composite-fatigue-simulation-Fortran-Code.for, which this collection already counts",subroutine_umat_fortran,,
Farid-Alisafaei/Implant-Fibrotic-Capsule,0daf3f55d87f506bb2ca757a531e251bd924c337,GPL-3.0,copyleft,LICENSE (SPDX GPL-3.0 via the GitHub licence API),CellMatrixModel_20241204.for,106364,52989e854ea6c044be4bc1498a2916ffb65dfa8e68a67349ba23070293e2e871,c1f10d434f8bc5167da616e17f33b1820bbb0d3bd99bb4ec31716e13adced53b,already_known,"the same implementation as discovery_cache/Farid-Alisafaei__Implant-Fibrotic-Capsule/CellMatrixModel_20241204.for, which this collection already counts",subroutine_umat_fortran,,
InstituteOfMechanics/Phase_Trafos_Carbon_Repartitioning,c6f6c96a195d90eea6328f3245bdbcae0f604cbb,GPL-3.0,copyleft,LICENSE (SPDX GPL-3.0 via the GitHub licence API),simulations/UMAT/umat_main.f,10312,a606cdce519d994921fc6844d38abaeb24f8e566160102dcb588619223857a48,db758e8e9e5b7f30f32a6a6445397bd49c28a6c5b74b5dfc5f6ca04fcc0197fa,already_known,"the same implementation as discovery_cache/InstituteOfMechanics__Phase_Trafos_Carbon_Repartitioning/simulations/UMAT/umat_main.f, which this collection already counts",subroutine_umat_fortran,,
InstituteOfMechanics/Phase_Trafos_Carbon_Repartitioning,c6f6c96a195d90eea6328f3245bdbcae0f604cbb,GPL-3.0,copyleft,LICENSE (SPDX GPL-3.0 via the GitHub licence API),simulations/UMAT/local_evolution.f90,29642,,,no_umat_entry,"Fortran, but it declares no SUBROUTINE UMAT",subroutine_umat_fortran,,
InstituteOfMechanics/Phase_Trafos_Carbon_Repartitioning,c6f6c96a195d90eea6328f3245bdbcae0f604cbb,GPL-3.0,copyleft,LICENSE (SPDX GPL-3.0 via the GitHub licence API),simulations/UMAT/model_parameters.f90,9683,,,no_umat_entry,"Fortran, but it declares no SUBROUTINE UMAT",subroutine_umat_fortran,,
InstituteOfMechanics/Phase_Trafos_Carbon_Repartitioning,c6f6c96a195d90eea6328f3245bdbcae0f604cbb,GPL-3.0,copyleft,LICENSE (SPDX GPL-3.0 via the GitHub licence API),simulations/UMAT/stresses_heatgen.f90,12185,,,no_umat_entry,"Fortran, but it declares no SUBROUTINE UMAT",subroutine_umat_fortran,,
InstituteOfMechanics/Thermomechanical_Gradient_Enhanced_Damage_UMAT,5b42d6d6105a36c6692e646d32a897abce709063,GPL-3.0,copyleft,LICENSE (SPDX GPL-3.0 via the GitHub licence API),src/UMAT_DamThermMech_1_H.f,90222,9478d8faa83f08994ff0f3fe75ba7308c27f4d9f65ad49ae93f5286688af89d4,fec1235cbefa0d758eb66c926dd1a0fdef1c57ace876ceb5db9b23a9c527e917,already_known,"the same implementation as discovery_cache/InstituteOfMechanics__Thermomechanical_Gradient_Enhanced_Damage_UMAT/src/UMAT_DamThermMech_1_H.f, which this collection already counts",subroutine_umat_fortran,,
JensPfeifle/abaqus-usermat,,,,no LICENSE file detected by the GitHub API,,0,,,licence_absent,"no licence is declared, so nothing may be redistributed from it; a repository without a LICENSE file is refused, not assumed permissive; recorded and not fetched",subroutine_umat_fortran,,
MechMaster95/LS-DYNA-subroutines,,,,no LICENSE file detected by the GitHub API,,0,,,licence_absent,"no licence is declared, so nothing may be redistributed from it; a repository without a LICENSE file is refused, not assumed permissive; recorded and not fetched",subroutine_umat_fortran,,
Woowinehouse/ABQ-UMAT-Sanisand-High,01e9a78237a64d6aff81010a04805d64c68c099b,MIT,permissive,LICENSE (SPDX MIT via the GitHub licence API),src/cpp/umat/UmatImpl.h,7237,,,no_umat_entry,"Fortran, but it declares no SUBROUTINE UMAT",subroutine_umat_ddsdde,,
Woowinehouse/ABQ-UMAT-Sanisand-High,01e9a78237a64d6aff81010a04805d64c68c099b,MIT,permissive,LICENSE (SPDX MIT via the GitHub licence API),src/fortran/umat/umatImpl.f90,11015,,,no_umat_entry,"Fortran, but it declares no SUBROUTINE UMAT",subroutine_umat_ddsdde,,
Woowinehouse/ABQ-UMAT-Sanisand-High,01e9a78237a64d6aff81010a04805d64c68c099b,MIT,permissive,LICENSE (SPDX MIT via the GitHub licence API),src/interface/umat.f90,8586,1b43909bc9ea54a28b423353a403842519c9fe42ac549f2250ed11fe16da5d0a,993a416184ff5ef0d1dfbedf1c5c65528ae05ec668887de31e9cdd6e2564aeba,candidate,"distinct, licensed MIT (permissive), declares a UMAT entry point; not yet transformed or verified",subroutine_umat_ddsdde,Woowinehouse__ABQ-UMAT-Sanisand-High/src/interface/umat.f90,input/drained.inp
Woowinehouse/ABQ-UMAT-Sanisand-High,01e9a78237a64d6aff81010a04805d64c68c099b,MIT,permissive,LICENSE (SPDX MIT via the GitHub licence API),src/fortran/core/container.f90,25460,,,no_umat_entry,"Fortran, but it declares no SUBROUTINE UMAT",subroutine_umat_ddsdde,,
Woowinehouse/ABQ-UMAT-Sanisand-High,01e9a78237a64d6aff81010a04805d64c68c099b,MIT,permissive,LICENSE (SPDX MIT via the GitHub licence API),src/fortran/core/container_impl.f90,13131,,,no_umat_entry,"Fortran, but it declares no SUBROUTINE UMAT",subroutine_umat_ddsdde,,
Woowinehouse/ABQ-UMAT-Sanisand-High,01e9a78237a64d6aff81010a04805d64c68c099b,MIT,permissive,LICENSE (SPDX MIT via the GitHub licence API),src/fortran/core/elastic.f90,10671,,,no_umat_entry,"Fortran, but it declares no SUBROUTINE UMAT",subroutine_umat_ddsdde,,
Woowinehouse/ABQ-UMAT-Sanisand-High,01e9a78237a64d6aff81010a04805d64c68c099b,MIT,permissive,LICENSE (SPDX MIT via the GitHub licence API),src/fortran/core/elastic_impl.f90,6840,,,no_umat_entry,"Fortran, but it declares no SUBROUTINE UMAT",subroutine_umat_ddsdde,,
Woowinehouse/ABQ-UMAT-Sanisand-High,01e9a78237a64d6aff81010a04805d64c68c099b,MIT,permissive,LICENSE (SPDX MIT via the GitHub licence API),src/fortran/core/math.f90,14010,,,no_umat_entry,"Fortran, but it declares no SUBROUTINE UMAT",subroutine_umat_ddsdde,,
Woowinehouse/ABQ-UMAT-Sanisand-High,01e9a78237a64d6aff81010a04805d64c68c099b,MIT,permissive,LICENSE (SPDX MIT via the GitHub licence API),src/fortran/core/math_impl.f90,15631,,,no_umat_entry,"Fortran, but it declares no SUBROUTINE UMAT",subroutine_umat_ddsdde,,
Woowinehouse/ABQ-UMAT-Sanisand-High,01e9a78237a64d6aff81010a04805d64c68c099b,MIT,permissive,LICENSE (SPDX MIT via the GitHub licence API),src/fortran/core/plastic.f90,10478,,,no_umat_entry,"Fortran, but it declares no SUBROUTINE UMAT",subroutine_umat_ddsdde,,
Woowinehouse/ABQ-UMAT-Sanisand-High,01e9a78237a64d6aff81010a04805d64c68c099b,MIT,permissive,LICENSE (SPDX MIT via the GitHub licence API),src/fortran/core/plastic_impl.f90,13917,,,no_umat_entry,"Fortran, but it declares no SUBROUTINE UMAT",subroutine_umat_ddsdde,,
Woowinehouse/ABQ-UMAT-Sanisand-High,01e9a78237a64d6aff81010a04805d64c68c099b,MIT,permissive,LICENSE (SPDX MIT via the GitHub licence API),src/fortran/umat/CppToFortran.f90,1865,,,no_umat_entry,"Fortran, but it declares no SUBROUTINE UMAT",subroutine_umat_ddsdde,,
Woowinehouse/ABQ-UMAT-Sanisand-High,01e9a78237a64d6aff81010a04805d64c68c099b,MIT,permissive,LICENSE (SPDX MIT via the GitHub licence API),src/fortran/utils/base_config.f90,2524,,,no_umat_entry,"Fortran, but it declares no SUBROUTINE UMAT",subroutine_umat_ddsdde,,
Woowinehouse/ABQ-UMAT-Sanisand-High,01e9a78237a64d6aff81010a04805d64c68c099b,MIT,permissive,LICENSE (SPDX MIT via the GitHub licence API),src/fortran/utils/exception.f90,6171,,,no_umat_entry,"Fortran, but it declares no SUBROUTINE UMAT",subroutine_umat_ddsdde,,
Woowinehouse/ABQ-UMAT-Sanisand-High,01e9a78237a64d6aff81010a04805d64c68c099b,MIT,permissive,LICENSE (SPDX MIT via the GitHub licence API),src/fortran/utils/exception_impl.f90,3420,,,no_umat_entry,"Fortran, but it declares no SUBROUTINE UMAT",subroutine_umat_ddsdde,,
Woowinehouse/ABQ-UMAT-Sanisand-High,01e9a78237a64d6aff81010a04805d64c68c099b,MIT,permissive,LICENSE (SPDX MIT via the GitHub licence API),src/fortran/utils/material_config.f90,1986,,,no_umat_entry,"Fortran, but it declares no SUBROUTINE UMAT",subroutine_umat_ddsdde,,
Woowinehouse/ABQ-UMAT-Sanisand-High,01e9a78237a64d6aff81010a04805d64c68c099b,MIT,permissive,LICENSE (SPDX MIT via the GitHub licence API),src/fortran/utils/preprocess.f90,8480,,,no_umat_entry,"Fortran, but it declares no SUBROUTINE UMAT",subroutine_umat_ddsdde,,
Woowinehouse/ABQ-UMAT-Sanisand-High,01e9a78237a64d6aff81010a04805d64c68c099b,MIT,permissive,LICENSE (SPDX MIT via the GitHub licence API),src/fortran/utils/tensor_opt.f90,11963,,,no_umat_entry,"Fortran, but it declares no SUBROUTINE UMAT",subroutine_umat_ddsdde,,
Woowinehouse/ABQ-UMAT-Sanisand-High,01e9a78237a64d6aff81010a04805d64c68c099b,MIT,permissive,LICENSE (SPDX MIT via the GitHub licence API),src/fortran/utils/tensor_opt_impl.f90,11475,,,no_umat_entry,"Fortran, but it declares no SUBROUTINE UMAT",subroutine_umat_ddsdde,,
Zhijie-YU/Learning_Notes,f5bdd930a970e6ba6bafc90a317e435fa16f23c2,AGPL-3.0,copyleft,LICENSE (SPDX AGPL-3.0 via the GitHub licence API),,0,,,no_fortran,its tree lists no Fortran file and no file the search matched,subroutine_umat_ddsdde,,
artorg-unibe-ch/HFE,b29bca370d17324e33c300f4cb9389a386f9aa4c,GPL-3.0,copyleft,LICENSE (SPDX GPL-3.0 via the GitHub licence API),02_CODE/abq/UMAT_BIPHASIC.f,55267,85f349293a157639115d3f6a0d523c0b50eef97f92afef8e291cef3348b8701d,d79daa3c7828afcb0e9773a761085ae327d0da4accf1b9e3d8b1e31ca9298ff0,already_known,"the same implementation as discovery_cache/artorg-unibe-ch__HFE/02_CODE/abq/UMAT_BIPHASIC.f, which this collection already counts",subroutine_umat_fortran,,
donuts-nvm/benchmarks-old,,,,no LICENSE file detected by the GitHub API,,0,,,licence_absent,"no licence is declared, so nothing may be redistributed from it; a repository without a LICENSE file is refused, not assumed permissive; recorded and not fetched",subroutine_umat_fortran,,
kkodagali/Puck-Failure-Criteria,,,,no LICENSE file detected by the GitHub API,,0,,,licence_absent,"no licence is declared, so nothing may be redistributed from it; a repository without a LICENSE file is refused, not assumed permissive; recorded and not fetched",subroutine_umat_fortran,,
luogyong/feasolver,,LGPL-2.1,permissive,LICENSE (SPDX LGPL-2.1 via the GitHub licence API),,0,,,licence_incompatible,LGPL-2.1 is outside the set this project may redistribute; recorded and not fetched,subroutine_umat_fortran,,
mojtaba-komeili/ABAQUS-Subroutines,,,,no LICENSE file detected by the GitHub API,,0,,,licence_absent,"no licence is declared, so nothing may be redistributed from it; a repository without a LICENSE file is refused, not assumed permissive; recorded and not fetched",subroutine_umat_fortran,,
vpzz/Markdown-file,,,,no LICENSE file detected by the GitHub API,,0,,,licence_absent,"no licence is declared, so nothing may be redistributed from it; a repository without a LICENSE file is refused, not assumed permissive; recorded and not fetched",subroutine_umat_ddsdde,,
BristolCompositesInstitute/abaci,ddd99abcf5db1ad8981659cfef68b28f2d360e42,MIT,permissive,LICENSE (SPDX MIT via the GitHub licence API),example/src/Elastic_mod.f90,3592,,,no_umat_entry,"Fortran, but it declares no SUBROUTINE UMAT",subroutine_umat_fortran,,
BristolCompositesInstitute/abaci,ddd99abcf5db1ad8981659cfef68b28f2d360e42,MIT,permissive,LICENSE (SPDX MIT via the GitHub licence API),example/src/umat.f,1451,36a7828aeb6c240bde6f4042b7ff2d92d5f2e90063a0ec3794cd0e8f2d7fb164,1065e066309f131da627896680226f7d62483c335bbbb8458d5c2b9b380eb6f5,already_known,"the same implementation as discovery_cache/BristolCompositesInstitute__abaci/example/src/umat.f, which this collection already counts",subroutine_umat_fortran,,
BristolCompositesInstitute/abaci,ddd99abcf5db1ad8981659cfef68b28f2d360e42,MIT,permissive,LICENSE (SPDX MIT via the GitHub licence API),example/src/Abaqus_Definitions.f90,2337,,,no_umat_entry,"Fortran, but it declares no SUBROUTINE UMAT",subroutine_umat_fortran,,
BristolCompositesInstitute/abaci,ddd99abcf5db1ad8981659cfef68b28f2d360e42,MIT,permissive,LICENSE (SPDX MIT via the GitHub licence API),example/test/test_elastic.f90,1617,,,no_umat_entry,"Fortran, but it declares no SUBROUTINE UMAT",subroutine_umat_fortran,,
BristolCompositesInstitute/abaci,ddd99abcf5db1ad8981659cfef68b28f2d360e42,MIT,permissive,LICENSE (SPDX MIT via the GitHub licence API),src/fortran/dummy_abaqus_routines.f90,843,,,no_umat_entry,"Fortran, but it declares no SUBROUTINE UMAT",subroutine_umat_fortran,,
BristolCompositesInstitute/abaci,ddd99abcf5db1ad8981659cfef68b28f2d360e42,MIT,permissive,LICENSE (SPDX MIT via the GitHub licence API),src/fortran/naturalfruit.f90,83130,,,no_umat_entry,"Fortran, but it declares no SUBROUTINE UMAT",subroutine_umat_fortran,,
BristolCompositesInstitute/abaci,ddd99abcf5db1ad8981659cfef68b28f2d360e42,MIT,permissive,LICENSE (SPDX MIT via the GitHub licence API),src/fortran/test-driver.template.f90,1364,,,no_umat_entry,"Fortran, but it declares no SUBROUTINE UMAT",subroutine_umat_fortran,,
BristolCompositesInstitute/abaci,ddd99abcf5db1ad8981659cfef68b28f2d360e42,MIT,permissive,LICENSE (SPDX MIT via the GitHub licence API),test/data/umat.f,13629,05f0ac62d11efd7f7a0276ea9339412e9e60a26e75401a9cfc0f939baeeb9408,ae3e36f619dd2c4e99e55c60eb6a8b2516436e315f978430c4fabe52a820cf1b,already_known,"the same implementation as discovery_cache/BristolCompositesInstitute__abaci/test/data/umat.f, which this collection already counts",subroutine_umat_fortran,,
Circularbuildinggroup/UMAT_Anisotropic-creep-analysis-for-FRP-structure,,,,no LICENSE file detected by the GitHub API,,0,,,licence_absent,"no licence is declared, so nothing may be redistributed from it; a repository without a LICENSE file is refused, not assumed permissive; recorded and not fetched",subroutine_umat_ddsdde,,
InstituteOfMechanics/Paraqus,91b00219d08a11446fdef4d1c777a0d460c92039,GPL-3.0,copyleft,LICENSE (SPDX GPL-3.0 via the GitHub licence API),examples/example_abaqus_extrusion_umat.f,32622,b887b2f4cf9638a7c494f5a9d9aa95a118d1ff321e5bedfa24ea8712b482197e,7ce257275034d964ba005dafefeb0ed4c7b5f9725e616558e5af30c96db1343a,already_known,"the same implementation as discovery_cache/InstituteOfMechanics__Paraqus/examples/example_abaqus_extrusion_umat.f, which this collection already counts",subroutine_umat_fortran,,
JimBrouzoulis/OOFEM_LargeDef,,,,no LICENSE file detected by the GitHub API,,0,,,licence_absent,"no licence is declared, so nothing may be redistributed from it; a repository without a LICENSE file is refused, not assumed permissive; recorded and not fetched",subroutine_umat_ddsdde,,
KratosMultiphysics/KratosLegacyApplications,,,,license.txt present but neither GitHub nor a text match identified a licence,,0,,,licence_absent,"no licence is declared, so nothing may be redistributed from it; a repository without a LICENSE file is refused, not assumed permissive; recorded and not fetched",aba_param_include,,
MCM-QMUL/PhaseFieldComp,9faa94f488f5dd31e39953fdb749684827cfdece,MIT,permissive,LICENSE (SPDX MIT via the GitHub licence API),Subroutine/UELUMATPhaseField_AT2.for,23084,6097f183b1850af4b4c679686fb2456ad94bb732c6288f30d3c693385914faed,2c3251d6fe5119e0a668027c53c4280a5c67b23075df767b8020d68bdcd54fd8,already_known,"the same implementation as discovery_cache/MCM-QMUL__PhaseFieldComp/Subroutine/UELUMATPhaseField_AT2.for, which this collection already counts",subroutine_umat_fortran,,
NguyenLabJHU/Tahoe-FEM,,,,no LICENSE file detected by the GitHub API,,0,,,licence_absent,"no licence is declared, so nothing may be redistributed from it; a repository without a LICENSE file is refused, not assumed permissive; recorded and not fetched",aba_param_include,,
ReachOptimum/mlpcp-interp-num,83fd1fded867993632f4d186375c25c30b0442ec,MIT,permissive,LICENSE (SPDX MIT via the GitHub licence API),abaqus/UMMDp_FLC.f,283100,3217040335b42dc91291cac2c93a901fecf0ec88aa0834701fdae92ca3f971a1,5f5ed694e5b388461930391289a2da1f7c3069482c9f10e34f556d0c96f33ba8,already_known,"the same implementation as discovery_cache/ReachOptimum__mlpcp-interp-dic/abaqus/UMMDp_FLC.f, which this collection already counts",subroutine_umat_fortran,,
djm87/Basic-UMATS,,,,no LICENSE file detected by the GitHub API,,0,,,licence_absent,"no licence is declared, so nothing may be redistributed from it; a repository without a LICENSE file is refused, not assumed permissive; recorded and not fetched",ddsdde_statev_nprops,,
eivindhugaas/Abaverify_Example,,,,no LICENSE file detected by the GitHub API,,0,,,licence_absent,"no licence is declared, so nothing may be redistributed from it; a repository without a LICENSE file is refused, not assumed permissive; recorded and not fetched",subroutine_umat_fortran,,
ekurth/NEML,afdb6bd91e713e8cadbfb1f5d2812e499b1d96df,MIT,permissive,LICENSE (SPDX MIT inferred from the licence text; GitHub's API reported no identifier for this file),util/abaqus/nemlumat.f,5696,ba0cec172c9f2940703b3881e98bf60c4962d165770924bc392a25c554fcade2,4aee668cc9b3cd04c1c47388f0df9e30ffe3687de81aad19e1483813148bf75b,already_known,"the same implementation as discovery_cache/ekurth__NEML/util/abaqus/nemlumat.f, which this collection already counts",subroutine_umat_fortran,,
ekurth/NEML,afdb6bd91e713e8cadbfb1f5d2812e499b1d96df,MIT,permissive,LICENSE (SPDX MIT inferred from the licence text; GitHub's API reported no identifier for this file),util/abaqus/neml_interface.f,3218,,,no_umat_entry,"Fortran, but it declares no SUBROUTINE UMAT",subroutine_umat_fortran,,
ekurth/NEML,afdb6bd91e713e8cadbfb1f5d2812e499b1d96df,MIT,permissive,LICENSE (SPDX MIT inferred from the licence text; GitHub's API reported no identifier for this file),util/f_interface/fsimple.f,3612,,,no_umat_entry,"Fortran, but it declares no SUBROUTINE UMAT",subroutine_umat_fortran,,
ekurth/NEML,afdb6bd91e713e8cadbfb1f5d2812e499b1d96df,MIT,permissive,LICENSE (SPDX MIT inferred from the licence text; GitHub's API reported no identifier for this file),util/f_interface/neml_interface.f,3218,,,no_umat_entry,"Fortran, but it declares no SUBROUTINE UMAT",subroutine_umat_fortran,,
irfancn/Abaqus-UMAT-viscoelastic,95fdcc7d82e6837649d2bfae2e1fa4065a994f61,MIT,permissive,LICENSE (SPDX MIT via the GitHub licence API),umat_viscoelastic.for,2774,cb99cb24d523afb31b054760d6d939d3391dc45714713e2a167f5be178e9de8c,de07b6cab59c7add20ff19e6ced9c46456cf0896810024af2a2ea72cfa1c3488,already_known,"the same implementation as discovery_cache/irfancn__Abaqus-UMAT-viscoelastic/umat_viscoelastic.for, which this collection already counts",subroutine_umat_fortran,,
jianyingwu/pfczm-abaqus,,,,no LICENSE file detected by the GitHub API,,0,,,licence_absent,"no licence is declared, so nothing may be redistributed from it; a repository without a LICENSE file is refused, not assumed permissive; recorded and not fetched",subroutine_umat_fortran,,
pantale/Algorithms-2023,079550a4b9ab25523f2c23cc63f718f453b69497,GPL-3.0,copyleft,LICENSE (SPDX GPL-3.0 via the GitHub licence API),Abaqus/3Cr2Mo-3-15-7-1-softplus.f,16729,,,no_umat_entry,"Fortran, but it declares no SUBROUTINE UMAT",aba_param_include,,
pantale/Algorithms-2023,079550a4b9ab25523f2c23cc63f718f453b69497,GPL-3.0,copyleft,LICENSE (SPDX GPL-3.0 via the GitHub licence API),Abaqus/3Cr2Mo-3-15-7-1-swish.f,17119,,,no_umat_entry,"Fortran, but it declares no SUBROUTINE UMAT",aba_param_include,,
pantale/Algorithms-2023,079550a4b9ab25523f2c23cc63f718f453b69497,GPL-3.0,copyleft,LICENSE (SPDX GPL-3.0 via the GitHub licence API),Abaqus/3Cr2Mo-3-15-7-1-tanh.f,16437,,,no_umat_entry,"Fortran, but it declares no SUBROUTINE UMAT",aba_param_include,,
pantale/Algorithms-2023,079550a4b9ab25523f2c23cc63f718f453b69497,GPL-3.0,copyleft,LICENSE (SPDX GPL-3.0 via the GitHub licence API),Abaqus/3Cr2Mo-3-17-9-1-relu.f,21618,,,no_umat_entry,"Fortran, but it declares no SUBROUTINE UMAT",aba_param_include,,
pantale/Algorithms-2023,079550a4b9ab25523f2c23cc63f718f453b69497,GPL-3.0,copyleft,LICENSE (SPDX GPL-3.0 via the GitHub licence API),Abaqus/3Cr2Mo-3-17-9-1-sigmoid.f,21398,,,no_umat_entry,"Fortran, but it declares no SUBROUTINE UMAT",aba_param_include,,
pantale/Algorithms-2023,079550a4b9ab25523f2c23cc63f718f453b69497,GPL-3.0,copyleft,LICENSE (SPDX GPL-3.0 via the GitHub licence API),Abaqus/3Cr2Mo-3-15-7-1-exponential.f,16203,,,no_umat_entry,"Fortran, but it declares no SUBROUTINE UMAT",aba_param_include,,
pantale/Algorithms-2023,079550a4b9ab25523f2c23cc63f718f453b69497,GPL-3.0,copyleft,LICENSE (SPDX GPL-3.0 via the GitHub licence API),Abaqus/3Cr2Mo-3-15-7-1-relu.f,16867,,,no_umat_entry,"Fortran, but it declares no SUBROUTINE UMAT",aba_param_include,,
pantale/Algorithms-2023,079550a4b9ab25523f2c23cc63f718f453b69497,GPL-3.0,copyleft,LICENSE (SPDX GPL-3.0 via the GitHub licence API),Abaqus/3Cr2Mo-3-15-7-1-sigmoid.f,16686,,,no_umat_entry,"Fortran, but it declares no SUBROUTINE UMAT",aba_param_include,,
pantale/Algorithms-2023,079550a4b9ab25523f2c23cc63f718f453b69497,GPL-3.0,copyleft,LICENSE (SPDX GPL-3.0 via the GitHub licence API),Abaqus/3Cr2Mo-3-17-9-1-exponential.f,20849,,,no_umat_entry,"Fortran, but it declares no SUBROUTINE UMAT",aba_param_include,,
pantale/Algorithms-2023,079550a4b9ab25523f2c23cc63f718f453b69497,GPL-3.0,copyleft,LICENSE (SPDX GPL-3.0 via the GitHub licence API),Abaqus/3Cr2Mo-3-17-9-1-softplus.f,21467,,,no_umat_entry,"Fortran, but it declares no SUBROUTINE UMAT",aba_param_include,,
pantale/Algorithms-2023,079550a4b9ab25523f2c23cc63f718f453b69497,GPL-3.0,copyleft,LICENSE (SPDX GPL-3.0 via the GitHub licence API),Abaqus/3Cr2Mo-3-17-9-1-swish.f,21910,,,no_umat_entry,"Fortran, but it declares no SUBROUTINE UMAT",aba_param_include,,
pantale/Algorithms-2023,079550a4b9ab25523f2c23cc63f718f453b69497,GPL-3.0,copyleft,LICENSE (SPDX GPL-3.0 via the GitHub licence API),Abaqus/3Cr2Mo-3-17-9-1-tanh.f,21104,,,no_umat_entry,"Fortran, but it declares no SUBROUTINE UMAT",aba_param_include,,
patrickstaubach/abaqus-implicit,,,,no LICENSE file detected by the GitHub API,,0,,,licence_absent,"no licence is declared, so nothing may be redistributed from it; a repository without a LICENSE file is refused, not assumed permissive; recorded and not fetched",subroutine_umat_fortran,,
rhdodds/warp3d,e2d27fe67e559cabeb71d0a86e124fb09dd10380,MIT,permissive,LICENSE (SPDX MIT inferred from the licence text; GitHub's API reported no identifier for this file),src/user_routines_umat.f,47222,c138ff103764d83eee3b654e157ad22bf907b6c32ced1fd0e1f87cb730055383,59b317bc1ea9ded50d2a0d0173d86e94037af96b1db3543f00864d1c4ffb657a,already_known,"the same implementation as discovery_cache/rhdodds__warp3d/src/user_routines_umat.f, which this collection already counts",subroutine_umat_fortran,,
rhdodds/warp3d,e2d27fe67e559cabeb71d0a86e124fb09dd10380,MIT,permissive,LICENSE (SPDX MIT inferred from the licence text; GitHub's API reported no identifier for this file),fracture_models/ssy_growth_ctoa_strain_coarse_mesh/make_displ.f,3304,,,no_umat_entry,"Fortran, but it declares no SUBROUTINE UMAT",subroutine_umat_fortran,,
rhdodds/warp3d,e2d27fe67e559cabeb71d0a86e124fb09dd10380,MIT,permissive,LICENSE (SPDX MIT inferred from the licence text; GitHub's API reported no identifier for this file),fracture_models/ssy_growth_plastic_strain_coarse_mesh/make_ctoa_results.f,1901,,,no_umat_entry,"Fortran, but it declares no SUBROUTINE UMAT",subroutine_umat_fortran,,
rhdodds/warp3d,e2d27fe67e559cabeb71d0a86e124fb09dd10380,MIT,permissive,LICENSE (SPDX MIT inferred from the licence text; GitHub's API reported no identifier for this file),fracture_models/ssy_growth_plastic_strain_coarse_mesh/scale_coords.f,1883,,,no_umat_entry,"Fortran, but it declares no SUBROUTINE UMAT",subroutine_umat_fortran,,
rhdodds/warp3d,e2d27fe67e559cabeb71d0a86e124fb09dd10380,MIT,permissive,LICENSE (SPDX MIT inferred from the licence text; GitHub's API reported no identifier for this file),fracture_models/ssy_growth_plastic_strain_fine_mesh/find_crack_front.f,4030,,,no_umat_entry,"Fortran, but it declares no SUBROUTINE UMAT",subroutine_umat_fortran,,
rhdodds/warp3d,e2d27fe67e559cabeb71d0a86e124fb09dd10380,MIT,permissive,LICENSE (SPDX MIT inferred from the licence text; GitHub's API reported no identifier for this file),fracture_models/ssy_growth_plastic_strain_fine_mesh/fix_coords_KI_displ.f,2531,,,no_umat_entry,"Fortran, but it declares no SUBROUTINE UMAT",subroutine_umat_fortran,,
rhdodds/warp3d,e2d27fe67e559cabeb71d0a86e124fb09dd10380,MIT,permissive,LICENSE (SPDX MIT inferred from the licence text; GitHub's API reported no identifier for this file),fracture_models/ssy_growth_plastic_strain_fine_mesh/scale_coords.f,1883,,,no_umat_entry,"Fortran, but it declares no SUBROUTINE UMAT",subroutine_umat_fortran,,
rhdodds/warp3d,e2d27fe67e559cabeb71d0a86e124fb09dd10380,MIT,permissive,LICENSE (SPDX MIT inferred from the licence text; GitHub's API reported no identifier for this file),fracture_models/ssy_sharp/make_displ.f,3304,,,no_umat_entry,"Fortran, but it declares no SUBROUTINE UMAT",subroutine_umat_fortran,,
rhdodds/warp3d,e2d27fe67e559cabeb71d0a86e124fb09dd10380,MIT,permissive,LICENSE (SPDX MIT inferred from the licence text; GitHub's API reported no identifier for this file),manual_examples_chpt1/example_3_nonlinear/scale_coords.f,357,,,no_umat_entry,"Fortran, but it declares no SUBROUTINE UMAT",subroutine_umat_fortran,,
rhdodds/warp3d,e2d27fe67e559cabeb71d0a86e124fb09dd10380,MIT,permissive,LICENSE (SPDX MIT inferred from the licence text; GitHub's API reported no identifier for this file),old_code/EBE_solver/lnpcg_mpi/ebeslv.f,15476,,,no_umat_entry,"Fortran, but it declares no SUBROUTINE UMAT",subroutine_umat_fortran,,
rhdodds/warp3d,e2d27fe67e559cabeb71d0a86e124fb09dd10380,MIT,permissive,LICENSE (SPDX MIT inferred from the licence text; GitHub's API reported no identifier for this file),old_code/EBE_solver/lnpcg_mpi/ebksub_gen_8.f,12228,,,no_umat_entry,"Fortran, but it declares no SUBROUTINE UMAT",subroutine_umat_fortran,,
rhdodds/warp3d,e2d27fe67e559cabeb71d0a86e124fb09dd10380,MIT,permissive,LICENSE (SPDX MIT inferred from the licence text; GitHub's API reported no identifier for this file),old_code/EBE_solver/lnpcg_mpi/efrwrd_gen_8.f,12320,,,no_umat_entry,"Fortran, but it declares no SUBROUTINE UMAT",subroutine_umat_fortran,,
rhdodds/warp3d,e2d27fe67e559cabeb71d0a86e124fb09dd10380,MIT,permissive,LICENSE (SPDX MIT inferred from the licence text; GitHub's API reported no identifier for this file),old_code/EBE_solver/lnpcg_mpi/lcvtst.f,4307,,,no_umat_entry,"Fortran, but it declares no SUBROUTINE UMAT",subroutine_umat_fortran,,
rhdodds/warp3d,e2d27fe67e559cabeb71d0a86e124fb09dd10380,MIT,permissive,LICENSE (SPDX MIT inferred from the licence text; GitHub's API reported no identifier for this file),old_code/EBE_solver/lnpcg_mpi/lfinda_unroll.f,4700,,,no_umat_entry,"Fortran, but it declares no SUBROUTINE UMAT",subroutine_umat_fortran,,
rhdodds/warp3d,e2d27fe67e559cabeb71d0a86e124fb09dd10380,MIT,permissive,LICENSE (SPDX MIT inferred from the licence text; GitHub's API reported no identifier for this file),old_code/EBE_solver/lnpcg_mpi/lfindb.f,2961,,,no_umat_entry,"Fortran, but it declares no SUBROUTINE UMAT",subroutine_umat_fortran,,
rhdodds/warp3d,e2d27fe67e559cabeb71d0a86e124fb09dd10380,MIT,permissive,LICENSE (SPDX MIT inferred from the licence text; GitHub's API reported no identifier for this file),old_code/EBE_solver/lnpcg_mpi/lnpcg.f,8576,,,no_umat_entry,"Fortran, but it declares no SUBROUTINE UMAT",subroutine_umat_fortran,,
rhdodds/warp3d,e2d27fe67e559cabeb71d0a86e124fb09dd10380,MIT,permissive,LICENSE (SPDX MIT inferred from the licence text; GitHub's API reported no identifier for this file),old_code/EBE_solver/lnpcg_mpi/lupres.f,2195,,,no_umat_entry,"Fortran, but it declares no SUBROUTINE UMAT",subroutine_umat_fortran,,
rhdodds/warp3d,e2d27fe67e559cabeb71d0a86e124fb09dd10380,MIT,permissive,LICENSE (SPDX MIT inferred from the licence text; GitHub's API reported no identifier for this file),old_code/EBE_solver/lnpcg_mpi/updpcm.f,6592,,,no_umat_entry,"Fortran, but it declares no SUBROUTINE UMAT",subroutine_umat_fortran,,
rhdodds/warp3d,e2d27fe67e559cabeb71d0a86e124fb09dd10380,MIT,permissive,LICENSE (SPDX MIT inferred from the licence text; GitHub's API reported no identifier for this file),old_code/EBE_solver/lnpcg_ser/ebeslv.f,4624,,,no_umat_entry,"Fortran, but it declares no SUBROUTINE UMAT",subroutine_umat_fortran,,
rhdodds/warp3d,e2d27fe67e559cabeb71d0a86e124fb09dd10380,MIT,permissive,LICENSE (SPDX MIT inferred from the licence text; GitHub's API reported no identifier for this file),old_code/EBE_solver/lnpcg_ser/ebksub_gen_8.f,12110,,,no_umat_entry,"Fortran, but it declares no SUBROUTINE UMAT",subroutine_umat_fortran,,
rhdodds/warp3d,e2d27fe67e559cabeb71d0a86e124fb09dd10380,MIT,permissive,LICENSE (SPDX MIT inferred from the licence text; GitHub's API reported no identifier for this file),old_code/EBE_solver/lnpcg_ser/efrwrd_gen_8.f,12106,,,no_umat_entry,"Fortran, but it declares no SUBROUTINE UMAT",subroutine_umat_fortran,,
rhdodds/warp3d,e2d27fe67e559cabeb71d0a86e124fb09dd10380,MIT,permissive,LICENSE (SPDX MIT inferred from the licence text; GitHub's API reported no identifier for this file),old_code/EBE_solver/lnpcg_ser/lcvtst.f,3737,,,no_umat_entry,"Fortran, but it declares no SUBROUTINE UMAT",subroutine_umat_fortran,,
rhdodds/warp3d,e2d27fe67e559cabeb71d0a86e124fb09dd10380,MIT,permissive,LICENSE (SPDX MIT inferred from the licence text; GitHub's API reported no identifier for this file),old_code/EBE_solver/lnpcg_ser/lfinda_unroll.f,4936,,,no_umat_entry,"Fortran, but it declares no SUBROUTINE UMAT",subroutine_umat_fortran,,
rhdodds/warp3d,e2d27fe67e559cabeb71d0a86e124fb09dd10380,MIT,permissive,LICENSE (SPDX MIT inferred from the licence text; GitHub's API reported no identifier for this file),old_code/EBE_solver/lnpcg_ser/lfindb.f,2488,,,no_umat_entry,"Fortran, but it declares no SUBROUTINE UMAT",subroutine_umat_fortran,,
rhdodds/warp3d,e2d27fe67e559cabeb71d0a86e124fb09dd10380,MIT,permissive,LICENSE (SPDX MIT inferred from the licence text; GitHub's API reported no identifier for this file),old_code/EBE_solver/lnpcg_ser/lnpcg.f,6480,,,no_umat_entry,"Fortran, but it declares no SUBROUTINE UMAT",subroutine_umat_fortran,,
rhdodds/warp3d,e2d27fe67e559cabeb71d0a86e124fb09dd10380,MIT,permissive,LICENSE (SPDX MIT inferred from the licence text; GitHub's API reported no identifier for this file),old_code/EBE_solver/lnpcg_ser/lupres.f,1883,,,no_umat_entry,"Fortran, but it declares no SUBROUTINE UMAT",subroutine_umat_fortran,,
rhdodds/warp3d,e2d27fe67e559cabeb71d0a86e124fb09dd10380,MIT,permissive,LICENSE (SPDX MIT inferred from the licence text; GitHub's API reported no identifier for this file),old_code/EBE_solver/lnpcg_ser/updpcm.f,5224,,,no_umat_entry,"Fortran, but it declares no SUBROUTINE UMAT",subroutine_umat_fortran,,
rhdodds/warp3d,e2d27fe67e559cabeb71d0a86e124fb09dd10380,MIT,permissive,LICENSE (SPDX MIT inferred from the licence text; GitHub's API reported no identifier for this file),old_code/EBE_solver/mpi_code_dummy.f,31424,,,no_umat_entry,"Fortran, but it declares no SUBROUTINE UMAT",subroutine_umat_fortran,,
rhdodds/warp3d,e2d27fe67e559cabeb71d0a86e124fb09dd10380,MIT,permissive,LICENSE (SPDX MIT inferred from the licence text; GitHub's API reported no identifier for this file),old_code/EBE_solver/mpi_code_real.f,134421,,,no_umat_entry,"Fortran, but it declares no SUBROUTINE UMAT",subroutine_umat_fortran,,
rhdodds/warp3d,e2d27fe67e559cabeb71d0a86e124fb09dd10380,MIT,permissive,LICENSE (SPDX MIT inferred from the licence text; GitHub's API reported no identifier for this file),old_code/EBE_solver/mpi_lnpcg_dummy.f,2973,,,no_umat_entry,"Fortran, but it declares no SUBROUTINE UMAT",subroutine_umat_fortran,,
rhdodds/warp3d,e2d27fe67e559cabeb71d0a86e124fb09dd10380,MIT,permissive,LICENSE (SPDX MIT inferred from the licence text; GitHub's API reported no identifier for this file),old_code/EBE_solver/mpi_lnpcg_real.f,140408,,,no_umat_entry,"Fortran, but it declares no SUBROUTINE UMAT",subroutine_umat_fortran,,
rhdodds/warp3d,e2d27fe67e559cabeb71d0a86e124fb09dd10380,MIT,permissive,LICENSE (SPDX MIT inferred from the licence text; GitHub's API reported no identifier for this file),old_code/NASA_solver/dummy_sparse_adj.f,141,,,no_umat_entry,"Fortran, but it declares no SUBROUTINE UMAT",subroutine_umat_fortran,,
rhdodds/warp3d,e2d27fe67e559cabeb71d0a86e124fb09dd10380,MIT,permissive,LICENSE (SPDX MIT inferred from the licence text; GitHub's API reported no identifier for this file),old_code/NASA_solver/dummy_sparse_check.f,92,,,no_umat_entry,"Fortran, but it declares no SUBROUTINE UMAT",subroutine_umat_fortran,,
rhdodds/warp3d,e2d27fe67e559cabeb71d0a86e124fb09dd10380,MIT,permissive,LICENSE (SPDX MIT inferred from the licence text; GitHub's API reported no identifier for this file),old_code/NASA_solver/dummy_sparse_factor.f,199,,,no_umat_entry,"Fortran, but it declares no SUBROUTINE UMAT",subroutine_umat_fortran,,
rhdodds/warp3d,e2d27fe67e559cabeb71d0a86e124fb09dd10380,MIT,permissive,LICENSE (SPDX MIT inferred from the licence text; GitHub's API reported no identifier for this file),old_code/NASA_solver/dummy_sparse_fill.f,287,,,no_umat_entry,"Fortran, but it declares no SUBROUTINE UMAT",subroutine_umat_fortran,,
rhdodds/warp3d,e2d27fe67e559cabeb71d0a86e124fb09dd10380,MIT,permissive,LICENSE (SPDX MIT inferred from the licence text; GitHub's API reported no identifier for this file),old_code/NASA_solver/dummy_sparse_loadpass.f,153,,,no_umat_entry,"Fortran, but it declares no SUBROUTINE UMAT",subroutine_umat_fortran,,
rhdodds/warp3d,e2d27fe67e559cabeb71d0a86e124fb09dd10380,MIT,permissive,LICENSE (SPDX MIT inferred from the licence text; GitHub's API reported no identifier for this file),old_code/NASA_solver/dummy_sparse_reorder_a.f,1088,,,no_umat_entry,"Fortran, but it declares no SUBROUTINE UMAT",subroutine_umat_fortran,,
rhdodds/warp3d,e2d27fe67e559cabeb71d0a86e124fb09dd10380,MIT,permissive,LICENSE (SPDX MIT inferred from the licence text; GitHub's API reported no identifier for this file),old_code/NASA_solver/dummy_sparse_reorder_b.f,2021,,,no_umat_entry,"Fortran, but it declares no SUBROUTINE UMAT",subroutine_umat_fortran,,
rhdodds/warp3d,e2d27fe67e559cabeb71d0a86e124fb09dd10380,MIT,permissive,LICENSE (SPDX MIT inferred from the licence text; GitHub's API reported no identifier for this file),old_code/NASA_solver/dummy_sparse_sym_fact.f,156,,,no_umat_entry,"Fortran, but it declares no SUBROUTINE UMAT",subroutine_umat_fortran,,
rhdodds/warp3d,e2d27fe67e559cabeb71d0a86e124fb09dd10380,MIT,permissive,LICENSE (SPDX MIT inferred from the licence text; GitHub's API reported no identifier for this file),old_code/NASA_solver/nasa_sparse_adj.f,1459,,,no_umat_entry,"Fortran, but it declares no SUBROUTINE UMAT",subroutine_umat_fortran,,
rhdodds/warp3d,e2d27fe67e559cabeb71d0a86e124fb09dd10380,MIT,permissive,LICENSE (SPDX MIT inferred from the licence text; GitHub's API reported no identifier for this file),,0,,,not_examined,stopped after 40 files from this repository; 310 not read,subroutine_umat_fortran,,
ricortiz/CalculiX-cmake,,,,no LICENSE file detected by the GitHub API,,0,,,licence_absent,"no licence is declared, so nothing may be redistributed from it; a repository without a LICENSE file is refused, not assumed permissive; recorded and not fetched",subroutine_umat_fortran,,
simoneponcioni/HFE,c76fe79ddffe1e64dd93ea74ab28e2ccf70b13b8,MIT,permissive,LICENSE (SPDX MIT via the GitHub licence API),02_CODE/abq/UMAT_BIPHASIC.f,55279,80dd12afc1bdf7cf28bcf439832980781a64a8979606a8b83d936e0ad273d563,ab09e2d1ee10a0f930c657c2d75549651b0ce4a21d873e1afb94e475ca3b54fe,already_known,"the same implementation as discovery_cache/simoneponcioni__HFE/02_CODE/abq/UMAT_BIPHASIC.f, which this collection already counts",subroutine_umat_fortran,,
tmfrln/paraqus,aa4a2ccbf01433208b7cf1faf42c94cd9f172105,GPL-3.0,copyleft,LICENSE (SPDX GPL-3.0 via the GitHub licence API),examples/example_abaqus_extrusion_umat.f,32622,b887b2f4cf9638a7c494f5a9d9aa95a118d1ff321e5bedfa24ea8712b482197e,7ce257275034d964ba005dafefeb0ed4c7b5f9725e616558e5af30c96db1343a,already_known,"the same implementation as discovery_cache/InstituteOfMechanics__Paraqus/examples/example_abaqus_extrusion_umat.f, which this collection already counts",subroutine_umat_fortran,,
vineethravi2310/Hashin-3D-UMAT-Subroutine,,,,no LICENSE file detected by the GitHub API,,0,,,licence_absent,"no licence is declared, so nothing may be redistributed from it; a repository without a LICENSE file is refused, not assumed permissive; recorded and not fetched",subroutine_umat_fortran,,
ALandauer/ABAQUS_Subroutines,,,,no LICENSE file detected by the GitHub API,,0,,,licence_absent,"no licence is declared, so nothing may be redistributed from it; a repository without a LICENSE file is refused, not assumed permissive; recorded and not fetched",subroutine_umat_ddsdde,,
CriticalSoilModels/incremental-driver,0b2c3c9044b17fc2f7424bb86592e0a8e3e19b13,GPL-3.0,copyleft,LICENSE (SPDX GPL-3.0 via the GitHub licence API),src/elastic.f90,1666,d9d84e13e81b2cf5f2acb8413f845ae464a716640f06323243db5b50ae08c226,15dfd9b2250b9941c9d79c917eb6037fa11b6fdb8b7bac8050ab87541ee9b99a,candidate,"distinct, licensed GPL-3.0 (copyleft), declares a UMAT entry point; not yet transformed or verified",subroutine_umat_ddsdde,CriticalSoilModels__incremental-driver/src/elastic.f90,
CriticalSoilModels/incremental-driver,0b2c3c9044b17fc2f7424bb86592e0a8e3e19b13,GPL-3.0,copyleft,LICENSE (SPDX GPL-3.0 via the GitHub licence API),app/incrementalDriver.f90,45884,,,no_umat_entry,"Fortran, but it declares no SUBROUTINE UMAT",subroutine_umat_ddsdde,,
CriticalSoilModels/incremental-driver,0b2c3c9044b17fc2f7424bb86592e0a8e3e19b13,GPL-3.0,copyleft,LICENSE (SPDX GPL-3.0 via the GitHub licence API),src/incrementalDriver_funcs.f90,31858,,,no_umat_entry,"Fortran, but it declares no SUBROUTINE UMAT",subroutine_umat_ddsdde,,
CriticalSoilModels/incremental-driver,0b2c3c9044b17fc2f7424bb86592e0a8e3e19b13,GPL-3.0,copyleft,LICENSE (SPDX GPL-3.0 via the GitHub licence API),test/check.f90,88,,,no_umat_entry,"Fortran, but it declares no SUBROUTINE UMAT",subroutine_umat_ddsdde,,
Dr-Ning-An/ebm-abaqus,eb9c1913bf418111b476c12ab0338115e07d6027,MIT,permissive,LICENSE (SPDX MIT via the GitHub licence API),ebm-am-demo/full-model/umatht_dflux.for,7313,,,no_umat_entry,"Fortran, but it declares no SUBROUTINE UMAT",umat_extension_for,,
Dr-Ning-An/ebm-abaqus,eb9c1913bf418111b476c12ab0338115e07d6027,MIT,permissive,LICENSE (SPDX MIT via the GitHub licence API),powder-liquid-solid/Gaussian/umatht_dflux.for,7101,,,no_umat_entry,"Fortran, but it declares no SUBROUTINE UMAT",umat_extension_for,,
Dr-Ning-An/ebm-abaqus,eb9c1913bf418111b476c12ab0338115e07d6027,MIT,permissive,LICENSE (SPDX MIT via the GitHub licence API),powder-liquid-solid/Goldak/dflux + umatht/umatht_dflux_goldak.for,7232,,,no_umat_entry,"Fortran, but it declares no SUBROUTINE UMAT",umat_extension_for,,
Dr-Ning-An/ebm-abaqus,eb9c1913bf418111b476c12ab0338115e07d6027,MIT,permissive,LICENSE (SPDX MIT via the GitHub licence API),powder-liquid-solid/Goldak/umatht + am modeler/umatht_dflux.for,7101,,,no_umat_entry,"Fortran, but it declares no SUBROUTINE UMAT",umat_extension_for,,
Dr-Ning-An/ebm-abaqus,eb9c1913bf418111b476c12ab0338115e07d6027,MIT,permissive,LICENSE (SPDX MIT via the GitHub licence API),solid-liquid-solid/dflux + umatht/umatht_verification.for,5518,,,no_umat_entry,"Fortran, but it declares no SUBROUTINE UMAT",umat_extension_for,,
Dr-Ning-An/ebm-abaqus,eb9c1913bf418111b476c12ab0338115e07d6027,MIT,permissive,LICENSE (SPDX MIT via the GitHub licence API),ebm-am-demo/reduced-model/umatht_dflux.for,7629,,,no_umat_entry,"Fortran, but it declares no SUBROUTINE UMAT",umat_extension_for,,
Dr-Ning-An/ebm-abaqus,eb9c1913bf418111b476c12ab0338115e07d6027,MIT,permissive,LICENSE (SPDX MIT via the GitHub licence API),solid-liquid-solid/dflux + abaqus gui/udflux_mmSI.for,898,,,no_umat_entry,"Fortran, but it declares no SUBROUTINE UMAT",umat_extension_for,,
Extraweich/Schapery_visco_elasticity,,,,no LICENSE file detected by the GitHub API,,0,,,licence_absent,"no licence is declared, so nothing may be redistributed from it; a repository without a LICENSE file is refused, not assumed permissive; recorded and not fetched",subroutine_umat_fortran,,
GeoGroup/Programming_FEM,,,,no LICENSE file detected by the GitHub API,,0,,,licence_absent,"no licence is declared, so nothing may be redistributed from it; a repository without a LICENSE file is refused, not assumed permissive; recorded and not fetched",ddsdde_statev_nprops,,
Gurleen-kansray/-rv-port-gurleen,,,,no LICENSE file detected by the GitHub API,,0,,,licence_absent,"no licence is declared, so nothing may be redistributed from it; a repository without a LICENSE file is refused, not assumed permissive; recorded and not fetched",umat_extension_f90,,
Hao-Xu/UMAT,,,,no LICENSE file detected by the GitHub API,,0,,,licence_absent,"no licence is declared, so nothing may be redistributed from it; a repository without a LICENSE file is refused, not assumed permissive; recorded and not fetched",aba_param_include,,
Johann-Cardenas/Need-for-Compute,,,,no LICENSE file detected by the GitHub API,,0,,,licence_absent,"no licence is declared, so nothing may be redistributed from it; a repository without a LICENSE file is refused, not assumed permissive; recorded and not fetched",umat_signature_ddsdde_sse,,
JuliaFEM/JuliaFEM.jl,8c35970050b7b938b0ab0f2d5c9ad21c170830a5,MIT,permissive,LICENSE (SPDX MIT via the GitHub licence API),,0,,,no_fortran,its tree lists no Fortran file and no file the search matched,subroutine_umat_ddsdde,,
Krande/code-aster-copy,e0e8ba1211ab8efdf7dac16f6fd79855ef395ac8,GPL-3.0,copyleft,LICENSE (SPDX GPL-3.0 via the GitHub licence API),astest/umat001a.f,7296,,,no_umat_entry,"Fortran, but it declares no SUBROUTINE UMAT",subroutine_umat_ddsdde,,
Krande/code-aster-copy,e0e8ba1211ab8efdf7dac16f6fd79855ef395ac8,GPL-3.0,copyleft,LICENSE (SPDX GPL-3.0 via the GitHub licence API),bibfor/comport/umatPrepareStrain.F90,3313,,,no_umat_entry,"Fortran, but it declares no SUBROUTINE UMAT",subroutine_umat_ddsdde,,
Krande/code-aster-copy,e0e8ba1211ab8efdf7dac16f6fd79855ef395ac8,GPL-3.0,copyleft,LICENSE (SPDX GPL-3.0 via the GitHub licence API),bibfor/include/asterc/umatwp.h,2591,,,no_umat_entry,"Fortran, but it declares no SUBROUTINE UMAT",subroutine_umat_ddsdde,,
Krande/code-aster-copy,e0e8ba1211ab8efdf7dac16f6fd79855ef395ac8,GPL-3.0,copyleft,LICENSE (SPDX GPL-3.0 via the GitHub licence API),astest/umat002a.f,7223,,,no_umat_entry,"Fortran, but it declares no SUBROUTINE UMAT",subroutine_umat_ddsdde,,
Krande/code-aster-copy,e0e8ba1211ab8efdf7dac16f6fd79855ef395ac8,GPL-3.0,copyleft,LICENSE (SPDX GPL-3.0 via the GitHub licence API),bibfor/algeline/addMatrAsse.F90,3038,,,no_umat_entry,"Fortran, but it declares no SUBROUTINE UMAT",subroutine_umat_ddsdde,,
Krande/code-aster-copy,e0e8ba1211ab8efdf7dac16f6fd79855ef395ac8,GPL-3.0,copyleft,LICENSE (SPDX GPL-3.0 via the GitHub licence API),bibfor/algeline/almulr.F90,2694,,,no_umat_entry,"Fortran, but it declares no SUBROUTINE UMAT",subroutine_umat_ddsdde,,
Krande/code-aster-copy,e0e8ba1211ab8efdf7dac16f6fd79855ef395ac8,GPL-3.0,copyleft,LICENSE (SPDX GPL-3.0 via the GitHub licence API),bibfor/algeline/amdapt.F90,6352,,,no_umat_entry,"Fortran, but it declares no SUBROUTINE UMAT",subroutine_umat_ddsdde,,
Krande/code-aster-copy,e0e8ba1211ab8efdf7dac16f6fd79855ef395ac8,GPL-3.0,copyleft,LICENSE (SPDX GPL-3.0 via the GitHub licence API),bibfor/algeline/amdbar.F90,55292,,,no_umat_entry,"Fortran, but it declares no SUBROUTINE UMAT",subroutine_umat_ddsdde,,
Krande/code-aster-copy,e0e8ba1211ab8efdf7dac16f6fd79855ef395ac8,GPL-3.0,copyleft,LICENSE (SPDX GPL-3.0 via the GitHub licence API),bibfor/algeline/amogen.F90,5713,,,no_umat_entry,"Fortran, but it declares no SUBROUTINE UMAT",subroutine_umat_ddsdde,,
Krande/code-aster-copy,e0e8ba1211ab8efdf7dac16f6fd79855ef395ac8,GPL-3.0,copyleft,LICENSE (SPDX GPL-3.0 via the GitHub licence API),bibfor/algeline/antisy.F90,1809,,,no_umat_entry,"Fortran, but it declares no SUBROUTINE UMAT",subroutine_umat_ddsdde,,
Krande/code-aster-copy,e0e8ba1211ab8efdf7dac16f6fd79855ef395ac8,GPL-3.0,copyleft,LICENSE (SPDX GPL-3.0 via the GitHub licence API),bibfor/algeline/apchar.F90,8642,,,no_umat_entry,"Fortran, but it declares no SUBROUTINE UMAT",subroutine_umat_ddsdde,,
Krande/code-aster-copy,e0e8ba1211ab8efdf7dac16f6fd79855ef395ac8,GPL-3.0,copyleft,LICENSE (SPDX GPL-3.0 via the GitHub licence API),bibfor/algeline/apm345.F90,5572,,,no_umat_entry,"Fortran, but it declares no SUBROUTINE UMAT",subroutine_umat_ddsdde,,
Krande/code-aster-copy,e0e8ba1211ab8efdf7dac16f6fd79855ef395ac8,GPL-3.0,copyleft,LICENSE (SPDX GPL-3.0 via the GitHub licence API),bibfor/algeline/axial.F90,1484,,,no_umat_entry,"Fortran, but it declares no SUBROUTINE UMAT",subroutine_umat_ddsdde,,
Krande/code-aster-copy,e0e8ba1211ab8efdf7dac16f6fd79855ef395ac8,GPL-3.0,copyleft,LICENSE (SPDX GPL-3.0 via the GitHub licence API),bibfor/algeline/bijmoc.F90,10597,,,no_umat_entry,"Fortran, but it declares no SUBROUTINE UMAT",subroutine_umat_ddsdde,,
Krande/code-aster-copy,e0e8ba1211ab8efdf7dac16f6fd79855ef395ac8,GPL-3.0,copyleft,LICENSE (SPDX GPL-3.0 via the GitHub licence API),bibfor/algeline/bijsom.F90,5367,,,no_umat_entry,"Fortran, but it declares no SUBROUTINE UMAT",subroutine_umat_ddsdde,,
Krande/code-aster-copy,e0e8ba1211ab8efdf7dac16f6fd79855ef395ac8,GPL-3.0,copyleft,LICENSE (SPDX GPL-3.0 via the GitHub licence API),bibfor/algeline/binomial.F90,4688,,,no_umat_entry,"Fortran, but it declares no SUBROUTINE UMAT",subroutine_umat_ddsdde,,
Krande/code-aster-copy,e0e8ba1211ab8efdf7dac16f6fd79855ef395ac8,GPL-3.0,copyleft,LICENSE (SPDX GPL-3.0 via the GitHub licence API),bibfor/algeline/bmocca.F90,10789,,,no_umat_entry,"Fortran, but it declares no SUBROUTINE UMAT",subroutine_umat_ddsdde,,
Krande/code-aster-copy,e0e8ba1211ab8efdf7dac16f6fd79855ef395ac8,GPL-3.0,copyleft,LICENSE (SPDX GPL-3.0 via the GitHub licence API),bibfor/algeline/bprime.F90,7451,,,no_umat_entry,"Fortran, but it declares no SUBROUTINE UMAT",subroutine_umat_ddsdde,,
Krande/code-aster-copy,e0e8ba1211ab8efdf7dac16f6fd79855ef395ac8,GPL-3.0,copyleft,LICENSE (SPDX GPL-3.0 via the GitHub licence API),bibfor/algeline/cajgr2.F90,7156,,,no_umat_entry,"Fortran, but it declares no SUBROUTINE UMAT",subroutine_umat_ddsdde,,
Krande/code-aster-copy,e0e8ba1211ab8efdf7dac16f6fd79855ef395ac8,GPL-3.0,copyleft,LICENSE (SPDX GPL-3.0 via the GitHub licence API),bibfor/algeline/caladj.F90,5019,,,no_umat_entry,"Fortran, but it declares no SUBROUTINE UMAT",subroutine_umat_ddsdde,,
Krande/code-aster-copy,e0e8ba1211ab8efdf7dac16f6fd79855ef395ac8,GPL-3.0,copyleft,LICENSE (SPDX GPL-3.0 via the GitHub licence API),bibfor/algeline/calajt.F90,2324,,,no_umat_entry,"Fortran, but it declares no SUBROUTINE UMAT",subroutine_umat_ddsdde,,
Krande/code-aster-copy,e0e8ba1211ab8efdf7dac16f6fd79855ef395ac8,GPL-3.0,copyleft,LICENSE (SPDX GPL-3.0 via the GitHub licence API),bibfor/algeline/calcdr.F90,5169,,,no_umat_entry,"Fortran, but it declares no SUBROUTINE UMAT",subroutine_umat_ddsdde,,
Krande/code-aster-copy,e0e8ba1211ab8efdf7dac16f6fd79855ef395ac8,GPL-3.0,copyleft,LICENSE (SPDX GPL-3.0 via the GitHub licence API),bibfor/algeline/calcds.F90,4081,,,no_umat_entry,"Fortran, but it declares no SUBROUTINE UMAT",subroutine_umat_ddsdde,,
Krande/code-aster-copy,e0e8ba1211ab8efdf7dac16f6fd79855ef395ac8,GPL-3.0,copyleft,LICENSE (SPDX GPL-3.0 via the GitHub licence API),bibfor/algeline/calcdy.F90,3706,,,no_umat_entry,"Fortran, but it declares no SUBROUTINE UMAT",subroutine_umat_ddsdde,,
Krande/code-aster-copy,e0e8ba1211ab8efdf7dac16f6fd79855ef395ac8,GPL-3.0,copyleft,LICENSE (SPDX GPL-3.0 via the GitHub licence API),bibfor/algeline/calcg.F90,3508,,,no_umat_entry,"Fortran, but it declares no SUBROUTINE UMAT",subroutine_umat_ddsdde,,
Krande/code-aster-copy,e0e8ba1211ab8efdf7dac16f6fd79855ef395ac8,GPL-3.0,copyleft,LICENSE (SPDX GPL-3.0 via the GitHub licence API),bibfor/algeline/calcj0.F90,2867,,,no_umat_entry,"Fortran, but it declares no SUBROUTINE UMAT",subroutine_umat_ddsdde,,
Krande/code-aster-copy,e0e8ba1211ab8efdf7dac16f6fd79855ef395ac8,GPL-3.0,copyleft,LICENSE (SPDX GPL-3.0 via the GitHub licence API),bibfor/algeline/calcn.F90,3120,,,no_umat_entry,"Fortran, but it declares no SUBROUTINE UMAT",subroutine_umat_ddsdde,,
Krande/code-aster-copy,e0e8ba1211ab8efdf7dac16f6fd79855ef395ac8,GPL-3.0,copyleft,LICENSE (SPDX GPL-3.0 via the GitHub licence API),bibfor/algeline/calcpj.F90,6390,,,no_umat_entry,"Fortran, but it declares no SUBROUTINE UMAT",subroutine_umat_ddsdde,,
Krande/code-aster-copy,e0e8ba1211ab8efdf7dac16f6fd79855ef395ac8,GPL-3.0,copyleft,LICENSE (SPDX GPL-3.0 via the GitHub licence API),bibfor/algeline/calcq.F90,4187,,,no_umat_entry,"Fortran, but it declares no SUBROUTINE UMAT",subroutine_umat_ddsdde,,
Krande/code-aster-copy,e0e8ba1211ab8efdf7dac16f6fd79855ef395ac8,GPL-3.0,copyleft,LICENSE (SPDX GPL-3.0 via the GitHub licence API),bibfor/algeline/calsvd.F90,7345,,,no_umat_entry,"Fortran, but it declares no SUBROUTINE UMAT",subroutine_umat_ddsdde,,
Krande/code-aster-copy,e0e8ba1211ab8efdf7dac16f6fd79855ef395ac8,GPL-3.0,copyleft,LICENSE (SPDX GPL-3.0 via the GitHub licence API),bibfor/algeline/cbval2.F90,6005,,,no_umat_entry,"Fortran, but it declares no SUBROUTINE UMAT",subroutine_umat_ddsdde,,
Krande/code-aster-copy,e0e8ba1211ab8efdf7dac16f6fd79855ef395ac8,GPL-3.0,copyleft,LICENSE (SPDX GPL-3.0 via the GitHub licence API),bibfor/algeline/cbvalc.F90,3375,,,no_umat_entry,"Fortran, but it declares no SUBROUTINE UMAT",subroutine_umat_ddsdde,,
Krande/code-aster-copy,e0e8ba1211ab8efdf7dac16f6fd79855ef395ac8,GPL-3.0,copyleft,LICENSE (SPDX GPL-3.0 via the GitHub licence API),bibfor/algeline/cbvale.F90,8739,,,no_umat_entry,"Fortran, but it declares no SUBROUTINE UMAT",subroutine_umat_ddsdde,,
Krande/code-aster-copy,e0e8ba1211ab8efdf7dac16f6fd79855ef395ac8,GPL-3.0,copyleft,LICENSE (SPDX GPL-3.0 via the GitHub licence API),bibfor/algeline/cbvalr.F90,3337,,,no_umat_entry,"Fortran, but it declares no SUBROUTINE UMAT",subroutine_umat_ddsdde,,
Krande/code-aster-copy,e0e8ba1211ab8efdf7dac16f6fd79855ef395ac8,GPL-3.0,copyleft,LICENSE (SPDX GPL-3.0 via the GitHub licence API),bibfor/algeline/ccl11j.F90,1330,,,no_umat_entry,"Fortran, but it declares no SUBROUTINE UMAT",subroutine_umat_ddsdde,,
Krande/code-aster-copy,e0e8ba1211ab8efdf7dac16f6fd79855ef395ac8,GPL-3.0,copyleft,LICENSE (SPDX GPL-3.0 via the GitHub licence API),bibfor/algeline/ccl21j.F90,2100,,,no_umat_entry,"Fortran, but it declares no SUBROUTINE UMAT",subroutine_umat_ddsdde,,
Krande/code-aster-copy,e0e8ba1211ab8efdf7dac16f6fd79855ef395ac8,GPL-3.0,copyleft,LICENSE (SPDX GPL-3.0 via the GitHub licence API),bibfor/algeline/cclni1.F90,1273,,,no_umat_entry,"Fortran, but it declares no SUBROUTINE UMAT",subroutine_umat_ddsdde,,
Krande/code-aster-copy,e0e8ba1211ab8efdf7dac16f6fd79855ef395ac8,GPL-3.0,copyleft,LICENSE (SPDX GPL-3.0 via the GitHub licence API),bibfor/algeline/cclni2.F90,1422,,,no_umat_entry,"Fortran, but it declares no SUBROUTINE UMAT",subroutine_umat_ddsdde,,
Krande/code-aster-copy,e0e8ba1211ab8efdf7dac16f6fd79855ef395ac8,GPL-3.0,copyleft,LICENSE (SPDX GPL-3.0 via the GitHub licence API),bibfor/algeline/cdatrc.F90,1787,,,no_umat_entry,"Fortran, but it declares no SUBROUTINE UMAT",subroutine_umat_ddsdde,,
Krande/code-aster-copy,e0e8ba1211ab8efdf7dac16f6fd79855ef395ac8,GPL-3.0,copyleft,LICENSE (SPDX GPL-3.0 via the GitHub licence API),bibfor/algeline/chcoma.F90,7206,,,no_umat_entry,"Fortran, but it declares no SUBROUTINE UMAT",subroutine_umat_ddsdde,,
Krande/code-aster-copy,e0e8ba1211ab8efdf7dac16f6fd79855ef395ac8,GPL-3.0,copyleft,LICENSE (SPDX GPL-3.0 via the GitHub licence API),,0,,,not_examined,stopped after 40 files from this repository; 7956 not read,subroutine_umat_ddsdde,,
L-Quinteros/PiezoresistiveFractureAbaqus,,,,no LICENSE file detected by the GitHub API,,0,,,licence_absent,"no licence is declared, so nothing may be redistributed from it; a repository without a LICENSE file is refused, not assumed permissive; recorded and not fetched",subroutine_umat_ddsdde,,
Micket/oofem,,,,no LICENSE file detected by the GitHub API,,0,,,licence_absent,"no licence is declared, so nothing may be redistributed from it; a repository without a LICENSE file is refused, not assumed permissive; recorded and not fetched",subroutine_umat_ddsdde,,
ReachOptimum/mlpcp-interp-dic,f3c0cd85197b3c33f00d8e6757a70f8be66531eb,MIT,permissive,LICENSE (SPDX MIT via the GitHub licence API),abaqus/UMMDp_FLC.f,283100,3217040335b42dc91291cac2c93a901fecf0ec88aa0834701fdae92ca3f971a1,5f5ed694e5b388461930391289a2da1f7c3069482c9f10e34f556d0c96f33ba8,already_known,"the same implementation as discovery_cache/ReachOptimum__mlpcp-interp-dic/abaqus/UMMDp_FLC.f, which this collection already counts",subroutine_umat_ddsdde,,
UCBoulder/tardigrade_asp,be56ab9b1cc3aa858da59c45c69732f7260043dd,BSD-3-Clause,permissive,LICENSE (SPDX BSD-3-Clause inferred from the licence text; GitHub's API reported no identifier for this file),src/cpp/asp.h,42821,,,no_umat_entry,"Fortran, but it declares no SUBROUTINE UMAT",ddsdde_statev_nprops,,
UCBoulder/tardigrade_asp,be56ab9b1cc3aa858da59c45c69732f7260043dd,BSD-3-Clause,permissive,LICENSE (SPDX BSD-3-Clause inferred from the licence text; GitHub's API reported no identifier for this file),src/cpp/tests/test_asp.cpp,179949,,,no_umat_entry,"Fortran, but it declares no SUBROUTINE UMAT",ddsdde_statev_nprops,,
XJTU-Zhou-group/ABAQUS-Codes-for-AM-Process-of-Tantalum,,,,no LICENSE file detected by the GitHub API,,0,,,licence_absent,"no licence is declared, so nothing may be redistributed from it; a repository without a LICENSE file is refused, not assumed permissive; recorded and not fetched",subroutine_umat_fortran,,
asroy/Kratos,,,,license.txt present but neither GitHub nor a text match identified a licence,,0,,,licence_absent,"no licence is declared, so nothing may be redistributed from it; a repository without a LICENSE file is refused, not assumed permissive; recorded and not fetched",subroutine_umat_ddsdde,,
attaoveisi/Coupling_ABAQUS_MATLAB,d58aaef5d141c9bf77f3ddecb9bc755cf09b3d53,BSD-2-Clause,permissive,LICENSE (SPDX BSD-2-Clause via the GitHub licence API),ABAQUS with fortran only/CLOSED_LOOP_PD/uamp_ramp_sensor.for,4870,,,no_umat_entry,"Fortran, but it declares no SUBROUTINE UMAT",aba_param_include,,
attaoveisi/Coupling_ABAQUS_MATLAB,d58aaef5d141c9bf77f3ddecb9bc755cf09b3d53,BSD-2-Clause,permissive,LICENSE (SPDX BSD-2-Clause via the GitHub licence API),RUN Malab from FORTRAN/Backup of the second code_does not work in this form/uamp_ramp_sensor.for,16686,,,no_umat_entry,"Fortran, but it declares no SUBROUTINE UMAT",aba_param_include,,
attaoveisi/Coupling_ABAQUS_MATLAB,d58aaef5d141c9bf77f3ddecb9bc755cf09b3d53,BSD-2-Clause,permissive,LICENSE (SPDX BSD-2-Clause via the GitHub licence API),RUN Matlab from ABAQUS/Try_3_function_worked/backup/uamp_ramp_sensor.for,12441,,,no_umat_entry,"Fortran, but it declares no SUBROUTINE UMAT",aba_param_include,,
attaoveisi/Coupling_ABAQUS_MATLAB,d58aaef5d141c9bf77f3ddecb9bc755cf09b3d53,BSD-2-Clause,permissive,LICENSE (SPDX BSD-2-Clause via the GitHub licence API),RUN Matlab from ABAQUS/Try_3_function_worked/uamp_ramp_sensor.for,12441,,,no_umat_entry,"Fortran, but it declares no SUBROUTINE UMAT",aba_param_include,,
attaoveisi/Coupling_ABAQUS_MATLAB,d58aaef5d141c9bf77f3ddecb9bc755cf09b3d53,BSD-2-Clause,permissive,LICENSE (SPDX BSD-2-Clause via the GitHub licence API),ABAQUS with fortran only/CLOSED_LOOP/uamp_ramp_sensor.for,4980,,,no_umat_entry,"Fortran, but it declares no SUBROUTINE UMAT",aba_param_include,,
attaoveisi/Coupling_ABAQUS_MATLAB,d58aaef5d141c9bf77f3ddecb9bc755cf09b3d53,BSD-2-Clause,permissive,LICENSE (SPDX BSD-2-Clause via the GitHub licence API),ABAQUS with fortran only/CLOSED_LOOP_PD_MY_DERIVATIVE/uamp_ramp_sensor.for,2859,,,no_umat_entry,"Fortran, but it declares no SUBROUTINE UMAT",aba_param_include,,
attaoveisi/Coupling_ABAQUS_MATLAB,d58aaef5d141c9bf77f3ddecb9bc755cf09b3d53,BSD-2-Clause,permissive,LICENSE (SPDX BSD-2-Clause via the GitHub licence API),ABAQUS with fortran only/CLOSED_LOOP_POSITIVE_FEEDBACK/uamp_ramp_sensor.for,4978,,,no_umat_entry,"Fortran, but it declares no SUBROUTINE UMAT",aba_param_include,,
attaoveisi/Coupling_ABAQUS_MATLAB,d58aaef5d141c9bf77f3ddecb9bc755cf09b3d53,BSD-2-Clause,permissive,LICENSE (SPDX BSD-2-Clause via the GitHub licence API),ABAQUS with fortran only/OPEN LOOP/uamp_ramp_sensor.for,4969,,,no_umat_entry,"Fortran, but it declares no SUBROUTINE UMAT",aba_param_include,,
attaoveisi/Coupling_ABAQUS_MATLAB,d58aaef5d141c9bf77f3ddecb9bc755cf09b3d53,BSD-2-Clause,permissive,LICENSE (SPDX BSD-2-Clause via the GitHub licence API),RUN Malab from FORTRAN/Backup of the first code that worked/uamp_ramp_sensor.for,6428,,,no_umat_entry,"Fortran, but it declares no SUBROUTINE UMAT",aba_param_include,,
attaoveisi/Coupling_ABAQUS_MATLAB,d58aaef5d141c9bf77f3ddecb9bc755cf09b3d53,BSD-2-Clause,permissive,LICENSE (SPDX BSD-2-Clause via the GitHub licence API),RUN Malab from FORTRAN/Backup of the last code/MatlabMatFile.f90,4953,,,no_umat_entry,"Fortran, but it declares no SUBROUTINE UMAT",aba_param_include,,
attaoveisi/Coupling_ABAQUS_MATLAB,d58aaef5d141c9bf77f3ddecb9bc755cf09b3d53,BSD-2-Clause,permissive,LICENSE (SPDX BSD-2-Clause via the GitHub licence API),RUN Malab from FORTRAN/Backup of the last code/MatlabMatrix.f90,16688,,,no_umat_entry,"Fortran, but it declares no SUBROUTINE UMAT",aba_param_include,,
attaoveisi/Coupling_ABAQUS_MATLAB,d58aaef5d141c9bf77f3ddecb9bc755cf09b3d53,BSD-2-Clause,permissive,LICENSE (SPDX BSD-2-Clause via the GitHub licence API),RUN Malab from FORTRAN/Backup of the last code/MatlabUtils.f90,85044,,,no_umat_entry,"Fortran, but it declares no SUBROUTINE UMAT",aba_param_include,,
attaoveisi/Coupling_ABAQUS_MATLAB,d58aaef5d141c9bf77f3ddecb9bc755cf09b3d53,BSD-2-Clause,permissive,LICENSE (SPDX BSD-2-Clause via the GitHub licence API),RUN Malab from FORTRAN/Backup of the last code/uamp_ramp_sensor.for,12083,,,no_umat_entry,"Fortran, but it declares no SUBROUTINE UMAT",aba_param_include,,
attaoveisi/Coupling_ABAQUS_MATLAB,d58aaef5d141c9bf77f3ddecb9bc755cf09b3d53,BSD-2-Clause,permissive,LICENSE (SPDX BSD-2-Clause via the GitHub licence API),RUN Malab from FORTRAN/Backup of the second code_does not work in this form/uamp_ramp_sensorc.for,10643,,,no_umat_entry,"Fortran, but it declares no SUBROUTINE UMAT",aba_param_include,,
attaoveisi/Coupling_ABAQUS_MATLAB,d58aaef5d141c9bf77f3ddecb9bc755cf09b3d53,BSD-2-Clause,permissive,LICENSE (SPDX BSD-2-Clause via the GitHub licence API),RUN Malab from FORTRAN/First_try_Kamyar/Console6/Console6/Source1.f,960,,,no_umat_entry,"Fortran, but it declares no SUBROUTINE UMAT",aba_param_include,,
attaoveisi/Coupling_ABAQUS_MATLAB,d58aaef5d141c9bf77f3ddecb9bc755cf09b3d53,BSD-2-Clause,permissive,LICENSE (SPDX BSD-2-Clause via the GitHub licence API),RUN Malab from FORTRAN/First_try_Kamyar/Console8/Console8/Source1.for,1053,,,no_umat_entry,"Fortran, but it declares no SUBROUTINE UMAT",aba_param_include,,
attaoveisi/Coupling_ABAQUS_MATLAB,d58aaef5d141c9bf77f3ddecb9bc755cf09b3d53,BSD-2-Clause,permissive,LICENSE (SPDX BSD-2-Clause via the GitHub licence API),RUN Malab from FORTRAN/First_try_Kamyar/Console8/Console8/Source2.for,3395,,,no_umat_entry,"Fortran, but it declares no SUBROUTINE UMAT",aba_param_include,,
attaoveisi/Coupling_ABAQUS_MATLAB,d58aaef5d141c9bf77f3ddecb9bc755cf09b3d53,BSD-2-Clause,permissive,LICENSE (SPDX BSD-2-Clause via the GitHub licence API),RUN Malab from FORTRAN/Second_simple_rand/simplerand/simplerand/main.for,3142,,,no_umat_entry,"Fortran, but it declares no SUBROUTINE UMAT",aba_param_include,,
attaoveisi/Coupling_ABAQUS_MATLAB,d58aaef5d141c9bf77f3ddecb9bc755cf09b3d53,BSD-2-Clause,permissive,LICENSE (SPDX BSD-2-Clause via the GitHub licence API),RUN Malab from FORTRAN/The codes/MatlabMatFile.f90,4953,,,no_umat_entry,"Fortran, but it declares no SUBROUTINE UMAT",aba_param_include,,
attaoveisi/Coupling_ABAQUS_MATLAB,d58aaef5d141c9bf77f3ddecb9bc755cf09b3d53,BSD-2-Clause,permissive,LICENSE (SPDX BSD-2-Clause via the GitHub licence API),RUN Malab from FORTRAN/The codes/MatlabMatrix.f90,16688,,,no_umat_entry,"Fortran, but it declares no SUBROUTINE UMAT",aba_param_include,,
attaoveisi/Coupling_ABAQUS_MATLAB,d58aaef5d141c9bf77f3ddecb9bc755cf09b3d53,BSD-2-Clause,permissive,LICENSE (SPDX BSD-2-Clause via the GitHub licence API),RUN Malab from FORTRAN/The codes/MatlabUtils.f90,85044,,,no_umat_entry,"Fortran, but it declares no SUBROUTINE UMAT",aba_param_include,,
attaoveisi/Coupling_ABAQUS_MATLAB,d58aaef5d141c9bf77f3ddecb9bc755cf09b3d53,BSD-2-Clause,permissive,LICENSE (SPDX BSD-2-Clause via the GitHub licence API),RUN Matlab from ABAQUS/Try_1/Console1/Console1/Source1.for,3297,,,no_umat_entry,"Fortran, but it declares no SUBROUTINE UMAT",aba_param_include,,
attaoveisi/Coupling_ABAQUS_MATLAB,d58aaef5d141c9bf77f3ddecb9bc755cf09b3d53,BSD-2-Clause,permissive,LICENSE (SPDX BSD-2-Clause via the GitHub licence API),RUN Matlab from ABAQUS/Try_2_Worked!!!/backup/uamp_ramp_sensor.for,8959,,,no_umat_entry,"Fortran, but it declares no SUBROUTINE UMAT",aba_param_include,,
attaoveisi/Coupling_ABAQUS_MATLAB,d58aaef5d141c9bf77f3ddecb9bc755cf09b3d53,BSD-2-Clause,permissive,LICENSE (SPDX BSD-2-Clause via the GitHub licence API),RUN Matlab from ABAQUS/Try_2_Worked!!!/uamp_ramp_sensor.for,8959,,,no_umat_entry,"Fortran, but it declares no SUBROUTINE UMAT",aba_param_include,,
attaoveisi/Coupling_ABAQUS_MATLAB,d58aaef5d141c9bf77f3ddecb9bc755cf09b3d53,BSD-2-Clause,permissive,LICENSE (SPDX BSD-2-Clause via the GitHub licence API),RUN Matlab from ABAQUS/Try_4_complete run/uamp_ramp_sensor.for,12441,,,no_umat_entry,"Fortran, but it declares no SUBROUTINE UMAT",aba_param_include,,
bessagroup/f3dasm_simulate,517d8196720e2f47ebcd70404c1ecbc1efe78e34,BSD-3-Clause,permissive,LICENSE (SPDX BSD-3-Clause via the GitHub licence API),src/f3dasm_simulate/abaqus/scriptbase/benchmark_abaqus_scripts/vevp_leonov_model.f,32777,c0e8a1698dd1c96910351b7083b1fb5f4b4f7b32c26de8cef849dc5e683d6d44,da7402d5636992b48a591ee08bedbbf90f309789e00d1cadb1f29a9c4f87d990,already_known,"the same implementation as discovery_cache/bessagroup__f3dasm_simulate/src/f3dasm_simulate/abaqus/scriptbase/benchmark_abaqus_scripts/vevp_leonov_model.f, which this collection already counts",subroutine_umat_ddsdde,,
bessagroup/f3dasm_simulate,517d8196720e2f47ebcd70404c1ecbc1efe78e34,BSD-3-Clause,permissive,LICENSE (SPDX BSD-3-Clause via the GitHub licence API),src/f3dasm_simulate/abaqus/scriptbase/benchmark_abaqus_scripts/veni_mix_model.f,46347,1717e9dde3b2c45af16e7fb2452a763c57a14434ff99f4f489f5d1280625e797,917249e5fe9cf586f0e9825d94ea253c6fe1b1144373c0e914aaca7e1207b5d9,already_known,"the same implementation as discovery_cache/bessagroup__f3dasm_simulate/src/f3dasm_simulate/abaqus/scriptbase/benchmark_abaqus_scripts/veni_mix_model.f, which this collection already counts",subroutine_umat_ddsdde,,
bessagroup/f3dasm_simulate,517d8196720e2f47ebcd70404c1ecbc1efe78e34,BSD-3-Clause,permissive,LICENSE (SPDX BSD-3-Clause via the GitHub licence API),src/f3dasm_simulate/abaqus/scriptbase/benchmark_abaqus_scripts/vp_leonov_model.f,20088,22d90ad02659932ba434e8818b143124b81a07bbc27803e8b6563e9ccfdca463,12dd2408c4ed12479be56b7b3fc188ec5d8fe62aed6eed3e41cc1ddfc4115a21,already_known,"the same implementation as discovery_cache/bessagroup__f3dasm_simulate/src/f3dasm_simulate/abaqus/scriptbase/benchmark_abaqus_scripts/vp_leonov_model.f, which this collection already counts",subroutine_umat_ddsdde,,
cast3m/cast3m,,,,no LICENSE file detected by the GitHub API,,0,,,licence_absent,"no licence is declared, so nothing may be redistributed from it; a repository without a LICENSE file is refused, not assumed permissive; recorded and not fetched",ddsdde_statev_nprops,,
chyg-code/appendix,,,,no LICENSE file detected by the GitHub API,,0,,,licence_absent,"no licence is declared, so nothing may be redistributed from it; a repository without a LICENSE file is refused, not assumed permissive; recorded and not fetched",subroutine_umat_ddsdde,,
ddgetgithub/NN_model_2d,7ae9c5410580330dcb159b7fa596064c97622cc6,GPL-3.0,copyleft,LICENSE (SPDX GPL-3.0 via the GitHub licence API),Abaqus/3Cr2Mo-3-15-7-1-softplus.f,16729,,,no_umat_entry,"Fortran, but it declares no SUBROUTINE UMAT",aba_param_include,,
ddgetgithub/NN_model_2d,7ae9c5410580330dcb159b7fa596064c97622cc6,GPL-3.0,copyleft,LICENSE (SPDX GPL-3.0 via the GitHub licence API),Abaqus/3Cr2Mo-3-15-7-1-swish.f,17119,,,no_umat_entry,"Fortran, but it declares no SUBROUTINE UMAT",aba_param_include,,
ddgetgithub/NN_model_2d,7ae9c5410580330dcb159b7fa596064c97622cc6,GPL-3.0,copyleft,LICENSE (SPDX GPL-3.0 via the GitHub licence API),Abaqus/3Cr2Mo-3-15-7-1-tanh.f,16437,,,no_umat_entry,"Fortran, but it declares no SUBROUTINE UMAT",aba_param_include,,
ddgetgithub/NN_model_2d,7ae9c5410580330dcb159b7fa596064c97622cc6,GPL-3.0,copyleft,LICENSE (SPDX GPL-3.0 via the GitHub licence API),Abaqus/3Cr2Mo-3-17-9-1-relu.f,21618,,,no_umat_entry,"Fortran, but it declares no SUBROUTINE UMAT",aba_param_include,,
ddgetgithub/NN_model_2d,7ae9c5410580330dcb159b7fa596064c97622cc6,GPL-3.0,copyleft,LICENSE (SPDX GPL-3.0 via the GitHub licence API),Abaqus/3Cr2Mo-3-17-9-1-sigmoid.f,21398,,,no_umat_entry,"Fortran, but it declares no SUBROUTINE UMAT",aba_param_include,,
ddgetgithub/NN_model_2d,7ae9c5410580330dcb159b7fa596064c97622cc6,GPL-3.0,copyleft,LICENSE (SPDX GPL-3.0 via the GitHub licence API),Abaqus/3Cr2Mo-3-15-7-1-exponential.f,16203,,,no_umat_entry,"Fortran, but it declares no SUBROUTINE UMAT",aba_param_include,,
ddgetgithub/NN_model_2d,7ae9c5410580330dcb159b7fa596064c97622cc6,GPL-3.0,copyleft,LICENSE (SPDX GPL-3.0 via the GitHub licence API),Abaqus/3Cr2Mo-3-15-7-1-relu.f,16867,,,no_umat_entry,"Fortran, but it declares no SUBROUTINE UMAT",aba_param_include,,
ddgetgithub/NN_model_2d,7ae9c5410580330dcb159b7fa596064c97622cc6,GPL-3.0,copyleft,LICENSE (SPDX GPL-3.0 via the GitHub licence API),Abaqus/3Cr2Mo-3-15-7-1-sigmoid.f,16686,,,no_umat_entry,"Fortran, but it declares no SUBROUTINE UMAT",aba_param_include,,
ddgetgithub/NN_model_2d,7ae9c5410580330dcb159b7fa596064c97622cc6,GPL-3.0,copyleft,LICENSE (SPDX GPL-3.0 via the GitHub licence API),Abaqus/3Cr2Mo-3-17-9-1-exponential.f,20849,,,no_umat_entry,"Fortran, but it declares no SUBROUTINE UMAT",aba_param_include,,
ddgetgithub/NN_model_2d,7ae9c5410580330dcb159b7fa596064c97622cc6,GPL-3.0,copyleft,LICENSE (SPDX GPL-3.0 via the GitHub licence API),Abaqus/3Cr2Mo-3-17-9-1-softplus.f,21467,,,no_umat_entry,"Fortran, but it declares no SUBROUTINE UMAT",aba_param_include,,
ddgetgithub/NN_model_2d,7ae9c5410580330dcb159b7fa596064c97622cc6,GPL-3.0,copyleft,LICENSE (SPDX GPL-3.0 via the GitHub licence API),Abaqus/3Cr2Mo-3-17-9-1-swish.f,21910,,,no_umat_entry,"Fortran, but it declares no SUBROUTINE UMAT",aba_param_include,,
ddgetgithub/NN_model_2d,7ae9c5410580330dcb159b7fa596064c97622cc6,GPL-3.0,copyleft,LICENSE (SPDX GPL-3.0 via the GitHub licence API),Abaqus/3Cr2Mo-3-17-9-1-tanh.f,21104,,,no_umat_entry,"Fortran, but it declares no SUBROUTINE UMAT",aba_param_include,,
haiiliin/abqcy,794c988d355dfe3e9851a27ae68a9c571b8c7c7a,MIT,permissive,LICENSE (SPDX MIT via the GitHub licence API),examples/elastic.py,864,,,no_umat_entry,"Fortran, but it declares no SUBROUTINE UMAT",ddsdde_statev_nprops,,
haiiliin/abqcy,794c988d355dfe3e9851a27ae68a9c571b8c7c7a,MIT,permissive,LICENSE (SPDX MIT via the GitHub licence API),examples/templates/umat.pyx,625,,,no_umat_entry,"Fortran, but it declares no SUBROUTINE UMAT",ddsdde_statev_nprops,,
harshaa765/UMATFile,3624bf7dbc6ffce59344bedc5af41f44f39effbe,MIT,permissive,LICENSE (SPDX MIT via the GitHub licence API),UMAT.for,66955,e504b67ec7e963affab8acafb6bede5225af8b21635a9da1bc45160575e646be,f6d1039942642636510c652cf864f9b95c7fd429b55978202b27e670698afc09,already_known,"the same implementation as discovery_cache/harshaa765__UMATFile/UMAT.for, which this collection already counts",subroutine_umat_ddsdde,,
htn403/Hygro-Thermal-Poromechanics,,,,no LICENSE file detected by the GitHub API,,0,,,licence_absent,"no licence is declared, so nothing may be redistributed from it; a repository without a LICENSE file is refused, not assumed permissive; recorded and not fetched",subroutine_umat_ddsdde,,
ibf-RWTH/GA-Calibration,9843f8e0544029bf92cb728866318dc72bc9e995,GPL-3.0,copyleft,LICENSE (SPDX GPL-3.0 via the GitHub licence API),subroutine/Umat_CP.for,26783,007d7533fabce19ce5c13c829eee59885b3e9c1ba1e037d4d152aa1c913ca0cd,bbc94eebecf4d7dd730287ea44f53c942e0fc778bfac1d72cd586303af836e5e,already_known,"the same implementation as discovery_cache/ibf-RWTH__GA-Calibration/subroutine/Umat_CP.for, which this collection already counts",subroutine_umat_fortran,,
ibf-RWTH/GA-Calibration,9843f8e0544029bf92cb728866318dc72bc9e995,GPL-3.0,copyleft,LICENSE (SPDX GPL-3.0 via the GitHub licence API),subroutine/inout.f,22644,,,no_umat_entry,"Fortran, but it declares no SUBROUTINE UMAT",subroutine_umat_fortran,,
ibf-RWTH/GA-Calibration,9843f8e0544029bf92cb728866318dc72bc9e995,GPL-3.0,copyleft,LICENSE (SPDX GPL-3.0 via the GitHub licence API),subroutine/mod_global.f,1900,,,no_umat_entry,"Fortran, but it declares no SUBROUTINE UMAT",subroutine_umat_fortran,,
ibf-RWTH/GA-Calibration,9843f8e0544029bf92cb728866318dc72bc9e995,GPL-3.0,copyleft,LICENSE (SPDX GPL-3.0 via the GitHub licence API),subroutine/mod_materialdata.f,9158,,,no_umat_entry,"Fortran, but it declares no SUBROUTINE UMAT",subroutine_umat_fortran,,
ibf-RWTH/GA-Calibration,9843f8e0544029bf92cb728866318dc72bc9e995,GPL-3.0,copyleft,LICENSE (SPDX GPL-3.0 via the GitHub licence API),subroutine/models.f,19140,,,no_umat_entry,"Fortran, but it declares no SUBROUTINE UMAT",subroutine_umat_fortran,,
ibf-RWTH/GA-Calibration,9843f8e0544029bf92cb728866318dc72bc9e995,GPL-3.0,copyleft,LICENSE (SPDX GPL-3.0 via the GitHub licence API),subroutine/other_code.f,33232,,,no_umat_entry,"Fortran, but it declares no SUBROUTINE UMAT",subroutine_umat_fortran,,
ibf-RWTH/GA-Calibration,9843f8e0544029bf92cb728866318dc72bc9e995,GPL-3.0,copyleft,LICENSE (SPDX GPL-3.0 via the GitHub licence API),subroutine/precmod.f,665,,,no_umat_entry,"Fortran, but it declares no SUBROUTINE UMAT",subroutine_umat_fortran,,
ibf-RWTH/GA-Calibration,9843f8e0544029bf92cb728866318dc72bc9e995,GPL-3.0,copyleft,LICENSE (SPDX GPL-3.0 via the GitHub licence API),subroutine/stress.f,58318,,,no_umat_entry,"Fortran, but it declares no SUBROUTINE UMAT",subroutine_umat_fortran,,
ibf-RWTH/GA-Calibration,9843f8e0544029bf92cb728866318dc72bc9e995,GPL-3.0,copyleft,LICENSE (SPDX GPL-3.0 via the GitHub licence API),subroutine/stringmod.f,24197,,,no_umat_entry,"Fortran, but it declares no SUBROUTINE UMAT",subroutine_umat_fortran,,
jfriedlein/usrmat_LS-Dyna_Fortran,,,,no LICENSE file detected by the GitHub API,,0,,,licence_absent,"no licence is declared, so nothing may be redistributed from it; a repository without a LICENSE file is refused, not assumed permissive; recorded and not fetched",subroutine_umat_fortran,,
sas229/geomat,cf4ca307b386c81de45903f24dbb75a238cace22,GPL-3.0,copyleft,LICENSE (SPDX GPL-3.0 via the GitHub licence API),src/umat/src/abaqus_fortran_cpp_interface.f90,1094,,,no_umat_entry,"Fortran, but it declares no SUBROUTINE UMAT",subroutine_umat_ddsdde,,
sas229/geomat,cf4ca307b386c81de45903f24dbb75a238cace22,GPL-3.0,copyleft,LICENSE (SPDX GPL-3.0 via the GitHub licence API),src/umat/src/umat.f90,1452,afb17d28d3e578dee1e8373cc2e0c126fc8d77c13c020584ce78713ae28c27c7,e8cec66fa5756c26780170efeeaa35bd4587a9427f70fdf310befdc36734176b,candidate,"distinct, licensed GPL-3.0 (copyleft), declares a UMAT entry point; not yet transformed or verified",subroutine_umat_ddsdde,sas229__geomat/src/umat/src/umat.f90,
sas229/geomat,cf4ca307b386c81de45903f24dbb75a238cace22,GPL-3.0,copyleft,LICENSE (SPDX GPL-3.0 via the GitHub licence API),tests/umat_integration.f90,2525,9f88efb778ed97b29048c0da683e883c961ea5370470fa327d3a892bdc374531,338189628f4646ccdfa9ac6088455953ee8ac8a79724e8028288759b6e6efceb,candidate,"distinct, licensed GPL-3.0 (copyleft), declares a UMAT entry point; not yet transformed or verified",subroutine_umat_ddsdde,sas229__geomat/tests/umat_integration.f90,
sas229/geomat,cf4ca307b386c81de45903f24dbb75a238cace22,GPL-3.0,copyleft,LICENSE (SPDX GPL-3.0 via the GitHub licence API),src/udsm/src/plaxis_fortran_cpp_interface.f90,966,,,no_umat_entry,"Fortran, but it declares no SUBROUTINE UMAT",subroutine_umat_ddsdde,,
sas229/geomat,cf4ca307b386c81de45903f24dbb75a238cace22,GPL-3.0,copyleft,LICENSE (SPDX GPL-3.0 via the GitHub licence API),src/udsm/src/udsm.f90,1301,,,no_umat_entry,"Fortran, but it declares no SUBROUTINE UMAT",subroutine_umat_ddsdde,,
zhfzzz/CPFEM-1,,,,no LICENSE file detected by the GitHub API,,0,,,licence_absent,"no licence is declared, so nothing may be redistributed from it; a repository without a LICENSE file is refused, not assumed permissive; recorded and not fetched",subroutine_umat_ddsdde,,
AHartmaier/pyLabFEA,ab531e6b7a2bdd2be37a4ab249228020aca812b7,GPL-3.0,copyleft,LICENSE (SPDX GPL-3.0 via the GitHub licence API),examples/UMAT/ml_umat.f,23868,04cc4e4d9f340f4832cf66daded96aebe0401b917c496f728858dd02f8fba7c8,e2cd3b97f3b80c04c0f04ec73c6c02273f5c79e1eea47f115311dfa08bb7443b,already_known,"the same implementation as discovery_cache/hwu12sluedu__MaterialAI-Workbench/examples/UMAT/ml_umat.f, which this collection already counts",subroutine_umat_fortran,,
BAMresearch/fenics-constitutive,723ed234ffb024aef9f389a7c09f2b701bd55f0a,MIT,permissive,LICENSE (SPDX MIT via the GitHub licence API),examples/umat/src/umat_linear_elastic.f,1344,c05e33844d879470a0fb051b60dd7baa25487f2da20c27be976c81e2aa229be7,4a7a3d473b7864205ef41ed0ae385b5f1b8e398eaa8f024dbe7c186f248f2380,already_known,"the same implementation as discovery_cache/BAMresearch__fenics-constitutive/examples/umat/src/umat_linear_elastic.f, which this collection already counts",subroutine_umat_fortran,,
CriticalSoilModels/Modified_Cam_Clay_Potts,,,,no LICENSE file detected by the GitHub API,,0,,,licence_absent,"no licence is declared, so nothing may be redistributed from it; a repository without a LICENSE file is refused, not assumed permissive; recorded and not fetched",umat_signature_ddsdde_sse,,
CriticalSoilModels/Strain_Rate_Mohr_Coulomb,,,,no LICENSE file detected by the GitHub API,,0,,,licence_absent,"no licence is declared, so nothing may be redistributed from it; a repository without a LICENSE file is refused, not assumed permissive; recorded and not fetched",umat_signature_ddsdde_sse,,
Dr-Ning-An/Viscoelastic-RVE-Calculator,3ef9fc65077f1d34c19ce2880041c32838bb194c,MIT,permissive,LICENSE (SPDX MIT via the GitHub licence API),ViscoelasticRVEs/umat3dorthotropic_viscoelastic.for,2936,45d340c13bb9632a69aa5026ca45895239371b95a000489766f9490c2fb6dcc6,540cb8118edcea375629ea8342b7c7f19d6b9453c82b3e18b066206521811e6b,already_known,"the same implementation as discovery_cache/Dr-Ning-An__Viscoelastic-RVE-Calculator/ViscoelasticRVEs/umat3dorthotropic_viscoelastic.for, which this collection already counts",umat_signature_ddsdde_sse,,
JimBrouzoulis/OOFEM_Jim,,,,no LICENSE file detected by the GitHub API,,0,,,licence_absent,"no licence is declared, so nothing may be redistributed from it; a repository without a LICENSE file is refused, not assumed permissive; recorded and not fetched",subroutine_umat_ddsdde,,
Johann-Cardenas/ABQ-Scripting,,,,no LICENSE file detected by the GitHub API,,0,,,licence_absent,"no licence is declared, so nothing may be redistributed from it; a repository without a LICENSE file is refused, not assumed permissive; recorded and not fetched",umat_signature_ddsdde_sse,,
KnutAM/matmodfit,44f360e2d70654e5b95009fe35ca75ac584a6bec,MIT,permissive,LICENSE (SPDX MIT via the GitHub licence API),src/gen/umat_mod.f90,994,,,no_umat_entry,"Fortran, but it declares no SUBROUTINE UMAT",subroutine_umat_ddsdde,,
KnutAM/matmodfit,44f360e2d70654e5b95009fe35ca75ac584a6bec,MIT,permissive,LICENSE (SPDX MIT via the GitHub licence API),examples/user_error/src/uerror.f90,3740,,,no_umat_entry,"Fortran, but it declares no SUBROUTINE UMAT",subroutine_umat_ddsdde,,
KnutAM/matmodfit,44f360e2d70654e5b95009fe35ca75ac584a6bec,MIT,permissive,LICENSE (SPDX MIT via the GitHub licence API),examples/user_mpar_scaling/src/chab_scale.f90,4309,,,no_umat_entry,"Fortran, but it declares no SUBROUTINE UMAT",subroutine_umat_ddsdde,,
KnutAM/matmodfit,44f360e2d70654e5b95009fe35ca75ac584a6bec,MIT,permissive,LICENSE (SPDX MIT via the GitHub licence API),examples/user_optimization/src/uopt.f90,2753,,,no_umat_entry,"Fortran, but it declares no SUBROUTINE UMAT",subroutine_umat_ddsdde,,
KnutAM/matmodfit,44f360e2d70654e5b95009fe35ca75ac584a6bec,MIT,permissive,LICENSE (SPDX MIT via the GitHub licence API),examples/user_simulation/src/usim.f90,1316,,,no_umat_entry,"Fortran, but it declares no SUBROUTINE UMAT",subroutine_umat_ddsdde,,
KnutAM/matmodfit,44f360e2d70654e5b95009fe35ca75ac584a6bec,MIT,permissive,LICENSE (SPDX MIT via the GitHub licence API),src/gen/compiler_mod_gfort.f90,215,,,no_umat_entry,"Fortran, but it declares no SUBROUTINE UMAT",subroutine_umat_ddsdde,,
KnutAM/matmodfit,44f360e2d70654e5b95009fe35ca75ac584a6bec,MIT,permissive,LICENSE (SPDX MIT via the GitHub licence API),src/gen/compiler_mod_ifort.f90,313,,,no_umat_entry,"Fortran, but it declares no SUBROUTINE UMAT",subroutine_umat_ddsdde,,
KnutAM/matmodfit,44f360e2d70654e5b95009fe35ca75ac584a6bec,MIT,permissive,LICENSE (SPDX MIT via the GitHub licence API),src/gen/convert_mpar_mod.f90,7719,,,no_umat_entry,"Fortran, but it declares no SUBROUTINE UMAT",subroutine_umat_ddsdde,,
KnutAM/matmodfit,44f360e2d70654e5b95009fe35ca75ac584a6bec,MIT,permissive,LICENSE (SPDX MIT via the GitHub licence API),src/gen/dll_mod_lin.f90,4647,,,no_umat_entry,"Fortran, but it declares no SUBROUTINE UMAT",subroutine_umat_ddsdde,,
KnutAM/matmodfit,44f360e2d70654e5b95009fe35ca75ac584a6bec,MIT,permissive,LICENSE (SPDX MIT via the GitHub licence API),src/gen/dll_mod_win.f90,2793,,,no_umat_entry,"Fortran, but it declares no SUBROUTINE UMAT",subroutine_umat_ddsdde,,
KnutAM/matmodfit,44f360e2d70654e5b95009fe35ca75ac584a6bec,MIT,permissive,LICENSE (SPDX MIT via the GitHub licence API),src/gen/gen_util_mod.f90,3882,,,no_umat_entry,"Fortran, but it declares no SUBROUTINE UMAT",subroutine_umat_ddsdde,,
KnutAM/matmodfit,44f360e2d70654e5b95009fe35ca75ac584a6bec,MIT,permissive,LICENSE (SPDX MIT via the GitHub licence API),src/gen/interface_mod.f90,941,,,no_umat_entry,"Fortran, but it declares no SUBROUTINE UMAT",subroutine_umat_ddsdde,,
KnutAM/matmodfit,44f360e2d70654e5b95009fe35ca75ac584a6bec,MIT,permissive,LICENSE (SPDX MIT via the GitHub licence API),src/gen/load_dll_mod.f90,4169,,,no_umat_entry,"Fortran, but it declares no SUBROUTINE UMAT",subroutine_umat_ddsdde,,
KnutAM/matmodfit,44f360e2d70654e5b95009fe35ca75ac584a6bec,MIT,permissive,LICENSE (SPDX MIT via the GitHub licence API),src/gen/nlopt_constants_mod.f90,3969,,,no_umat_entry,"Fortran, but it declares no SUBROUTINE UMAT",subroutine_umat_ddsdde,,
KnutAM/matmodfit,44f360e2d70654e5b95009fe35ca75ac584a6bec,MIT,permissive,LICENSE (SPDX MIT via the GitHub licence API),src/gen/output_mod.f90,14106,,,no_umat_entry,"Fortran, but it declares no SUBROUTINE UMAT",subroutine_umat_ddsdde,,
KnutAM/matmodfit,44f360e2d70654e5b95009fe35ca75ac584a6bec,MIT,permissive,LICENSE (SPDX MIT via the GitHub licence API),src/gen/types_mod.f90,20167,,,no_umat_entry,"Fortran, but it declares no SUBROUTINE UMAT",subroutine_umat_ddsdde,,
KnutAM/matmodfit,44f360e2d70654e5b95009fe35ca75ac584a6bec,MIT,permissive,LICENSE (SPDX MIT via the GitHub licence API),src/gen/usr_interface_mod.f90,5814,,,no_umat_entry,"Fortran, but it declares no SUBROUTINE UMAT",subroutine_umat_ddsdde,,
KnutAM/matmodfit,44f360e2d70654e5b95009fe35ca75ac584a6bec,MIT,permissive,LICENSE (SPDX MIT via the GitHub licence API),src/inp/check_input_mod.f90,22538,,,no_umat_entry,"Fortran, but it declares no SUBROUTINE UMAT",subroutine_umat_ddsdde,,
KnutAM/matmodfit,44f360e2d70654e5b95009fe35ca75ac584a6bec,MIT,permissive,LICENSE (SPDX MIT via the GitHub licence API),src/inp/input_mod.f90,4287,,,no_umat_entry,"Fortran, but it declares no SUBROUTINE UMAT",subroutine_umat_ddsdde,,
KnutAM/matmodfit,44f360e2d70654e5b95009fe35ca75ac584a6bec,MIT,permissive,LICENSE (SPDX MIT via the GitHub licence API),src/inp/opt_inp_mod.f90,10738,,,no_umat_entry,"Fortran, but it declares no SUBROUTINE UMAT",subroutine_umat_ddsdde,,
KnutAM/matmodfit,44f360e2d70654e5b95009fe35ca75ac584a6bec,MIT,permissive,LICENSE (SPDX MIT via the GitHub licence API),src/inp/reading_utilities_mod.f90,15463,,,no_umat_entry,"Fortran, but it declares no SUBROUTINE UMAT",subroutine_umat_ddsdde,,
KnutAM/matmodfit,44f360e2d70654e5b95009fe35ca75ac584a6bec,MIT,permissive,LICENSE (SPDX MIT via the GitHub licence API),src/inp/sim_inp_mod.f90,16146,,,no_umat_entry,"Fortran, but it declares no SUBROUTINE UMAT",subroutine_umat_ddsdde,,
KnutAM/matmodfit,44f360e2d70654e5b95009fe35ca75ac584a6bec,MIT,permissive,LICENSE (SPDX MIT via the GitHub licence API),src/matmodfit.f90,1968,,,no_umat_entry,"Fortran, but it declares no SUBROUTINE UMAT",subroutine_umat_ddsdde,,
KnutAM/matmodfit,44f360e2d70654e5b95009fe35ca75ac584a6bec,MIT,permissive,LICENSE (SPDX MIT via the GitHub licence API),src/opt/nlopt_mod.f90,10705,,,no_umat_entry,"Fortran, but it declares no SUBROUTINE UMAT",subroutine_umat_ddsdde,,
KnutAM/matmodfit,44f360e2d70654e5b95009fe35ca75ac584a6bec,MIT,permissive,LICENSE (SPDX MIT via the GitHub licence API),src/opt/nlopt_objective.f90,2545,,,no_umat_entry,"Fortran, but it declares no SUBROUTINE UMAT",subroutine_umat_ddsdde,,
KnutAM/matmodfit,44f360e2d70654e5b95009fe35ca75ac584a6bec,MIT,permissive,LICENSE (SPDX MIT via the GitHub licence API),src/opt/optimization_mod.f90,11299,,,no_umat_entry,"Fortran, but it declares no SUBROUTINE UMAT",subroutine_umat_ddsdde,,
KnutAM/matmodfit,44f360e2d70654e5b95009fe35ca75ac584a6bec,MIT,permissive,LICENSE (SPDX MIT via the GitHub licence API),src/run_types_mod.f90,3850,,,no_umat_entry,"Fortran, but it declares no SUBROUTINE UMAT",subroutine_umat_ddsdde,,
KnutAM/matmodfit,44f360e2d70654e5b95009fe35ca75ac584a6bec,MIT,permissive,LICENSE (SPDX MIT via the GitHub licence API),src/sim/atp/atp_element_mod.f90,19583,,,no_umat_entry,"Fortran, but it declares no SUBROUTINE UMAT",subroutine_umat_ddsdde,,
KnutAM/matmodfit,44f360e2d70654e5b95009fe35ca75ac584a6bec,MIT,permissive,LICENSE (SPDX MIT via the GitHub licence API),src/sim/atp/atp_import_mod.f90,13964,,,no_umat_entry,"Fortran, but it declares no SUBROUTINE UMAT",subroutine_umat_ddsdde,,
KnutAM/matmodfit,44f360e2d70654e5b95009fe35ca75ac584a6bec,MIT,permissive,LICENSE (SPDX MIT via the GitHub licence API),src/sim/atp/atp_material_removal_mod.f90,43402,,,no_umat_entry,"Fortran, but it declares no SUBROUTINE UMAT",subroutine_umat_ddsdde,,
KnutAM/matmodfit,44f360e2d70654e5b95009fe35ca75ac584a6bec,MIT,permissive,LICENSE (SPDX MIT via the GitHub licence API),src/sim/atp/atp_mod.f90,15762,,,no_umat_entry,"Fortran, but it declares no SUBROUTINE UMAT",subroutine_umat_ddsdde,,
KnutAM/matmodfit,44f360e2d70654e5b95009fe35ca75ac584a6bec,MIT,permissive,LICENSE (SPDX MIT via the GitHub licence API),src/sim/atp/atp_util_mod.f90,16502,,,no_umat_entry,"Fortran, but it declares no SUBROUTINE UMAT",subroutine_umat_ddsdde,,
KnutAM/matmodfit,44f360e2d70654e5b95009fe35ca75ac584a6bec,MIT,permissive,LICENSE (SPDX MIT via the GitHub licence API),src/sim/mps/mps_mod.f90,15218,,,no_umat_entry,"Fortran, but it declares no SUBROUTINE UMAT",subroutine_umat_ddsdde,,
KnutAM/matmodfit,44f360e2d70654e5b95009fe35ca75ac584a6bec,MIT,permissive,LICENSE (SPDX MIT via the GitHub licence API),src/sim/mps/mps_util_mod.f90,9017,,,no_umat_entry,"Fortran, but it declares no SUBROUTINE UMAT",subroutine_umat_ddsdde,,
KnutAM/matmodfit,44f360e2d70654e5b95009fe35ca75ac584a6bec,MIT,permissive,LICENSE (SPDX MIT via the GitHub licence API),src/sim/sim_error_mod.f90,30908,,,no_umat_entry,"Fortran, but it declares no SUBROUTINE UMAT",subroutine_umat_ddsdde,,
KnutAM/matmodfit,44f360e2d70654e5b95009fe35ca75ac584a6bec,MIT,permissive,LICENSE (SPDX MIT via the GitHub licence API),src/sim/sim_getincr_mod.f90,13989,,,no_umat_entry,"Fortran, but it declares no SUBROUTINE UMAT",subroutine_umat_ddsdde,,
KnutAM/matmodfit,44f360e2d70654e5b95009fe35ca75ac584a6bec,MIT,permissive,LICENSE (SPDX MIT via the GitHub licence API),src/sim/sim_setup_mod.f90,11220,,,no_umat_entry,"Fortran, but it declares no SUBROUTINE UMAT",subroutine_umat_ddsdde,,
KnutAM/matmodfit,44f360e2d70654e5b95009fe35ca75ac584a6bec,MIT,permissive,LICENSE (SPDX MIT via the GitHub licence API),src/sim/sim_tensor_mod.f90,12750,,,no_umat_entry,"Fortran, but it declares no SUBROUTINE UMAT",subroutine_umat_ddsdde,,
KnutAM/matmodfit,44f360e2d70654e5b95009fe35ca75ac584a6bec,MIT,permissive,LICENSE (SPDX MIT via the GitHub licence API),src/sim/sim_util_mod.f90,2282,,,no_umat_entry,"Fortran, but it declares no SUBROUTINE UMAT",subroutine_umat_ddsdde,,
KnutAM/matmodfit,44f360e2d70654e5b95009fe35ca75ac584a6bec,MIT,permissive,LICENSE (SPDX MIT via the GitHub licence API),src/sim/sim_writing_util_mod.f90,11308,,,no_umat_entry,"Fortran, but it declares no SUBROUTINE UMAT",subroutine_umat_ddsdde,,
KnutAM/matmodfit,44f360e2d70654e5b95009fe35ca75ac584a6bec,MIT,permissive,LICENSE (SPDX MIT via the GitHub licence API),,0,,,not_examined,stopped after 40 files from this repository; 1 not read,subroutine_umat_ddsdde,,
Konstantin8105/f4go,568775fd7b9b26ab28e653c9ccc8cc2fb7e1548c,MIT,permissive,LICENSE (SPDX MIT via the GitHub licence API),testdata/feappv-master/user/umati5.f,1260,,,no_umat_entry,"Fortran, but it declares no SUBROUTINE UMAT",subroutine_umat_fortran,,
Konstantin8105/f4go,568775fd7b9b26ab28e653c9ccc8cc2fb7e1548c,MIT,permissive,LICENSE (SPDX MIT via the GitHub licence API),testdata/feappv-master/user/umatl1.f,1793,,,no_umat_entry,"Fortran, but it declares no SUBROUTINE UMAT",subroutine_umat_fortran,,
Konstantin8105/f4go,568775fd7b9b26ab28e653c9ccc8cc2fb7e1548c,MIT,permissive,LICENSE (SPDX MIT via the GitHub licence API),testdata/feappv-master/elements/frame/frame2d.f,50547,,,no_umat_entry,"Fortran, but it declares no SUBROUTINE UMAT",subroutine_umat_fortran,,
Konstantin8105/f4go,568775fd7b9b26ab28e653c9ccc8cc2fb7e1548c,MIT,permissive,LICENSE (SPDX MIT via the GitHub licence API),testdata/feappv-master/elements/frame/frame3d.f,20498,,,no_umat_entry,"Fortran, but it declares no SUBROUTINE UMAT",subroutine_umat_fortran,,
Konstantin8105/f4go,568775fd7b9b26ab28e653c9ccc8cc2fb7e1548c,MIT,permissive,LICENSE (SPDX MIT via the GitHub licence API),testdata/feappv-master/elements/frame/pointnd.f,2692,,,no_umat_entry,"Fortran, but it declares no SUBROUTINE UMAT",subroutine_umat_fortran,,
Konstantin8105/f4go,568775fd7b9b26ab28e653c9ccc8cc2fb7e1548c,MIT,permissive,LICENSE (SPDX MIT via the GitHub licence API),testdata/feappv-master/elements/frame/trussnd.f,12783,,,no_umat_entry,"Fortran, but it declares no SUBROUTINE UMAT",subroutine_umat_fortran,,
Konstantin8105/f4go,568775fd7b9b26ab28e653c9ccc8cc2fb7e1548c,MIT,permissive,LICENSE (SPDX MIT via the GitHub licence API),testdata/feappv-master/elements/material/material.f,102109,,,no_umat_entry,"Fortran, but it declares no SUBROUTINE UMAT",subroutine_umat_fortran,,
Konstantin8105/f4go,568775fd7b9b26ab28e653c9ccc8cc2fb7e1548c,MIT,permissive,LICENSE (SPDX MIT via the GitHub licence API),testdata/feappv-master/elements/material/rvemat.f,1772,,,no_umat_entry,"Fortran, but it declares no SUBROUTINE UMAT",subroutine_umat_fortran,,
Konstantin8105/f4go,568775fd7b9b26ab28e653c9ccc8cc2fb7e1548c,MIT,permissive,LICENSE (SPDX MIT via the GitHub licence API),testdata/feappv-master/elements/material/srvemat.f,1764,,,no_umat_entry,"Fortran, but it declares no SUBROUTINE UMAT",subroutine_umat_fortran,,
Konstantin8105/f4go,568775fd7b9b26ab28e653c9ccc8cc2fb7e1548c,MIT,permissive,LICENSE (SPDX MIT via the GitHub licence API),testdata/feappv-master/elements/shells/membr3d.f,12564,,,no_umat_entry,"Fortran, but it declares no SUBROUTINE UMAT",subroutine_umat_fortran,,
Konstantin8105/f4go,568775fd7b9b26ab28e653c9ccc8cc2fb7e1548c,MIT,permissive,LICENSE (SPDX MIT via the GitHub licence API),testdata/feappv-master/elements/shells/plate2d.f,45230,,,no_umat_entry,"Fortran, but it declares no SUBROUTINE UMAT",subroutine_umat_fortran,,
Konstantin8105/f4go,568775fd7b9b26ab28e653c9ccc8cc2fb7e1548c,MIT,permissive,LICENSE (SPDX MIT via the GitHub licence API),testdata/feappv-master/elements/shells/shell2d.f,24131,,,no_umat_entry,"Fortran, but it declares no SUBROUTINE UMAT",subroutine_umat_fortran,,
Konstantin8105/f4go,568775fd7b9b26ab28e653c9ccc8cc2fb7e1548c,MIT,permissive,LICENSE (SPDX MIT via the GitHub licence API),testdata/feappv-master/elements/shells/shell3d.f,59441,,,no_umat_entry,"Fortran, but it declares no SUBROUTINE UMAT",subroutine_umat_fortran,,
Konstantin8105/f4go,568775fd7b9b26ab28e653c9ccc8cc2fb7e1548c,MIT,permissive,LICENSE (SPDX MIT via the GitHub licence API),testdata/feappv-master/elements/solid1d/bbar1s.f,4894,,,no_umat_entry,"Fortran, but it declares no SUBROUTINE UMAT",subroutine_umat_fortran,,
Konstantin8105/f4go,568775fd7b9b26ab28e653c9ccc8cc2fb7e1548c,MIT,permissive,LICENSE (SPDX MIT via the GitHub licence API),testdata/feappv-master/elements/solid1d/interp1d.f,1192,,,no_umat_entry,"Fortran, but it declares no SUBROUTINE UMAT",subroutine_umat_fortran,,
Konstantin8105/f4go,568775fd7b9b26ab28e653c9ccc8cc2fb7e1548c,MIT,permissive,LICENSE (SPDX MIT via the GitHub licence API),testdata/feappv-master/elements/solid1d/mass1d.f,2039,,,no_umat_entry,"Fortran, but it declares no SUBROUTINE UMAT",subroutine_umat_fortran,,
Konstantin8105/f4go,568775fd7b9b26ab28e653c9ccc8cc2fb7e1548c,MIT,permissive,LICENSE (SPDX MIT via the GitHub licence API),testdata/feappv-master/elements/solid1d/quadr1d.f,972,,,no_umat_entry,"Fortran, but it declares no SUBROUTINE UMAT",subroutine_umat_fortran,,
Konstantin8105/f4go,568775fd7b9b26ab28e653c9ccc8cc2fb7e1548c,MIT,permissive,LICENSE (SPDX MIT via the GitHub licence API),testdata/feappv-master/elements/solid1d/rays1d.f,1289,,,no_umat_entry,"Fortran, but it declares no SUBROUTINE UMAT",subroutine_umat_fortran,,
Konstantin8105/f4go,568775fd7b9b26ab28e653c9ccc8cc2fb7e1548c,MIT,permissive,LICENSE (SPDX MIT via the GitHub licence API),testdata/feappv-master/elements/solid1d/resid1d.f,1882,,,no_umat_entry,"Fortran, but it declares no SUBROUTINE UMAT",subroutine_umat_fortran,,
Konstantin8105/f4go,568775fd7b9b26ab28e653c9ccc8cc2fb7e1548c,MIT,permissive,LICENSE (SPDX MIT via the GitHub licence API),testdata/feappv-master/elements/solid1d/shpi1d.f,751,,,no_umat_entry,"Fortran, but it declares no SUBROUTINE UMAT",subroutine_umat_fortran,,
Konstantin8105/f4go,568775fd7b9b26ab28e653c9ccc8cc2fb7e1548c,MIT,permissive,LICENSE (SPDX MIT via the GitHub licence API),testdata/feappv-master/elements/solid1d/slcn1d.f,1680,,,no_umat_entry,"Fortran, but it declares no SUBROUTINE UMAT",subroutine_umat_fortran,,
Konstantin8105/f4go,568775fd7b9b26ab28e653c9ccc8cc2fb7e1548c,MIT,permissive,LICENSE (SPDX MIT via the GitHub licence API),testdata/feappv-master/elements/solid1d/sld1d1.f,7620,,,no_umat_entry,"Fortran, but it declares no SUBROUTINE UMAT",subroutine_umat_fortran,,
Konstantin8105/f4go,568775fd7b9b26ab28e653c9ccc8cc2fb7e1548c,MIT,permissive,LICENSE (SPDX MIT via the GitHub licence API),testdata/feappv-master/elements/solid1d/sld1d2.f,12276,,,no_umat_entry,"Fortran, but it declares no SUBROUTINE UMAT",subroutine_umat_fortran,,
Konstantin8105/f4go,568775fd7b9b26ab28e653c9ccc8cc2fb7e1548c,MIT,permissive,LICENSE (SPDX MIT via the GitHub licence API),testdata/feappv-master/elements/solid1d/sld1d3.f,10975,,,no_umat_entry,"Fortran, but it declares no SUBROUTINE UMAT",subroutine_umat_fortran,,
Konstantin8105/f4go,568775fd7b9b26ab28e653c9ccc8cc2fb7e1548c,MIT,permissive,LICENSE (SPDX MIT via the GitHub licence API),testdata/feappv-master/elements/solid1d/solid1d.f,3437,,,no_umat_entry,"Fortran, but it declares no SUBROUTINE UMAT",subroutine_umat_fortran,,
Konstantin8105/f4go,568775fd7b9b26ab28e653c9ccc8cc2fb7e1548c,MIT,permissive,LICENSE (SPDX MIT via the GitHub licence API),testdata/feappv-master/elements/solid1d/stra1d.f,2619,,,no_umat_entry,"Fortran, but it declares no SUBROUTINE UMAT",subroutine_umat_fortran,,
Konstantin8105/f4go,568775fd7b9b26ab28e653c9ccc8cc2fb7e1548c,MIT,permissive,LICENSE (SPDX MIT via the GitHub licence API),testdata/feappv-master/elements/solid1d/strn1m.f,2103,,,no_umat_entry,"Fortran, but it declares no SUBROUTINE UMAT",subroutine_umat_fortran,,
Konstantin8105/f4go,568775fd7b9b26ab28e653c9ccc8cc2fb7e1548c,MIT,permissive,LICENSE (SPDX MIT via the GitHub licence API),testdata/feappv-master/elements/solid2d/bbar2m.f,4630,,,no_umat_entry,"Fortran, but it declares no SUBROUTINE UMAT",subroutine_umat_fortran,,
Konstantin8105/f4go,568775fd7b9b26ab28e653c9ccc8cc2fb7e1548c,MIT,permissive,LICENSE (SPDX MIT via the GitHub licence API),testdata/feappv-master/elements/solid2d/bmat2d.f,1307,,,no_umat_entry,"Fortran, but it declares no SUBROUTINE UMAT",subroutine_umat_fortran,,
Konstantin8105/f4go,568775fd7b9b26ab28e653c9ccc8cc2fb7e1548c,MIT,permissive,LICENSE (SPDX MIT via the GitHub licence API),testdata/feappv-master/elements/solid2d/fbar2m.f,1237,,,no_umat_entry,"Fortran, but it declares no SUBROUTINE UMAT",subroutine_umat_fortran,,
Konstantin8105/f4go,568775fd7b9b26ab28e653c9ccc8cc2fb7e1548c,MIT,permissive,LICENSE (SPDX MIT via the GitHub licence API),testdata/feappv-master/elements/solid2d/fld2d1.f,9687,,,no_umat_entry,"Fortran, but it declares no SUBROUTINE UMAT",subroutine_umat_fortran,,
Konstantin8105/f4go,568775fd7b9b26ab28e653c9ccc8cc2fb7e1548c,MIT,permissive,LICENSE (SPDX MIT via the GitHub licence API),testdata/feappv-master/elements/solid2d/fld2d2.f,11915,,,no_umat_entry,"Fortran, but it declares no SUBROUTINE UMAT",subroutine_umat_fortran,,
Konstantin8105/f4go,568775fd7b9b26ab28e653c9ccc8cc2fb7e1548c,MIT,permissive,LICENSE (SPDX MIT via the GitHub licence API),testdata/feappv-master/elements/solid2d/gvec2d.f,3031,,,no_umat_entry,"Fortran, but it declares no SUBROUTINE UMAT",subroutine_umat_fortran,,
Konstantin8105/f4go,568775fd7b9b26ab28e653c9ccc8cc2fb7e1548c,MIT,permissive,LICENSE (SPDX MIT via the GitHub licence API),testdata/feappv-master/elements/solid2d/interp2d.f,1490,,,no_umat_entry,"Fortran, but it declares no SUBROUTINE UMAT",subroutine_umat_fortran,,
Konstantin8105/f4go,568775fd7b9b26ab28e653c9ccc8cc2fb7e1548c,MIT,permissive,LICENSE (SPDX MIT via the GitHub licence API),testdata/feappv-master/elements/solid2d/kine2d.f,3385,,,no_umat_entry,"Fortran, but it declares no SUBROUTINE UMAT",subroutine_umat_fortran,,
Konstantin8105/f4go,568775fd7b9b26ab28e653c9ccc8cc2fb7e1548c,MIT,permissive,LICENSE (SPDX MIT via the GitHub licence API),testdata/feappv-master/elements/solid2d/kine2m.f,2666,,,no_umat_entry,"Fortran, but it declares no SUBROUTINE UMAT",subroutine_umat_fortran,,
Konstantin8105/f4go,568775fd7b9b26ab28e653c9ccc8cc2fb7e1548c,MIT,permissive,LICENSE (SPDX MIT via the GitHub licence API),testdata/feappv-master/elements/solid2d/mass2d.f,2340,,,no_umat_entry,"Fortran, but it declares no SUBROUTINE UMAT",subroutine_umat_fortran,,
Konstantin8105/f4go,568775fd7b9b26ab28e653c9ccc8cc2fb7e1548c,MIT,permissive,LICENSE (SPDX MIT via the GitHub licence API),testdata/feappv-master/elements/solid2d/quadr2d.f,2235,,,no_umat_entry,"Fortran, but it declares no SUBROUTINE UMAT",subroutine_umat_fortran,,
Konstantin8105/f4go,568775fd7b9b26ab28e653c9ccc8cc2fb7e1548c,MIT,permissive,LICENSE (SPDX MIT via the GitHub licence API),testdata/feappv-master/elements/solid2d/rays2d.f,1353,,,no_umat_entry,"Fortran, but it declares no SUBROUTINE UMAT",subroutine_umat_fortran,,
Konstantin8105/f4go,568775fd7b9b26ab28e653c9ccc8cc2fb7e1548c,MIT,permissive,LICENSE (SPDX MIT via the GitHub licence API),testdata/feappv-master/elements/solid2d/resid2d.f,2613,,,no_umat_entry,"Fortran, but it declares no SUBROUTINE UMAT",subroutine_umat_fortran,,
Konstantin8105/f4go,568775fd7b9b26ab28e653c9ccc8cc2fb7e1548c,MIT,permissive,LICENSE (SPDX MIT via the GitHub licence API),,0,,,not_examined,stopped after 40 files from this repository; 4157 not read,subroutine_umat_fortran,,
Sorao0921/biaxial-cpfem,,,,no LICENSE file detected by the GitHub API,,0,,,licence_absent,"no licence is declared, so nothing may be redistributed from it; a repository without a LICENSE file is refused, not assumed permissive; recorded and not fetched",subroutine_umat_fortran,,
Vinayak-RamachandranN/solids4Foam,,,,no LICENSE file detected by the GitHub API,,0,,,licence_absent,"no licence is declared, so nothing may be redistributed from it; a repository without a LICENSE file is refused, not assumed permissive; recorded and not fetched",aba_param_include,,
bmmbUPF/abaqusIVD,2a79ce39580e8f05d0052959929b39a51176ad5a,MIT,permissive,LICENSE.md (SPDX MIT via the GitHub licence API),Sub_MechDisc.f,53749,c8b44989452d923bcb192441781c09cae4dbe7177b85480faf1333e466a82dc1,9e62f01f60bc0e58c2a782af974af8380295a35714d95447bf3d24a7c65bd8ff,already_known,"the same implementation as discovery_cache/bmmbUPF__abaqusIVD/Sub_MechDisc.f, which this collection already counts",umat_signature_ddsdde_sse,,
bmmbUPF/abaqusIVD,2a79ce39580e8f05d0052959929b39a51176ad5a,MIT,permissive,LICENSE.md (SPDX MIT via the GitHub licence API),Sub_TransDisc.f,85384,c68f8d24a10a9d20ca746d79393e64ce4fd60e9d045e173ee33f1cb16f99e477,139734d771709facc666d4e3fd6ead4163981cb0d2c74ddc3dac9583b86bdb98,already_known,"the same implementation as discovery_cache/bmmbUPF__abaqusIVD/Sub_TransDisc.f, which this collection already counts",umat_signature_ddsdde_sse,,
bmmbUPF/abaqusIVD,2a79ce39580e8f05d0052959929b39a51176ad5a,MIT,permissive,LICENSE.md (SPDX MIT via the GitHub licence API),src/IVD/mechanic/functions/UMATCOLLAGEN_init_var.f,1066,,,no_umat_entry,"Fortran, but it declares no SUBROUTINE UMAT",umat_signature_ddsdde_sse,,
bmmbUPF/abaqusIVD,2a79ce39580e8f05d0052959929b39a51176ad5a,MIT,permissive,LICENSE.md (SPDX MIT via the GitHub licence API),src/IVD/mechanic/functions/UMATMATRIX_init_var.f,1683,,,no_umat_entry,"Fortran, but it declares no SUBROUTINE UMAT",umat_signature_ddsdde_sse,,
bmmbUPF/abaqusIVD,2a79ce39580e8f05d0052959929b39a51176ad5a,MIT,permissive,LICENSE.md (SPDX MIT via the GitHub licence API),src/IVD/mechanic/functions/UMAT_calcFunc.f,7878,,,no_umat_entry,"Fortran, but it declares no SUBROUTINE UMAT",umat_signature_ddsdde_sse,,
bmmbUPF/abaqusIVD,2a79ce39580e8f05d0052959929b39a51176ad5a,MIT,permissive,LICENSE.md (SPDX MIT via the GitHub licence API),src/IVD/mechanic/functions/write_info_Mechanic.f,24152,,,no_umat_entry,"Fortran, but it declares no SUBROUTINE UMAT",umat_signature_ddsdde_sse,,
bmmbUPF/abaqusIVD,2a79ce39580e8f05d0052959929b39a51176ad5a,MIT,permissive,LICENSE.md (SPDX MIT via the GitHub licence API),src/IVD/transport/functions/UEL_C3D20_Functions.f,59088,,,no_umat_entry,"Fortran, but it declares no SUBROUTINE UMAT",umat_signature_ddsdde_sse,,
bmmbUPF/abaqusIVD,2a79ce39580e8f05d0052959929b39a51176ad5a,MIT,permissive,LICENSE.md (SPDX MIT via the GitHub licence API),src/IVD/transport/functions/UEL_NumElem_Err.f,1201,,,no_umat_entry,"Fortran, but it declares no SUBROUTINE UMAT",umat_signature_ddsdde_sse,,
bmmbUPF/abaqusIVD,2a79ce39580e8f05d0052959929b39a51176ad5a,MIT,permissive,LICENSE.md (SPDX MIT via the GitHub licence API),src/IVD/transport/functions/UEL_PNeq.f,31432,,,no_umat_entry,"Fortran, but it declares no SUBROUTINE UMAT",umat_signature_ddsdde_sse,,
bmmbUPF/abaqusIVD,2a79ce39580e8f05d0052959929b39a51176ad5a,MIT,permissive,LICENSE.md (SPDX MIT via the GitHub licence API),src/IVD/transport/functions/UEL_PNeq_Functions.f,254211,,,no_umat_entry,"Fortran, but it declares no SUBROUTINE UMAT",umat_signature_ddsdde_sse,,
bmmbUPF/abaqusIVD,2a79ce39580e8f05d0052959929b39a51176ad5a,MIT,permissive,LICENSE.md (SPDX MIT via the GitHub licence API),src/IVD/transport/functions/UEL_SDVs_Allocate.f,6892,,,no_umat_entry,"Fortran, but it declares no SUBROUTINE UMAT",umat_signature_ddsdde_sse,,
bmmbUPF/abaqusIVD,2a79ce39580e8f05d0052959929b39a51176ad5a,MIT,permissive,LICENSE.md (SPDX MIT via the GitHub licence API),src/IVD/transport/functions/UEL_calcFunc.f,27606,,,no_umat_entry,"Fortran, but it declares no SUBROUTINE UMAT",umat_signature_ddsdde_sse,,
bmmbUPF/abaqusIVD,2a79ce39580e8f05d0052959929b39a51176ad5a,MIT,permissive,LICENSE.md (SPDX MIT via the GitHub licence API),src/IVD/transport/functions/UEL_init_var.f,4697,,,no_umat_entry,"Fortran, but it declares no SUBROUTINE UMAT",umat_signature_ddsdde_sse,,
bmmbUPF/abaqusIVD,2a79ce39580e8f05d0052959929b39a51176ad5a,MIT,permissive,LICENSE.md (SPDX MIT via the GitHub licence API),src/IVD/transport/functions/UMATHT_verification.f,986,,,no_umat_entry,"Fortran, but it declares no SUBROUTINE UMAT",umat_signature_ddsdde_sse,,
bmmbUPF/abaqusIVD,2a79ce39580e8f05d0052959929b39a51176ad5a,MIT,permissive,LICENSE.md (SPDX MIT via the GitHub licence API),src/IVD/transport/functions/UMAT_verification.f,8191,,,no_umat_entry,"Fortran, but it declares no SUBROUTINE UMAT",umat_signature_ddsdde_sse,,
bmmbUPF/abaqusIVD,2a79ce39580e8f05d0052959929b39a51176ad5a,MIT,permissive,LICENSE.md (SPDX MIT via the GitHub licence API),src/IVD/transport/functions/f_bar_method.f,1855,,,no_umat_entry,"Fortran, but it declares no SUBROUTINE UMAT",umat_signature_ddsdde_sse,,
bmmbUPF/abaqusIVD,2a79ce39580e8f05d0052959929b39a51176ad5a,MIT,permissive,LICENSE.md (SPDX MIT via the GitHub licence API),src/IVD/transport/functions/test_PNeq_Main.f,3947,,,no_umat_entry,"Fortran, but it declares no SUBROUTINE UMAT",umat_signature_ddsdde_sse,,
bmmbUPF/abaqusIVD,2a79ce39580e8f05d0052959929b39a51176ad5a,MIT,permissive,LICENSE.md (SPDX MIT via the GitHub licence API),src/IVD/transport/functions/write_info_Transport.f,25001,,,no_umat_entry,"Fortran, but it declares no SUBROUTINE UMAT",umat_signature_ddsdde_sse,,
cunyizju/Programming-FEM-5th-Fortran,bf19e8a773c2a9f0a9a10f304540efdf586955f1,MIT,permissive,LICENSE (SPDX MIT via the GitHub licence API),subordinates/Static-Equilibrium-Linear-Elastic-Solids/p57.f90,7840,,,no_umat_entry,"Fortran, but it declares no SUBROUTINE UMAT",ddsdde_statev_nprops,,
cunyizju/Programming-FEM-5th-Fortran,bf19e8a773c2a9f0a9a10f304540efdf586955f1,MIT,permissive,LICENSE (SPDX MIT via the GitHub licence API),Programming-FEM-5th.f90,1788,,,no_umat_entry,"Fortran, but it declares no SUBROUTINE UMAT",ddsdde_statev_nprops,,
cunyizju/Programming-FEM-5th-Fortran,bf19e8a773c2a9f0a9a10f304540efdf586955f1,MIT,permissive,LICENSE (SPDX MIT via the GitHub licence API),geom/bc_rect.f90,1974,,,no_umat_entry,"Fortran, but it declares no SUBROUTINE UMAT",ddsdde_statev_nprops,,
cunyizju/Programming-FEM-5th-Fortran,bf19e8a773c2a9f0a9a10f304540efdf586955f1,MIT,permissive,LICENSE (SPDX MIT via the GitHub licence API),geom/emb_2d_bc.f90,1909,,,no_umat_entry,"Fortran, but it declares no SUBROUTINE UMAT",ddsdde_statev_nprops,,
cunyizju/Programming-FEM-5th-Fortran,bf19e8a773c2a9f0a9a10f304540efdf586955f1,MIT,permissive,LICENSE (SPDX MIT via the GitHub licence API),geom/emb_2d_geom.f90,2269,,,no_umat_entry,"Fortran, but it declares no SUBROUTINE UMAT",ddsdde_statev_nprops,,
cunyizju/Programming-FEM-5th-Fortran,bf19e8a773c2a9f0a9a10f304540efdf586955f1,MIT,permissive,LICENSE (SPDX MIT via the GitHub licence API),geom/emb_3d_bc.f90,4635,,,no_umat_entry,"Fortran, but it declares no SUBROUTINE UMAT",ddsdde_statev_nprops,,
cunyizju/Programming-FEM-5th-Fortran,bf19e8a773c2a9f0a9a10f304540efdf586955f1,MIT,permissive,LICENSE (SPDX MIT via the GitHub licence API),geom/emb_3d_geom.f90,4839,,,no_umat_entry,"Fortran, but it declares no SUBROUTINE UMAT",ddsdde_statev_nprops,,
cunyizju/Programming-FEM-5th-Fortran,bf19e8a773c2a9f0a9a10f304540efdf586955f1,MIT,permissive,LICENSE (SPDX MIT via the GitHub licence API),geom/fmcoem.f90,7049,,,no_umat_entry,"Fortran, but it declares no SUBROUTINE UMAT",ddsdde_statev_nprops,,
cunyizju/Programming-FEM-5th-Fortran,bf19e8a773c2a9f0a9a10f304540efdf586955f1,MIT,permissive,LICENSE (SPDX MIT via the GitHub licence API),geom/fmglem.f90,1039,,,no_umat_entry,"Fortran, but it declares no SUBROUTINE UMAT",ddsdde_statev_nprops,,
cunyizju/Programming-FEM-5th-Fortran,bf19e8a773c2a9f0a9a10f304540efdf586955f1,MIT,permissive,LICENSE (SPDX MIT via the GitHub licence API),geom/formnf.f90,427,,,no_umat_entry,"Fortran, but it declares no SUBROUTINE UMAT",ddsdde_statev_nprops,,
cunyizju/Programming-FEM-5th-Fortran,bf19e8a773c2a9f0a9a10f304540efdf586955f1,MIT,permissive,LICENSE (SPDX MIT via the GitHub licence API),geom/geom_freesurf.f90,1788,,,no_umat_entry,"Fortran, but it declares no SUBROUTINE UMAT",ddsdde_statev_nprops,,
cunyizju/Programming-FEM-5th-Fortran,bf19e8a773c2a9f0a9a10f304540efdf586955f1,MIT,permissive,LICENSE (SPDX MIT via the GitHub licence API),geom/geom_int.f90,3139,,,no_umat_entry,"Fortran, but it declares no SUBROUTINE UMAT",ddsdde_statev_nprops,,
cunyizju/Programming-FEM-5th-Fortran,bf19e8a773c2a9f0a9a10f304540efdf586955f1,MIT,permissive,LICENSE (SPDX MIT via the GitHub licence API),geom/geom_rect.f90,12888,,,no_umat_entry,"Fortran, but it declares no SUBROUTINE UMAT",ddsdde_statev_nprops,,
cunyizju/Programming-FEM-5th-Fortran,bf19e8a773c2a9f0a9a10f304540efdf586955f1,MIT,permissive,LICENSE (SPDX MIT via the GitHub licence API),geom/hexahedron_xz.f90,3889,,,no_umat_entry,"Fortran, but it declares no SUBROUTINE UMAT",ddsdde_statev_nprops,,
cunyizju/Programming-FEM-5th-Fortran,bf19e8a773c2a9f0a9a10f304540efdf586955f1,MIT,permissive,LICENSE (SPDX MIT via the GitHub licence API),geom/mesh_size.f90,1339,,,no_umat_entry,"Fortran, but it declares no SUBROUTINE UMAT",ddsdde_statev_nprops,,
cunyizju/Programming-FEM-5th-Fortran,bf19e8a773c2a9f0a9a10f304540efdf586955f1,MIT,permissive,LICENSE (SPDX MIT via the GitHub licence API),main/bandred.f90,2197,,,no_umat_entry,"Fortran, but it declares no SUBROUTINE UMAT",ddsdde_statev_nprops,,
cunyizju/Programming-FEM-5th-Fortran,bf19e8a773c2a9f0a9a10f304540efdf586955f1,MIT,permissive,LICENSE (SPDX MIT via the GitHub licence API),main/bandwidth.f90,266,,,no_umat_entry,"Fortran, but it declares no SUBROUTINE UMAT",ddsdde_statev_nprops,,
cunyizju/Programming-FEM-5th-Fortran,bf19e8a773c2a9f0a9a10f304540efdf586955f1,MIT,permissive,LICENSE (SPDX MIT via the GitHub licence API),main/banmul.f90,595,,,no_umat_entry,"Fortran, but it declares no SUBROUTINE UMAT",ddsdde_statev_nprops,,
cunyizju/Programming-FEM-5th-Fortran,bf19e8a773c2a9f0a9a10f304540efdf586955f1,MIT,permissive,LICENSE (SPDX MIT via the GitHub licence API),main/bantmul.f90,570,,,no_umat_entry,"Fortran, but it declares no SUBROUTINE UMAT",ddsdde_statev_nprops,,
cunyizju/Programming-FEM-5th-Fortran,bf19e8a773c2a9f0a9a10f304540efdf586955f1,MIT,permissive,LICENSE (SPDX MIT via the GitHub licence API),main/beam_ge.f90,603,,,no_umat_entry,"Fortran, but it declares no SUBROUTINE UMAT",ddsdde_statev_nprops,,
cunyizju/Programming-FEM-5th-Fortran,bf19e8a773c2a9f0a9a10f304540efdf586955f1,MIT,permissive,LICENSE (SPDX MIT via the GitHub licence API),main/beam_km.f90,721,,,no_umat_entry,"Fortran, but it declares no SUBROUTINE UMAT",ddsdde_statev_nprops,,
cunyizju/Programming-FEM-5th-Fortran,bf19e8a773c2a9f0a9a10f304540efdf586955f1,MIT,permissive,LICENSE (SPDX MIT via the GitHub licence API),main/beam_mm.f90,632,,,no_umat_entry,"Fortran, but it declares no SUBROUTINE UMAT",ddsdde_statev_nprops,,
cunyizju/Programming-FEM-5th-Fortran,bf19e8a773c2a9f0a9a10f304540efdf586955f1,MIT,permissive,LICENSE (SPDX MIT via the GitHub licence API),main/beamdis.f90,3438,,,no_umat_entry,"Fortran, but it declares no SUBROUTINE UMAT",ddsdde_statev_nprops,,
cunyizju/Programming-FEM-5th-Fortran,bf19e8a773c2a9f0a9a10f304540efdf586955f1,MIT,permissive,LICENSE (SPDX MIT via the GitHub licence API),main/bee8.f90,11878,,,no_umat_entry,"Fortran, but it declares no SUBROUTINE UMAT",ddsdde_statev_nprops,,
cunyizju/Programming-FEM-5th-Fortran,bf19e8a773c2a9f0a9a10f304540efdf586955f1,MIT,permissive,LICENSE (SPDX MIT via the GitHub licence API),main/beemat.f90,884,,,no_umat_entry,"Fortran, but it declares no SUBROUTINE UMAT",ddsdde_statev_nprops,,
cunyizju/Programming-FEM-5th-Fortran,bf19e8a773c2a9f0a9a10f304540efdf586955f1,MIT,permissive,LICENSE (SPDX MIT via the GitHub licence API),main/bisect.f90,2487,,,no_umat_entry,"Fortran, but it declares no SUBROUTINE UMAT",ddsdde_statev_nprops,,
cunyizju/Programming-FEM-5th-Fortran,bf19e8a773c2a9f0a9a10f304540efdf586955f1,MIT,permissive,LICENSE (SPDX MIT via the GitHub licence API),main/bmat_nonaxi.f90,820,,,no_umat_entry,"Fortran, but it declares no SUBROUTINE UMAT",ddsdde_statev_nprops,,
cunyizju/Programming-FEM-5th-Fortran,bf19e8a773c2a9f0a9a10f304540efdf586955f1,MIT,permissive,LICENSE (SPDX MIT via the GitHub licence API),main/checon.f90,468,,,no_umat_entry,"Fortran, but it declares no SUBROUTINE UMAT",ddsdde_statev_nprops,,
cunyizju/Programming-FEM-5th-Fortran,bf19e8a773c2a9f0a9a10f304540efdf586955f1,MIT,permissive,LICENSE (SPDX MIT via the GitHub licence API),main/chobk1.f90,462,,,no_umat_entry,"Fortran, but it declares no SUBROUTINE UMAT",ddsdde_statev_nprops,,
cunyizju/Programming-FEM-5th-Fortran,bf19e8a773c2a9f0a9a10f304540efdf586955f1,MIT,permissive,LICENSE (SPDX MIT via the GitHub licence API),main/chobk2.f90,474,,,no_umat_entry,"Fortran, but it declares no SUBROUTINE UMAT",ddsdde_statev_nprops,,
cunyizju/Programming-FEM-5th-Fortran,bf19e8a773c2a9f0a9a10f304540efdf586955f1,MIT,permissive,LICENSE (SPDX MIT via the GitHub licence API),main/cholin.f90,640,,,no_umat_entry,"Fortran, but it declares no SUBROUTINE UMAT",ddsdde_statev_nprops,,
cunyizju/Programming-FEM-5th-Fortran,bf19e8a773c2a9f0a9a10f304540efdf586955f1,MIT,permissive,LICENSE (SPDX MIT via the GitHub licence API),main/comred.f90,748,,,no_umat_entry,"Fortran, but it declares no SUBROUTINE UMAT",ddsdde_statev_nprops,,
cunyizju/Programming-FEM-5th-Fortran,bf19e8a773c2a9f0a9a10f304540efdf586955f1,MIT,permissive,LICENSE (SPDX MIT via the GitHub licence API),main/comsub.f90,756,,,no_umat_entry,"Fortran, but it declares no SUBROUTINE UMAT",ddsdde_statev_nprops,,
cunyizju/Programming-FEM-5th-Fortran,bf19e8a773c2a9f0a9a10f304540efdf586955f1,MIT,permissive,LICENSE (SPDX MIT via the GitHub licence API),main/contour.f90,6926,,,no_umat_entry,"Fortran, but it declares no SUBROUTINE UMAT",ddsdde_statev_nprops,,
cunyizju/Programming-FEM-5th-Fortran,bf19e8a773c2a9f0a9a10f304540efdf586955f1,MIT,permissive,LICENSE (SPDX MIT via the GitHub licence API),main/cross_product.f90,377,,,no_umat_entry,"Fortran, but it declares no SUBROUTINE UMAT",ddsdde_statev_nprops,,
cunyizju/Programming-FEM-5th-Fortran,bf19e8a773c2a9f0a9a10f304540efdf586955f1,MIT,permissive,LICENSE (SPDX MIT via the GitHub licence API),main/deemat.f90,1128,,,no_umat_entry,"Fortran, but it declares no SUBROUTINE UMAT",ddsdde_statev_nprops,,
cunyizju/Programming-FEM-5th-Fortran,bf19e8a773c2a9f0a9a10f304540efdf586955f1,MIT,permissive,LICENSE (SPDX MIT via the GitHub licence API),main/determinant.f90,792,,,no_umat_entry,"Fortran, but it declares no SUBROUTINE UMAT",ddsdde_statev_nprops,,
cunyizju/Programming-FEM-5th-Fortran,bf19e8a773c2a9f0a9a10f304540efdf586955f1,MIT,permissive,LICENSE (SPDX MIT via the GitHub licence API),main/dismsh.f90,3618,,,no_umat_entry,"Fortran, but it declares no SUBROUTINE UMAT",ddsdde_statev_nprops,,
cunyizju/Programming-FEM-5th-Fortran,bf19e8a773c2a9f0a9a10f304540efdf586955f1,MIT,permissive,LICENSE (SPDX MIT via the GitHub licence API),main/dismsh_ensi.f90,1087,,,no_umat_entry,"Fortran, but it declares no SUBROUTINE UMAT",ddsdde_statev_nprops,,
cunyizju/Programming-FEM-5th-Fortran,bf19e8a773c2a9f0a9a10f304540efdf586955f1,MIT,permissive,LICENSE (SPDX MIT via the GitHub licence API),main/ecmat.f90,518,,,no_umat_entry,"Fortran, but it declares no SUBROUTINE UMAT",ddsdde_statev_nprops,,
cunyizju/Programming-FEM-5th-Fortran,bf19e8a773c2a9f0a9a10f304540efdf586955f1,MIT,permissive,LICENSE (SPDX MIT via the GitHub licence API),,0,,,not_examined,stopped after 40 files from this repository; 131 not read,ddsdde_statev_nprops,,
ep-infosec/28_nasa_puma,,,,LICENSE.txt present but neither GitHub nor a text match identified a licence,,0,,,licence_absent,"no licence is declared, so nothing may be redistributed from it; a repository without a LICENSE file is refused, not assumed permissive; recorded and not fetched",umat_signature_ddsdde_sse,,
happyhappysyr/Phase_field_ductile,,,,no LICENSE file detected by the GitHub API,,0,,,licence_absent,"no licence is declared, so nothing may be redistributed from it; a repository without a LICENSE file is refused, not assumed permissive; recorded and not fetched",subroutine_umat_fortran,,
irfancn/Abaqus-UMAT-elastic,d69aaf474e62f8fbc3391bc6b388af3890708396,MIT,permissive,LICENSE (SPDX MIT via the GitHub licence API),umat_elastic.for,1673,e636f82be9a5536d8c16abb0a41d735adff9cc53feccd7e2af0288a51f040551,48af091b6ef771e4ea7df291c9eaee5bd565862b58517231685e01db0c15b827,already_known,"the same implementation as discovery_cache/irfancn__Abaqus-UMAT-elastic/umat_elastic.for, which this collection already counts",subroutine_umat_fortran,,
j-machacek/numgeo-hypo-igs-isa-gis,3f3b1fa372bfdd77c6c3de220df4fb1b1731f102,GPL-3.0,copyleft,LICENSE (SPDX GPL-3.0 via the GitHub licence API),src/material_models.f90,7682,01c5979e60949a44f6999aea8a8c2bd4457d5e441f6d4a74fccb72498c18aae4,098f603c3aa3b2d17961090512cdfead584ec0edca3668df6b03ee5e5b7a1bb8,candidate,"distinct, licensed GPL-3.0 (copyleft), declares a UMAT entry point; not yet transformed or verified",umat_signature_ddsdde_sse,j-machacek__numgeo-hypo-igs-isa-gis/src/material_models.f90,example/initialconditions.inp;example/initialconditions_GIS.inp;example/initialconditions_ISA_IGS.inp;example/parameters_GIS.inp;example/parameters_IGS.inp;example/parameters_ISA.inp;example/test.inp
j-machacek/numgeo-hypo-igs-isa-gis,3f3b1fa372bfdd77c6c3de220df4fb1b1731f102,GPL-3.0,copyleft,LICENSE (SPDX GPL-3.0 via the GitHub licence API),src/compatibility_numgeo_.f90,54238,,,no_umat_entry,"Fortran, but it declares no SUBROUTINE UMAT",umat_signature_ddsdde_sse,,
j-machacek/numgeo-hypo-igs-isa-gis,3f3b1fa372bfdd77c6c3de220df4fb1b1731f102,GPL-3.0,copyleft,LICENSE (SPDX GPL-3.0 via the GitHub licence API),src/incrementalDriver.f,70858,,,no_umat_entry,"Fortran, but it declares no SUBROUTINE UMAT",umat_signature_ddsdde_sse,,
j-machacek/numgeo-hypo-igs-isa-gis,3f3b1fa372bfdd77c6c3de220df4fb1b1731f102,GPL-3.0,copyleft,LICENSE (SPDX GPL-3.0 via the GitHub licence API),src/material_hypoplasticity_isa_igs_gis_.f90,67774,,,no_umat_entry,"Fortran, but it declares no SUBROUTINE UMAT",umat_signature_ddsdde_sse,,
j-machacek/numgeo-hypo-igs-isa-gis,3f3b1fa372bfdd77c6c3de220df4fb1b1731f102,GPL-3.0,copyleft,LICENSE (SPDX GPL-3.0 via the GitHub licence API),src/precision_.f90,3117,,,no_umat_entry,"Fortran, but it declares no SUBROUTINE UMAT",umat_signature_ddsdde_sse,,
jacojvr/UMATs,878141ea5a028bccb808f1fde83c9502e374a0a3,MIT,permissive,LICENSE (SPDX MIT via the GitHub licence API),UMAT_framework/umat_comb.f,4269,d759664babbf496944ea6ec2a4d901e5ae48ca02d843f545fdc32c32c543078a,7c7977f1108139b98bc4ef3f75ab401b04efb3d1dd46ac0ccd85a272335e4630,already_known,"the same implementation as discovery_cache/jacojvr__UMATs/UMAT_framework/umat_comb.f, which this collection already counts",subroutine_umat_fortran,,
jacojvr/UMATs,878141ea5a028bccb808f1fde83c9502e374a0a3,MIT,permissive,LICENSE (SPDX MIT via the GitHub licence API),UMAT_framework/umat_iso.f,3605,83da23123ec49ced7f23db80319999b89a726d824784fe944b7d2d7ab70f2974,2606f97eb073177d3dc31e841818b333f1b59c078a12b9e0eacbedd1e5e509ec,already_known,"the same implementation as discovery_cache/jacojvr__UMATs/UMAT_framework/umat_iso.f, which this collection already counts",subroutine_umat_fortran,,
jacojvr/UMATs,878141ea5a028bccb808f1fde83c9502e374a0a3,MIT,permissive,LICENSE (SPDX MIT via the GitHub licence API),combinedhard/combinedlinear.f,379,,,no_umat_entry,"Fortran, but it declares no SUBROUTINE UMAT",subroutine_umat_fortran,,
jacojvr/UMATs,878141ea5a028bccb808f1fde83c9502e374a0a3,MIT,permissive,LICENSE (SPDX MIT via the GitHub licence API),combinedhard/cyclicrevarsal01.f,199,,,no_umat_entry,"Fortran, but it declares no SUBROUTINE UMAT",subroutine_umat_fortran,,
jacojvr/UMATs,878141ea5a028bccb808f1fde83c9502e374a0a3,MIT,permissive,LICENSE (SPDX MIT via the GitHub licence API),combinedhard/estcyclicreversal.f,299,,,no_umat_entry,"Fortran, but it declares no SUBROUTINE UMAT",subroutine_umat_fortran,,
jacojvr/UMATs,878141ea5a028bccb808f1fde83c9502e374a0a3,MIT,permissive,LICENSE (SPDX MIT via the GitHub licence API),combinedhard/estharden.f,3078,,,no_umat_entry,"Fortran, but it declares no SUBROUTINE UMAT",subroutine_umat_fortran,,
jacojvr/UMATs,878141ea5a028bccb808f1fde83c9502e374a0a3,MIT,permissive,LICENSE (SPDX MIT via the GitHub licence API),isotropichard/linearharden.f,327,,,no_umat_entry,"Fortran, but it declares no SUBROUTINE UMAT",subroutine_umat_fortran,,
jacojvr/UMATs,878141ea5a028bccb808f1fde83c9502e374a0a3,MIT,permissive,LICENSE (SPDX MIT via the GitHub licence API),isotropichard/mtsharden.f,2981,,,no_umat_entry,"Fortran, but it declares no SUBROUTINE UMAT",subroutine_umat_fortran,,
jacojvr/UMATs,878141ea5a028bccb808f1fde83c9502e374a0a3,MIT,permissive,LICENSE (SPDX MIT via the GitHub licence API),isotropichard/rexcrystalliseiso.f,4568,,,no_umat_entry,"Fortran, but it declares no SUBROUTINE UMAT",subroutine_umat_fortran,,
jacojvr/UMATs,878141ea5a028bccb808f1fde83c9502e374a0a3,MIT,permissive,LICENSE (SPDX MIT via the GitHub licence API),isotropichard/rx_rget.f,5022,,,no_umat_entry,"Fortran, but it declares no SUBROUTINE UMAT",subroutine_umat_fortran,,
jacojvr/UMATs,878141ea5a028bccb808f1fde83c9502e374a0a3,MIT,permissive,LICENSE (SPDX MIT via the GitHub licence API),onedimensional/response1d_combined.f,1862,,,no_umat_entry,"Fortran, but it declares no SUBROUTINE UMAT",subroutine_umat_fortran,,
jacojvr/UMATs,878141ea5a028bccb808f1fde83c9502e374a0a3,MIT,permissive,LICENSE (SPDX MIT via the GitHub licence API),onedimensional/response1d_isotropic.f,1742,,,no_umat_entry,"Fortran, but it declares no SUBROUTINE UMAT",subroutine_umat_fortran,,
jacojvr/UMATs,878141ea5a028bccb808f1fde83c9502e374a0a3,MIT,permissive,LICENSE (SPDX MIT via the GitHub licence API),shearmodule/shearvarshni.f,346,,,no_umat_entry,"Fortran, but it declares no SUBROUTINE UMAT",subroutine_umat_fortran,,
jacojvr/UMATs,878141ea5a028bccb808f1fde83c9502e374a0a3,MIT,permissive,LICENSE (SPDX MIT via the GitHub licence API),shearmodule/simpleshear.f,194,,,no_umat_entry,"Fortran, but it declares no SUBROUTINE UMAT",subroutine_umat_fortran,,
jcmcmurry/pipelining,8fface1a501b5050f58e7b902aacdcdde68e9648,MIT,permissive,LICENSE (SPDX MIT via the GitHub licence API),elmerfem/fem/src/modules/ElasticSolve.F90,236954,70bead8ad3ebae585b2cc9ce1137148634b183d8f19f40d7ea70484dea581dcc,7f107ac2ad0e5502363c9ded72c03fd252f33f2115a0fa6d38f1a6dea8bca1e0,candidate,"distinct, licensed MIT (permissive), declares a UMAT entry point; not yet transformed or verified",subroutine_umat_ddsdde,jcmcmurry__pipelining/elmerfem/fem/src/modules/ElasticSolve.F90,elmerfem/contrib/Zoltan_v3.83/test/ch_simple/hier-parmetis2-hsfc.inp;elmerfem/contrib/Zoltan_v3.83/test/ch_simple/hier-parmetis2-rcb.inp;elmerfem/contrib/Zoltan_v3.83/test/ch_simple/hier-rcb2-parmetis.inp
jcmcmurry/pipelining,8fface1a501b5050f58e7b902aacdcdde68e9648,MIT,permissive,LICENSE (SPDX MIT via the GitHub licence API),elmerfem/ElmerWorkflows/Gid2Elmer/elmer.gid/findparents.f90,5131,,,no_umat_entry,"Fortran, but it declares no SUBROUTINE UMAT",subroutine_umat_ddsdde,,
jcmcmurry/pipelining,8fface1a501b5050f58e7b902aacdcdde68e9648,MIT,permissive,LICENSE (SPDX MIT via the GitHub licence API),elmerfem/ElmerWorkflows/Gid2Elmer/elmer.gid/gid2elmer.f90,1291,,,no_umat_entry,"Fortran, but it declares no SUBROUTINE UMAT",subroutine_umat_ddsdde,,
jcmcmurry/pipelining,8fface1a501b5050f58e7b902aacdcdde68e9648,MIT,permissive,LICENSE (SPDX MIT via the GitHub licence API),elmerfem/contrib/Zoltan_v3.83/cmake/fmangle/fmangle.f,88,,,no_umat_entry,"Fortran, but it declares no SUBROUTINE UMAT",subroutine_umat_ddsdde,,
jcmcmurry/pipelining,8fface1a501b5050f58e7b902aacdcdde68e9648,MIT,permissive,LICENSE (SPDX MIT via the GitHub licence API),elmerfem/contrib/Zoltan_v3.83/example/Fortran/mpi_h.f,2804,,,no_umat_entry,"Fortran, but it declares no SUBROUTINE UMAT",subroutine_umat_ddsdde,,
jcmcmurry/pipelining,8fface1a501b5050f58e7b902aacdcdde68e9648,MIT,permissive,LICENSE (SPDX MIT via the GitHub licence API),elmerfem/contrib/Zoltan_v3.83/example/Fortran/simpleRCB.f90,9093,,,no_umat_entry,"Fortran, but it declares no SUBROUTINE UMAT",subroutine_umat_ddsdde,,
jcmcmurry/pipelining,8fface1a501b5050f58e7b902aacdcdde68e9648,MIT,permissive,LICENSE (SPDX MIT via the GitHub licence API),elmerfem/contrib/Zoltan_v3.83/example/Fortran/zoltanRCBmod.f90,11234,,,no_umat_entry,"Fortran, but it declares no SUBROUTINE UMAT",subroutine_umat_ddsdde,,
jcmcmurry/pipelining,8fface1a501b5050f58e7b902aacdcdde68e9648,MIT,permissive,LICENSE (SPDX MIT via the GitHub licence API),elmerfem/contrib/Zoltan_v3.83/src/fdriver/farg_nagf95.f,2409,,,no_umat_entry,"Fortran, but it declares no SUBROUTINE UMAT",subroutine_umat_ddsdde,,
jcmcmurry/pipelining,8fface1a501b5050f58e7b902aacdcdde68e9648,MIT,permissive,LICENSE (SPDX MIT via the GitHub licence API),elmerfem/contrib/Zoltan_v3.83/src/fdriver/farg_typical.f,2345,,,no_umat_entry,"Fortran, but it declares no SUBROUTINE UMAT",subroutine_umat_ddsdde,,
jcmcmurry/pipelining,8fface1a501b5050f58e7b902aacdcdde68e9648,MIT,permissive,LICENSE (SPDX MIT via the GitHub licence API),elmerfem/contrib/Zoltan_v3.83/src/fdriver/fdr_chaco_io.f90,48308,,,no_umat_entry,"Fortran, but it declares no SUBROUTINE UMAT",subroutine_umat_ddsdde,,
jcmcmurry/pipelining,8fface1a501b5050f58e7b902aacdcdde68e9648,MIT,permissive,LICENSE (SPDX MIT via the GitHub licence API),elmerfem/contrib/Zoltan_v3.83/src/fdriver/fdr_const.f90,10496,,,no_umat_entry,"Fortran, but it declares no SUBROUTINE UMAT",subroutine_umat_ddsdde,,
jcmcmurry/pipelining,8fface1a501b5050f58e7b902aacdcdde68e9648,MIT,permissive,LICENSE (SPDX MIT via the GitHub licence API),elmerfem/contrib/Zoltan_v3.83/src/fdriver/fdr_input.f90,21689,,,no_umat_entry,"Fortran, but it declares no SUBROUTINE UMAT",subroutine_umat_ddsdde,,
jcmcmurry/pipelining,8fface1a501b5050f58e7b902aacdcdde68e9648,MIT,permissive,LICENSE (SPDX MIT via the GitHub licence API),elmerfem/contrib/Zoltan_v3.83/src/fdriver/fdr_loadbal.f90,51697,,,no_umat_entry,"Fortran, but it declares no SUBROUTINE UMAT",subroutine_umat_ddsdde,,
jcmcmurry/pipelining,8fface1a501b5050f58e7b902aacdcdde68e9648,MIT,permissive,LICENSE (SPDX MIT via the GitHub licence API),elmerfem/contrib/Zoltan_v3.83/src/fdriver/fdr_main.f90,14984,,,no_umat_entry,"Fortran, but it declares no SUBROUTINE UMAT",subroutine_umat_ddsdde,,
jcmcmurry/pipelining,8fface1a501b5050f58e7b902aacdcdde68e9648,MIT,permissive,LICENSE (SPDX MIT via the GitHub licence API),elmerfem/contrib/Zoltan_v3.83/src/fdriver/fdr_migrate.f90,39983,,,no_umat_entry,"Fortran, but it declares no SUBROUTINE UMAT",subroutine_umat_ddsdde,,
jcmcmurry/pipelining,8fface1a501b5050f58e7b902aacdcdde68e9648,MIT,permissive,LICENSE (SPDX MIT via the GitHub licence API),elmerfem/contrib/Zoltan_v3.83/src/fdriver/fdr_mm_io.f90,13181,,,no_umat_entry,"Fortran, but it declares no SUBROUTINE UMAT",subroutine_umat_ddsdde,,
jcmcmurry/pipelining,8fface1a501b5050f58e7b902aacdcdde68e9648,MIT,permissive,LICENSE (SPDX MIT via the GitHub licence API),elmerfem/contrib/Zoltan_v3.83/src/fdriver/fdr_param_file.f90,19252,,,no_umat_entry,"Fortran, but it declares no SUBROUTINE UMAT",subroutine_umat_ddsdde,,
jcmcmurry/pipelining,8fface1a501b5050f58e7b902aacdcdde68e9648,MIT,permissive,LICENSE (SPDX MIT via the GitHub licence API),elmerfem/contrib/Zoltan_v3.83/src/fdriver/fdr_sort.f90,6142,,,no_umat_entry,"Fortran, but it declares no SUBROUTINE UMAT",subroutine_umat_ddsdde,,
jcmcmurry/pipelining,8fface1a501b5050f58e7b902aacdcdde68e9648,MIT,permissive,LICENSE (SPDX MIT via the GitHub licence API),elmerfem/contrib/Zoltan_v3.83/src/fdriver/mmio.f,29196,,,no_umat_entry,"Fortran, but it declares no SUBROUTINE UMAT",subroutine_umat_ddsdde,,
jcmcmurry/pipelining,8fface1a501b5050f58e7b902aacdcdde68e9648,MIT,permissive,LICENSE (SPDX MIT via the GitHub licence API),elmerfem/contrib/Zoltan_v3.83/src/fdriver/mpi_h.f,2804,,,no_umat_entry,"Fortran, but it declares no SUBROUTINE UMAT",subroutine_umat_ddsdde,,
jcmcmurry/pipelining,8fface1a501b5050f58e7b902aacdcdde68e9648,MIT,permissive,LICENSE (SPDX MIT via the GitHub licence API),elmerfem/contrib/Zoltan_v3.83/src/fort/fwrap.f90,80906,,,no_umat_entry,"Fortran, but it declares no SUBROUTINE UMAT",subroutine_umat_ddsdde,,
jcmcmurry/pipelining,8fface1a501b5050f58e7b902aacdcdde68e9648,MIT,permissive,LICENSE (SPDX MIT via the GitHub licence API),elmerfem/contrib/Zoltan_v3.83/src/fort/zoltan_user_data.f90,2781,,,no_umat_entry,"Fortran, but it declares no SUBROUTINE UMAT",subroutine_umat_ddsdde,,
jcmcmurry/pipelining,8fface1a501b5050f58e7b902aacdcdde68e9648,MIT,permissive,LICENSE (SPDX MIT via the GitHub licence API),elmerfem/contrib/Zoltan_v3.83/src/fort/ztypes.f90,4092,,,no_umat_entry,"Fortran, but it declares no SUBROUTINE UMAT",subroutine_umat_ddsdde,,
jcmcmurry/pipelining,8fface1a501b5050f58e7b902aacdcdde68e9648,MIT,permissive,LICENSE (SPDX MIT via the GitHub licence API),elmerfem/elmerice/IceSheet/Greenland/MAKE_MESH/USF_PCond.F90,1170,,,no_umat_entry,"Fortran, but it declares no SUBROUTINE UMAT",subroutine_umat_ddsdde,,
jcmcmurry/pipelining,8fface1a501b5050f58e7b902aacdcdde68e9648,MIT,permissive,LICENSE (SPDX MIT via the GitHub licence API),elmerfem/elmerice/IceSheet/Greenland/SSA/Scalar_OUTPUT.F90,22134,,,no_umat_entry,"Fortran, but it declares no SUBROUTINE UMAT",subroutine_umat_ddsdde,,
jcmcmurry/pipelining,8fface1a501b5050f58e7b902aacdcdde68e9648,MIT,permissive,LICENSE (SPDX MIT via the GitHub licence API),elmerfem/elmerice/IceSheet/Greenland/SSA_FRICTION_INIT/USFs.F90,722,,,no_umat_entry,"Fortran, but it declares no SUBROUTINE UMAT",subroutine_umat_ddsdde,,
jcmcmurry/pipelining,8fface1a501b5050f58e7b902aacdcdde68e9648,MIT,permissive,LICENSE (SPDX MIT via the GitHub licence API),elmerfem/elmerice/Meshers/MshGlacier.F90,5646,,,no_umat_entry,"Fortran, but it declares no SUBROUTINE UMAT",subroutine_umat_ddsdde,,
jcmcmurry/pipelining,8fface1a501b5050f58e7b902aacdcdde68e9648,MIT,permissive,LICENSE (SPDX MIT via the GitHub licence API),elmerfem/elmerice/Meshers/MshGlacierDEM.F90,10671,,,no_umat_entry,"Fortran, but it declares no SUBROUTINE UMAT",subroutine_umat_ddsdde,,
jcmcmurry/pipelining,8fface1a501b5050f58e7b902aacdcdde68e9648,MIT,permissive,LICENSE (SPDX MIT via the GitHub licence API),elmerfem/elmerice/Meshers/MshGlacierSynthetic.F90,4862,,,no_umat_entry,"Fortran, but it declares no SUBROUTINE UMAT",subroutine_umat_ddsdde,,
jcmcmurry/pipelining,8fface1a501b5050f58e7b902aacdcdde68e9648,MIT,permissive,LICENSE (SPDX MIT via the GitHub licence API),elmerfem/elmerice/Solvers/AIFlowSolve_nlD2.F90,52443,,,no_umat_entry,"Fortran, but it declares no SUBROUTINE UMAT",subroutine_umat_ddsdde,,
jcmcmurry/pipelining,8fface1a501b5050f58e7b902aacdcdde68e9648,MIT,permissive,LICENSE (SPDX MIT via the GitHub licence API),elmerfem/elmerice/Solvers/AIFlowSolve_nlS2.F90,53427,,,no_umat_entry,"Fortran, but it declares no SUBROUTINE UMAT",subroutine_umat_ddsdde,,
jcmcmurry/pipelining,8fface1a501b5050f58e7b902aacdcdde68e9648,MIT,permissive,LICENSE (SPDX MIT via the GitHub licence API),elmerfem/elmerice/Solvers/AdjointSSA/AdjointSSA_AdjointSolver.F90,7842,,,no_umat_entry,"Fortran, but it declares no SUBROUTINE UMAT",subroutine_umat_ddsdde,,
jcmcmurry/pipelining,8fface1a501b5050f58e7b902aacdcdde68e9648,MIT,permissive,LICENSE (SPDX MIT via the GitHub licence API),elmerfem/elmerice/Solvers/AdjointSSA/AdjointSSA_CostContSolver.F90,10968,,,no_umat_entry,"Fortran, but it declares no SUBROUTINE UMAT",subroutine_umat_ddsdde,,
jcmcmurry/pipelining,8fface1a501b5050f58e7b902aacdcdde68e9648,MIT,permissive,LICENSE (SPDX MIT via the GitHub licence API),elmerfem/elmerice/Solvers/AdjointSSA/AdjointSSA_CostDiscSolver.F90,20248,,,no_umat_entry,"Fortran, but it declares no SUBROUTINE UMAT",subroutine_umat_ddsdde,,
jcmcmurry/pipelining,8fface1a501b5050f58e7b902aacdcdde68e9648,MIT,permissive,LICENSE (SPDX MIT via the GitHub licence API),elmerfem/elmerice/Solvers/AdjointSSA/AdjointSSA_CostFluxDivSolver.F90,16515,,,no_umat_entry,"Fortran, but it declares no SUBROUTINE UMAT",subroutine_umat_ddsdde,,
jcmcmurry/pipelining,8fface1a501b5050f58e7b902aacdcdde68e9648,MIT,permissive,LICENSE (SPDX MIT via the GitHub licence API),elmerfem/elmerice/Solvers/AdjointSSA/AdjointSSA_CostRegSolver.F90,15097,,,no_umat_entry,"Fortran, but it declares no SUBROUTINE UMAT",subroutine_umat_ddsdde,,
jcmcmurry/pipelining,8fface1a501b5050f58e7b902aacdcdde68e9648,MIT,permissive,LICENSE (SPDX MIT via the GitHub licence API),elmerfem/elmerice/Solvers/AdjointSSA/AdjointSSA_GradientSolver.F90,32219,,,no_umat_entry,"Fortran, but it declares no SUBROUTINE UMAT",subroutine_umat_ddsdde,,
jcmcmurry/pipelining,8fface1a501b5050f58e7b902aacdcdde68e9648,MIT,permissive,LICENSE (SPDX MIT via the GitHub licence API),elmerfem/elmerice/Solvers/AdjointSSA/AdjointSSA_SSASolver.F90,29475,,,no_umat_entry,"Fortran, but it declares no SUBROUTINE UMAT",subroutine_umat_ddsdde,,
jcmcmurry/pipelining,8fface1a501b5050f58e7b902aacdcdde68e9648,MIT,permissive,LICENSE (SPDX MIT via the GitHub licence API),elmerfem/elmerice/Solvers/AdjointSolver.F90,8667,,,no_umat_entry,"Fortran, but it declares no SUBROUTINE UMAT",subroutine_umat_ddsdde,,
jcmcmurry/pipelining,8fface1a501b5050f58e7b902aacdcdde68e9648,MIT,permissive,LICENSE (SPDX MIT via the GitHub licence API),elmerfem/elmerice/Solvers/CaffeSolver.F90,92807,,,no_umat_entry,"Fortran, but it declares no SUBROUTINE UMAT",subroutine_umat_ddsdde,,
jcmcmurry/pipelining,8fface1a501b5050f58e7b902aacdcdde68e9648,MIT,permissive,LICENSE (SPDX MIT via the GitHub licence API),,0,,,not_examined,stopped after 40 files from this repository; 2033 not read,subroutine_umat_ddsdde,,
latmarat/abaqus2vpsc,,,,no LICENSE file detected by the GitHub API,,0,,,licence_absent,"no licence is declared, so nothing may be redistributed from it; a repository without a LICENSE file is refused, not assumed permissive; recorded and not fetched",umat_signature_ddsdde_sse,,
luisez1988/NorSand-VT,,,,no LICENSE file detected by the GitHub API,,0,,,licence_absent,"no licence is declared, so nothing may be redistributed from it; a repository without a LICENSE file is refused, not assumed permissive; recorded and not fetched",umat_signature_ddsdde_sse,,
nasa/puma,,,,LICENSE.txt present but neither GitHub nor a text match identified a licence,,0,,,licence_absent,"no licence is declared, so nothing may be redistributed from it; a repository without a LICENSE file is refused, not assumed permissive; recorded and not fetched",umat_signature_ddsdde_sse,,
phhannequart/UMAT_sma_hannequart,bb9d529db81dd5cb834089be48e83a2b959763a4,MIT,permissive,LICENSE (SPDX MIT via the GitHub licence API),UMAT_sma_hannequart.for,11210,8f37de99c792c207e5522c20a297c5866980091544d0d859b7b8c7c43cbf5b13,362b5212050da8891947932f81661d9e239668712415da701472456ec8783f24,already_known,"the same implementation as discovery_cache/phhannequart__UMAT_sma_hannequart/UMAT_sma_hannequart.for, which this collection already counts",subroutine_umat_fortran,,
philipcardiff/paper-code-vertex-centred-elastoplastic,051ff39e0f96d1015737084e00a011f89a8c96ca,GPL-3.0,copyleft,LICENSE (SPDX GPL-3.0 via the GitHub licence API),src/abaqusUMATs/abaqusUmatLinearElastic/ABA_PARAM.INC,289,,,no_umat_entry,"Fortran, but it declares no SUBROUTINE UMAT",aba_param_include,,
philipcardiff/paper-code-vertex-centred-elastoplastic,051ff39e0f96d1015737084e00a011f89a8c96ca,GPL-3.0,copyleft,LICENSE (SPDX GPL-3.0 via the GitHub licence API),src/abaqusUMATs/abaqusUmatLinearElastic/abaqusUmatLinearElastic.f,1988,d63d4f6d0ac5c042bb38e6fb35c7579a2a7f3dedca09b2536b5379c9881b310e,4fa2d2aa358699edc972d0cf53fad5f76243fb39174727c001cf815d3f2e61d5,candidate,"distinct, licensed GPL-3.0 (copyleft), declares a UMAT entry point; not yet transformed or verified",aba_param_include,philipcardiff__paper-code-vertex-centred-elastoplastic/src/abaqusUMATs/abaqusUmatLinearElastic/abaqusUmatLinearElastic.f,
seekzzh/mat-model-lab,24b5b4db7f6b50a978d43d887f5aad2d4f9c5160,GPL-3.0,copyleft,LICENSE (SPDX GPL-3.0 via the GitHub licence API),assets/templates/abaqus_umat.f,2338,f1447d949843a1f0d1d934517961c93cf2baac9af6ca6319b60adf42c6b9e35d,4e3fffb960402480f0605c533fc964d178ba4c906f5100696345d11f0532232a,candidate,"distinct, licensed GPL-3.0 (copyleft), declares a UMAT entry point; not yet transformed or verified",umat_signature_ddsdde_sse,seekzzh__mat-model-lab/assets/templates/abaqus_umat.f,
solids4foam/solids4foam,1341312f951caf4d8fcc69499c6ce1a588826156,GPL-3.0,copyleft,LICENSE (SPDX GPL-3.0 via the GitHub licence API),src/abaqusUMATs/abaqusUmatLinearElastic/ABA_PARAM.INC,289,,,no_umat_entry,"Fortran, but it declares no SUBROUTINE UMAT",aba_param_include,,
solids4foam/solids4foam,1341312f951caf4d8fcc69499c6ce1a588826156,GPL-3.0,copyleft,LICENSE (SPDX GPL-3.0 via the GitHub licence API),src/abaqusUMATs/abaqusUmatLinearElastic/abaqusUmatLinearElastic.f,1988,d63d4f6d0ac5c042bb38e6fb35c7579a2a7f3dedca09b2536b5379c9881b310e,4fa2d2aa358699edc972d0cf53fad5f76243fb39174727c001cf815d3f2e61d5,duplicate_within_search,the same implementation as an earlier hit,aba_param_include,,
tengzhang48/CoupFE,d55757ecedf04e18dbb5bdfce8dcdc20cb95d118,Apache-2.0,permissive,LICENSE (SPDX Apache-2.0 via the GitHub licence API),examples/neo_hookean_umat/neo_hookean_umat.for,43767,36ec581c3537656f2a6fa3d6a82cfe7f5030d2192a5b1b26370059e59ee1b3a6,779adbc26f13d8b9e2048df88402ace4f232c52e59328e8e5b97f7165c7ef296,already_known,"the same implementation as discovery_cache/tengzhang48__CoupFE/examples/neo_hookean_umat/neo_hookean_umat.for, which this collection already counts",umat_extension_for,,
tengzhang48/CoupFE,d55757ecedf04e18dbb5bdfce8dcdc20cb95d118,Apache-2.0,permissive,LICENSE (SPDX Apache-2.0 via the GitHub licence API),examples/ogden_umat/ogden_umat.for,45585,7c8b6b389e354c63d4ce805294ed38c202fda513ecdf9b3c63eb815024fadefa,2caa70ac32a0b632585f4f4e488e9be8a12794d8c30e86dacbacbfc9f24c898e,already_known,"the same implementation as discovery_cache/tengzhang48__CoupFE/examples/ogden_umat/ogden_umat.for, which this collection already counts",umat_extension_for,,
tengzhang48/CoupFE,d55757ecedf04e18dbb5bdfce8dcdc20cb95d118,Apache-2.0,permissive,LICENSE (SPDX Apache-2.0 via the GitHub licence API),examples/small_strain_j2_umat/small_strain_j2.for,55324,f1a71fb169af331fface6f82b6229b3e8a902e2ac279202f89af2f726f57e392,b5346b1f2fb74a36b36fd6dd5d5928d744d1d591be1948963fee0019392b0d75,already_known,"the same implementation as discovery_cache/tengzhang48__CoupFE/examples/small_strain_j2_umat/small_strain_j2.for, which this collection already counts",umat_extension_for,,
tengzhang48/CoupFE,d55757ecedf04e18dbb5bdfce8dcdc20cb95d118,Apache-2.0,permissive,LICENSE (SPDX Apache-2.0 via the GitHub licence API),coupfe/codegen/generators/templates/cs_linalg.for,10340,,,no_umat_entry,"Fortran, but it declares no SUBROUTINE UMAT",umat_extension_for,,
tengzhang48/CoupFE,d55757ecedf04e18dbb5bdfce8dcdc20cb95d118,Apache-2.0,permissive,LICENSE (SPDX Apache-2.0 via the GitHub licence API),coupfe/codegen/generators/templates/cs_tangent_engine.for,8912,,,no_umat_entry,"Fortran, but it declares no SUBROUTINE UMAT",umat_extension_for,,
tengzhang48/CoupFE,d55757ecedf04e18dbb5bdfce8dcdc20cb95d118,Apache-2.0,permissive,LICENSE (SPDX Apache-2.0 via the GitHub licence API),coupfe/codegen/generators/templates/edge_quad8.for,3840,,,no_umat_entry,"Fortran, but it declares no SUBROUTINE UMAT",umat_extension_for,,
tengzhang48/CoupFE,d55757ecedf04e18dbb5bdfce8dcdc20cb95d118,Apache-2.0,permissive,LICENSE (SPDX Apache-2.0 via the GitHub licence API),coupfe/codegen/generators/templates/face_hex.for,9766,,,no_umat_entry,"Fortran, but it declares no SUBROUTINE UMAT",umat_extension_for,,
tengzhang48/CoupFE,d55757ecedf04e18dbb5bdfce8dcdc20cb95d118,Apache-2.0,permissive,LICENSE (SPDX Apache-2.0 via the GitHub licence API),coupfe/codegen/generators/templates/gauss_hex.for,3064,,,no_umat_entry,"Fortran, but it declares no SUBROUTINE UMAT",umat_extension_for,,
tengzhang48/CoupFE,d55757ecedf04e18dbb5bdfce8dcdc20cb95d118,Apache-2.0,permissive,LICENSE (SPDX Apache-2.0 via the GitHub licence API),coupfe/codegen/generators/templates/gauss_rules.for,3639,,,no_umat_entry,"Fortran, but it declares no SUBROUTINE UMAT",umat_extension_for,,
tengzhang48/CoupFE,d55757ecedf04e18dbb5bdfce8dcdc20cb95d118,Apache-2.0,permissive,LICENSE (SPDX Apache-2.0 via the GitHub licence API),coupfe/codegen/generators/templates/isoparametric.for,6985,,,no_umat_entry,"Fortran, but it declares no SUBROUTINE UMAT",umat_extension_for,,
tengzhang48/CoupFE,d55757ecedf04e18dbb5bdfce8dcdc20cb95d118,Apache-2.0,permissive,LICENSE (SPDX Apache-2.0 via the GitHub licence API),coupfe/codegen/generators/templates/shape_hex20.for,6520,,,no_umat_entry,"Fortran, but it declares no SUBROUTINE UMAT",umat_extension_for,,
tengzhang48/CoupFE,d55757ecedf04e18dbb5bdfce8dcdc20cb95d118,Apache-2.0,permissive,LICENSE (SPDX Apache-2.0 via the GitHub licence API),coupfe/codegen/generators/templates/shape_hex8.for,2767,,,no_umat_entry,"Fortran, but it declares no SUBROUTINE UMAT",umat_extension_for,,
tengzhang48/CoupFE,d55757ecedf04e18dbb5bdfce8dcdc20cb95d118,Apache-2.0,permissive,LICENSE (SPDX Apache-2.0 via the GitHub licence API),coupfe/codegen/generators/templates/shape_quad4.for,1759,,,no_umat_entry,"Fortran, but it declares no SUBROUTINE UMAT",umat_extension_for,,
tengzhang48/CoupFE,d55757ecedf04e18dbb5bdfce8dcdc20cb95d118,Apache-2.0,permissive,LICENSE (SPDX Apache-2.0 via the GitHub licence API),coupfe/codegen/generators/templates/shape_quad8.for,6209,,,no_umat_entry,"Fortran, but it declares no SUBROUTINE UMAT",umat_extension_for,,
tengzhang48/CoupFE,d55757ecedf04e18dbb5bdfce8dcdc20cb95d118,Apache-2.0,permissive,LICENSE (SPDX Apache-2.0 via the GitHub licence API),coupfe/codegen/generators/templates/shape_tet4.for,3316,,,no_umat_entry,"Fortran, but it declares no SUBROUTINE UMAT",umat_extension_for,,
tengzhang48/CoupFE,d55757ecedf04e18dbb5bdfce8dcdc20cb95d118,Apache-2.0,permissive,LICENSE (SPDX Apache-2.0 via the GitHub licence API),coupfe/codegen/generators/templates/tangent_identities.for,7538,,,no_umat_entry,"Fortran, but it declares no SUBROUTINE UMAT",umat_extension_for,,
tengzhang48/CoupFE,d55757ecedf04e18dbb5bdfce8dcdc20cb95d118,Apache-2.0,permissive,LICENSE (SPDX Apache-2.0 via the GitHub licence API),coupfe/codegen/generators/templates/tensor_ops.for,34292,,,no_umat_entry,"Fortran, but it declares no SUBROUTINE UMAT",umat_extension_for,,
tengzhang48/CoupFE,d55757ecedf04e18dbb5bdfce8dcdc20cb95d118,Apache-2.0,permissive,LICENSE (SPDX Apache-2.0 via the GitHub licence API),coupfe/runtime/drive_native.f90,3528,,,no_umat_entry,"Fortran, but it declares no SUBROUTINE UMAT",umat_extension_for,,
tengzhang48/CoupFE,d55757ecedf04e18dbb5bdfce8dcdc20cb95d118,Apache-2.0,permissive,LICENSE (SPDX Apache-2.0 via the GitHub licence API),coupfe/runtime/drive_native_r.f90,3250,,,no_umat_entry,"Fortran, but it declares no SUBROUTINE UMAT",umat_extension_for,,
tengzhang48/CoupFE,d55757ecedf04e18dbb5bdfce8dcdc20cb95d118,Apache-2.0,permissive,LICENSE (SPDX Apache-2.0 via the GitHub licence API),coupfe/runtime/drive_uel.f90,5888,,,no_umat_entry,"Fortran, but it declares no SUBROUTINE UMAT",umat_extension_for,,
tengzhang48/CoupFE,d55757ecedf04e18dbb5bdfce8dcdc20cb95d118,Apache-2.0,permissive,LICENSE (SPDX Apache-2.0 via the GitHub licence API),coupfe/runtime/elements/neo_hookean_hex8_fbar.for,87769,,,no_umat_entry,"Fortran, but it declares no SUBROUTINE UMAT",umat_extension_for,,
tengzhang48/CoupFE,d55757ecedf04e18dbb5bdfce8dcdc20cb95d118,Apache-2.0,permissive,LICENSE (SPDX Apache-2.0 via the GitHub licence API),coupfe/runtime/elements/neo_hookean_q4.for,68873,,,no_umat_entry,"Fortran, but it declares no SUBROUTINE UMAT",umat_extension_for,,
tengzhang48/CoupFE,d55757ecedf04e18dbb5bdfce8dcdc20cb95d118,Apache-2.0,permissive,LICENSE (SPDX Apache-2.0 via the GitHub licence API),coupfe/runtime/elements/neo_hookean_q4_fbar_native.for,73723,,,no_umat_entry,"Fortran, but it declares no SUBROUTINE UMAT",umat_extension_for,,
tengzhang48/CoupFE,d55757ecedf04e18dbb5bdfce8dcdc20cb95d118,Apache-2.0,permissive,LICENSE (SPDX Apache-2.0 via the GitHub licence API),coupfe/runtime/elements/neo_hookean_q4_native.for,70020,,,no_umat_entry,"Fortran, but it declares no SUBROUTINE UMAT",umat_extension_for,,
tengzhang48/CoupFE,d55757ecedf04e18dbb5bdfce8dcdc20cb95d118,Apache-2.0,permissive,LICENSE (SPDX Apache-2.0 via the GitHub licence API),examples/compression_cylinders/mr_fbar_q4.for,69686,,,no_umat_entry,"Fortran, but it declares no SUBROUTINE UMAT",umat_extension_for,,
tengzhang48/CoupFE,d55757ecedf04e18dbb5bdfce8dcdc20cb95d118,Apache-2.0,permissive,LICENSE (SPDX Apache-2.0 via the GitHub licence API),examples/compression_cylinders/neo_fbar_q4.for,68420,,,no_umat_entry,"Fortran, but it declares no SUBROUTINE UMAT",umat_extension_for,,
tengzhang48/CoupFE,d55757ecedf04e18dbb5bdfce8dcdc20cb95d118,Apache-2.0,permissive,LICENSE (SPDX Apache-2.0 via the GitHub licence API),examples/compression_cylinders/neo_std_q4.for,65563,,,no_umat_entry,"Fortran, but it declares no SUBROUTINE UMAT",umat_extension_for,,
tengzhang48/CoupFE,d55757ecedf04e18dbb5bdfce8dcdc20cb95d118,Apache-2.0,permissive,LICENSE (SPDX Apache-2.0 via the GitHub licence API),examples/compression_cylinders/neo_up_native_q4.for,61378,,,no_umat_entry,"Fortran, but it declares no SUBROUTINE UMAT",umat_extension_for,,
tengzhang48/CoupFE,d55757ecedf04e18dbb5bdfce8dcdc20cb95d118,Apache-2.0,permissive,LICENSE (SPDX Apache-2.0 via the GitHub licence API),examples/gel_chester_anand/u_p_mu_quad8/chester_anand_upmu_quad8_uel.for,88953,,,no_umat_entry,"Fortran, but it declares no SUBROUTINE UMAT",umat_extension_for,,
tengzhang48/CoupFE,d55757ecedf04e18dbb5bdfce8dcdc20cb95d118,Apache-2.0,permissive,LICENSE (SPDX Apache-2.0 via the GitHub licence API),examples/morphing_hex8/pressuregel_local_pressure_hex8.for,80613,,,no_umat_entry,"Fortran, but it declares no SUBROUTINE UMAT",umat_extension_for,,
tengzhang48/CoupFE,d55757ecedf04e18dbb5bdfce8dcdc20cb95d118,Apache-2.0,permissive,LICENSE (SPDX Apache-2.0 via the GitHub licence API),examples/neo_hookean_local_pressure_hex8/neohookean_up_hex8_uel.for,71965,,,no_umat_entry,"Fortran, but it declares no SUBROUTINE UMAT",umat_extension_for,,
tengzhang48/CoupFE,d55757ecedf04e18dbb5bdfce8dcdc20cb95d118,Apache-2.0,permissive,LICENSE (SPDX Apache-2.0 via the GitHub licence API),examples/neo_hookean_local_pressure_quad4/neohookean_up_q4_uel.for,61737,,,no_umat_entry,"Fortran, but it declares no SUBROUTINE UMAT",umat_extension_for,,
tengzhang48/CoupFE,d55757ecedf04e18dbb5bdfce8dcdc20cb95d118,Apache-2.0,permissive,LICENSE (SPDX Apache-2.0 via the GitHub licence API),examples/neo_hookean_mixed/neo_hookean_mixed_uel.for,76326,,,no_umat_entry,"Fortran, but it declares no SUBROUTINE UMAT",umat_extension_for,,
tengzhang48/CoupFE,d55757ecedf04e18dbb5bdfce8dcdc20cb95d118,Apache-2.0,permissive,LICENSE (SPDX Apache-2.0 via the GitHub licence API),examples/phasefield_corrosion_cui/phasefield_corrosion_cui_full_uel.for,109017,,,no_umat_entry,"Fortran, but it declares no SUBROUTINE UMAT",umat_extension_for,,
tengzhang48/CoupFE,d55757ecedf04e18dbb5bdfce8dcdc20cb95d118,Apache-2.0,permissive,LICENSE (SPDX Apache-2.0 via the GitHub licence API),examples/phasefield_fracture_uel/phasefield_fracture_uel.for,72333,,,no_umat_entry,"Fortran, but it declares no SUBROUTINE UMAT",umat_extension_for,,
tengzhang48/CoupFE,d55757ecedf04e18dbb5bdfce8dcdc20cb95d118,Apache-2.0,permissive,LICENSE (SPDX Apache-2.0 via the GitHub licence API),examples/simple_gel_quad4/simple_gel_quad4_uel.for,74594,,,no_umat_entry,"Fortran, but it declares no SUBROUTINE UMAT",umat_extension_for,,
tengzhang48/CoupFE,d55757ecedf04e18dbb5bdfce8dcdc20cb95d118,Apache-2.0,permissive,LICENSE (SPDX Apache-2.0 via the GitHub licence API),examples/small_strain_viscoelastic_umat/small_strain_viscoelastic.for,55621,0ff7fb02e84aae543bd41b62cee00db9a804b7c81d709683af99c7d642d9e57d,255d213240bbd1b5ec3873f10974ff2ad3e31539d6c81a5d2c934b38d7861b4a,already_known,"the same implementation as discovery_cache/tengzhang48__CoupFE/examples/small_strain_viscoelastic_umat/small_strain_viscoelastic.for, which this collection already counts",umat_extension_for,,
tengzhang48/CoupFE,d55757ecedf04e18dbb5bdfce8dcdc20cb95d118,Apache-2.0,permissive,LICENSE (SPDX Apache-2.0 via the GitHub licence API),examples/stabilized_tet4/scovazzi_block_tet4.for,82844,,,no_umat_entry,"Fortran, but it declares no SUBROUTINE UMAT",umat_extension_for,,
tengzhang48/CoupFE,d55757ecedf04e18dbb5bdfce8dcdc20cb95d118,Apache-2.0,permissive,LICENSE (SPDX Apache-2.0 via the GitHub licence API),examples/thermo_mechanics_quad8/thermo_mechanics_quad8_uel.for,81946,,,no_umat_entry,"Fortran, but it declares no SUBROUTINE UMAT",umat_extension_for,,
yangyLab/uelumat,,,,no LICENSE file detected by the GitHub API,,0,,,licence_absent,"no licence is declared, so nothing may be redistributed from it; a repository without a LICENSE file is refused, not assumed permissive; recorded and not fetched",umat_extension_for,,
AlexSTA1993/numerical_geolab,21ad30f9314caccf5262912b9b1cdb088e204e30,GPL-3.0,copyleft,LICENSE (SPDX GPL-3.0 via the GitHub licence API),numerical_geolab_materials/UMATERIALS/CAUCHY3D-DP-PR-TEMP/hyplast_material_Cauchy3D-DP-PR-TEMP.for,49690,,,no_umat_entry,"Fortran, but it declares no SUBROUTINE UMAT",aba_param_include,,
AlexSTA1993/numerical_geolab,21ad30f9314caccf5262912b9b1cdb088e204e30,GPL-3.0,copyleft,LICENSE (SPDX GPL-3.0 via the GitHub licence API),numerical_geolab_materials/UMATERIALS/CAUCHY3D-DP/hyplast_Cauchy3D-DP.for,7924,5be6566bab3ef4819ee401d719fd1d0f6560381a284547c7d85616e858b42af2,c8e365cbf54d301053576bbaef7632c2cfc250354894beb2050c129fc2474bd8,candidate,"distinct, licensed GPL-3.0 (copyleft), declares a UMAT entry point; not yet transformed or verified",aba_param_include,AlexSTA1993__numerical_geolab/numerical_geolab_materials/UMATERIALS/CAUCHY3D-DP/hyplast_Cauchy3D-DP.for,
AlexSTA1993/numerical_geolab,21ad30f9314caccf5262912b9b1cdb088e204e30,GPL-3.0,copyleft,LICENSE (SPDX GPL-3.0 via the GitHub licence API),numerical_geolab_materials/UMATERIALS/COSSERAT3D/hyplast_Cosserat3D.for,4742,,,no_umat_entry,"Fortran, but it declares no SUBROUTINE UMAT",aba_param_include,,
AlexSTA1993/numerical_geolab,21ad30f9314caccf5262912b9b1cdb088e204e30,GPL-3.0,copyleft,LICENSE (SPDX GPL-3.0 via the GitHub licence API),numerical_geolab_materials/UMATERIALS/CAUCHY3D-ASYMCAMCLAY/hyplast_Cauchy3D-Asym_CamClay.for,4683,,,no_umat_entry,"Fortran, but it declares no SUBROUTINE UMAT",aba_param_include,,
AlexSTA1993/numerical_geolab,21ad30f9314caccf5262912b9b1cdb088e204e30,GPL-3.0,copyleft,LICENSE (SPDX GPL-3.0 via the GitHub licence API),numerical_geolab_materials/UMATERIALS/CAUCHY3D-ASYMCAMCLAY/hyplast_material_Cauchy3D-Asym_CamClay.for,64165,,,no_umat_entry,"Fortran, but it declares no SUBROUTINE UMAT",aba_param_include,,
AlexSTA1993/numerical_geolab,21ad30f9314caccf5262912b9b1cdb088e204e30,GPL-3.0,copyleft,LICENSE (SPDX GPL-3.0 via the GitHub licence API),numerical_geolab_materials/UMATERIALS/CAUCHY3D-AUSSOIS-PR-TEMP/hyplast_CAUCHY3D-AUSSOIS-PR-TEMP.for,7262,,,no_umat_entry,"Fortran, but it declares no SUBROUTINE UMAT",aba_param_include,,
AlexSTA1993/numerical_geolab,21ad30f9314caccf5262912b9b1cdb088e204e30,GPL-3.0,copyleft,LICENSE (SPDX GPL-3.0 via the GitHub licence API),numerical_geolab_materials/UMATERIALS/CAUCHY3D-AUSSOIS-PR-TEMP/hyplast_material_CAUCHY3D-AUSSOIS-PR-TEMP.for,8616,,,no_umat_entry,"Fortran, but it declares no SUBROUTINE UMAT",aba_param_include,,
AlexSTA1993/numerical_geolab,21ad30f9314caccf5262912b9b1cdb088e204e30,GPL-3.0,copyleft,LICENSE (SPDX GPL-3.0 via the GitHub licence API),numerical_geolab_materials/UMATERIALS/CAUCHY3D-DP-PR-TEMP/hyplast_Cauchy3D-DP-PR-TEMP.for,7358,,,no_umat_entry,"Fortran, but it declares no SUBROUTINE UMAT",aba_param_include,,
AlexSTA1993/numerical_geolab,21ad30f9314caccf5262912b9b1cdb088e204e30,GPL-3.0,copyleft,LICENSE (SPDX GPL-3.0 via the GitHub licence API),numerical_geolab_materials/UMATERIALS/CAUCHY3D-DP/hyplast_material_Cauchy3D-DP.for,48377,,,no_umat_entry,"Fortran, but it declares no SUBROUTINE UMAT",aba_param_include,,
AlexSTA1993/numerical_geolab,21ad30f9314caccf5262912b9b1cdb088e204e30,GPL-3.0,copyleft,LICENSE (SPDX GPL-3.0 via the GitHub licence API),numerical_geolab_materials/UMATERIALS/CORE/V1_2018-07-13/hyplast_core.for,22688,,,no_umat_entry,"Fortran, but it declares no SUBROUTINE UMAT",aba_param_include,,
AlexSTA1993/numerical_geolab,21ad30f9314caccf5262912b9b1cdb088e204e30,GPL-3.0,copyleft,LICENSE (SPDX GPL-3.0 via the GitHub licence API),numerical_geolab_materials/UMATERIALS/CORE/V1_2019-01-06/hyplast_core.f90,30590,,,no_umat_entry,"Fortran, but it declares no SUBROUTINE UMAT",aba_param_include,,
AlexSTA1993/numerical_geolab,21ad30f9314caccf5262912b9b1cdb088e204e30,GPL-3.0,copyleft,LICENSE (SPDX GPL-3.0 via the GitHub licence API),numerical_geolab_materials/UMATERIALS/COSSERAT3D-THM/hyplast_Cosserat3D-THM.for,7186,,,no_umat_entry,"Fortran, but it declares no SUBROUTINE UMAT",aba_param_include,,
AlexSTA1993/numerical_geolab,21ad30f9314caccf5262912b9b1cdb088e204e30,GPL-3.0,copyleft,LICENSE (SPDX GPL-3.0 via the GitHub licence API),numerical_geolab_materials/UMATERIALS/COSSERAT3D-THM/hyplast_material_Cosserat3D-THM.for,1602706,,,no_umat_entry,"Fortran, but it declares no SUBROUTINE UMAT",aba_param_include,,
AlexSTA1993/numerical_geolab,21ad30f9314caccf5262912b9b1cdb088e204e30,GPL-3.0,copyleft,LICENSE (SPDX GPL-3.0 via the GitHub licence API),numerical_geolab_materials/UMATERIALS/COSSERAT3D/hyplast_material_Cosserat3D.for,1588505,,,no_umat_entry,"Fortran, but it declares no SUBROUTINE UMAT",aba_param_include,,
AmitexFFTP/AMITEX,,,,no LICENSE file detected by the GitHub API,,0,,,licence_absent,"no licence is declared, so nothing may be redistributed from it; a repository without a LICENSE file is refused, not assumed permissive; recorded and not fetched",subroutine_umat_ddsdde,,
BristolCompositesInstitute/RSE-Guide,,,,no LICENSE file detected by the GitHub API,,0,,,licence_absent,"no licence is declared, so nothing may be redistributed from it; a repository without a LICENSE file is refused, not assumed permissive; recorded and not fetched",aba_param_include,,
Gaoliu19910601/Uintah_NTNU,afd2057d07ef2ac37c317ae88da778e1021200dc,MIT,permissive,LICENSE (SPDX MIT via the GitHub licence API),src/CCA/Components/MPM/Materials/ConstitutiveModel/PortableTongeRamesh/TongeRameshPTRCalcs/UMATTR.cc,29084,,,no_umat_entry,"Fortran, but it declares no SUBROUTINE UMAT",ddsdde_statev_nprops,,
Gaoliu19910601/Uintah_NTNU,afd2057d07ef2ac37c317ae88da778e1021200dc,MIT,permissive,LICENSE (SPDX MIT via the GitHub licence API),src/CCA/Components/Arches/Attic/fortran/add_mm_enth_src.F,3613,,,no_umat_entry,"Fortran, but it declares no SUBROUTINE UMAT",ddsdde_statev_nprops,,
Gaoliu19910601/Uintah_NTNU,afd2057d07ef2ac37c317ae88da778e1021200dc,MIT,permissive,LICENSE (SPDX MIT via the GitHub licence API),src/CCA/Components/Arches/Attic/fortran/apcal_all.F,2117,,,no_umat_entry,"Fortran, but it declares no SUBROUTINE UMAT",ddsdde_statev_nprops,,
Gaoliu19910601/Uintah_NTNU,afd2057d07ef2ac37c317ae88da778e1021200dc,MIT,permissive,LICENSE (SPDX MIT via the GitHub licence API),src/CCA/Components/Arches/Attic/fortran/areain.F,4895,,,no_umat_entry,"Fortran, but it declares no SUBROUTINE UMAT",ddsdde_statev_nprops,,
Gaoliu19910601/Uintah_NTNU,afd2057d07ef2ac37c317ae88da778e1021200dc,MIT,permissive,LICENSE (SPDX MIT via the GitHub licence API),src/CCA/Components/Arches/Attic/fortran/bcscalar.F,3722,,,no_umat_entry,"Fortran, but it declares no SUBROUTINE UMAT",ddsdde_statev_nprops,,
Gaoliu19910601/Uintah_NTNU,afd2057d07ef2ac37c317ae88da778e1021200dc,MIT,permissive,LICENSE (SPDX MIT via the GitHub licence API),src/CCA/Components/Arches/Attic/fortran/bcuvel.F,4183,,,no_umat_entry,"Fortran, but it declares no SUBROUTINE UMAT",ddsdde_statev_nprops,,
Gaoliu19910601/Uintah_NTNU,afd2057d07ef2ac37c317ae88da778e1021200dc,MIT,permissive,LICENSE (SPDX MIT via the GitHub licence API),src/CCA/Components/Arches/Attic/fortran/bcvvel.F,3995,,,no_umat_entry,"Fortran, but it declares no SUBROUTINE UMAT",ddsdde_statev_nprops,,
Gaoliu19910601/Uintah_NTNU,afd2057d07ef2ac37c317ae88da778e1021200dc,MIT,permissive,LICENSE (SPDX MIT via the GitHub licence API),src/CCA/Components/Arches/Attic/fortran/bcwvel.F,3998,,,no_umat_entry,"Fortran, but it declares no SUBROUTINE UMAT",ddsdde_statev_nprops,,
Gaoliu19910601/Uintah_NTNU,afd2057d07ef2ac37c317ae88da778e1021200dc,MIT,permissive,LICENSE (SPDX MIT via the GitHub licence API),src/CCA/Components/Arches/Attic/fortran/celltypeInit.F,3308,,,no_umat_entry,"Fortran, but it declares no SUBROUTINE UMAT",ddsdde_statev_nprops,,
Gaoliu19910601/Uintah_NTNU,afd2057d07ef2ac37c317ae88da778e1021200dc,MIT,permissive,LICENSE (SPDX MIT via the GitHub licence API),src/CCA/Components/Arches/Attic/fortran/enthalpyradthinsrc.F,1912,,,no_umat_entry,"Fortran, but it declares no SUBROUTINE UMAT",ddsdde_statev_nprops,,
Gaoliu19910601/Uintah_NTNU,afd2057d07ef2ac37c317ae88da778e1021200dc,MIT,permissive,LICENSE (SPDX MIT via the GitHub licence API),src/CCA/Components/Arches/Attic/fortran/explicit_scalar.F,3192,,,no_umat_entry,"Fortran, but it declares no SUBROUTINE UMAT",ddsdde_statev_nprops,,
Gaoliu19910601/Uintah_NTNU,afd2057d07ef2ac37c317ae88da778e1021200dc,MIT,permissive,LICENSE (SPDX MIT via the GitHub licence API),src/CCA/Components/Arches/Attic/fortran/get_ramping_factor.F,1279,,,no_umat_entry,"Fortran, but it declares no SUBROUTINE UMAT",ddsdde_statev_nprops,,
Gaoliu19910601/Uintah_NTNU,afd2057d07ef2ac37c317ae88da778e1021200dc,MIT,permissive,LICENSE (SPDX MIT via the GitHub licence API),src/CCA/Components/Arches/Attic/fortran/inlbcs.F,6338,,,no_umat_entry,"Fortran, but it declares no SUBROUTINE UMAT",ddsdde_statev_nprops,,
Gaoliu19910601/Uintah_NTNU,afd2057d07ef2ac37c317ae88da778e1021200dc,MIT,permissive,LICENSE (SPDX MIT via the GitHub licence API),src/CCA/Components/Arches/Attic/fortran/inlpresbcinout.F,7660,,,no_umat_entry,"Fortran, but it declares no SUBROUTINE UMAT",ddsdde_statev_nprops,,
Gaoliu19910601/Uintah_NTNU,afd2057d07ef2ac37c317ae88da778e1021200dc,MIT,permissive,LICENSE (SPDX MIT via the GitHub licence API),src/CCA/Components/Arches/Attic/fortran/mmcelltypeinit.F,3382,,,no_umat_entry,"Fortran, but it declares no SUBROUTINE UMAT",ddsdde_statev_nprops,,
Gaoliu19910601/Uintah_NTNU,afd2057d07ef2ac37c317ae88da778e1021200dc,MIT,permissive,LICENSE (SPDX MIT via the GitHub licence API),src/CCA/Components/Arches/Attic/fortran/mmwallbc.F,3542,,,no_umat_entry,"Fortran, but it declares no SUBROUTINE UMAT",ddsdde_statev_nprops,,
Gaoliu19910601/Uintah_NTNU,afd2057d07ef2ac37c317ae88da778e1021200dc,MIT,permissive,LICENSE (SPDX MIT via the GitHub licence API),src/CCA/Components/Arches/Attic/fortran/profscalar.F,3513,,,no_umat_entry,"Fortran, but it declares no SUBROUTINE UMAT",ddsdde_statev_nprops,,
Gaoliu19910601/Uintah_NTNU,afd2057d07ef2ac37c317ae88da778e1021200dc,MIT,permissive,LICENSE (SPDX MIT via the GitHub licence API),src/CCA/Components/Arches/Attic/fortran/scalarvarmodel.F,3863,,,no_umat_entry,"Fortran, but it declares no SUBROUTINE UMAT",ddsdde_statev_nprops,,
Gaoliu19910601/Uintah_NTNU,afd2057d07ef2ac37c317ae88da778e1021200dc,MIT,permissive,LICENSE (SPDX MIT via the GitHub licence API),src/CCA/Components/Arches/Attic/fortran/scalcoef.F,13710,,,no_umat_entry,"Fortran, but it declares no SUBROUTINE UMAT",ddsdde_statev_nprops,,
Gaoliu19910601/Uintah_NTNU,afd2057d07ef2ac37c317ae88da778e1021200dc,MIT,permissive,LICENSE (SPDX MIT via the GitHub licence API),src/CCA/Components/Arches/Attic/fortran/scalsrc.F,2017,,,no_umat_entry,"Fortran, but it declares no SUBROUTINE UMAT",ddsdde_statev_nprops,,
Gaoliu19910601/Uintah_NTNU,afd2057d07ef2ac37c317ae88da778e1021200dc,MIT,permissive,LICENSE (SPDX MIT via the GitHub licence API),src/CCA/Components/Arches/Attic/intrusion_computevel.F,2241,,,no_umat_entry,"Fortran, but it declares no SUBROUTINE UMAT",ddsdde_statev_nprops,,
Gaoliu19910601/Uintah_NTNU,afd2057d07ef2ac37c317ae88da778e1021200dc,MIT,permissive,LICENSE (SPDX MIT via the GitHub licence API),src/CCA/Components/Arches/Attic/mmbcenthalpy_energyex.F,4208,,,no_umat_entry,"Fortran, but it declares no SUBROUTINE UMAT",ddsdde_statev_nprops,,
Gaoliu19910601/Uintah_NTNU,afd2057d07ef2ac37c317ae88da778e1021200dc,MIT,permissive,LICENSE (SPDX MIT via the GitHub licence API),src/CCA/Components/Arches/Attic/mmbcvelocity_momex.F,4593,,,no_umat_entry,"Fortran, but it declares no SUBROUTINE UMAT",ddsdde_statev_nprops,,
Gaoliu19910601/Uintah_NTNU,afd2057d07ef2ac37c317ae88da778e1021200dc,MIT,permissive,LICENSE (SPDX MIT via the GitHub licence API),src/CCA/Components/Arches/Attic/mmwallbc_trans.F,3704,,,no_umat_entry,"Fortran, but it declares no SUBROUTINE UMAT",ddsdde_statev_nprops,,
Gaoliu19910601/Uintah_NTNU,afd2057d07ef2ac37c317ae88da778e1021200dc,MIT,permissive,LICENSE (SPDX MIT via the GitHub licence API),src/CCA/Components/Arches/CoalModels/fortran/planck.f,3089,,,no_umat_entry,"Fortran, but it declares no SUBROUTINE UMAT",ddsdde_statev_nprops,,
Gaoliu19910601/Uintah_NTNU,afd2057d07ef2ac37c317ae88da778e1021200dc,MIT,permissive,LICENSE (SPDX MIT via the GitHub licence API),src/CCA/Components/Arches/CoalModels/fortran/rmie.f,3284,,,no_umat_entry,"Fortran, but it declares no SUBROUTINE UMAT",ddsdde_statev_nprops,,
Gaoliu19910601/Uintah_NTNU,afd2057d07ef2ac37c317ae88da778e1021200dc,MIT,permissive,LICENSE (SPDX MIT via the GitHub licence API),src/CCA/Components/Arches/CoalModels/fortran/rossel.f,3732,,,no_umat_entry,"Fortran, but it declares no SUBROUTINE UMAT",ddsdde_statev_nprops,,
Gaoliu19910601/Uintah_NTNU,afd2057d07ef2ac37c317ae88da778e1021200dc,MIT,permissive,LICENSE (SPDX MIT via the GitHub licence API),src/CCA/Components/Arches/CoalModels/fortran/rqash.f,6843,,,no_umat_entry,"Fortran, but it declares no SUBROUTINE UMAT",ddsdde_statev_nprops,,
Gaoliu19910601/Uintah_NTNU,afd2057d07ef2ac37c317ae88da778e1021200dc,MIT,permissive,LICENSE (SPDX MIT via the GitHub licence API),src/CCA/Components/Arches/CoalModels/fortran/rqcoal.f,4163,,,no_umat_entry,"Fortran, but it declares no SUBROUTINE UMAT",ddsdde_statev_nprops,,
Gaoliu19910601/Uintah_NTNU,afd2057d07ef2ac37c317ae88da778e1021200dc,MIT,permissive,LICENSE (SPDX MIT via the GitHub licence API),src/CCA/Components/Arches/CoalModels/fortran/rqpart.F,3063,,,no_umat_entry,"Fortran, but it declares no SUBROUTINE UMAT",ddsdde_statev_nprops,,
Gaoliu19910601/Uintah_NTNU,afd2057d07ef2ac37c317ae88da778e1021200dc,MIT,permissive,LICENSE (SPDX MIT via the GitHub licence API),src/CCA/Components/Arches/Radiation/fortran/eco.F,2793,,,no_umat_entry,"Fortran, but it declares no SUBROUTINE UMAT",ddsdde_statev_nprops,,
Gaoliu19910601/Uintah_NTNU,afd2057d07ef2ac37c317ae88da778e1021200dc,MIT,permissive,LICENSE (SPDX MIT via the GitHub licence API),src/CCA/Components/Arches/Radiation/fortran/eco2.F,8947,,,no_umat_entry,"Fortran, but it declares no SUBROUTINE UMAT",ddsdde_statev_nprops,,
Gaoliu19910601/Uintah_NTNU,afd2057d07ef2ac37c317ae88da778e1021200dc,MIT,permissive,LICENSE (SPDX MIT via the GitHub licence API),src/CCA/Components/Arches/Radiation/fortran/efuel.F,4368,,,no_umat_entry,"Fortran, but it declares no SUBROUTINE UMAT",ddsdde_statev_nprops,,
Gaoliu19910601/Uintah_NTNU,afd2057d07ef2ac37c317ae88da778e1021200dc,MIT,permissive,LICENSE (SPDX MIT via the GitHub licence API),src/CCA/Components/Arches/Radiation/fortran/eh2o.F,2394,,,no_umat_entry,"Fortran, but it declares no SUBROUTINE UMAT",ddsdde_statev_nprops,,
Gaoliu19910601/Uintah_NTNU,afd2057d07ef2ac37c317ae88da778e1021200dc,MIT,permissive,LICENSE (SPDX MIT via the GitHub licence API),src/CCA/Components/Arches/Radiation/fortran/eico2.F,2356,,,no_umat_entry,"Fortran, but it declares no SUBROUTINE UMAT",ddsdde_statev_nprops,,
Gaoliu19910601/Uintah_NTNU,afd2057d07ef2ac37c317ae88da778e1021200dc,MIT,permissive,LICENSE (SPDX MIT via the GitHub licence API),src/CCA/Components/Arches/Radiation/fortran/eih2o.F,2109,,,no_umat_entry,"Fortran, but it declares no SUBROUTINE UMAT",ddsdde_statev_nprops,,
Gaoliu19910601/Uintah_NTNU,afd2057d07ef2ac37c317ae88da778e1021200dc,MIT,permissive,LICENSE (SPDX MIT via the GitHub licence API),src/CCA/Components/Arches/Radiation/fortran/find.F,1624,,,no_umat_entry,"Fortran, but it declares no SUBROUTINE UMAT",ddsdde_statev_nprops,,
Gaoliu19910601/Uintah_NTNU,afd2057d07ef2ac37c317ae88da778e1021200dc,MIT,permissive,LICENSE (SPDX MIT via the GitHub licence API),src/CCA/Components/Arches/Radiation/fortran/fixradval.F,2967,,,no_umat_entry,"Fortran, but it declares no SUBROUTINE UMAT",ddsdde_statev_nprops,,
Gaoliu19910601/Uintah_NTNU,afd2057d07ef2ac37c317ae88da778e1021200dc,MIT,permissive,LICENSE (SPDX MIT via the GitHub licence API),src/CCA/Components/Arches/Radiation/fortran/hottel.F,9287,,,no_umat_entry,"Fortran, but it declares no SUBROUTINE UMAT",ddsdde_statev_nprops,,
Gaoliu19910601/Uintah_NTNU,afd2057d07ef2ac37c317ae88da778e1021200dc,MIT,permissive,LICENSE (SPDX MIT via the GitHub licence API),src/CCA/Components/Arches/Radiation/fortran/radarray.F,2139,,,no_umat_entry,"Fortran, but it declares no SUBROUTINE UMAT",ddsdde_statev_nprops,,
Gaoliu19910601/Uintah_NTNU,afd2057d07ef2ac37c317ae88da778e1021200dc,MIT,permissive,LICENSE (SPDX MIT via the GitHub licence API),,0,,,not_examined,stopped after 40 files from this repository; 60 not read,ddsdde_statev_nprops,,
IllinoisRocstar/Rocstar-legacy,4fa69deac4fdaff6b20ed21012bf4089e97d6c37,MIT,permissive,LICENSE (SPDX MIT inferred from the licence text; GitHub's API reported no identifier for this file),Rocfrac/Source/v3d8_me.f90,60953,,,no_umat_entry,"Fortran, but it declares no SUBROUTINE UMAT",aba_param_include,,
IllinoisRocstar/Rocstar-legacy,4fa69deac4fdaff6b20ed21012bf4089e97d6c37,MIT,permissive,LICENSE (SPDX MIT inferred from the licence text; GitHub's API reported no identifier for this file),Rocfrac/SourceIMP/Source/v3d8_me.f90,60953,,,no_umat_entry,"Fortran, but it declares no SUBROUTINE UMAT",aba_param_include,,
IllinoisRocstar/Rocstar-legacy,4fa69deac4fdaff6b20ed21012bf4089e97d6c37,MIT,permissive,LICENSE (SPDX MIT inferred from the licence text; GitHub's API reported no identifier for this file),Rocburn/01.burn_interface_data.f90,5163,,,no_umat_entry,"Fortran, but it declares no SUBROUTINE UMAT",aba_param_include,,
IllinoisRocstar/Rocstar-legacy,4fa69deac4fdaff6b20ed21012bf4089e97d6c37,MIT,permissive,LICENSE (SPDX MIT inferred from the licence text; GitHub's API reported no identifier for this file),Rocburn/Rocburn_APN/02.burn_APN_global_data.f90,2779,,,no_umat_entry,"Fortran, but it declares no SUBROUTINE UMAT",aba_param_include,,
IllinoisRocstar/Rocstar-legacy,4fa69deac4fdaff6b20ed21012bf4089e97d6c37,MIT,permissive,LICENSE (SPDX MIT inferred from the licence text; GitHub's API reported no identifier for this file),Rocburn/Rocburn_APN/APN_input_0d.f90,5555,,,no_umat_entry,"Fortran, but it declares no SUBROUTINE UMAT",aba_param_include,,
IllinoisRocstar/Rocstar-legacy,4fa69deac4fdaff6b20ed21012bf4089e97d6c37,MIT,permissive,LICENSE (SPDX MIT inferred from the licence text; GitHub's API reported no identifier for this file),Rocburn/Rocburn_APN/Rocburn_1D_APN.f90,7139,,,no_umat_entry,"Fortran, but it declares no SUBROUTINE UMAT",aba_param_include,,
IllinoisRocstar/Rocstar-legacy,4fa69deac4fdaff6b20ed21012bf4089e97d6c37,MIT,permissive,LICENSE (SPDX MIT inferred from the licence text; GitHub's API reported no identifier for this file),Rocburn/Rocburn_PY/Rocburn_py.f90,1940,,,no_umat_entry,"Fortran, but it declares no SUBROUTINE UMAT",aba_param_include,,
IllinoisRocstar/Rocstar-legacy,4fa69deac4fdaff6b20ed21012bf4089e97d6c37,MIT,permissive,LICENSE (SPDX MIT inferred from the licence text; GitHub's API reported no identifier for this file),Rocburn/Rocburn_PY/data_py.f90,9310,,,no_umat_entry,"Fortran, but it declares no SUBROUTINE UMAT",aba_param_include,,
IllinoisRocstar/Rocstar-legacy,4fa69deac4fdaff6b20ed21012bf4089e97d6c37,MIT,permissive,LICENSE (SPDX MIT inferred from the licence text; GitHub's API reported no identifier for this file),Rocburn/Rocburn_PY/init_py.f90,6157,,,no_umat_entry,"Fortran, but it declares no SUBROUTINE UMAT",aba_param_include,,
IllinoisRocstar/Rocstar-legacy,4fa69deac4fdaff6b20ed21012bf4089e97d6c37,MIT,permissive,LICENSE (SPDX MIT inferred from the licence text; GitHub's API reported no identifier for this file),Rocburn/Rocburn_PY/setup_py.f90,20505,,,no_umat_entry,"Fortran, but it declares no SUBROUTINE UMAT",aba_param_include,,
IllinoisRocstar/Rocstar-legacy,4fa69deac4fdaff6b20ed21012bf4089e97d6c37,MIT,permissive,LICENSE (SPDX MIT inferred from the licence text; GitHub's API reported no identifier for this file),Rocburn/Rocburn_PY/test/rocburn_2D.f90,3322,,,no_umat_entry,"Fortran, but it declares no SUBROUTINE UMAT",aba_param_include,,
IllinoisRocstar/Rocstar-legacy,4fa69deac4fdaff6b20ed21012bf4089e97d6c37,MIT,permissive,LICENSE (SPDX MIT inferred from the licence text; GitHub's API reported no identifier for this file),Rocburn/Rocburn_PY/update_py.f90,9776,,,no_umat_entry,"Fortran, but it declares no SUBROUTINE UMAT",aba_param_include,,
IllinoisRocstar/Rocstar-legacy,4fa69deac4fdaff6b20ed21012bf4089e97d6c37,MIT,permissive,LICENSE (SPDX MIT inferred from the licence text; GitHub's API reported no identifier for this file),Rocburn/Rocburn_ZN/02.burn_ZN_global_data.f90,3195,,,no_umat_entry,"Fortran, but it declares no SUBROUTINE UMAT",aba_param_include,,
IllinoisRocstar/Rocstar-legacy,4fa69deac4fdaff6b20ed21012bf4089e97d6c37,MIT,permissive,LICENSE (SPDX MIT inferred from the licence text; GitHub's API reported no identifier for this file),Rocburn/Rocburn_ZN/Rocburn_1D_ZN.f90,11971,,,no_umat_entry,"Fortran, but it declares no SUBROUTINE UMAT",aba_param_include,,
IllinoisRocstar/Rocstar-legacy,4fa69deac4fdaff6b20ed21012bf4089e97d6c37,MIT,permissive,LICENSE (SPDX MIT inferred from the licence text; GitHub's API reported no identifier for this file),Rocburn/Rocburn_ZN/ZN_burn_combustion.f,20449,,,no_umat_entry,"Fortran, but it declares no SUBROUTINE UMAT",aba_param_include,,
IllinoisRocstar/Rocstar-legacy,4fa69deac4fdaff6b20ed21012bf4089e97d6c37,MIT,permissive,LICENSE (SPDX MIT inferred from the licence text; GitHub's API reported no identifier for this file),Rocburn/Rocburn_ZN/ZN_calc_burning_rate.f90,19210,,,no_umat_entry,"Fortran, but it declares no SUBROUTINE UMAT",aba_param_include,,
IllinoisRocstar/Rocstar-legacy,4fa69deac4fdaff6b20ed21012bf4089e97d6c37,MIT,permissive,LICENSE (SPDX MIT inferred from the licence text; GitHub's API reported no identifier for this file),Rocburn/Rocburn_ZN/ZN_gen_grid.f90,4884,,,no_umat_entry,"Fortran, but it declares no SUBROUTINE UMAT",aba_param_include,,
IllinoisRocstar/Rocstar-legacy,4fa69deac4fdaff6b20ed21012bf4089e97d6c37,MIT,permissive,LICENSE (SPDX MIT inferred from the licence text; GitHub's API reported no identifier for this file),Rocburn/Rocburn_ZN/ZN_ignition_combustion.f,14370,,,no_umat_entry,"Fortran, but it declares no SUBROUTINE UMAT",aba_param_include,,
IllinoisRocstar/Rocstar-legacy,4fa69deac4fdaff6b20ed21012bf4089e97d6c37,MIT,permissive,LICENSE (SPDX MIT inferred from the licence text; GitHub's API reported no identifier for this file),Rocburn/Rocburn_ZN/ZN_input_0d.f90,6940,,,no_umat_entry,"Fortran, but it declares no SUBROUTINE UMAT",aba_param_include,,
IllinoisRocstar/Rocstar-legacy,4fa69deac4fdaff6b20ed21012bf4089e97d6c37,MIT,permissive,LICENSE (SPDX MIT inferred from the licence text; GitHub's API reported no identifier for this file),Rocburn/Rocburn_ZN/ZN_ssWSB.f90,15107,,,no_umat_entry,"Fortran, but it declares no SUBROUTINE UMAT",aba_param_include,,
IllinoisRocstar/Rocstar-legacy,4fa69deac4fdaff6b20ed21012bf4089e97d6c37,MIT,permissive,LICENSE (SPDX MIT inferred from the licence text; GitHub's API reported no identifier for this file),Rocburn/Rocburn_ZN/input_combustion.f,14881,,,no_umat_entry,"Fortran, but it declares no SUBROUTINE UMAT",aba_param_include,,
IllinoisRocstar/Rocstar-legacy,4fa69deac4fdaff6b20ed21012bf4089e97d6c37,MIT,permissive,LICENSE (SPDX MIT inferred from the licence text; GitHub's API reported no identifier for this file),Rocburn/Rocburn_load_module.f90,9068,,,no_umat_entry,"Fortran, but it declares no SUBROUTINE UMAT",aba_param_include,,
IllinoisRocstar/Rocstar-legacy,4fa69deac4fdaff6b20ed21012bf4089e97d6c37,MIT,permissive,LICENSE (SPDX MIT inferred from the licence text; GitHub's API reported no identifier for this file),Rocburn/calcdist.f90,1984,,,no_umat_entry,"Fortran, but it declares no SUBROUTINE UMAT",aba_param_include,,
IllinoisRocstar/Rocstar-legacy,4fa69deac4fdaff6b20ed21012bf4089e97d6c37,MIT,permissive,LICENSE (SPDX MIT inferred from the licence text; GitHub's API reported no identifier for this file),Rocburn/rocburn_2D.f90,23390,,,no_umat_entry,"Fortran, but it declares no SUBROUTINE UMAT",aba_param_include,,
IllinoisRocstar/Rocstar-legacy,4fa69deac4fdaff6b20ed21012bf4089e97d6c37,MIT,permissive,LICENSE (SPDX MIT inferred from the licence text; GitHub's API reported no identifier for this file),Roccom/Rocin/test/readsdv.f90,3307,,,no_umat_entry,"Fortran, but it declares no SUBROUTINE UMAT",aba_param_include,,
IllinoisRocstar/Rocstar-legacy,4fa69deac4fdaff6b20ed21012bf4089e97d6c37,MIT,permissive,LICENSE (SPDX MIT inferred from the licence text; GitHub's API reported no identifier for this file),Roccom/src/m_pointers.f90,2139,,,no_umat_entry,"Fortran, but it declares no SUBROUTINE UMAT",aba_param_include,,
IllinoisRocstar/Rocstar-legacy,4fa69deac4fdaff6b20ed21012bf4089e97d6c37,MIT,permissive,LICENSE (SPDX MIT inferred from the licence text; GitHub's API reported no identifier for this file),Roccom/src/utilities.f90,14355,,,no_umat_entry,"Fortran, but it declares no SUBROUTINE UMAT",aba_param_include,,
IllinoisRocstar/Rocstar-legacy,4fa69deac4fdaff6b20ed21012bf4089e97d6c37,MIT,permissive,LICENSE (SPDX MIT inferred from the licence text; GitHub's API reported no identifier for this file),RocfluidMP/TEMPLATE.F90,3320,,,no_umat_entry,"Fortran, but it declares no SUBROUTINE UMAT",aba_param_include,,
IllinoisRocstar/Rocstar-legacy,4fa69deac4fdaff6b20ed21012bf4089e97d6c37,MIT,permissive,LICENSE (SPDX MIT inferred from the licence text; GitHub's API reported no identifier for this file),RocfluidMP/libflo/RFLO_ArcLengthBounds.F90,6027,,,no_umat_entry,"Fortran, but it declares no SUBROUTINE UMAT",aba_param_include,,
IllinoisRocstar/Rocstar-legacy,4fa69deac4fdaff6b20ed21012bf4089e97d6c37,MIT,permissive,LICENSE (SPDX MIT inferred from the licence text; GitHub's API reported no identifier for this file),RocfluidMP/libflo/RFLO_BoundaryDeformation.F90,12096,,,no_umat_entry,"Fortran, but it declares no SUBROUTINE UMAT",aba_param_include,,
IllinoisRocstar/Rocstar-legacy,4fa69deac4fdaff6b20ed21012bf4089e97d6c37,MIT,permissive,LICENSE (SPDX MIT inferred from the licence text; GitHub's API reported no identifier for this file),RocfluidMP/libflo/RFLO_CalcCellCentroids.F90,5974,,,no_umat_entry,"Fortran, but it declares no SUBROUTINE UMAT",aba_param_include,,
IllinoisRocstar/Rocstar-legacy,4fa69deac4fdaff6b20ed21012bf4089e97d6c37,MIT,permissive,LICENSE (SPDX MIT inferred from the licence text; GitHub's API reported no identifier for this file),RocfluidMP/libflo/RFLO_CalcFaceCentroids.F90,8298,,,no_umat_entry,"Fortran, but it declares no SUBROUTINE UMAT",aba_param_include,,
IllinoisRocstar/Rocstar-legacy,4fa69deac4fdaff6b20ed21012bf4089e97d6c37,MIT,permissive,LICENSE (SPDX MIT inferred from the licence text; GitHub's API reported no identifier for this file),RocfluidMP/libflo/RFLO_CalcGradConnBc.F90,24753,,,no_umat_entry,"Fortran, but it declares no SUBROUTINE UMAT",aba_param_include,,
IllinoisRocstar/Rocstar-legacy,4fa69deac4fdaff6b20ed21012bf4089e97d6c37,MIT,permissive,LICENSE (SPDX MIT inferred from the licence text; GitHub's API reported no identifier for this file),RocfluidMP/libflo/RFLO_CalcGradDummy.F90,7955,,,no_umat_entry,"Fortran, but it declares no SUBROUTINE UMAT",aba_param_include,,
IllinoisRocstar/Rocstar-legacy,4fa69deac4fdaff6b20ed21012bf4089e97d6c37,MIT,permissive,LICENSE (SPDX MIT inferred from the licence text; GitHub's API reported no identifier for this file),RocfluidMP/libflo/RFLO_CalcGradDummyConn.F90,7080,,,no_umat_entry,"Fortran, but it declares no SUBROUTINE UMAT",aba_param_include,,
IllinoisRocstar/Rocstar-legacy,4fa69deac4fdaff6b20ed21012bf4089e97d6c37,MIT,permissive,LICENSE (SPDX MIT inferred from the licence text; GitHub's API reported no identifier for this file),RocfluidMP/libflo/RFLO_CalcGradDummyPhys.F90,7040,,,no_umat_entry,"Fortran, but it declares no SUBROUTINE UMAT",aba_param_include,,
IllinoisRocstar/Rocstar-legacy,4fa69deac4fdaff6b20ed21012bf4089e97d6c37,MIT,permissive,LICENSE (SPDX MIT inferred from the licence text; GitHub's API reported no identifier for this file),RocfluidMP/libflo/RFLO_CalcGradDummySymm.F90,12462,,,no_umat_entry,"Fortran, but it declares no SUBROUTINE UMAT",aba_param_include,,
IllinoisRocstar/Rocstar-legacy,4fa69deac4fdaff6b20ed21012bf4089e97d6c37,MIT,permissive,LICENSE (SPDX MIT inferred from the licence text; GitHub's API reported no identifier for this file),RocfluidMP/libflo/RFLO_CalcGradFaces.F90,19197,,,no_umat_entry,"Fortran, but it declares no SUBROUTINE UMAT",aba_param_include,,
IllinoisRocstar/Rocstar-legacy,4fa69deac4fdaff6b20ed21012bf4089e97d6c37,MIT,permissive,LICENSE (SPDX MIT inferred from the licence text; GitHub's API reported no identifier for this file),RocfluidMP/libflo/RFLO_CalcGradPhysBc.F90,12260,,,no_umat_entry,"Fortran, but it declares no SUBROUTINE UMAT",aba_param_include,,
IllinoisRocstar/Rocstar-legacy,4fa69deac4fdaff6b20ed21012bf4089e97d6c37,MIT,permissive,LICENSE (SPDX MIT inferred from the licence text; GitHub's API reported no identifier for this file),RocfluidMP/libflo/RFLO_CalcGradVector.F90,14107,,,no_umat_entry,"Fortran, but it declares no SUBROUTINE UMAT",aba_param_include,,
IllinoisRocstar/Rocstar-legacy,4fa69deac4fdaff6b20ed21012bf4089e97d6c37,MIT,permissive,LICENSE (SPDX MIT inferred from the licence text; GitHub's API reported no identifier for this file),,0,,,not_examined,stopped after 40 files from this repository; 1635 not read,aba_param_include,,
IllinoisRocstar/RocstarBasement,4b2f8d84c1247884edfefbc350d1487583ffb158,MIT,permissive,LICENSE (SPDX MIT inferred from the licence text; GitHub's API reported no identifier for this file),Rocfrac/Source/v3d8_me.f90,60953,,,no_umat_entry,"Fortran, but it declares no SUBROUTINE UMAT",aba_param_include,,
IllinoisRocstar/RocstarBasement,4b2f8d84c1247884edfefbc350d1487583ffb158,MIT,permissive,LICENSE (SPDX MIT inferred from the licence text; GitHub's API reported no identifier for this file),Rocfrac/SourceIMP/Source/v3d8_me.f90,60953,,,no_umat_entry,"Fortran, but it declares no SUBROUTINE UMAT",aba_param_include,,
IllinoisRocstar/RocstarBasement,4b2f8d84c1247884edfefbc350d1487583ffb158,MIT,permissive,LICENSE (SPDX MIT inferred from the licence text; GitHub's API reported no identifier for this file),Rocburn/01.burn_interface_data.f90,5163,,,no_umat_entry,"Fortran, but it declares no SUBROUTINE UMAT",aba_param_include,,
IllinoisRocstar/RocstarBasement,4b2f8d84c1247884edfefbc350d1487583ffb158,MIT,permissive,LICENSE (SPDX MIT inferred from the licence text; GitHub's API reported no identifier for this file),Rocburn/Rocburn_APN/02.burn_APN_global_data.f90,2779,,,no_umat_entry,"Fortran, but it declares no SUBROUTINE UMAT",aba_param_include,,
IllinoisRocstar/RocstarBasement,4b2f8d84c1247884edfefbc350d1487583ffb158,MIT,permissive,LICENSE (SPDX MIT inferred from the licence text; GitHub's API reported no identifier for this file),Rocburn/Rocburn_APN/APN_input_0d.f90,5555,,,no_umat_entry,"Fortran, but it declares no SUBROUTINE UMAT",aba_param_include,,
IllinoisRocstar/RocstarBasement,4b2f8d84c1247884edfefbc350d1487583ffb158,MIT,permissive,LICENSE (SPDX MIT inferred from the licence text; GitHub's API reported no identifier for this file),Rocburn/Rocburn_APN/Rocburn_1D_APN.f90,7139,,,no_umat_entry,"Fortran, but it declares no SUBROUTINE UMAT",aba_param_include,,
IllinoisRocstar/RocstarBasement,4b2f8d84c1247884edfefbc350d1487583ffb158,MIT,permissive,LICENSE (SPDX MIT inferred from the licence text; GitHub's API reported no identifier for this file),Rocburn/Rocburn_PY/Rocburn_py.f90,1940,,,no_umat_entry,"Fortran, but it declares no SUBROUTINE UMAT",aba_param_include,,
IllinoisRocstar/RocstarBasement,4b2f8d84c1247884edfefbc350d1487583ffb158,MIT,permissive,LICENSE (SPDX MIT inferred from the licence text; GitHub's API reported no identifier for this file),Rocburn/Rocburn_PY/data_py.f90,9310,,,no_umat_entry,"Fortran, but it declares no SUBROUTINE UMAT",aba_param_include,,
IllinoisRocstar/RocstarBasement,4b2f8d84c1247884edfefbc350d1487583ffb158,MIT,permissive,LICENSE (SPDX MIT inferred from the licence text; GitHub's API reported no identifier for this file),Rocburn/Rocburn_PY/init_py.f90,6157,,,no_umat_entry,"Fortran, but it declares no SUBROUTINE UMAT",aba_param_include,,
IllinoisRocstar/RocstarBasement,4b2f8d84c1247884edfefbc350d1487583ffb158,MIT,permissive,LICENSE (SPDX MIT inferred from the licence text; GitHub's API reported no identifier for this file),Rocburn/Rocburn_PY/setup_py.f90,20511,,,no_umat_entry,"Fortran, but it declares no SUBROUTINE UMAT",aba_param_include,,
IllinoisRocstar/RocstarBasement,4b2f8d84c1247884edfefbc350d1487583ffb158,MIT,permissive,LICENSE (SPDX MIT inferred from the licence text; GitHub's API reported no identifier for this file),Rocburn/Rocburn_PY/test/rocburn_2D.f90,3322,,,no_umat_entry,"Fortran, but it declares no SUBROUTINE UMAT",aba_param_include,,
IllinoisRocstar/RocstarBasement,4b2f8d84c1247884edfefbc350d1487583ffb158,MIT,permissive,LICENSE (SPDX MIT inferred from the licence text; GitHub's API reported no identifier for this file),Rocburn/Rocburn_PY/update_py.f90,9776,,,no_umat_entry,"Fortran, but it declares no SUBROUTINE UMAT",aba_param_include,,
IllinoisRocstar/RocstarBasement,4b2f8d84c1247884edfefbc350d1487583ffb158,MIT,permissive,LICENSE (SPDX MIT inferred from the licence text; GitHub's API reported no identifier for this file),Rocburn/Rocburn_ZN/02.burn_ZN_global_data.f90,3195,,,no_umat_entry,"Fortran, but it declares no SUBROUTINE UMAT",aba_param_include,,
IllinoisRocstar/RocstarBasement,4b2f8d84c1247884edfefbc350d1487583ffb158,MIT,permissive,LICENSE (SPDX MIT inferred from the licence text; GitHub's API reported no identifier for this file),Rocburn/Rocburn_ZN/Rocburn_1D_ZN.f90,11971,,,no_umat_entry,"Fortran, but it declares no SUBROUTINE UMAT",aba_param_include,,
IllinoisRocstar/RocstarBasement,4b2f8d84c1247884edfefbc350d1487583ffb158,MIT,permissive,LICENSE (SPDX MIT inferred from the licence text; GitHub's API reported no identifier for this file),Rocburn/Rocburn_ZN/ZN_burn_combustion.f,20449,,,no_umat_entry,"Fortran, but it declares no SUBROUTINE UMAT",aba_param_include,,
IllinoisRocstar/RocstarBasement,4b2f8d84c1247884edfefbc350d1487583ffb158,MIT,permissive,LICENSE (SPDX MIT inferred from the licence text; GitHub's API reported no identifier for this file),Rocburn/Rocburn_ZN/ZN_calc_burning_rate.f90,19210,,,no_umat_entry,"Fortran, but it declares no SUBROUTINE UMAT",aba_param_include,,
IllinoisRocstar/RocstarBasement,4b2f8d84c1247884edfefbc350d1487583ffb158,MIT,permissive,LICENSE (SPDX MIT inferred from the licence text; GitHub's API reported no identifier for this file),Rocburn/Rocburn_ZN/ZN_gen_grid.f90,4884,,,no_umat_entry,"Fortran, but it declares no SUBROUTINE UMAT",aba_param_include,,
IllinoisRocstar/RocstarBasement,4b2f8d84c1247884edfefbc350d1487583ffb158,MIT,permissive,LICENSE (SPDX MIT inferred from the licence text; GitHub's API reported no identifier for this file),Rocburn/Rocburn_ZN/ZN_ignition_combustion.f,14370,,,no_umat_entry,"Fortran, but it declares no SUBROUTINE UMAT",aba_param_include,,
IllinoisRocstar/RocstarBasement,4b2f8d84c1247884edfefbc350d1487583ffb158,MIT,permissive,LICENSE (SPDX MIT inferred from the licence text; GitHub's API reported no identifier for this file),Rocburn/Rocburn_ZN/ZN_input_0d.f90,6940,,,no_umat_entry,"Fortran, but it declares no SUBROUTINE UMAT",aba_param_include,,
IllinoisRocstar/RocstarBasement,4b2f8d84c1247884edfefbc350d1487583ffb158,MIT,permissive,LICENSE (SPDX MIT inferred from the licence text; GitHub's API reported no identifier for this file),Rocburn/Rocburn_ZN/ZN_ssWSB.f90,15107,,,no_umat_entry,"Fortran, but it declares no SUBROUTINE UMAT",aba_param_include,,
IllinoisRocstar/RocstarBasement,4b2f8d84c1247884edfefbc350d1487583ffb158,MIT,permissive,LICENSE (SPDX MIT inferred from the licence text; GitHub's API reported no identifier for this file),Rocburn/Rocburn_ZN/input_combustion.f,14881,,,no_umat_entry,"Fortran, but it declares no SUBROUTINE UMAT",aba_param_include,,
IllinoisRocstar/RocstarBasement,4b2f8d84c1247884edfefbc350d1487583ffb158,MIT,permissive,LICENSE (SPDX MIT inferred from the licence text; GitHub's API reported no identifier for this file),Rocburn/Rocburn_load_module.f90,9068,,,no_umat_entry,"Fortran, but it declares no SUBROUTINE UMAT",aba_param_include,,
IllinoisRocstar/RocstarBasement,4b2f8d84c1247884edfefbc350d1487583ffb158,MIT,permissive,LICENSE (SPDX MIT inferred from the licence text; GitHub's API reported no identifier for this file),Rocburn/calcdist.f90,1984,,,no_umat_entry,"Fortran, but it declares no SUBROUTINE UMAT",aba_param_include,,
IllinoisRocstar/RocstarBasement,4b2f8d84c1247884edfefbc350d1487583ffb158,MIT,permissive,LICENSE (SPDX MIT inferred from the licence text; GitHub's API reported no identifier for this file),Rocburn/rocburn_2D.f90,23390,,,no_umat_entry,"Fortran, but it declares no SUBROUTINE UMAT",aba_param_include,,
IllinoisRocstar/RocstarBasement,4b2f8d84c1247884edfefbc350d1487583ffb158,MIT,permissive,LICENSE (SPDX MIT inferred from the licence text; GitHub's API reported no identifier for this file),Roccom/Rocin/test/readsdv.f90,3307,,,no_umat_entry,"Fortran, but it declares no SUBROUTINE UMAT",aba_param_include,,
IllinoisRocstar/RocstarBasement,4b2f8d84c1247884edfefbc350d1487583ffb158,MIT,permissive,LICENSE (SPDX MIT inferred from the licence text; GitHub's API reported no identifier for this file),Roccom/src/m_pointers.f90,2139,,,no_umat_entry,"Fortran, but it declares no SUBROUTINE UMAT",aba_param_include,,
IllinoisRocstar/RocstarBasement,4b2f8d84c1247884edfefbc350d1487583ffb158,MIT,permissive,LICENSE (SPDX MIT inferred from the licence text; GitHub's API reported no identifier for this file),Roccom/src/utilities.f90,14355,,,no_umat_entry,"Fortran, but it declares no SUBROUTINE UMAT",aba_param_include,,
IllinoisRocstar/RocstarBasement,4b2f8d84c1247884edfefbc350d1487583ffb158,MIT,permissive,LICENSE (SPDX MIT inferred from the licence text; GitHub's API reported no identifier for this file),RocfluidMP/TEMPLATE.F90,3320,,,no_umat_entry,"Fortran, but it declares no SUBROUTINE UMAT",aba_param_include,,
IllinoisRocstar/RocstarBasement,4b2f8d84c1247884edfefbc350d1487583ffb158,MIT,permissive,LICENSE (SPDX MIT inferred from the licence text; GitHub's API reported no identifier for this file),RocfluidMP/libflo/RFLO_ArcLengthBounds.F90,6027,,,no_umat_entry,"Fortran, but it declares no SUBROUTINE UMAT",aba_param_include,,
IllinoisRocstar/RocstarBasement,4b2f8d84c1247884edfefbc350d1487583ffb158,MIT,permissive,LICENSE (SPDX MIT inferred from the licence text; GitHub's API reported no identifier for this file),RocfluidMP/libflo/RFLO_BoundaryDeformation.F90,12096,,,no_umat_entry,"Fortran, but it declares no SUBROUTINE UMAT",aba_param_include,,
IllinoisRocstar/RocstarBasement,4b2f8d84c1247884edfefbc350d1487583ffb158,MIT,permissive,LICENSE (SPDX MIT inferred from the licence text; GitHub's API reported no identifier for this file),RocfluidMP/libflo/RFLO_CalcCellCentroids.F90,5974,,,no_umat_entry,"Fortran, but it declares no SUBROUTINE UMAT",aba_param_include,,
IllinoisRocstar/RocstarBasement,4b2f8d84c1247884edfefbc350d1487583ffb158,MIT,permissive,LICENSE (SPDX MIT inferred from the licence text; GitHub's API reported no identifier for this file),RocfluidMP/libflo/RFLO_CalcFaceCentroids.F90,8298,,,no_umat_entry,"Fortran, but it declares no SUBROUTINE UMAT",aba_param_include,,
IllinoisRocstar/RocstarBasement,4b2f8d84c1247884edfefbc350d1487583ffb158,MIT,permissive,LICENSE (SPDX MIT inferred from the licence text; GitHub's API reported no identifier for this file),RocfluidMP/libflo/RFLO_CalcGradConnBc.F90,24753,,,no_umat_entry,"Fortran, but it declares no SUBROUTINE UMAT",aba_param_include,,
IllinoisRocstar/RocstarBasement,4b2f8d84c1247884edfefbc350d1487583ffb158,MIT,permissive,LICENSE (SPDX MIT inferred from the licence text; GitHub's API reported no identifier for this file),RocfluidMP/libflo/RFLO_CalcGradDummy.F90,7955,,,no_umat_entry,"Fortran, but it declares no SUBROUTINE UMAT",aba_param_include,,
IllinoisRocstar/RocstarBasement,4b2f8d84c1247884edfefbc350d1487583ffb158,MIT,permissive,LICENSE (SPDX MIT inferred from the licence text; GitHub's API reported no identifier for this file),RocfluidMP/libflo/RFLO_CalcGradDummyConn.F90,7080,,,no_umat_entry,"Fortran, but it declares no SUBROUTINE UMAT",aba_param_include,,
IllinoisRocstar/RocstarBasement,4b2f8d84c1247884edfefbc350d1487583ffb158,MIT,permissive,LICENSE (SPDX MIT inferred from the licence text; GitHub's API reported no identifier for this file),RocfluidMP/libflo/RFLO_CalcGradDummyPhys.F90,7040,,,no_umat_entry,"Fortran, but it declares no SUBROUTINE UMAT",aba_param_include,,
IllinoisRocstar/RocstarBasement,4b2f8d84c1247884edfefbc350d1487583ffb158,MIT,permissive,LICENSE (SPDX MIT inferred from the licence text; GitHub's API reported no identifier for this file),RocfluidMP/libflo/RFLO_CalcGradDummySymm.F90,12462,,,no_umat_entry,"Fortran, but it declares no SUBROUTINE UMAT",aba_param_include,,
IllinoisRocstar/RocstarBasement,4b2f8d84c1247884edfefbc350d1487583ffb158,MIT,permissive,LICENSE (SPDX MIT inferred from the licence text; GitHub's API reported no identifier for this file),RocfluidMP/libflo/RFLO_CalcGradFaces.F90,19197,,,no_umat_entry,"Fortran, but it declares no SUBROUTINE UMAT",aba_param_include,,
IllinoisRocstar/RocstarBasement,4b2f8d84c1247884edfefbc350d1487583ffb158,MIT,permissive,LICENSE (SPDX MIT inferred from the licence text; GitHub's API reported no identifier for this file),RocfluidMP/libflo/RFLO_CalcGradPhysBc.F90,12260,,,no_umat_entry,"Fortran, but it declares no SUBROUTINE UMAT",aba_param_include,,
IllinoisRocstar/RocstarBasement,4b2f8d84c1247884edfefbc350d1487583ffb158,MIT,permissive,LICENSE (SPDX MIT inferred from the licence text; GitHub's API reported no identifier for this file),RocfluidMP/libflo/RFLO_CalcGradVector.F90,14107,,,no_umat_entry,"Fortran, but it declares no SUBROUTINE UMAT",aba_param_include,,
IllinoisRocstar/RocstarBasement,4b2f8d84c1247884edfefbc350d1487583ffb158,MIT,permissive,LICENSE (SPDX MIT inferred from the licence text; GitHub's API reported no identifier for this file),,0,,,not_examined,stopped after 40 files from this repository; 1636 not read,aba_param_include,,
Jeff97/Magneto-growth-MixedFEM,37a34b2f3f0526c88b7b43193fdc01f2e381698f,Apache-2.0,permissive,LICENSE (SPDX Apache-2.0 via the GitHub licence API),ConvergenceTest-Air-Q1/Block512/UEL-HardMAE-Q1.for,81359,,,no_umat_entry,"Fortran, but it declares no SUBROUTINE UMAT",aba_param_include,,
Jeff97/Magneto-growth-MixedFEM,37a34b2f3f0526c88b7b43193fdc01f2e381698f,Apache-2.0,permissive,LICENSE (SPDX Apache-2.0 via the GitHub licence API),SurfacePattern/3D-WithoutAir/UEL-HardMAE-Q1.for,81920,,,no_umat_entry,"Fortran, but it declares no SUBROUTINE UMAT",aba_param_include,,
Jeff97/Magneto-growth-MixedFEM,37a34b2f3f0526c88b7b43193fdc01f2e381698f,Apache-2.0,permissive,LICENSE (SPDX Apache-2.0 via the GitHub licence API),Volvox-WithoutAir-Q1/UEL-HardMAE-Q1.for,81881,,,no_umat_entry,"Fortran, but it declares no SUBROUTINE UMAT",aba_param_include,,
Jeff97/Magneto-growth-MixedFEM,37a34b2f3f0526c88b7b43193fdc01f2e381698f,Apache-2.0,permissive,LICENSE (SPDX Apache-2.0 via the GitHub licence API),ConvergenceTest-Air-Phi0-Q1/Block1728/UEL-HardMAE-Q1.for,81359,,,no_umat_entry,"Fortran, but it declares no SUBROUTINE UMAT",aba_param_include,,
Jeff97/Magneto-growth-MixedFEM,37a34b2f3f0526c88b7b43193fdc01f2e381698f,Apache-2.0,permissive,LICENSE (SPDX Apache-2.0 via the GitHub licence API),ConvergenceTest-Air-Phi0-Q1/Block4096/UEL-HardMAE-Q1.for,81359,,,no_umat_entry,"Fortran, but it declares no SUBROUTINE UMAT",aba_param_include,,
Jeff97/Magneto-growth-MixedFEM,37a34b2f3f0526c88b7b43193fdc01f2e381698f,Apache-2.0,permissive,LICENSE (SPDX Apache-2.0 via the GitHub licence API),ConvergenceTest-Air-Phi0-Q1/Block512/UEL-HardMAE-Q1.for,81359,,,no_umat_entry,"Fortran, but it declares no SUBROUTINE UMAT",aba_param_include,,
Jeff97/Magneto-growth-MixedFEM,37a34b2f3f0526c88b7b43193fdc01f2e381698f,Apache-2.0,permissive,LICENSE (SPDX Apache-2.0 via the GitHub licence API),ConvergenceTest-Air-Phi0-Q1/Block64/UEL-HardMAE-Q1.for,81359,,,no_umat_entry,"Fortran, but it declares no SUBROUTINE UMAT",aba_param_include,,
Jeff97/Magneto-growth-MixedFEM,37a34b2f3f0526c88b7b43193fdc01f2e381698f,Apache-2.0,permissive,LICENSE (SPDX Apache-2.0 via the GitHub licence API),ConvergenceTest-Air-Phi0-Q1/Block8/UEL-HardMAE-Q1.for,81359,,,no_umat_entry,"Fortran, but it declares no SUBROUTINE UMAT",aba_param_include,,
Jeff97/Magneto-growth-MixedFEM,37a34b2f3f0526c88b7b43193fdc01f2e381698f,Apache-2.0,permissive,LICENSE (SPDX Apache-2.0 via the GitHub licence API),ConvergenceTest-Air-Q1/Block1728/UEL-HardMAE-Q1.for,81359,,,no_umat_entry,"Fortran, but it declares no SUBROUTINE UMAT",aba_param_include,,
Jeff97/Magneto-growth-MixedFEM,37a34b2f3f0526c88b7b43193fdc01f2e381698f,Apache-2.0,permissive,LICENSE (SPDX Apache-2.0 via the GitHub licence API),ConvergenceTest-Air-Q1/Block4096/UEL-HardMAE-Q1.for,81359,,,no_umat_entry,"Fortran, but it declares no SUBROUTINE UMAT",aba_param_include,,
Jeff97/Magneto-growth-MixedFEM,37a34b2f3f0526c88b7b43193fdc01f2e381698f,Apache-2.0,permissive,LICENSE (SPDX Apache-2.0 via the GitHub licence API),ConvergenceTest-Air-Q1/Block64/UEL-HardMAE-Q1.for,81359,,,no_umat_entry,"Fortran, but it declares no SUBROUTINE UMAT",aba_param_include,,
Jeff97/Magneto-growth-MixedFEM,37a34b2f3f0526c88b7b43193fdc01f2e381698f,Apache-2.0,permissive,LICENSE (SPDX Apache-2.0 via the GitHub licence API),ConvergenceTest-Air-Q1/Block8/UEL-HardMAE-Q1.for,81359,,,no_umat_entry,"Fortran, but it declares no SUBROUTINE UMAT",aba_param_include,,
Jeff97/Magneto-growth-MixedFEM,37a34b2f3f0526c88b7b43193fdc01f2e381698f,Apache-2.0,permissive,LICENSE (SPDX Apache-2.0 via the GitHub licence API),ConvergenceTest-WithoutAir-Q1/Block1728/UEL-HardMAE-Q1.for,81357,,,no_umat_entry,"Fortran, but it declares no SUBROUTINE UMAT",aba_param_include,,
Jeff97/Magneto-growth-MixedFEM,37a34b2f3f0526c88b7b43193fdc01f2e381698f,Apache-2.0,permissive,LICENSE (SPDX Apache-2.0 via the GitHub licence API),ConvergenceTest-WithoutAir-Q1/Block4096/UEL-HardMAE-Q1.for,81357,,,no_umat_entry,"Fortran, but it declares no SUBROUTINE UMAT",aba_param_include,,
Jeff97/Magneto-growth-MixedFEM,37a34b2f3f0526c88b7b43193fdc01f2e381698f,Apache-2.0,permissive,LICENSE (SPDX Apache-2.0 via the GitHub licence API),ConvergenceTest-WithoutAir-Q1/Block512/UEL-HardMAE-Q1.for,81357,,,no_umat_entry,"Fortran, but it declares no SUBROUTINE UMAT",aba_param_include,,
Jeff97/Magneto-growth-MixedFEM,37a34b2f3f0526c88b7b43193fdc01f2e381698f,Apache-2.0,permissive,LICENSE (SPDX Apache-2.0 via the GitHub licence API),ConvergenceTest-WithoutAir-Q1/Block64/UEL-HardMAE-Q1.for,81357,,,no_umat_entry,"Fortran, but it declares no SUBROUTINE UMAT",aba_param_include,,
Jeff97/Magneto-growth-MixedFEM,37a34b2f3f0526c88b7b43193fdc01f2e381698f,Apache-2.0,permissive,LICENSE (SPDX Apache-2.0 via the GitHub licence API),ConvergenceTest-WithoutAir-Q1/Block8/UEL-HardMAE-Q1.for,81357,,,no_umat_entry,"Fortran, but it declares no SUBROUTINE UMAT",aba_param_include,,
Jeff97/Magneto-growth-MixedFEM,37a34b2f3f0526c88b7b43193fdc01f2e381698f,Apache-2.0,permissive,LICENSE (SPDX Apache-2.0 via the GitHub licence API),SurfacePattern/PlaneStrain-WithoutAir/UEL-HardMAE-Q1.for,82061,,,no_umat_entry,"Fortran, but it declares no SUBROUTINE UMAT",aba_param_include,,
Jeff97/Magneto-growth-MixedFEM,37a34b2f3f0526c88b7b43193fdc01f2e381698f,Apache-2.0,permissive,LICENSE (SPDX Apache-2.0 via the GitHub licence API),SurfacePattern/PlaneStrain/UEL-HardMAE-Q1.for,82061,,,no_umat_entry,"Fortran, but it declares no SUBROUTINE UMAT",aba_param_include,,
Jeff97/Magneto-growth-MixedFEM,37a34b2f3f0526c88b7b43193fdc01f2e381698f,Apache-2.0,permissive,LICENSE (SPDX Apache-2.0 via the GitHub licence API),Tube-Air-Phi0-Q1/UEL-HardMAE-Q1.for,81333,,,no_umat_entry,"Fortran, but it declares no SUBROUTINE UMAT",aba_param_include,,
Jeff97/Magneto-growth-MixedFEM,37a34b2f3f0526c88b7b43193fdc01f2e381698f,Apache-2.0,permissive,LICENSE (SPDX Apache-2.0 via the GitHub licence API),Tube-Air-Q1/UEL-HardMAE-Q1.for,81333,,,no_umat_entry,"Fortran, but it declares no SUBROUTINE UMAT",aba_param_include,,
Jeff97/Magneto-growth-MixedFEM,37a34b2f3f0526c88b7b43193fdc01f2e381698f,Apache-2.0,permissive,LICENSE (SPDX Apache-2.0 via the GitHub licence API),Tube-WithoutAir-Q1/UEL-HardMAE-Q1.for,81700,,,no_umat_entry,"Fortran, but it declares no SUBROUTINE UMAT",aba_param_include,,
Jeff97/growth-of-shell,0d2b49676c4d7846f1038eff9b44c7882717c173,Apache-2.0,permissive,LICENSE (SPDX Apache-2.0 via the GitHub licence API),Input files and UMAT/Example1/SweetMelon.for,7800,49fc91fd2b1551c5ee658918796933525d698996ccb6b171192f294181707985,4a618cab6c011729650fd7259b5fb632e277868c69218794f8eaacf0513cbf16,candidate,"distinct, licensed Apache-2.0 (permissive), declares a UMAT entry point; not yet transformed or verified",umat_extension_for,Jeff97__growth-of-shell/Input files and UMAT/Example1/SweetMelon.for,Input files and UMAT/Example1/SweetMelon.inp;Input files and UMAT/Example2/MorningGlory.inp;Input files and UMAT/Example3/Trachea.inp;Input files and UMAT/Example4/Apple.inp;Input files and UMAT/Example5/CereusForbesiiSpiralis.inp;Input files and UMAT/Example6/TendrilOfPumpkin.inp
Jeff97/growth-of-shell,0d2b49676c4d7846f1038eff9b44c7882717c173,Apache-2.0,permissive,LICENSE (SPDX Apache-2.0 via the GitHub licence API),Input files and UMAT/Example2/MorningGlory.for,8617,557c796600b76bebde3f7f7f85580eab1be17196b1d42a8079347309fae069b3,78ccf9eebe75c81585f3eb6277b4dc7658f4a148a14d79309ddca749438cd351,candidate,"distinct, licensed Apache-2.0 (permissive), declares a UMAT entry point; not yet transformed or verified",umat_extension_for,Jeff97__growth-of-shell/Input files and UMAT/Example2/MorningGlory.for,Input files and UMAT/Example2/MorningGlory.inp;Input files and UMAT/Example1/SweetMelon.inp;Input files and UMAT/Example3/Trachea.inp;Input files and UMAT/Example4/Apple.inp;Input files and UMAT/Example5/CereusForbesiiSpiralis.inp;Input files and UMAT/Example6/TendrilOfPumpkin.inp
Jeff97/growth-of-shell,0d2b49676c4d7846f1038eff9b44c7882717c173,Apache-2.0,permissive,LICENSE (SPDX Apache-2.0 via the GitHub licence API),Input files and UMAT/Example3/Trachea.for,8228,d069bdc55e2faff41ec0882bedf04bbfa372b04169e1d3393319e6457507eaaf,32f61435110df2db08b31365218bbe9d64b1b38cb95612d2fcf4957546987ec8,candidate,"distinct, licensed Apache-2.0 (permissive), declares a UMAT entry point; not yet transformed or verified",umat_extension_for,Jeff97__growth-of-shell/Input files and UMAT/Example3/Trachea.for,Input files and UMAT/Example3/Trachea.inp;Input files and UMAT/Example1/SweetMelon.inp;Input files and UMAT/Example2/MorningGlory.inp;Input files and UMAT/Example4/Apple.inp;Input files and UMAT/Example5/CereusForbesiiSpiralis.inp;Input files and UMAT/Example6/TendrilOfPumpkin.inp
Jeff97/growth-of-shell,0d2b49676c4d7846f1038eff9b44c7882717c173,Apache-2.0,permissive,LICENSE (SPDX Apache-2.0 via the GitHub licence API),Input files and UMAT/Example4/Apple.for,15570,1a491143e79ff4aeef7ad72ba6879bd09af05ab7eee1a4c749b222e62ec15999,586b5e2c48e0cb8c6c868f904b9636a82cd7915961c0ca6cdfa112ffff623ded,candidate,"distinct, licensed Apache-2.0 (permissive), declares a UMAT entry point; not yet transformed or verified",umat_extension_for,Jeff97__growth-of-shell/Input files and UMAT/Example4/Apple.for,Input files and UMAT/Example4/Apple.inp;Input files and UMAT/Example1/SweetMelon.inp;Input files and UMAT/Example2/MorningGlory.inp;Input files and UMAT/Example3/Trachea.inp;Input files and UMAT/Example5/CereusForbesiiSpiralis.inp;Input files and UMAT/Example6/TendrilOfPumpkin.inp
Jeff97/growth-of-shell,0d2b49676c4d7846f1038eff9b44c7882717c173,Apache-2.0,permissive,LICENSE (SPDX Apache-2.0 via the GitHub licence API),Input files and UMAT/Example5/CereusForbesiiSpiralis.for,12707,223c1fd4c07964dd7166b2e16cd3948dcc43dfc4953640a886ba53bc49ef3ebb,f9ea68734b08e383a5a42e9d808e57a5b04d7d6581fcba037e9ae5dbaee42cac,candidate,"distinct, licensed Apache-2.0 (permissive), declares a UMAT entry point; not yet transformed or verified",umat_extension_for,Jeff97__growth-of-shell/Input files and UMAT/Example5/CereusForbesiiSpiralis.for,Input files and UMAT/Example5/CereusForbesiiSpiralis.inp;Input files and UMAT/Example1/SweetMelon.inp;Input files and UMAT/Example2/MorningGlory.inp;Input files and UMAT/Example3/Trachea.inp;Input files and UMAT/Example4/Apple.inp;Input files and UMAT/Example6/TendrilOfPumpkin.inp
Jeff97/growth-of-shell,0d2b49676c4d7846f1038eff9b44c7882717c173,Apache-2.0,permissive,LICENSE (SPDX Apache-2.0 via the GitHub licence API),Input files and UMAT/Example6/TendrilOfPumpkin.for,20946,24a203358e7288f1468693347df7b4413e9e55223dcdff5fcc4a3f28c82eaeba,822f9f0b456f55b3f5c8fd9b82bbff9991ece50c0e78b3cf08b30a8c20cd9647,candidate,"distinct, licensed Apache-2.0 (permissive), declares a UMAT entry point; not yet transformed or verified",umat_extension_for,Jeff97__growth-of-shell/Input files and UMAT/Example6/TendrilOfPumpkin.for,Input files and UMAT/Example6/TendrilOfPumpkin.inp;Input files and UMAT/Example1/SweetMelon.inp;Input files and UMAT/Example2/MorningGlory.inp;Input files and UMAT/Example3/Trachea.inp;Input files and UMAT/Example4/Apple.inp;Input files and UMAT/Example5/CereusForbesiiSpiralis.inp
KratosMultiphysics/Documentation,,BSD-3-Clause,permissive,LICENSE (SPDX BSD-3-Clause via the GitHub licence API),,0,,,unreadable,contents could not be listed: tree_truncated: the tree listing for KratosMultiphysics/Documentation@0d89b1986f89 was truncated by the API; a full clone would be needed to enumerate it,subroutine_umat_ddsdde,,
LivingMatterLab/CANN,,,,no LICENSE file detected by the GitHub API,,0,,,licence_absent,"no licence is declared, so nothing may be redistributed from it; a repository without a LICENSE file is refused, not assumed permissive; recorded and not fetched",aba_param_include,,
MattiaMontanari/ai-material-model,d94b235f28dbba252bba782bbc8e1ab4cfb40f7c,GPL-3.0,copyleft,LICENSE (SPDX GPL-3.0 via the GitHub licence API),src/D1_ANNelastic/01_Training/umat47v.f,10035,,,no_umat_entry,"Fortran, but it declares no SUBROUTINE UMAT",subroutine_umat_fortran,,
MattiaMontanari/ai-material-model,d94b235f28dbba252bba782bbc8e1ab4cfb40f7c,GPL-3.0,copyleft,LICENSE (SPDX GPL-3.0 via the GitHub licence API),src/D2_MAT18/03_TestNetwork/01_Compile/umat46v.f,32903,,,no_umat_entry,"Fortran, but it declares no SUBROUTINE UMAT",subroutine_umat_fortran,,
MattiaMontanari/ai-material-model,d94b235f28dbba252bba782bbc8e1ab4cfb40f7c,GPL-3.0,copyleft,LICENSE (SPDX GPL-3.0 via the GitHub licence API),src/D2_MAT18/03_TestNetwork/01_Compile/ANNcode.f,25076,,,no_umat_entry,"Fortran, but it declares no SUBROUTINE UMAT",subroutine_umat_fortran,,
MattiaMontanari/ai-material-model,d94b235f28dbba252bba782bbc8e1ab4cfb40f7c,GPL-3.0,copyleft,LICENSE (SPDX GPL-3.0 via the GitHub licence API),src/D2_MAT18/03_TestNetwork/01_Compile/umat44v.f,9658,,,no_umat_entry,"Fortran, but it declares no SUBROUTINE UMAT",subroutine_umat_fortran,,
SzMarton93/MOOSE,,LGPL-2.1,permissive,LICENSE (SPDX LGPL-2.1 via the GitHub licence API),,0,,,licence_incompatible,LGPL-2.1 is outside the set this project may redistribute; recorded and not fetched,ddsdde_statev_nprops,,
Uintah/Uintah,,,,no LICENSE file detected by the GitHub API,,0,,,licence_absent,"no licence is declared, so nothing may be redistributed from it; a repository without a LICENSE file is refused, not assumed permissive; recorded and not fetched",ddsdde_statev_nprops,,
Uintah/Uintah_update,,,,no LICENSE file detected by the GitHub API,,0,,,licence_absent,"no licence is declared, so nothing may be redistributed from it; a repository without a LICENSE file is refused, not assumed permissive; recorded and not fetched",ddsdde_statev_nprops,,
ahmad-zaid99/FinalYearProject,,,,no LICENSE file detected by the GitHub API,,0,,,licence_absent,"no licence is declared, so nothing may be redistributed from it; a repository without a LICENSE file is refused, not assumed permissive; recorded and not fetched",umat_extension_txt,,
antoanikdas/magpie,,LGPL-2.1,permissive,LICENSE (SPDX LGPL-2.1 via the GitHub licence API),,0,,,licence_incompatible,LGPL-2.1 is outside the set this project may redistribute; recorded and not fetched,umat_extension_f90,,
bennifuchs/TsaiWu-Fortran,a111ca1717adfbbaf3e9e34f4189a441e16441b8,MIT,permissive,LICENSE (SPDX MIT via the GitHub licence API),abaqus-umat-interface.f90,6434,c5e7702accda2caed5cde95ac81f5283a7c41503ba39a01a3dc34a25c01b6b5d,1f3d91179307c917016374e7794786fd3934bbc120d901b50384d98559b1c525,candidate,"distinct, licensed MIT (permissive), declares a UMAT entry point; not yet transformed or verified",umat_extension_f90,bennifuchs__TsaiWu-Fortran/abaqus-umat-interface.f90,
bennifuchs/TsaiWu-Fortran,a111ca1717adfbbaf3e9e34f4189a441e16441b8,MIT,permissive,LICENSE (SPDX MIT via the GitHub licence API),return_mapping/stress_update.f90,26066,,,no_umat_entry,"Fortran, but it declares no SUBROUTINE UMAT",umat_extension_f90,,
bennifuchs/TsaiWu-Fortran,a111ca1717adfbbaf3e9e34f4189a441e16441b8,MIT,permissive,LICENSE (SPDX MIT via the GitHub licence API),umat.f90,220153,0e4e6d183a24b15d1f46813ce2acbe532aa7cd5047870bf70bde55a5c96f9624,c95c429dd95afb5a0b0788195dab2f4dc6828d4b5debd6601d829c65fc30a378,candidate,"distinct, licensed MIT (permissive), declares a UMAT entry point; not yet transformed or verified",umat_extension_f90,bennifuchs__TsaiWu-Fortran/umat.f90,
bennifuchs/TsaiWu-Fortran,a111ca1717adfbbaf3e9e34f4189a441e16441b8,MIT,permissive,LICENSE (SPDX MIT via the GitHub licence API),aux_routines.f90,24169,,,no_umat_entry,"Fortran, but it declares no SUBROUTINE UMAT",umat_extension_f90,,
bennifuchs/TsaiWu-Fortran,a111ca1717adfbbaf3e9e34f4189a441e16441b8,MIT,permissive,LICENSE (SPDX MIT via the GitHub licence API),constants.f90,2192,,,no_umat_entry,"Fortran, but it declares no SUBROUTINE UMAT",umat_extension_f90,,
bennifuchs/TsaiWu-Fortran,a111ca1717adfbbaf3e9e34f4189a441e16441b8,MIT,permissive,LICENSE (SPDX MIT via the GitHub licence API),derived_types.f90,1327,,,no_umat_entry,"Fortran, but it declares no SUBROUTINE UMAT",umat_extension_f90,,
bennifuchs/TsaiWu-Fortran,a111ca1717adfbbaf3e9e34f4189a441e16441b8,MIT,permissive,LICENSE (SPDX MIT via the GitHub licence API),interface_definitions.f90,1951,,,no_umat_entry,"Fortran, but it declares no SUBROUTINE UMAT",umat_extension_f90,,
bennifuchs/TsaiWu-Fortran,a111ca1717adfbbaf3e9e34f4189a441e16441b8,MIT,permissive,LICENSE (SPDX MIT via the GitHub licence API),libraries/constants_lib.f90,2358,,,no_umat_entry,"Fortran, but it declares no SUBROUTINE UMAT",umat_extension_f90,,
bennifuchs/TsaiWu-Fortran,a111ca1717adfbbaf3e9e34f4189a441e16441b8,MIT,permissive,LICENSE (SPDX MIT via the GitHub licence API),libraries/math_routines_lib.f90,4595,,,no_umat_entry,"Fortran, but it declares no SUBROUTINE UMAT",umat_extension_f90,,
bennifuchs/TsaiWu-Fortran,a111ca1717adfbbaf3e9e34f4189a441e16441b8,MIT,permissive,LICENSE (SPDX MIT via the GitHub licence API),libraries/stress_routines_lib.f90,41557,,,no_umat_entry,"Fortran, but it declares no SUBROUTINE UMAT",umat_extension_f90,,
bennifuchs/TsaiWu-Fortran,a111ca1717adfbbaf3e9e34f4189a441e16441b8,MIT,permissive,LICENSE (SPDX MIT via the GitHub licence API),material_info.f90,540,,,no_umat_entry,"Fortran, but it declares no SUBROUTINE UMAT",umat_extension_f90,,
bennifuchs/TsaiWu-Fortran,a111ca1717adfbbaf3e9e34f4189a441e16441b8,MIT,permissive,LICENSE (SPDX MIT via the GitHub licence API),return_mapping/damage.f90,3657,,,no_umat_entry,"Fortran, but it declares no SUBROUTINE UMAT",umat_extension_f90,,
bennifuchs/TsaiWu-Fortran,a111ca1717adfbbaf3e9e34f4189a441e16441b8,MIT,permissive,LICENSE (SPDX MIT via the GitHub licence API),return_mapping/jacobian.f90,19271,,,no_umat_entry,"Fortran, but it declares no SUBROUTINE UMAT",umat_extension_f90,,
bennifuchs/TsaiWu-Fortran,a111ca1717adfbbaf3e9e34f4189a441e16441b8,MIT,permissive,LICENSE (SPDX MIT via the GitHub licence API),return_mapping/math_routines.f90,4364,,,no_umat_entry,"Fortran, but it declares no SUBROUTINE UMAT",umat_extension_f90,,
bennifuchs/TsaiWu-Fortran,a111ca1717adfbbaf3e9e34f4189a441e16441b8,MIT,permissive,LICENSE (SPDX MIT via the GitHub licence API),return_mapping/model_components_all/DDg_allDDs.f90,1946,,,no_umat_entry,"Fortran, but it declares no SUBROUTINE UMAT",umat_extension_f90,,
bennifuchs/TsaiWu-Fortran,a111ca1717adfbbaf3e9e34f4189a441e16441b8,MIT,permissive,LICENSE (SPDX MIT via the GitHub licence API),return_mapping/model_components_all/DDg_allDsDa.f90,1941,,,no_umat_entry,"Fortran, but it declares no SUBROUTINE UMAT",umat_extension_f90,,
bennifuchs/TsaiWu-Fortran,a111ca1717adfbbaf3e9e34f4189a441e16441b8,MIT,permissive,LICENSE (SPDX MIT via the GitHub licence API),return_mapping/model_components_all/Df_allDa.f90,1910,,,no_umat_entry,"Fortran, but it declares no SUBROUTINE UMAT",umat_extension_f90,,
bennifuchs/TsaiWu-Fortran,a111ca1717adfbbaf3e9e34f4189a441e16441b8,MIT,permissive,LICENSE (SPDX MIT via the GitHub licence API),return_mapping/model_components_all/Df_allDs.f90,1845,,,no_umat_entry,"Fortran, but it declares no SUBROUTINE UMAT",umat_extension_f90,,
bennifuchs/TsaiWu-Fortran,a111ca1717adfbbaf3e9e34f4189a441e16441b8,MIT,permissive,LICENSE (SPDX MIT via the GitHub licence API),return_mapping/model_components_all/Dg_allDs.f90,3168,,,no_umat_entry,"Fortran, but it declares no SUBROUTINE UMAT",umat_extension_f90,,
bennifuchs/TsaiWu-Fortran,a111ca1717adfbbaf3e9e34f4189a441e16441b8,MIT,permissive,LICENSE (SPDX MIT via the GitHub licence API),return_mapping/model_components_all/Dh_allDa.f90,1913,,,no_umat_entry,"Fortran, but it declares no SUBROUTINE UMAT",umat_extension_f90,,
bennifuchs/TsaiWu-Fortran,a111ca1717adfbbaf3e9e34f4189a441e16441b8,MIT,permissive,LICENSE (SPDX MIT via the GitHub licence API),return_mapping/model_components_all/Dh_allDs.f90,1800,,,no_umat_entry,"Fortran, but it declares no SUBROUTINE UMAT",umat_extension_f90,,
bennifuchs/TsaiWu-Fortran,a111ca1717adfbbaf3e9e34f4189a441e16441b8,MIT,permissive,LICENSE (SPDX MIT via the GitHub licence API),return_mapping/model_components_all/damage_deriv.f90,1050,,,no_umat_entry,"Fortran, but it declares no SUBROUTINE UMAT",umat_extension_f90,,
bennifuchs/TsaiWu-Fortran,a111ca1717adfbbaf3e9e34f4189a441e16441b8,MIT,permissive,LICENSE (SPDX MIT via the GitHub licence API),return_mapping/model_components_all/damage_var.f90,1026,,,no_umat_entry,"Fortran, but it declares no SUBROUTINE UMAT",umat_extension_f90,,
bennifuchs/TsaiWu-Fortran,a111ca1717adfbbaf3e9e34f4189a441e16441b8,MIT,permissive,LICENSE (SPDX MIT via the GitHub licence API),return_mapping/model_components_all/g_all.f90,1723,,,no_umat_entry,"Fortran, but it declares no SUBROUTINE UMAT",umat_extension_f90,,
bennifuchs/TsaiWu-Fortran,a111ca1717adfbbaf3e9e34f4189a441e16441b8,MIT,permissive,LICENSE (SPDX MIT via the GitHub licence API),return_mapping/model_components_all/hf_all.f90,2397,,,no_umat_entry,"Fortran, but it declares no SUBROUTINE UMAT",umat_extension_f90,,
bennifuchs/TsaiWu-Fortran,a111ca1717adfbbaf3e9e34f4189a441e16441b8,MIT,permissive,LICENSE (SPDX MIT via the GitHub licence API),return_mapping/model_components_all/model_comp_act.f90,11309,,,no_umat_entry,"Fortran, but it declares no SUBROUTINE UMAT",umat_extension_f90,,
bennifuchs/TsaiWu-Fortran,a111ca1717adfbbaf3e9e34f4189a441e16441b8,MIT,permissive,LICENSE (SPDX MIT via the GitHub licence API),return_mapping/model_components_all/yf_all.f90,4947,,,no_umat_entry,"Fortran, but it declares no SUBROUTINE UMAT",umat_extension_f90,,
bennifuchs/TsaiWu-Fortran,a111ca1717adfbbaf3e9e34f4189a441e16441b8,MIT,permissive,LICENSE (SPDX MIT via the GitHub licence API),return_mapping/multsurf_check.f90,29607,,,no_umat_entry,"Fortran, but it declares no SUBROUTINE UMAT",umat_extension_f90,,
bennifuchs/TsaiWu-Fortran,a111ca1717adfbbaf3e9e34f4189a441e16441b8,MIT,permissive,LICENSE (SPDX MIT via the GitHub licence API),return_mapping/residuals.f90,7130,,,no_umat_entry,"Fortran, but it declares no SUBROUTINE UMAT",umat_extension_f90,,
bennifuchs/TsaiWu-Fortran,a111ca1717adfbbaf3e9e34f4189a441e16441b8,MIT,permissive,LICENSE (SPDX MIT via the GitHub licence API),return_mapping/return_mapping.f90,14411,,,no_umat_entry,"Fortran, but it declares no SUBROUTINE UMAT",umat_extension_f90,,
bennifuchs/TsaiWu-Fortran,a111ca1717adfbbaf3e9e34f4189a441e16441b8,MIT,permissive,LICENSE (SPDX MIT via the GitHub licence API),return_mapping/stress_routines.f90,43162,,,no_umat_entry,"Fortran, but it declares no SUBROUTINE UMAT",umat_extension_f90,,
danielbi-ETHZ/learning_moose,,LGPL-2.1,permissive,LICENSE (SPDX LGPL-2.1 via the GitHub licence API),,0,,,licence_incompatible,LGPL-2.1 is outside the set this project may redistribute; recorded and not fetched,ddsdde_statev_nprops,,
debasismpt125/Uintah_Geotech,,,,no LICENSE file detected by the GitHub API,,0,,,licence_absent,"no licence is declared, so nothing may be redistributed from it; a repository without a LICENSE file is refused, not assumed permissive; recorded and not fetched",ddsdde_statev_nprops,,
happyhappysyr/USDFLD_FGM,,,,no LICENSE file detected by the GitHub API,,0,,,licence_absent,"no licence is declared, so nothing may be redistributed from it; a repository without a LICENSE file is refused, not assumed permissive; recorded and not fetched",aba_param_include,,
ibf-RWTH/MBW-Damage,d9fbe9058106d69cdf6df92e0685ae6d817456d9,GPL-3.0,copyleft,LICENSE (SPDX GPL-3.0 via the GitHub licence API),Previous versions/MBW 2.0/MBW_v02.f,22719,,,no_umat_entry,declares a VUMAT and no UMAT; the explicit interface is out of scope,aba_param_include,,
ibf-RWTH/MBW-Damage,d9fbe9058106d69cdf6df92e0685ae6d817456d9,GPL-3.0,copyleft,LICENSE (SPDX GPL-3.0 via the GitHub licence API),Previous versions/MBW 5.0/MBW_v05.f,24636,,,no_umat_entry,declares a VUMAT and no UMAT; the explicit interface is out of scope,aba_param_include,,
ibf-RWTH/MBW-Damage,d9fbe9058106d69cdf6df92e0685ae6d817456d9,GPL-3.0,copyleft,LICENSE (SPDX GPL-3.0 via the GitHub licence API),MBW_v08.f,27185,,,no_umat_entry,declares a VUMAT and no UMAT; the explicit interface is out of scope,aba_param_include,,
ibf-RWTH/MBW-Damage,d9fbe9058106d69cdf6df92e0685ae6d817456d9,GPL-3.0,copyleft,LICENSE (SPDX GPL-3.0 via the GitHub licence API),MBW_v08M_ABAQUS_2023.f,52469,,,no_umat_entry,declares a VUMAT and no UMAT; the explicit interface is out of scope,aba_param_include,,
ibf-RWTH/MBW-Damage,d9fbe9058106d69cdf6df92e0685ae6d817456d9,GPL-3.0,copyleft,LICENSE (SPDX GPL-3.0 via the GitHub licence API),Previous versions/MBW 1.0/MBW_v01.f,22453,,,no_umat_entry,declares a VUMAT and no UMAT; the explicit interface is out of scope,aba_param_include,,
ibf-RWTH/MBW-Damage,d9fbe9058106d69cdf6df92e0685ae6d817456d9,GPL-3.0,copyleft,LICENSE (SPDX GPL-3.0 via the GitHub licence API),Previous versions/MBW 2.1/MBW_v021.f,31125,,,no_umat_entry,declares a VUMAT and no UMAT; the explicit interface is out of scope,aba_param_include,,
ibf-RWTH/MBW-Damage,d9fbe9058106d69cdf6df92e0685ae6d817456d9,GPL-3.0,copyleft,LICENSE (SPDX GPL-3.0 via the GitHub licence API),Previous versions/MBW 3.0/MBW_v03.f,22967,,,no_umat_entry,declares a VUMAT and no UMAT; the explicit interface is out of scope,aba_param_include,,
ibf-RWTH/MBW-Damage,d9fbe9058106d69cdf6df92e0685ae6d817456d9,GPL-3.0,copyleft,LICENSE (SPDX GPL-3.0 via the GitHub licence API),Previous versions/MBW 4.0/MBW_v04.f,24840,,,no_umat_entry,declares a VUMAT and no UMAT; the explicit interface is out of scope,aba_param_include,,
ibf-RWTH/MBW-Damage,d9fbe9058106d69cdf6df92e0685ae6d817456d9,GPL-3.0,copyleft,LICENSE (SPDX GPL-3.0 via the GitHub licence API),Previous versions/MBW 7.0/MBW_v07.f,26487,,,no_umat_entry,declares a VUMAT and no UMAT; the explicit interface is out of scope,aba_param_include,,
ibf-RWTH/MBW-Damage,d9fbe9058106d69cdf6df92e0685ae6d817456d9,GPL-3.0,copyleft,LICENSE (SPDX GPL-3.0 via the GitHub licence API),Previous versions/MBW 8.0/MBW 8.1/MBW_v08M.f,27566,,,no_umat_entry,declares a VUMAT and no UMAT; the explicit interface is out of scope,aba_param_include,,
ibf-RWTH/MBW-Damage,d9fbe9058106d69cdf6df92e0685ae6d817456d9,GPL-3.0,copyleft,LICENSE (SPDX GPL-3.0 via the GitHub licence API),Previous versions/MBW 8.0/MBW_v08.f,27756,,,no_umat_entry,declares a VUMAT and no UMAT; the explicit interface is out of scope,aba_param_include,,
irfancn/Abaqus-VUMAT-elastic,2ce010f5a196d4a292ad11fcc5ac3fc1ada6d1f5,MIT,permissive,LICENSE (SPDX MIT via the GitHub licence API),vumat_elastic.for,2270,,,no_umat_entry,declares a VUMAT and no UMAT; the explicit interface is out of scope,subroutine_umat_fortran,,
jonmatteochurch/uintah-svn,,,,no LICENSE file detected by the GitHub API,,0,,,licence_absent,"no licence is declared, so nothing may be redistributed from it; a repository without a LICENSE file is refused, not assumed permissive; recorded and not fetched",ddsdde_statev_nprops,,
kranthibalusu/Crystal-plasticity-,,,,no LICENSE file detected by the GitHub API,,0,,,licence_absent,"no licence is declared, so nothing may be redistributed from it; a repository without a LICENSE file is refused, not assumed permissive; recorded and not fetched",ddsdde_statev_nprops,,
mholla/BMMB24,a121d2a81a9caea330e9aad8a0791a4c6a99aaa8,GPL-3.0,copyleft,LICENSE (SPDX GPL-3.0 via the GitHub licence API),simulations/input files/umat_transverseIsotropicStretch.f,9203,b272b86748594fc15b4ba9de730abf5e10b97c528bdbbca0b903585a821c1ab5,306514650bcf571a22b88dbd8458eb1e23dfb74bd2d68622033c1d414cdea5e8,already_known,"the same implementation as discovery_cache/mholla__BMMB24/simulations/input files/umat_transverseIsotropicStretch.f, which this collection already counts",umat_signature_ddsdde_sse,,
myousefi2016/PhDThesis_JGrogan,9278b6212739b6d54ac343d4b88b6ce97b8c1803,BSD-3-Clause,permissive,LICENSE (SPDX BSD-3-Clause via the GitHub licence API),UserSubroutines/CorrosionDamageModel/OldVUMATS/CDM_Pitting.for,10885,,,no_umat_entry,declares a VUMAT and no UMAT; the explicit interface is out of scope,aba_param_include,,
myousefi2016/PhDThesis_JGrogan,9278b6212739b6d54ac343d4b88b6ce97b8c1803,BSD-3-Clause,permissive,LICENSE (SPDX BSD-3-Clause via the GitHub licence API),UserSubroutines/MovingBoundaryModel/Phenomenological/ALE20.for,9611,,,no_umat_entry,"Fortran, but it declares no SUBROUTINE UMAT",aba_param_include,,
myousefi2016/PhDThesis_JGrogan,9278b6212739b6d54ac343d4b88b6ce97b8c1803,BSD-3-Clause,permissive,LICENSE (SPDX BSD-3-Clause via the GitHub licence API),MappingScripts/plaque.f95,2290,,,no_umat_entry,"Fortran, but it declares no SUBROUTINE UMAT",aba_param_include,,
myousefi2016/PhDThesis_JGrogan,9278b6212739b6d54ac343d4b88b6ce97b8c1803,BSD-3-Clause,permissive,LICENSE (SPDX BSD-3-Clause via the GitHub licence API),MappingScripts/wrap_balloon.f95,3171,,,no_umat_entry,"Fortran, but it declares no SUBROUTINE UMAT",aba_param_include,,
myousefi2016/PhDThesis_JGrogan,9278b6212739b6d54ac343d4b88b6ce97b8c1803,BSD-3-Clause,permissive,LICENSE (SPDX BSD-3-Clause via the GitHub licence API),MicrostructureGenerators/UCRYS_JG.f90,3662,,,no_umat_entry,"Fortran, but it declares no SUBROUTINE UMAT",aba_param_include,,
myousefi2016/PhDThesis_JGrogan,9278b6212739b6d54ac343d4b88b6ce97b8c1803,BSD-3-Clause,permissive,LICENSE (SPDX BSD-3-Clause via the GitHub licence API),MicrostructureGenerators/UCRYS_JG_PLAS.f90,2687,,,no_umat_entry,"Fortran, but it declares no SUBROUTINE UMAT",aba_param_include,,
myousefi2016/PhDThesis_JGrogan,9278b6212739b6d54ac343d4b88b6ce97b8c1803,BSD-3-Clause,permissive,LICENSE (SPDX BSD-3-Clause via the GitHub licence API),MicrostructureGenerators/UCRYS_JG_exp.f90,3782,,,no_umat_entry,"Fortran, but it declares no SUBROUTINE UMAT",aba_param_include,,
myousefi2016/PhDThesis_JGrogan,9278b6212739b6d54ac343d4b88b6ce97b8c1803,BSD-3-Clause,permissive,LICENSE (SPDX BSD-3-Clause via the GitHub licence API),MicrostructureGenerators/Voronoi2DPost.f90,2397,,,no_umat_entry,"Fortran, but it declares no SUBROUTINE UMAT",aba_param_include,,
myousefi2016/PhDThesis_JGrogan,9278b6212739b6d54ac343d4b88b6ce97b8c1803,BSD-3-Clause,permissive,LICENSE (SPDX BSD-3-Clause via the GitHub licence API),MicrostructureGenerators/Voronoi3DPost.f90,5152,,,no_umat_entry,"Fortran, but it declares no SUBROUTINE UMAT",aba_param_include,,
myousefi2016/PhDThesis_JGrogan,9278b6212739b6d54ac343d4b88b6ce97b8c1803,BSD-3-Clause,permissive,LICENSE (SPDX BSD-3-Clause via the GitHub licence API),UserSubroutines/CorrosionDamageModel/CorP.f,4124,,,no_umat_entry,"Fortran, but it declares no SUBROUTINE UMAT",aba_param_include,,
myousefi2016/PhDThesis_JGrogan,9278b6212739b6d54ac343d4b88b6ce97b8c1803,BSD-3-Clause,permissive,LICENSE (SPDX BSD-3-Clause via the GitHub licence API),UserSubroutines/CorrosionDamageModel/OldVUMATS/CDM_Preprocessor.for,12237,,,no_umat_entry,declares a VUMAT and no UMAT; the explicit interface is out of scope,aba_param_include,,
myousefi2016/PhDThesis_JGrogan,9278b6212739b6d54ac343d4b88b6ce97b8c1803,BSD-3-Clause,permissive,LICENSE (SPDX BSD-3-Clause via the GitHub licence API),UserSubroutines/CorrosionDamageModel/OldVUMATS/CDM_Threadsafe.for,10445,,,no_umat_entry,declares a VUMAT and no UMAT; the explicit interface is out of scope,aba_param_include,,
myousefi2016/PhDThesis_JGrogan,9278b6212739b6d54ac343d4b88b6ce97b8c1803,BSD-3-Clause,permissive,LICENSE (SPDX BSD-3-Clause via the GitHub licence API),UserSubroutines/CorrosionDamageModel/OldVUMATS/CDM_Uniform.for,10570,,,no_umat_entry,declares a VUMAT and no UMAT; the explicit interface is out of scope,aba_param_include,,
myousefi2016/PhDThesis_JGrogan,9278b6212739b6d54ac343d4b88b6ce97b8c1803,BSD-3-Clause,permissive,LICENSE (SPDX BSD-3-Clause via the GitHub licence API),UserSubroutines/HolzapfelModel/holz.for,4251,,,no_umat_entry,"Fortran, but it declares no SUBROUTINE UMAT",aba_param_include,,
myousefi2016/PhDThesis_JGrogan,9278b6212739b6d54ac343d4b88b6ce97b8c1803,BSD-3-Clause,permissive,LICENSE (SPDX BSD-3-Clause via the GitHub licence API),UserSubroutines/MovingBoundaryModel/Physical/ale_c3d2.for,14616,,,no_umat_entry,"Fortran, but it declares no SUBROUTINE UMAT",aba_param_include,,
pantale/abaqusVumat,3be9d7edcdc495b1d35594b1c6ef9cbaeb74a8ab,BSD-3-Clause,permissive,LICENSE (SPDX BSD-3-Clause via the GitHub licence API),Sources/TANH_Law/modifiedTANH_NS_Newton.f,18104,,,no_umat_entry,declares a VUMAT and no UMAT; the explicit interface is out of scope,aba_param_include,,
pantale/abaqusVumat,3be9d7edcdc495b1d35594b1c6ef9cbaeb74a8ab,BSD-3-Clause,permissive,LICENSE (SPDX BSD-3-Clause via the GitHub licence API),Sources/VUMAT-Bisection.f,16014,,,no_umat_entry,declares a VUMAT and no UMAT; the explicit interface is out of scope,aba_param_include,,
pantale/abaqusVumat,3be9d7edcdc495b1d35594b1c6ef9cbaeb74a8ab,BSD-3-Clause,permissive,LICENSE (SPDX BSD-3-Clause via the GitHub licence API),Sources/JohnsonCook.f,6466,,,no_umat_entry,"Fortran, but it declares no SUBROUTINE UMAT",aba_param_include,,
pantale/abaqusVumat,3be9d7edcdc495b1d35594b1c6ef9cbaeb74a8ab,BSD-3-Clause,permissive,LICENSE (SPDX BSD-3-Clause via the GitHub licence API),Sources/TANH_Law/TANH_Bisection.f,17203,,,no_umat_entry,declares a VUMAT and no UMAT; the explicit interface is out of scope,aba_param_include,,
pantale/abaqusVumat,3be9d7edcdc495b1d35594b1c6ef9cbaeb74a8ab,BSD-3-Clause,permissive,LICENSE (SPDX BSD-3-Clause via the GitHub licence API),Sources/TANH_Law/TANH_NS_Newton.f,17967,,,no_umat_entry,declares a VUMAT and no UMAT; the explicit interface is out of scope,aba_param_include,,
pantale/abaqusVumat,3be9d7edcdc495b1d35594b1c6ef9cbaeb74a8ab,BSD-3-Clause,permissive,LICENSE (SPDX BSD-3-Clause via the GitHub licence API),Sources/TANH_Law/modifiedTANH_Bisection.f,17717,,,no_umat_entry,declares a VUMAT and no UMAT; the explicit interface is out of scope,aba_param_include,,
pantale/abaqusVumat,3be9d7edcdc495b1d35594b1c6ef9cbaeb74a8ab,BSD-3-Clause,permissive,LICENSE (SPDX BSD-3-Clause via the GitHub licence API),Sources/VUHARD.f,2686,,,no_umat_entry,"Fortran, but it declares no SUBROUTINE UMAT",aba_param_include,,
pantale/abaqusVumat,3be9d7edcdc495b1d35594b1c6ef9cbaeb74a8ab,BSD-3-Clause,permissive,LICENSE (SPDX BSD-3-Clause via the GitHub licence API),Sources/VUMAT-Direct.f,14267,,,no_umat_entry,declares a VUMAT and no UMAT; the explicit interface is out of scope,aba_param_include,,
pantale/abaqusVumat,3be9d7edcdc495b1d35594b1c6ef9cbaeb74a8ab,BSD-3-Clause,permissive,LICENSE (SPDX BSD-3-Clause via the GitHub licence API),Sources/VUMAT-NR-NS.f,17417,,,no_umat_entry,declares a VUMAT and no UMAT; the explicit interface is out of scope,aba_param_include,,
pantale/abaqusVumat,3be9d7edcdc495b1d35594b1c6ef9cbaeb74a8ab,BSD-3-Clause,permissive,LICENSE (SPDX BSD-3-Clause via the GitHub licence API),Sources/VUMAT-NR.f,17264,,,no_umat_entry,declares a VUMAT and no UMAT; the explicit interface is out of scope,aba_param_include,,
sYasman/Abaqus_and_ML,,,,no LICENSE file detected by the GitHub API,,0,,,licence_absent,"no licence is declared, so nothing may be redistributed from it; a repository without a LICENSE file is refused, not assumed permissive; recorded and not fetched",umat_signature_ddsdde_sse,,
sahmotaman/TMM-FE-Simulation,c6833805ae61ab79e13e82dd240ef8ad40290e35,GPL-3.0,copyleft,LICENSE (SPDX GPL-3.0 via the GitHub licence API),Abaqus User Material Subroutines/Abaqus Standard - UMAT/UMAT - Strain-based Return Mapping - Semi-Implicit/umat_subroutine.for,22425,2bb2b74325fb924d47bee3e32d4d58abefbb057399616961796f43b2ee309b2c,767c8ec9cad9e99d87fff206b3f3017c5fd00d28538bd06bf2e1d3349126fb7f,already_known,"the same implementation as discovery_cache/sahmotaman__TMM-FE-Simulation/Abaqus User Material Subroutines/Abaqus Standard - UMAT/UMAT - Strain-based Return Mapping - Semi-Implicit/umat_subroutine.for, which this collection already counts",subroutine_umat_fortran,,
sahmotaman/TMM-FE-Simulation,c6833805ae61ab79e13e82dd240ef8ad40290e35,GPL-3.0,copyleft,LICENSE (SPDX GPL-3.0 via the GitHub licence API),Abaqus User Material Subroutines/Abaqus Standard - UMAT/UMAT - Stress-based Return Mapping - Semi-Implicit/umat_subroutine.for,21549,cb75f07351f1baed630bc4d5fd701ad635fd3f3f4b0d89a78872d1ebd28d95ae,472e0304f266a24ae3e486363a18670c28d65ca7bb51c908788ca28706224b80,already_known,"the same implementation as discovery_cache/sahmotaman__TMM-FE-Simulation/Abaqus User Material Subroutines/Abaqus Standard - UMAT/UMAT - Stress-based Return Mapping - Semi-Implicit/umat_subroutine.for, which this collection already counts",subroutine_umat_fortran,,
sahmotaman/TMM-FE-Simulation,c6833805ae61ab79e13e82dd240ef8ad40290e35,GPL-3.0,copyleft,LICENSE (SPDX GPL-3.0 via the GitHub licence API),Abaqus User Material Subroutines/Abaqus Explicit - VUMAT/VUMAT - No Return Mapping - Fully-Explicit/controls_module.f90,3068,,,no_umat_entry,"Fortran, but it declares no SUBROUTINE UMAT",subroutine_umat_fortran,,
sahmotaman/TMM-FE-Simulation,c6833805ae61ab79e13e82dd240ef8ad40290e35,GPL-3.0,copyleft,LICENSE (SPDX GPL-3.0 via the GitHub licence API),Abaqus User Material Subroutines/Abaqus Explicit - VUMAT/VUMAT - No Return Mapping - Fully-Explicit/material_properties_module.f90,31465,,,no_umat_entry,"Fortran, but it declares no SUBROUTINE UMAT",subroutine_umat_fortran,,
sahmotaman/TMM-FE-Simulation,c6833805ae61ab79e13e82dd240ef8ad40290e35,GPL-3.0,copyleft,LICENSE (SPDX GPL-3.0 via the GitHub licence API),Abaqus User Material Subroutines/Abaqus Explicit - VUMAT/VUMAT - No Return Mapping - Fully-Explicit/strings_module.f90,16364,,,no_umat_entry,"Fortran, but it declares no SUBROUTINE UMAT",subroutine_umat_fortran,,
sahmotaman/TMM-FE-Simulation,c6833805ae61ab79e13e82dd240ef8ad40290e35,GPL-3.0,copyleft,LICENSE (SPDX GPL-3.0 via the GitHub licence API),Abaqus User Material Subroutines/Abaqus Explicit - VUMAT/VUMAT - No Return Mapping - Fully-Explicit/vumat_subroutine.for,32669,,,no_umat_entry,declares a VUMAT and no UMAT; the explicit interface is out of scope,subroutine_umat_fortran,,
sahmotaman/TMM-FE-Simulation,c6833805ae61ab79e13e82dd240ef8ad40290e35,GPL-3.0,copyleft,LICENSE (SPDX GPL-3.0 via the GitHub licence API),Abaqus User Material Subroutines/Abaqus Explicit - VUMAT/VUMAT - Strain-based Return Mapping - Semi-Implicit/controls_module.f90,3236,,,no_umat_entry,"Fortran, but it declares no SUBROUTINE UMAT",subroutine_umat_fortran,,
sahmotaman/TMM-FE-Simulation,c6833805ae61ab79e13e82dd240ef8ad40290e35,GPL-3.0,copyleft,LICENSE (SPDX GPL-3.0 via the GitHub licence API),Abaqus User Material Subroutines/Abaqus Explicit - VUMAT/VUMAT - Strain-based Return Mapping - Semi-Implicit/material_properties_module.f90,31465,,,no_umat_entry,"Fortran, but it declares no SUBROUTINE UMAT",subroutine_umat_fortran,,
sahmotaman/TMM-FE-Simulation,c6833805ae61ab79e13e82dd240ef8ad40290e35,GPL-3.0,copyleft,LICENSE (SPDX GPL-3.0 via the GitHub licence API),Abaqus User Material Subroutines/Abaqus Explicit - VUMAT/VUMAT - Strain-based Return Mapping - Semi-Implicit/plasticity_subroutine.f90,14761,,,no_umat_entry,"Fortran, but it declares no SUBROUTINE UMAT",subroutine_umat_fortran,,
sahmotaman/TMM-FE-Simulation,c6833805ae61ab79e13e82dd240ef8ad40290e35,GPL-3.0,copyleft,LICENSE (SPDX GPL-3.0 via the GitHub licence API),Abaqus User Material Subroutines/Abaqus Explicit - VUMAT/VUMAT - Strain-based Return Mapping - Semi-Implicit/strings_module.f90,16364,,,no_umat_entry,"Fortran, but it declares no SUBROUTINE UMAT",subroutine_umat_fortran,,
sahmotaman/TMM-FE-Simulation,c6833805ae61ab79e13e82dd240ef8ad40290e35,GPL-3.0,copyleft,LICENSE (SPDX GPL-3.0 via the GitHub licence API),Abaqus User Material Subroutines/Abaqus Explicit - VUMAT/VUMAT - Strain-based Return Mapping - Semi-Implicit/vumat_subroutine.for,22755,,,no_umat_entry,declares a VUMAT and no UMAT; the explicit interface is out of scope,subroutine_umat_fortran,,
sahmotaman/TMM-FE-Simulation,c6833805ae61ab79e13e82dd240ef8ad40290e35,GPL-3.0,copyleft,LICENSE (SPDX GPL-3.0 via the GitHub licence API),Abaqus User Material Subroutines/Abaqus Explicit - VUMAT/VUMAT - Stress-based Return Mapping - Semi-Implicit/controls_module.f90,3236,,,no_umat_entry,"Fortran, but it declares no SUBROUTINE UMAT",subroutine_umat_fortran,,
sahmotaman/TMM-FE-Simulation,c6833805ae61ab79e13e82dd240ef8ad40290e35,GPL-3.0,copyleft,LICENSE (SPDX GPL-3.0 via the GitHub licence API),Abaqus User Material Subroutines/Abaqus Explicit - VUMAT/VUMAT - Stress-based Return Mapping - Semi-Implicit/material_properties_module.f90,31465,,,no_umat_entry,"Fortran, but it declares no SUBROUTINE UMAT",subroutine_umat_fortran,,
sahmotaman/TMM-FE-Simulation,c6833805ae61ab79e13e82dd240ef8ad40290e35,GPL-3.0,copyleft,LICENSE (SPDX GPL-3.0 via the GitHub licence API),Abaqus User Material Subroutines/Abaqus Explicit - VUMAT/VUMAT - Stress-based Return Mapping - Semi-Implicit/strings_module.f90,16364,,,no_umat_entry,"Fortran, but it declares no SUBROUTINE UMAT",subroutine_umat_fortran,,
sahmotaman/TMM-FE-Simulation,c6833805ae61ab79e13e82dd240ef8ad40290e35,GPL-3.0,copyleft,LICENSE (SPDX GPL-3.0 via the GitHub licence API),Abaqus User Material Subroutines/Abaqus Explicit - VUMAT/VUMAT - Stress-based Return Mapping - Semi-Implicit/viscoplasticity_subroutine.f90,16653,,,no_umat_entry,"Fortran, but it declares no SUBROUTINE UMAT",subroutine_umat_fortran,,
sahmotaman/TMM-FE-Simulation,c6833805ae61ab79e13e82dd240ef8ad40290e35,GPL-3.0,copyleft,LICENSE (SPDX GPL-3.0 via the GitHub licence API),Abaqus User Material Subroutines/Abaqus Explicit - VUMAT/VUMAT - Stress-based Return Mapping - Semi-Implicit/vumat_subroutine.for,22602,,,no_umat_entry,declares a VUMAT and no UMAT; the explicit interface is out of scope,subroutine_umat_fortran,,
sahmotaman/TMM-FE-Simulation,c6833805ae61ab79e13e82dd240ef8ad40290e35,GPL-3.0,copyleft,LICENSE (SPDX GPL-3.0 via the GitHub licence API),Abaqus User Material Subroutines/Abaqus Standard - UMAT/UMAT - Strain-based Return Mapping - Fully-Implicit/controls_module.f90,3236,,,no_umat_entry,"Fortran, but it declares no SUBROUTINE UMAT",subroutine_umat_fortran,,
sahmotaman/TMM-FE-Simulation,c6833805ae61ab79e13e82dd240ef8ad40290e35,GPL-3.0,copyleft,LICENSE (SPDX GPL-3.0 via the GitHub licence API),Abaqus User Material Subroutines/Abaqus Standard - UMAT/UMAT - Strain-based Return Mapping - Fully-Implicit/material_properties_module.f90,31464,,,no_umat_entry,"Fortran, but it declares no SUBROUTINE UMAT",subroutine_umat_fortran,,
sahmotaman/TMM-FE-Simulation,c6833805ae61ab79e13e82dd240ef8ad40290e35,GPL-3.0,copyleft,LICENSE (SPDX GPL-3.0 via the GitHub licence API),Abaqus User Material Subroutines/Abaqus Standard - UMAT/UMAT - Strain-based Return Mapping - Fully-Implicit/matrix_inverse_subroutine.f90,4137,,,no_umat_entry,"Fortran, but it declares no SUBROUTINE UMAT",subroutine_umat_fortran,,
sahmotaman/TMM-FE-Simulation,c6833805ae61ab79e13e82dd240ef8ad40290e35,GPL-3.0,copyleft,LICENSE (SPDX GPL-3.0 via the GitHub licence API),Abaqus User Material Subroutines/Abaqus Standard - UMAT/UMAT - Strain-based Return Mapping - Fully-Implicit/plasticity_subroutine.f90,16535,,,no_umat_entry,"Fortran, but it declares no SUBROUTINE UMAT",subroutine_umat_fortran,,
sahmotaman/TMM-FE-Simulation,c6833805ae61ab79e13e82dd240ef8ad40290e35,GPL-3.0,copyleft,LICENSE (SPDX GPL-3.0 via the GitHub licence API),Abaqus User Material Subroutines/Abaqus Standard - UMAT/UMAT - Strain-based Return Mapping - Fully-Implicit/strings_module.f90,16364,,,no_umat_entry,"Fortran, but it declares no SUBROUTINE UMAT",subroutine_umat_fortran,,
sahmotaman/TMM-FE-Simulation,c6833805ae61ab79e13e82dd240ef8ad40290e35,GPL-3.0,copyleft,LICENSE (SPDX GPL-3.0 via the GitHub licence API),Abaqus User Material Subroutines/Abaqus Standard - UMAT/UMAT - Strain-based Return Mapping - Fully-Implicit/umat_subroutine.for,24267,401e00b00ceaf41780634e0a8419d8ed0cbd89280ce56906c4dc0fe8154c02c6,d5c6b807f0bc67591682035e2eede13250bd53d833a1956c122e1b92b5ac3805,already_known,"the same implementation as discovery_cache/sahmotaman__TMM-FE-Simulation/Abaqus User Material Subroutines/Abaqus Standard - UMAT/UMAT - Strain-based Return Mapping - Fully-Implicit/umat_subroutine.for, which this collection already counts",subroutine_umat_fortran,,
sahmotaman/TMM-FE-Simulation,c6833805ae61ab79e13e82dd240ef8ad40290e35,GPL-3.0,copyleft,LICENSE (SPDX GPL-3.0 via the GitHub licence API),Abaqus User Material Subroutines/Abaqus Standard - UMAT/UMAT - Strain-based Return Mapping - Semi-Implicit/controls_module.f90,3236,,,no_umat_entry,"Fortran, but it declares no SUBROUTINE UMAT",subroutine_umat_fortran,,
sahmotaman/TMM-FE-Simulation,c6833805ae61ab79e13e82dd240ef8ad40290e35,GPL-3.0,copyleft,LICENSE (SPDX GPL-3.0 via the GitHub licence API),Abaqus User Material Subroutines/Abaqus Standard - UMAT/UMAT - Strain-based Return Mapping - Semi-Implicit/material_properties_module.f90,31464,,,no_umat_entry,"Fortran, but it declares no SUBROUTINE UMAT",subroutine_umat_fortran,,
sahmotaman/TMM-FE-Simulation,c6833805ae61ab79e13e82dd240ef8ad40290e35,GPL-3.0,copyleft,LICENSE (SPDX GPL-3.0 via the GitHub licence API),Abaqus User Material Subroutines/Abaqus Standard - UMAT/UMAT - Strain-based Return Mapping - Semi-Implicit/plasticity_subroutine.f90,14761,,,no_umat_entry,"Fortran, but it declares no SUBROUTINE UMAT",subroutine_umat_fortran,,
sahmotaman/TMM-FE-Simulation,c6833805ae61ab79e13e82dd240ef8ad40290e35,GPL-3.0,copyleft,LICENSE (SPDX GPL-3.0 via the GitHub licence API),Abaqus User Material Subroutines/Abaqus Standard - UMAT/UMAT - Strain-based Return Mapping - Semi-Implicit/strings_module.f90,16364,,,no_umat_entry,"Fortran, but it declares no SUBROUTINE UMAT",subroutine_umat_fortran,,
sahmotaman/TMM-FE-Simulation,c6833805ae61ab79e13e82dd240ef8ad40290e35,GPL-3.0,copyleft,LICENSE (SPDX GPL-3.0 via the GitHub licence API),Abaqus User Material Subroutines/Abaqus Standard - UMAT/UMAT - Stress-based Return Mapping - Fully-Implicit/controls_module.f90,3236,,,no_umat_entry,"Fortran, but it declares no SUBROUTINE UMAT",subroutine_umat_fortran,,
sahmotaman/TMM-FE-Simulation,c6833805ae61ab79e13e82dd240ef8ad40290e35,GPL-3.0,copyleft,LICENSE (SPDX GPL-3.0 via the GitHub licence API),Abaqus User Material Subroutines/Abaqus Standard - UMAT/UMAT - Stress-based Return Mapping - Fully-Implicit/material_properties_module.f90,31464,,,no_umat_entry,"Fortran, but it declares no SUBROUTINE UMAT",subroutine_umat_fortran,,
sahmotaman/TMM-FE-Simulation,c6833805ae61ab79e13e82dd240ef8ad40290e35,GPL-3.0,copyleft,LICENSE (SPDX GPL-3.0 via the GitHub licence API),Abaqus User Material Subroutines/Abaqus Standard - UMAT/UMAT - Stress-based Return Mapping - Fully-Implicit/matrix_inverse_subroutine.f90,4137,,,no_umat_entry,"Fortran, but it declares no SUBROUTINE UMAT",subroutine_umat_fortran,,
sahmotaman/TMM-FE-Simulation,c6833805ae61ab79e13e82dd240ef8ad40290e35,GPL-3.0,copyleft,LICENSE (SPDX GPL-3.0 via the GitHub licence API),Abaqus User Material Subroutines/Abaqus Standard - UMAT/UMAT - Stress-based Return Mapping - Fully-Implicit/strings_module.f90,16364,,,no_umat_entry,"Fortran, but it declares no SUBROUTINE UMAT",subroutine_umat_fortran,,
sahmotaman/TMM-FE-Simulation,c6833805ae61ab79e13e82dd240ef8ad40290e35,GPL-3.0,copyleft,LICENSE (SPDX GPL-3.0 via the GitHub licence API),Abaqus User Material Subroutines/Abaqus Standard - UMAT/UMAT - Stress-based Return Mapping - Fully-Implicit/umat_subroutine.for,22977,d9578e2879d7720f9bde032914cd8c2abc148f3d1d1c87af574634c55b1226e0,cba735ea49378754bab0bc367ec0ad6d664d8d40851ab22c33114075b062d92e,already_known,"the same implementation as discovery_cache/sahmotaman__TMM-FE-Simulation/Abaqus User Material Subroutines/Abaqus Standard - UMAT/UMAT - Stress-based Return Mapping - Fully-Implicit/umat_subroutine.for, which this collection already counts",subroutine_umat_fortran,,
sahmotaman/TMM-FE-Simulation,c6833805ae61ab79e13e82dd240ef8ad40290e35,GPL-3.0,copyleft,LICENSE (SPDX GPL-3.0 via the GitHub licence API),Abaqus User Material Subroutines/Abaqus Standard - UMAT/UMAT - Stress-based Return Mapping - Fully-Implicit/viscoplasticity_subroutine.f90,18559,,,no_umat_entry,"Fortran, but it declares no SUBROUTINE UMAT",subroutine_umat_fortran,,
sahmotaman/TMM-FE-Simulation,c6833805ae61ab79e13e82dd240ef8ad40290e35,GPL-3.0,copyleft,LICENSE (SPDX GPL-3.0 via the GitHub licence API),Abaqus User Material Subroutines/Abaqus Standard - UMAT/UMAT - Stress-based Return Mapping - Semi-Implicit/controls_module.f90,3236,,,no_umat_entry,"Fortran, but it declares no SUBROUTINE UMAT",subroutine_umat_fortran,,
sahmotaman/TMM-FE-Simulation,c6833805ae61ab79e13e82dd240ef8ad40290e35,GPL-3.0,copyleft,LICENSE (SPDX GPL-3.0 via the GitHub licence API),Abaqus User Material Subroutines/Abaqus Standard - UMAT/UMAT - Stress-based Return Mapping - Semi-Implicit/material_properties_module.f90,31464,,,no_umat_entry,"Fortran, but it declares no SUBROUTINE UMAT",subroutine_umat_fortran,,
sahmotaman/TMM-FE-Simulation,c6833805ae61ab79e13e82dd240ef8ad40290e35,GPL-3.0,copyleft,LICENSE (SPDX GPL-3.0 via the GitHub licence API),Abaqus User Material Subroutines/Abaqus Standard - UMAT/UMAT - Stress-based Return Mapping - Semi-Implicit/strings_module.f90,16364,,,no_umat_entry,"Fortran, but it declares no SUBROUTINE UMAT",subroutine_umat_fortran,,
sahmotaman/TMM-FE-Simulation,c6833805ae61ab79e13e82dd240ef8ad40290e35,GPL-3.0,copyleft,LICENSE (SPDX GPL-3.0 via the GitHub licence API),Abaqus User Material Subroutines/Abaqus Standard - UMAT/UMAT - Stress-based Return Mapping - Semi-Implicit/viscoplasticity_subroutine.f90,16653,,,no_umat_entry,"Fortran, but it declares no SUBROUTINE UMAT",subroutine_umat_fortran,,
timondy/PhaseFieldBenchmarking,,,,no LICENSE file detected by the GitHub API,,0,,,licence_absent,"no licence is declared, so nothing may be redistributed from it; a repository without a LICENSE file is refused, not assumed permissive; recorded and not fetched",ddsdde_statev_nprops,,
wjin33/DSID,,,,no LICENSE file detected by the GitHub API,,0,,,licence_absent,"no licence is declared, so nothing may be redistributed from it; a repository without a LICENSE file is refused, not assumed permissive; recorded and not fetched",umat_signature_ddsdde_sse,,
xuzhiping/multiscale_winterschool_2021,,,,no LICENSE file detected by the GitHub API,,0,,,licence_absent,"no licence is declared, so nothing may be redistributed from it; a repository without a LICENSE file is refused, not assumed permissive; recorded and not fetched",umat_extension_for,,
3MAH-Team-old/smartplus,30d1eb51d39453036435b3707821e72019240583,GPL-3.0,copyleft,LICENSE.txt (SPDX GPL-3.0 via the GitHub licence API),software/umat_singleM.cpp,5641,,,no_umat_entry,"Fortran, but it declares no SUBROUTINE UMAT",ddsdde_statev_nprops,,
3MAH-Team-old/smartplus,30d1eb51d39453036435b3707821e72019240583,GPL-3.0,copyleft,LICENSE.txt (SPDX GPL-3.0 via the GitHub licence API),software/umat_singleT.cpp,5980,,,no_umat_entry,"Fortran, but it declares no SUBROUTINE UMAT",ddsdde_statev_nprops,,
DataAnalyticsEngineering/UMAT_2scale_LSDYNA,64b8f1c22a952077fe9dadf33431f72e92b59b3b,BSD-3-Clause,permissive,license (SPDX BSD-3-Clause inferred from the licence text; GitHub's API reported no identifier for this file),repo_files/umat/umat_elastic_43_13.F90,4603,,,no_umat_entry,"Fortran, but it declares no SUBROUTINE UMAT",umat_extension_f90,,
DataAnalyticsEngineering/UMAT_2scale_LSDYNA,64b8f1c22a952077fe9dadf33431f72e92b59b3b,BSD-3-Clause,permissive,license (SPDX BSD-3-Clause inferred from the licence text; GitHub's API reported no identifier for this file),repo_files/umat/umat_elastic_44_14.F90,10155,,,no_umat_entry,"Fortran, but it declares no SUBROUTINE UMAT",umat_extension_f90,,
DataAnalyticsEngineering/UMAT_2scale_LSDYNA,64b8f1c22a952077fe9dadf33431f72e92b59b3b,BSD-3-Clause,permissive,license (SPDX BSD-3-Clause inferred from the licence text; GitHub's API reported no identifier for this file),repo_files/external_packages/example_forpy.F90,1276,,,no_umat_entry,"Fortran, but it declares no SUBROUTINE UMAT",umat_extension_f90,,
DataAnalyticsEngineering/UMAT_2scale_LSDYNA,64b8f1c22a952077fe9dadf33431f72e92b59b3b,BSD-3-Clause,permissive,license (SPDX BSD-3-Clause inferred from the licence text; GitHub's API reported no identifier for this file),repo_files/external_packages/example_ttb.F90,1820,,,no_umat_entry,"Fortran, but it declares no SUBROUTINE UMAT",umat_extension_f90,,
DataAnalyticsEngineering/UMAT_2scale_LSDYNA,64b8f1c22a952077fe9dadf33431f72e92b59b3b,BSD-3-Clause,permissive,license (SPDX BSD-3-Clause inferred from the licence text; GitHub's API reported no identifier for this file),repo_files/external_packages/example_ttb.f,1812,,,no_umat_entry,"Fortran, but it declares no SUBROUTINE UMAT",umat_extension_f90,,
DataAnalyticsEngineering/UMAT_2scale_LSDYNA,64b8f1c22a952077fe9dadf33431f72e92b59b3b,BSD-3-Clause,permissive,license (SPDX BSD-3-Clause inferred from the licence text; GitHub's API reported no identifier for this file),repo_files/external_packages/forpy_mod.F90,385804,,,no_umat_entry,"Fortran, but it declares no SUBROUTINE UMAT",umat_extension_f90,,
DataAnalyticsEngineering/UMAT_2scale_LSDYNA,64b8f1c22a952077fe9dadf33431f72e92b59b3b,BSD-3-Clause,permissive,license (SPDX BSD-3-Clause inferred from the licence text; GitHub's API reported no identifier for this file),repo_files/external_packages/include_ttb.F,29,,,no_umat_entry,"Fortran, but it declares no SUBROUTINE UMAT",umat_extension_f90,,
DataAnalyticsEngineering/UMAT_2scale_LSDYNA,64b8f1c22a952077fe9dadf33431f72e92b59b3b,BSD-3-Clause,permissive,license (SPDX BSD-3-Clause inferred from the licence text; GitHub's API reported no identifier for this file),repo_files/external_packages/include_ttb_old.F,42,,,no_umat_entry,"Fortran, but it declares no SUBROUTINE UMAT",umat_extension_f90,,
DataAnalyticsEngineering/UMAT_2scale_LSDYNA,64b8f1c22a952077fe9dadf33431f72e92b59b3b,BSD-3-Clause,permissive,license (SPDX BSD-3-Clause inferred from the licence text; GitHub's API reported no identifier for this file),repo_files/external_packages/ttb/libadd.f,2153,,,no_umat_entry,"Fortran, but it declares no SUBROUTINE UMAT",umat_extension_f90,,
DataAnalyticsEngineering/UMAT_2scale_LSDYNA,64b8f1c22a952077fe9dadf33431f72e92b59b3b,BSD-3-Clause,permissive,license (SPDX BSD-3-Clause inferred from the licence text; GitHub's API reported no identifier for this file),repo_files/external_packages/ttb/libasabqarray.f,1038,,,no_umat_entry,"Fortran, but it declares no SUBROUTINE UMAT",umat_extension_f90,,
DataAnalyticsEngineering/UMAT_2scale_LSDYNA,64b8f1c22a952077fe9dadf33431f72e92b59b3b,BSD-3-Clause,permissive,license (SPDX BSD-3-Clause inferred from the licence text; GitHub's API reported no identifier for this file),repo_files/external_packages/ttb/libasarray.f,1624,,,no_umat_entry,"Fortran, but it declares no SUBROUTINE UMAT",umat_extension_f90,,
DataAnalyticsEngineering/UMAT_2scale_LSDYNA,64b8f1c22a952077fe9dadf33431f72e92b59b3b,BSD-3-Clause,permissive,license (SPDX BSD-3-Clause inferred from the licence text; GitHub's API reported no identifier for this file),repo_files/external_packages/ttb/libassignarray.f,2449,,,no_umat_entry,"Fortran, but it declares no SUBROUTINE UMAT",umat_extension_f90,,
DataAnalyticsEngineering/UMAT_2scale_LSDYNA,64b8f1c22a952077fe9dadf33431f72e92b59b3b,BSD-3-Clause,permissive,license (SPDX BSD-3-Clause inferred from the licence text; GitHub's API reported no identifier for this file),repo_files/external_packages/ttb/libassignscalar.f,2405,,,no_umat_entry,"Fortran, but it declares no SUBROUTINE UMAT",umat_extension_f90,,
DataAnalyticsEngineering/UMAT_2scale_LSDYNA,64b8f1c22a952077fe9dadf33431f72e92b59b3b,BSD-3-Clause,permissive,license (SPDX BSD-3-Clause inferred from the licence text; GitHub's API reported no identifier for this file),repo_files/external_packages/ttb/libassignten2sym.f,945,,,no_umat_entry,"Fortran, but it declares no SUBROUTINE UMAT",umat_extension_f90,,
DataAnalyticsEngineering/UMAT_2scale_LSDYNA,64b8f1c22a952077fe9dadf33431f72e92b59b3b,BSD-3-Clause,permissive,license (SPDX BSD-3-Clause inferred from the licence text; GitHub's API reported no identifier for this file),repo_files/external_packages/ttb/libcrossdyadic.f,4036,,,no_umat_entry,"Fortran, but it declares no SUBROUTINE UMAT",umat_extension_f90,,
DataAnalyticsEngineering/UMAT_2scale_LSDYNA,64b8f1c22a952077fe9dadf33431f72e92b59b3b,BSD-3-Clause,permissive,license (SPDX BSD-3-Clause inferred from the licence text; GitHub's API reported no identifier for this file),repo_files/external_packages/ttb/libddot.f,4265,,,no_umat_entry,"Fortran, but it declares no SUBROUTINE UMAT",umat_extension_f90,,
DataAnalyticsEngineering/UMAT_2scale_LSDYNA,64b8f1c22a952077fe9dadf33431f72e92b59b3b,BSD-3-Clause,permissive,license (SPDX BSD-3-Clause inferred from the licence text; GitHub's API reported no identifier for this file),repo_files/external_packages/ttb/libderivativeexp.f,3181,,,no_umat_entry,"Fortran, but it declares no SUBROUTINE UMAT",umat_extension_f90,,
DataAnalyticsEngineering/UMAT_2scale_LSDYNA,64b8f1c22a952077fe9dadf33431f72e92b59b3b,BSD-3-Clause,permissive,license (SPDX BSD-3-Clause inferred from the licence text; GitHub's API reported no identifier for this file),repo_files/external_packages/ttb/libdet.f,917,,,no_umat_entry,"Fortran, but it declares no SUBROUTINE UMAT",umat_extension_f90,,
DataAnalyticsEngineering/UMAT_2scale_LSDYNA,64b8f1c22a952077fe9dadf33431f72e92b59b3b,BSD-3-Clause,permissive,license (SPDX BSD-3-Clause inferred from the licence text; GitHub's API reported no identifier for this file),repo_files/external_packages/ttb/libdev.f,502,,,no_umat_entry,"Fortran, but it declares no SUBROUTINE UMAT",umat_extension_f90,,
DataAnalyticsEngineering/UMAT_2scale_LSDYNA,64b8f1c22a952077fe9dadf33431f72e92b59b3b,BSD-3-Clause,permissive,license (SPDX BSD-3-Clause inferred from the licence text; GitHub's API reported no identifier for this file),repo_files/external_packages/ttb/libdiv.f,2655,,,no_umat_entry,"Fortran, but it declares no SUBROUTINE UMAT",umat_extension_f90,,
DataAnalyticsEngineering/UMAT_2scale_LSDYNA,64b8f1c22a952077fe9dadf33431f72e92b59b3b,BSD-3-Clause,permissive,license (SPDX BSD-3-Clause inferred from the licence text; GitHub's API reported no identifier for this file),repo_files/external_packages/ttb/libdot.f,9041,,,no_umat_entry,"Fortran, but it declares no SUBROUTINE UMAT",umat_extension_f90,,
DataAnalyticsEngineering/UMAT_2scale_LSDYNA,64b8f1c22a952077fe9dadf33431f72e92b59b3b,BSD-3-Clause,permissive,license (SPDX BSD-3-Clause inferred from the licence text; GitHub's API reported no identifier for this file),repo_files/external_packages/ttb/libdyadic.f,934,,,no_umat_entry,"Fortran, but it declares no SUBROUTINE UMAT",umat_extension_f90,,
DataAnalyticsEngineering/UMAT_2scale_LSDYNA,64b8f1c22a952077fe9dadf33431f72e92b59b3b,BSD-3-Clause,permissive,license (SPDX BSD-3-Clause inferred from the licence text; GitHub's API reported no identifier for this file),repo_files/external_packages/ttb/libexp.f,1916,,,no_umat_entry,"Fortran, but it declares no SUBROUTINE UMAT",umat_extension_f90,,
DataAnalyticsEngineering/UMAT_2scale_LSDYNA,64b8f1c22a952077fe9dadf33431f72e92b59b3b,BSD-3-Clause,permissive,license (SPDX BSD-3-Clause inferred from the licence text; GitHub's API reported no identifier for this file),repo_files/external_packages/ttb/libidentity.f,1897,,,no_umat_entry,"Fortran, but it declares no SUBROUTINE UMAT",umat_extension_f90,,
DataAnalyticsEngineering/UMAT_2scale_LSDYNA,64b8f1c22a952077fe9dadf33431f72e92b59b3b,BSD-3-Clause,permissive,license (SPDX BSD-3-Clause inferred from the licence text; GitHub's API reported no identifier for this file),repo_files/external_packages/ttb/libinnercrossdyadic.f,2789,,,no_umat_entry,"Fortran, but it declares no SUBROUTINE UMAT",umat_extension_f90,,
DataAnalyticsEngineering/UMAT_2scale_LSDYNA,64b8f1c22a952077fe9dadf33431f72e92b59b3b,BSD-3-Clause,permissive,license (SPDX BSD-3-Clause inferred from the licence text; GitHub's API reported no identifier for this file),repo_files/external_packages/ttb/libinv.f,3044,,,no_umat_entry,"Fortran, but it declares no SUBROUTINE UMAT",umat_extension_f90,,
DataAnalyticsEngineering/UMAT_2scale_LSDYNA,64b8f1c22a952077fe9dadf33431f72e92b59b3b,BSD-3-Clause,permissive,license (SPDX BSD-3-Clause inferred from the licence text; GitHub's API reported no identifier for this file),repo_files/external_packages/ttb/libln.f,1311,,,no_umat_entry,"Fortran, but it declares no SUBROUTINE UMAT",umat_extension_f90,,
DataAnalyticsEngineering/UMAT_2scale_LSDYNA,64b8f1c22a952077fe9dadf33431f72e92b59b3b,BSD-3-Clause,permissive,license (SPDX BSD-3-Clause inferred from the licence text; GitHub's API reported no identifier for this file),repo_files/external_packages/ttb/libnorm.f,593,,,no_umat_entry,"Fortran, but it declares no SUBROUTINE UMAT",umat_extension_f90,,
DataAnalyticsEngineering/UMAT_2scale_LSDYNA,64b8f1c22a952077fe9dadf33431f72e92b59b3b,BSD-3-Clause,permissive,license (SPDX BSD-3-Clause inferred from the licence text; GitHub's API reported no identifier for this file),repo_files/external_packages/ttb/libpermute.f,2153,,,no_umat_entry,"Fortran, but it declares no SUBROUTINE UMAT",umat_extension_f90,,
DataAnalyticsEngineering/UMAT_2scale_LSDYNA,64b8f1c22a952077fe9dadf33431f72e92b59b3b,BSD-3-Clause,permissive,license (SPDX BSD-3-Clause inferred from the licence text; GitHub's API reported no identifier for this file),repo_files/external_packages/ttb/libpiola.f,2283,,,no_umat_entry,"Fortran, but it declares no SUBROUTINE UMAT",umat_extension_f90,,
DataAnalyticsEngineering/UMAT_2scale_LSDYNA,64b8f1c22a952077fe9dadf33431f72e92b59b3b,BSD-3-Clause,permissive,license (SPDX BSD-3-Clause inferred from the licence text; GitHub's API reported no identifier for this file),repo_files/external_packages/ttb/libpower.f,923,,,no_umat_entry,"Fortran, but it declares no SUBROUTINE UMAT",umat_extension_f90,,
DataAnalyticsEngineering/UMAT_2scale_LSDYNA,64b8f1c22a952077fe9dadf33431f72e92b59b3b,BSD-3-Clause,permissive,license (SPDX BSD-3-Clause inferred from the licence text; GitHub's API reported no identifier for this file),repo_files/external_packages/ttb/libreducedim.f,573,,,no_umat_entry,"Fortran, but it declares no SUBROUTINE UMAT",umat_extension_f90,,
DataAnalyticsEngineering/UMAT_2scale_LSDYNA,64b8f1c22a952077fe9dadf33431f72e92b59b3b,BSD-3-Clause,permissive,license (SPDX BSD-3-Clause inferred from the licence text; GitHub's API reported no identifier for this file),repo_files/external_packages/ttb/librotation.f,763,,,no_umat_entry,"Fortran, but it declares no SUBROUTINE UMAT",umat_extension_f90,,
DataAnalyticsEngineering/UMAT_2scale_LSDYNA,64b8f1c22a952077fe9dadf33431f72e92b59b3b,BSD-3-Clause,permissive,license (SPDX BSD-3-Clause inferred from the licence text; GitHub's API reported no identifier for this file),repo_files/external_packages/ttb/libsqrt.f,2578,,,no_umat_entry,"Fortran, but it declares no SUBROUTINE UMAT",umat_extension_f90,,
DataAnalyticsEngineering/UMAT_2scale_LSDYNA,64b8f1c22a952077fe9dadf33431f72e92b59b3b,BSD-3-Clause,permissive,license (SPDX BSD-3-Clause inferred from the licence text; GitHub's API reported no identifier for this file),repo_files/external_packages/ttb/libstrainstore.f,1076,,,no_umat_entry,"Fortran, but it declares no SUBROUTINE UMAT",umat_extension_f90,,
DataAnalyticsEngineering/UMAT_2scale_LSDYNA,64b8f1c22a952077fe9dadf33431f72e92b59b3b,BSD-3-Clause,permissive,license (SPDX BSD-3-Clause inferred from the licence text; GitHub's API reported no identifier for this file),repo_files/external_packages/ttb/libsub.f,2145,,,no_umat_entry,"Fortran, but it declares no SUBROUTINE UMAT",umat_extension_f90,,
DataAnalyticsEngineering/UMAT_2scale_LSDYNA,64b8f1c22a952077fe9dadf33431f72e92b59b3b,BSD-3-Clause,permissive,license (SPDX BSD-3-Clause inferred from the licence text; GitHub's API reported no identifier for this file),repo_files/external_packages/ttb/libsymstore.f,2926,,,no_umat_entry,"Fortran, but it declares no SUBROUTINE UMAT",umat_extension_f90,,
DataAnalyticsEngineering/UMAT_2scale_LSDYNA,64b8f1c22a952077fe9dadf33431f72e92b59b3b,BSD-3-Clause,permissive,license (SPDX BSD-3-Clause inferred from the licence text; GitHub's API reported no identifier for this file),repo_files/external_packages/ttb/libtenstore.f,2026,,,no_umat_entry,"Fortran, but it declares no SUBROUTINE UMAT",umat_extension_f90,,
DataAnalyticsEngineering/UMAT_2scale_LSDYNA,64b8f1c22a952077fe9dadf33431f72e92b59b3b,BSD-3-Clause,permissive,license (SPDX BSD-3-Clause inferred from the licence text; GitHub's API reported no identifier for this file),repo_files/external_packages/ttb/libtools.f,243,,,no_umat_entry,"Fortran, but it declares no SUBROUTINE UMAT",umat_extension_f90,,
DataAnalyticsEngineering/UMAT_2scale_LSDYNA,64b8f1c22a952077fe9dadf33431f72e92b59b3b,BSD-3-Clause,permissive,license (SPDX BSD-3-Clause inferred from the licence text; GitHub's API reported no identifier for this file),repo_files/external_packages/ttb/libtrace.f,404,,,no_umat_entry,"Fortran, but it declares no SUBROUTINE UMAT",umat_extension_f90,,
DataAnalyticsEngineering/UMAT_2scale_LSDYNA,64b8f1c22a952077fe9dadf33431f72e92b59b3b,BSD-3-Clause,permissive,license (SPDX BSD-3-Clause inferred from the licence text; GitHub's API reported no identifier for this file),,0,,,not_examined,stopped after 40 files from this repository; 8 not read,umat_extension_f90,,
GuGuaTT/STEEL-3dPointClouds,13a46c76d920841a30fde676185c345ab71b84d5,MIT,permissive,LICENSE (SPDX MIT via the GitHub licence API),AutoGen/ALLcombinedSolid_CMN.for,28656,b738829c988133952aa8feee70dafe950863b68c54134942880d88647fe241a5,19dbfc0536c3dee142c4d5ef05adf6c647f85220ee420bf424df26982bb823d5,candidate,"distinct, licensed MIT (permissive), declares a UMAT entry point; not yet transformed or verified",umat_extension_for,GuGuaTT__STEEL-3dPointClouds/AutoGen/ALLcombinedSolid_CMN.for,
GuGuaTT/STEEL-3dPointClouds,13a46c76d920841a30fde676185c345ab71b84d5,MIT,permissive,LICENSE (SPDX MIT via the GitHub licence API),AutoGen/ALLcombinedSolid_DMN.for,28656,a1b94b1e6ab1adccb8ffeff2e4b985591713be836605b6884c632c948ad5790d,61f6b1ed76f4eedf389f14c320af1f257bcd2a141bd8d5096be733d3c05f3cf7,candidate,"distinct, licensed MIT (permissive), declares a UMAT entry point; not yet transformed or verified",umat_extension_for,GuGuaTT__STEEL-3dPointClouds/AutoGen/ALLcombinedSolid_DMN.for,
HaoGao/ToFBiVentricle,42a809f4a7bb3de2d336fe5c12a9ed7d1520acc8,MIT,permissive,LICENSE (SPDX MIT via the GitHub licence API),publications/CBM2024/ABAQUS-File/Growth/newtest_Residual_each2free.for,14337,,,no_umat_entry,declares a VUMAT and no UMAT; the explicit interface is out of scope,aba_param_include,,
HaoGao/ToFBiVentricle,42a809f4a7bb3de2d336fe5c12a9ed7d1520acc8,MIT,permissive,LICENSE (SPDX MIT via the GitHub licence API),research_codes/parameter_inference/templateFiles/myuanisohyper_inv_sommer.for,5398,,,no_umat_entry,"Fortran, but it declares no SUBROUTINE UMAT",aba_param_include,,
HaoGao/ToFBiVentricle,42a809f4a7bb3de2d336fe5c12a9ed7d1520acc8,MIT,permissive,LICENSE (SPDX MIT via the GitHub licence API),publications/CBM2024/ABAQUS-File/Growth/newtest_Residual_each2free_17.for,14347,,,no_umat_entry,declares a VUMAT and no UMAT; the explicit interface is out of scope,aba_param_include,,
HaoGao/ToFBiVentricle,42a809f4a7bb3de2d336fe5c12a9ed7d1520acc8,MIT,permissive,LICENSE (SPDX MIT via the GitHub licence API),publications/CBM2024/ABAQUS-File/Growth/newtest_Residual_each2free_3.for,14344,,,no_umat_entry,declares a VUMAT and no UMAT; the explicit interface is out of scope,aba_param_include,,
HaoGao/ToFBiVentricle,42a809f4a7bb3de2d336fe5c12a9ed7d1520acc8,MIT,permissive,LICENSE (SPDX MIT via the GitHub licence API),publications/CBM2024/ABAQUS-File/No-Growth/VUMAT_mct.for,8602,,,no_umat_entry,declares a VUMAT and no UMAT; the explicit interface is out of scope,aba_param_include,,
HaoGao/ToFBiVentricle,42a809f4a7bb3de2d336fe5c12a9ed7d1520acc8,MIT,permissive,LICENSE (SPDX MIT via the GitHub licence API),publications/CBM2024/ABAQUS-File/No-Growth/VUMAT_normal.for,8495,,,no_umat_entry,declares a VUMAT and no UMAT; the explicit interface is out of scope,aba_param_include,,
HaoGao/ToFBiVentricle,42a809f4a7bb3de2d336fe5c12a9ed7d1520acc8,MIT,permissive,LICENSE (SPDX MIT via the GitHub licence API),research_codes/parameter_inference/templateFiles/newtest_Residual.for,11358,,,no_umat_entry,declares a VUMAT and no UMAT; the explicit interface is out of scope,aba_param_include,,
Irvise/latex-template,,CC0-1.0,permissive,LICENSE (SPDX CC0-1.0 via the GitHub licence API),,0,,,licence_incompatible,CC0-1.0 is outside the set this project may redistribute; recorded and not fetched,aba_param_include,,
JStaWZL/USR_VFriction_WZLReibmodell,,,,no LICENSE file detected by the GitHub API,,0,,,licence_absent,"no licence is declared, so nothing may be redistributed from it; a repository without a LICENSE file is refused, not assumed permissive; recorded and not fetched",aba_param_include,,
Jeff230222/VUANISOHYPER_INV_1,,,,no LICENSE file detected by the GitHub API,,0,,,licence_absent,"no licence is declared, so nothing may be redistributed from it; a repository without a LICENSE file is refused, not assumed permissive; recorded and not fetched",aba_param_include,,
JuDFTteam/JuKKR,2a47b06b4bf98fd8046fb7b2bfa0fe677e61359c,MIT,permissive,LICENSE.md (SPDX MIT inferred from the licence text; GitHub's API reported no identifier for this file),source/KKRimp/umatrix.f90,1256,,,no_umat_entry,"Fortran, but it declares no SUBROUTINE UMAT",umat_extension_f90,,
JuDFTteam/JuKKR,2a47b06b4bf98fd8046fb7b2bfa0fe677e61359c,MIT,permissive,LICENSE.md (SPDX MIT inferred from the licence text; GitHub's API reported no identifier for this file),source/KKRsusc/SOURCE/umatrix.f90,772,,,no_umat_entry,"Fortran, but it declares no SUBROUTINE UMAT",umat_extension_f90,,
JuDFTteam/JuKKR,2a47b06b4bf98fd8046fb7b2bfa0fe677e61359c,MIT,permissive,LICENSE.md (SPDX MIT inferred from the licence text; GitHub's API reported no identifier for this file),source/KKRhost/addvirtual14.f90,14387,,,no_umat_entry,"Fortran, but it declares no SUBROUTINE UMAT",umat_extension_f90,,
JuDFTteam/JuKKR,2a47b06b4bf98fd8046fb7b2bfa0fe677e61359c,MIT,permissive,LICENSE.md (SPDX MIT inferred from the licence text; GitHub's API reported no identifier for this file),source/KKRhost/amemagvec.f90,5860,,,no_umat_entry,"Fortran, but it declares no SUBROUTINE UMAT",umat_extension_f90,,
JuDFTteam/JuKKR,2a47b06b4bf98fd8046fb7b2bfa0fe677e61359c,MIT,permissive,LICENSE.md (SPDX MIT inferred from the licence text; GitHub's API reported no identifier for this file),source/KKRhost/bastrmat.f90,4313,,,no_umat_entry,"Fortran, but it declares no SUBROUTINE UMAT",umat_extension_f90,,
JuDFTteam/JuKKR,2a47b06b4bf98fd8046fb7b2bfa0fe677e61359c,MIT,permissive,LICENSE.md (SPDX MIT inferred from the licence text; GitHub's API reported no identifier for this file),source/KKRhost/beshan.f90,2952,,,no_umat_entry,"Fortran, but it declares no SUBROUTINE UMAT",umat_extension_f90,,
JuDFTteam/JuKKR,2a47b06b4bf98fd8046fb7b2bfa0fe677e61359c,MIT,permissive,LICENSE.md (SPDX MIT inferred from the licence text; GitHub's API reported no identifier for this file),source/KKRhost/bofm.f90,1537,,,no_umat_entry,"Fortran, but it declares no SUBROUTINE UMAT",umat_extension_f90,,
JuDFTteam/JuKKR,2a47b06b4bf98fd8046fb7b2bfa0fe677e61359c,MIT,permissive,LICENSE.md (SPDX MIT inferred from the licence text; GitHub's API reported no identifier for this file),source/KKRhost/brydbm.f90,10692,,,no_umat_entry,"Fortran, but it declares no SUBROUTINE UMAT",umat_extension_f90,,
JuDFTteam/JuKKR,2a47b06b4bf98fd8046fb7b2bfa0fe677e61359c,MIT,permissive,LICENSE.md (SPDX MIT inferred from the licence text; GitHub's API reported no identifier for this file),source/KKRhost/brysh1.f90,2352,,,no_umat_entry,"Fortran, but it declares no SUBROUTINE UMAT",umat_extension_f90,,
JuDFTteam/JuKKR,2a47b06b4bf98fd8046fb7b2bfa0fe677e61359c,MIT,permissive,LICENSE.md (SPDX MIT inferred from the licence text; GitHub's API reported no identifier for this file),source/KKRhost/brysh2.f90,2377,,,no_umat_entry,"Fortran, but it declares no SUBROUTINE UMAT",umat_extension_f90,,
JuDFTteam/JuKKR,2a47b06b4bf98fd8046fb7b2bfa0fe677e61359c,MIT,permissive,LICENSE.md (SPDX MIT inferred from the licence text; GitHub's API reported no identifier for this file),source/KKRhost/brysh3.f90,2358,,,no_umat_entry,"Fortran, but it declares no SUBROUTINE UMAT",umat_extension_f90,,
JuDFTteam/JuKKR,2a47b06b4bf98fd8046fb7b2bfa0fe677e61359c,MIT,permissive,LICENSE.md (SPDX MIT inferred from the licence text; GitHub's API reported no identifier for this file),source/KKRhost/btom.f90,1764,,,no_umat_entry,"Fortran, but it declares no SUBROUTINE UMAT",umat_extension_f90,,
JuDFTteam/JuKKR,2a47b06b4bf98fd8046fb7b2bfa0fe677e61359c,MIT,permissive,LICENSE.md (SPDX MIT inferred from the licence text; GitHub's API reported no identifier for this file),source/KKRhost/bzirr3d.f90,9209,,,no_umat_entry,"Fortran, but it declares no SUBROUTINE UMAT",umat_extension_f90,,
JuDFTteam/JuKKR,2a47b06b4bf98fd8046fb7b2bfa0fe677e61359c,MIT,permissive,LICENSE.md (SPDX MIT inferred from the licence text; GitHub's API reported no identifier for this file),source/KKRhost/bzkint0.f90,5736,,,no_umat_entry,"Fortran, but it declares no SUBROUTINE UMAT",umat_extension_f90,,
JuDFTteam/JuKKR,2a47b06b4bf98fd8046fb7b2bfa0fe677e61359c,MIT,permissive,LICENSE.md (SPDX MIT inferred from the licence text; GitHub's API reported no identifier for this file),source/KKRhost/bzkmesh.f90,6053,,,no_umat_entry,"Fortran, but it declares no SUBROUTINE UMAT",umat_extension_f90,,
JuDFTteam/JuKKR,2a47b06b4bf98fd8046fb7b2bfa0fe677e61359c,MIT,permissive,LICENSE.md (SPDX MIT inferred from the licence text; GitHub's API reported no identifier for this file),source/KKRhost/calc_rho_ll_ss.f90,4017,,,no_umat_entry,"Fortran, but it declares no SUBROUTINE UMAT",umat_extension_f90,,
JuDFTteam/JuKKR,2a47b06b4bf98fd8046fb7b2bfa0fe677e61359c,MIT,permissive,LICENSE.md (SPDX MIT inferred from the licence text; GitHub's API reported no identifier for this file),source/KKRhost/calc_rho_ll_ss_lmdos.f90,3857,,,no_umat_entry,"Fortran, but it declares no SUBROUTINE UMAT",umat_extension_f90,,
JuDFTteam/JuKKR,2a47b06b4bf98fd8046fb7b2bfa0fe677e61359c,MIT,permissive,LICENSE.md (SPDX MIT inferred from the licence text; GitHub's API reported no identifier for this file),source/KKRhost/calc_torq_ll_ss.f90,4636,,,no_umat_entry,"Fortran, but it declares no SUBROUTINE UMAT",umat_extension_f90,,
JuDFTteam/JuKKR,2a47b06b4bf98fd8046fb7b2bfa0fe677e61359c,MIT,permissive,LICENSE.md (SPDX MIT inferred from the licence text; GitHub's API reported no identifier for this file),source/KKRhost/calccgc.f90,2312,,,no_umat_entry,"Fortran, but it declares no SUBROUTINE UMAT",umat_extension_f90,,
JuDFTteam/JuKKR,2a47b06b4bf98fd8046fb7b2bfa0fe677e61359c,MIT,permissive,LICENSE.md (SPDX MIT inferred from the licence text; GitHub's API reported no identifier for this file),source/KKRhost/calcgf.f90,4287,,,no_umat_entry,"Fortran, but it declares no SUBROUTINE UMAT",umat_extension_f90,,
JuDFTteam/JuKKR,2a47b06b4bf98fd8046fb7b2bfa0fe677e61359c,MIT,permissive,LICENSE.md (SPDX MIT inferred from the licence text; GitHub's API reported no identifier for this file),source/KKRhost/calcmvec.f90,12923,,,no_umat_entry,"Fortran, but it declares no SUBROUTINE UMAT",umat_extension_f90,,
JuDFTteam/JuKKR,2a47b06b4bf98fd8046fb7b2bfa0fe677e61359c,MIT,permissive,LICENSE.md (SPDX MIT inferred from the licence text; GitHub's API reported no identifier for this file),source/KKRhost/calcrotmat.f90,3950,,,no_umat_entry,"Fortran, but it declares no SUBROUTINE UMAT",umat_extension_f90,,
JuDFTteam/JuKKR,2a47b06b4bf98fd8046fb7b2bfa0fe677e61359c,MIT,permissive,LICENSE.md (SPDX MIT inferred from the licence text; GitHub's API reported no identifier for this file),source/KKRhost/calctmat.F90,14232,,,no_umat_entry,"Fortran, but it declares no SUBROUTINE UMAT",umat_extension_f90,,
JuDFTteam/JuKKR,2a47b06b4bf98fd8046fb7b2bfa0fe677e61359c,MIT,permissive,LICENSE.md (SPDX MIT inferred from the licence text; GitHub's API reported no identifier for this file),source/KKRhost/calctref.f90,5937,,,no_umat_entry,"Fortran, but it declares no SUBROUTINE UMAT",umat_extension_f90,,
JuDFTteam/JuKKR,2a47b06b4bf98fd8046fb7b2bfa0fe677e61359c,MIT,permissive,LICENSE.md (SPDX MIT inferred from the licence text; GitHub's API reported no identifier for this file),source/KKRhost/calrmt.f90,3164,,,no_umat_entry,"Fortran, but it declares no SUBROUTINE UMAT",umat_extension_f90,,
JuDFTteam/JuKKR,2a47b06b4bf98fd8046fb7b2bfa0fe677e61359c,MIT,permissive,LICENSE.md (SPDX MIT inferred from the licence text; GitHub's API reported no identifier for this file),source/KKRhost/cdjlzdz.f90,1690,,,no_umat_entry,"Fortran, but it declares no SUBROUTINE UMAT",umat_extension_f90,,
JuDFTteam/JuKKR,2a47b06b4bf98fd8046fb7b2bfa0fe677e61359c,MIT,permissive,LICENSE.md (SPDX MIT inferred from the licence text; GitHub's API reported no identifier for this file),source/KKRhost/cdnlzdz.f90,1720,,,no_umat_entry,"Fortran, but it declares no SUBROUTINE UMAT",umat_extension_f90,,
JuDFTteam/JuKKR,2a47b06b4bf98fd8046fb7b2bfa0fe677e61359c,MIT,permissive,LICENSE.md (SPDX MIT inferred from the licence text; GitHub's API reported no identifier for this file),source/KKRhost/changerep.f90,3792,,,no_umat_entry,"Fortran, but it declares no SUBROUTINE UMAT",umat_extension_f90,,
JuDFTteam/JuKKR,2a47b06b4bf98fd8046fb7b2bfa0fe677e61359c,MIT,permissive,LICENSE.md (SPDX MIT inferred from the licence text; GitHub's API reported no identifier for this file),source/KKRhost/checkrmat.f90,2289,,,no_umat_entry,"Fortran, but it declares no SUBROUTINE UMAT",umat_extension_f90,,
JuDFTteam/JuKKR,2a47b06b4bf98fd8046fb7b2bfa0fe677e61359c,MIT,permissive,LICENSE.md (SPDX MIT inferred from the licence text; GitHub's API reported no identifier for this file),source/KKRhost/cint4pts.f90,2559,,,no_umat_entry,"Fortran, but it declares no SUBROUTINE UMAT",umat_extension_f90,,
JuDFTteam/JuKKR,2a47b06b4bf98fd8046fb7b2bfa0fe677e61359c,MIT,permissive,LICENSE.md (SPDX MIT inferred from the licence text; GitHub's API reported no identifier for this file),source/KKRhost/cintabr.f90,2300,,,no_umat_entry,"Fortran, but it declares no SUBROUTINE UMAT",umat_extension_f90,,
JuDFTteam/JuKKR,2a47b06b4bf98fd8046fb7b2bfa0fe677e61359c,MIT,permissive,LICENSE.md (SPDX MIT inferred from the licence text; GitHub's API reported no identifier for this file),source/KKRhost/cinthff.f90,3832,,,no_umat_entry,"Fortran, but it declares no SUBROUTINE UMAT",umat_extension_f90,,
JuDFTteam/JuKKR,2a47b06b4bf98fd8046fb7b2bfa0fe677e61359c,MIT,permissive,LICENSE.md (SPDX MIT inferred from the licence text; GitHub's API reported no identifier for this file),source/KKRhost/cjlz.f90,2128,,,no_umat_entry,"Fortran, but it declares no SUBROUTINE UMAT",umat_extension_f90,,
JuDFTteam/JuKKR,2a47b06b4bf98fd8046fb7b2bfa0fe677e61359c,MIT,permissive,LICENSE.md (SPDX MIT inferred from the licence text; GitHub's API reported no identifier for this file),source/KKRhost/clsgen_tb.f90,24431,,,no_umat_entry,"Fortran, but it declares no SUBROUTINE UMAT",umat_extension_f90,,
JuDFTteam/JuKKR,2a47b06b4bf98fd8046fb7b2bfa0fe677e61359c,MIT,permissive,LICENSE.md (SPDX MIT inferred from the licence text; GitHub's API reported no identifier for this file),source/KKRhost/cmatmul.f90,1923,,,no_umat_entry,"Fortran, but it declares no SUBROUTINE UMAT",umat_extension_f90,,
JuDFTteam/JuKKR,2a47b06b4bf98fd8046fb7b2bfa0fe677e61359c,MIT,permissive,LICENSE.md (SPDX MIT inferred from the licence text; GitHub's API reported no identifier for this file),source/KKRhost/cmatstr.f90,9301,,,no_umat_entry,"Fortran, but it declares no SUBROUTINE UMAT",umat_extension_f90,,
JuDFTteam/JuKKR,2a47b06b4bf98fd8046fb7b2bfa0fe677e61359c,MIT,permissive,LICENSE.md (SPDX MIT inferred from the licence text; GitHub's API reported no identifier for this file),source/KKRhost/cmomsread.f90,5315,,,no_umat_entry,"Fortran, but it declares no SUBROUTINE UMAT",umat_extension_f90,,
JuDFTteam/JuKKR,2a47b06b4bf98fd8046fb7b2bfa0fe677e61359c,MIT,permissive,LICENSE.md (SPDX MIT inferred from the licence text; GitHub's API reported no identifier for this file),source/KKRhost/cnlz.f90,2242,,,no_umat_entry,"Fortran, but it declares no SUBROUTINE UMAT",umat_extension_f90,,
JuDFTteam/JuKKR,2a47b06b4bf98fd8046fb7b2bfa0fe677e61359c,MIT,permissive,LICENSE.md (SPDX MIT inferred from the licence text; GitHub's API reported no identifier for this file),source/KKRhost/convol.f90,3011,,,no_umat_entry,"Fortran, but it declares no SUBROUTINE UMAT",umat_extension_f90,,
JuDFTteam/JuKKR,2a47b06b4bf98fd8046fb7b2bfa0fe677e61359c,MIT,permissive,LICENSE.md (SPDX MIT inferred from the licence text; GitHub's API reported no identifier for this file),source/KKRhost/core.f90,37773,,,no_umat_entry,"Fortran, but it declares no SUBROUTINE UMAT",umat_extension_f90,,
JuDFTteam/JuKKR,2a47b06b4bf98fd8046fb7b2bfa0fe677e61359c,MIT,permissive,LICENSE.md (SPDX MIT inferred from the licence text; GitHub's API reported no identifier for this file),,0,,,not_examined,stopped after 40 files from this repository; 1788 not read,umat_extension_f90,,
KianAghani/UEL,,,,no LICENSE file detected by the GitHub API,,0,,,licence_absent,"no licence is declared, so nothing may be redistributed from it; a repository without a LICENSE file is refused, not assumed permissive; recorded and not fetched",umat_extension_for,,
Payeh-app/OpenSeesH,,,,COPYRIGHT present but neither GitHub nor a text match identified a licence,,0,,,licence_absent,"no licence is declared, so nothing may be redistributed from it; a repository without a LICENSE file is refused, not assumed permissive; recorded and not fetched",aba_param_include,,
PoliHydra/hydra,c4416c5f34b46011680680aca847619f0b6c7bb3,MIT,permissive,LICENSE (SPDX MIT via the GitHub licence API),abafortran/ts/ts.f,3377,,,no_umat_entry,"Fortran, but it declares no SUBROUTINE UMAT",aba_param_include,,
PoliHydra/hydra,c4416c5f34b46011680680aca847619f0b6c7bb3,MIT,permissive,LICENSE (SPDX MIT via the GitHub licence API),abafortran/weakC/conc.f,3694,,,no_umat_entry,"Fortran, but it declares no SUBROUTINE UMAT",aba_param_include,,
PoliHydra/hydra,c4416c5f34b46011680680aca847619f0b6c7bb3,MIT,permissive,LICENSE (SPDX MIT via the GitHub licence API),examples/CT/conc.f,29,,,no_umat_entry,"Fortran, but it declares no SUBROUTINE UMAT",aba_param_include,,
PoliHydra/hydra,c4416c5f34b46011680680aca847619f0b6c7bb3,MIT,permissive,LICENSE (SPDX MIT via the GitHub licence API),examples/CT_coupled/hydra_k.f,10566,,,no_umat_entry,"Fortran, but it declares no SUBROUTINE UMAT",aba_param_include,,
PoliHydra/hydra,c4416c5f34b46011680680aca847619f0b6c7bb3,MIT,permissive,LICENSE (SPDX MIT via the GitHub licence API),examples/CT_coupled/hydra_s.f,10687,,,no_umat_entry,"Fortran, but it declares no SUBROUTINE UMAT",aba_param_include,,
PoliHydra/hydra,c4416c5f34b46011680680aca847619f0b6c7bb3,MIT,permissive,LICENSE (SPDX MIT via the GitHub licence API),verification/gradient/hydra.f,4040,,,no_umat_entry,"Fortran, but it declares no SUBROUTINE UMAT",aba_param_include,,
PoliHydra/hydra,c4416c5f34b46011680680aca847619f0b6c7bb3,MIT,permissive,LICENSE (SPDX MIT via the GitHub licence API),verification/tsl/ts.f,24,,,no_umat_entry,"Fortran, but it declares no SUBROUTINE UMAT",aba_param_include,,
PoliHydra/hydra,c4416c5f34b46011680680aca847619f0b6c7bb3,MIT,permissive,LICENSE (SPDX MIT via the GitHub licence API),verification/weakC/conc.f,29,,,no_umat_entry,"Fortran, but it declares no SUBROUTINE UMAT",aba_param_include,,
RESSLab-Team/IMK_Pinching_VUEL,4eff067430b32abe3bb2b653abab78dc5ba93bec,MIT,permissive,LICENSE (SPDX MIT via the GitHub licence API),VU1.for,42837,,,no_umat_entry,"Fortran, but it declares no SUBROUTINE UMAT",aba_param_include,,
SoftTissueBiomechanicsLab/Embedded_Fibers_UEL,,CC0-1.0,permissive,LICENSE (SPDX CC0-1.0 via the GitHub licence API),,0,,,licence_incompatible,CC0-1.0 is outside the set this project may redistribute; recorded and not fetched,aba_param_include,,
SoftTissueBiomechanicsLab/Texas_TriValve_1.1,,CC-BY-4.0,permissive,LICENSE-CC-BY.txt (SPDX CC-BY-4.0 via the GitHub licence API),,0,,,licence_incompatible,CC-BY-4.0 is outside the set this project may redistribute; recorded and not fetched,aba_param_include,,
Woowinehouse/Abaqus_UMAT_sanisand,5142e53bb7b0de34b8feb490880cff8370b583e1,MIT,permissive,LICENSE (SPDX MIT via the GitHub licence API),merge/source.F90,157009,95c68d952b57560fc2ef9a8411ef76f4193772c920379528ce81e9906a0d016a,68f87ae381c4c2ae080bd697a6ccaa051202faf122cd0db5e6dd85ecf6e968b3,candidate,"distinct, licensed MIT (permissive), declares a UMAT entry point; not yet transformed or verified",umat_extension_f90,Woowinehouse__Abaqus_UMAT_sanisand/merge/source.F90,input/drained.inp
Woowinehouse/Abaqus_UMAT_sanisand,5142e53bb7b0de34b8feb490880cff8370b583e1,MIT,permissive,LICENSE (SPDX MIT via the GitHub licence API),src/interface/umat.f90,11516,ca46f130e911f22b065ae45cbd101300859b4fdaac4e0830aa8c74413f64d141,a19c8cecc11b991765d6f36884a56cf200a33b8df499133cda1c0c316bc2d767,candidate,"distinct, licensed MIT (permissive), declares a UMAT entry point; not yet transformed or verified",umat_extension_f90,Woowinehouse__Abaqus_UMAT_sanisand/src/interface/umat.f90,input/drained.inp
Woowinehouse/Abaqus_UMAT_sanisand,5142e53bb7b0de34b8feb490880cff8370b583e1,MIT,permissive,LICENSE (SPDX MIT via the GitHub licence API),src/app/main.f90,46,,,no_umat_entry,"Fortran, but it declares no SUBROUTINE UMAT",umat_extension_f90,,
Woowinehouse/Abaqus_UMAT_sanisand,5142e53bb7b0de34b8feb490880cff8370b583e1,MIT,permissive,LICENSE (SPDX MIT via the GitHub licence API),src/interface/sdvini.F90,2720,,,no_umat_entry,"Fortran, but it declares no SUBROUTINE UMAT",umat_extension_f90,,
Woowinehouse/Abaqus_UMAT_sanisand,5142e53bb7b0de34b8feb490880cff8370b583e1,MIT,permissive,LICENSE (SPDX MIT via the GitHub licence API),src/interface/sigini.F90,1749,,,no_umat_entry,"Fortran, but it declares no SUBROUTINE UMAT",umat_extension_f90,,
Woowinehouse/Abaqus_UMAT_sanisand,5142e53bb7b0de34b8feb490880cff8370b583e1,MIT,permissive,LICENSE (SPDX MIT via the GitHub licence API),src/update/include/container.F90,11388,,,no_umat_entry,"Fortran, but it declares no SUBROUTINE UMAT",umat_extension_f90,,
Woowinehouse/Abaqus_UMAT_sanisand,5142e53bb7b0de34b8feb490880cff8370b583e1,MIT,permissive,LICENSE (SPDX MIT via the GitHub licence API),src/update/include/elastic.F90,10953,,,no_umat_entry,"Fortran, but it declares no SUBROUTINE UMAT",umat_extension_f90,,
Woowinehouse/Abaqus_UMAT_sanisand,5142e53bb7b0de34b8feb490880cff8370b583e1,MIT,permissive,LICENSE (SPDX MIT via the GitHub licence API),src/update/include/math.F90,14057,,,no_umat_entry,"Fortran, but it declares no SUBROUTINE UMAT",umat_extension_f90,,
Woowinehouse/Abaqus_UMAT_sanisand,5142e53bb7b0de34b8feb490880cff8370b583e1,MIT,permissive,LICENSE (SPDX MIT via the GitHub licence API),src/update/include/plastic.F90,10067,,,no_umat_entry,"Fortran, but it declares no SUBROUTINE UMAT",umat_extension_f90,,
Woowinehouse/Abaqus_UMAT_sanisand,5142e53bb7b0de34b8feb490880cff8370b583e1,MIT,permissive,LICENSE (SPDX MIT via the GitHub licence API),src/update/src/container_impl.F90,12791,,,no_umat_entry,"Fortran, but it declares no SUBROUTINE UMAT",umat_extension_f90,,
Woowinehouse/Abaqus_UMAT_sanisand,5142e53bb7b0de34b8feb490880cff8370b583e1,MIT,permissive,LICENSE (SPDX MIT via the GitHub licence API),src/update/src/elastic_impl.F90,7186,,,no_umat_entry,"Fortran, but it declares no SUBROUTINE UMAT",umat_extension_f90,,
Woowinehouse/Abaqus_UMAT_sanisand,5142e53bb7b0de34b8feb490880cff8370b583e1,MIT,permissive,LICENSE (SPDX MIT via the GitHub licence API),src/update/src/math_impl.F90,15222,,,no_umat_entry,"Fortran, but it declares no SUBROUTINE UMAT",umat_extension_f90,,
Woowinehouse/Abaqus_UMAT_sanisand,5142e53bb7b0de34b8feb490880cff8370b583e1,MIT,permissive,LICENSE (SPDX MIT via the GitHub licence API),src/update/src/plastic_impl.F90,9548,,,no_umat_entry,"Fortran, but it declares no SUBROUTINE UMAT",umat_extension_f90,,
Woowinehouse/Abaqus_UMAT_sanisand,5142e53bb7b0de34b8feb490880cff8370b583e1,MIT,permissive,LICENSE (SPDX MIT via the GitHub licence API),src/utils/include/base_config.F90,2405,,,no_umat_entry,"Fortran, but it declares no SUBROUTINE UMAT",umat_extension_f90,,
Woowinehouse/Abaqus_UMAT_sanisand,5142e53bb7b0de34b8feb490880cff8370b583e1,MIT,permissive,LICENSE (SPDX MIT via the GitHub licence API),src/utils/include/exception.F90,6378,,,no_umat_entry,"Fortran, but it declares no SUBROUTINE UMAT",umat_extension_f90,,
Woowinehouse/Abaqus_UMAT_sanisand,5142e53bb7b0de34b8feb490880cff8370b583e1,MIT,permissive,LICENSE (SPDX MIT via the GitHub licence API),src/utils/include/material_config.F90,1709,,,no_umat_entry,"Fortran, but it declares no SUBROUTINE UMAT",umat_extension_f90,,
Woowinehouse/Abaqus_UMAT_sanisand,5142e53bb7b0de34b8feb490880cff8370b583e1,MIT,permissive,LICENSE (SPDX MIT via the GitHub licence API),src/utils/include/preprocess.F90,5386,,,no_umat_entry,"Fortran, but it declares no SUBROUTINE UMAT",umat_extension_f90,,
Woowinehouse/Abaqus_UMAT_sanisand,5142e53bb7b0de34b8feb490880cff8370b583e1,MIT,permissive,LICENSE (SPDX MIT via the GitHub licence API),src/utils/include/tensor_opt.F90,11662,,,no_umat_entry,"Fortran, but it declares no SUBROUTINE UMAT",umat_extension_f90,,
Woowinehouse/Abaqus_UMAT_sanisand,5142e53bb7b0de34b8feb490880cff8370b583e1,MIT,permissive,LICENSE (SPDX MIT via the GitHub licence API),src/utils/src/exception_impl.F90,3403,,,no_umat_entry,"Fortran, but it declares no SUBROUTINE UMAT",umat_extension_f90,,
Woowinehouse/Abaqus_UMAT_sanisand,5142e53bb7b0de34b8feb490880cff8370b583e1,MIT,permissive,LICENSE (SPDX MIT via the GitHub licence API),src/utils/src/preprocess_impl.F90,7675,,,no_umat_entry,"Fortran, but it declares no SUBROUTINE UMAT",umat_extension_f90,,
Woowinehouse/Abaqus_UMAT_sanisand,5142e53bb7b0de34b8feb490880cff8370b583e1,MIT,permissive,LICENSE (SPDX MIT via the GitHub licence API),src/utils/src/tensor_opt_impl.F90,11193,,,no_umat_entry,"Fortran, but it declares no SUBROUTINE UMAT",umat_extension_f90,,
Woowinehouse/Abaqus_UMAT_sanisand,5142e53bb7b0de34b8feb490880cff8370b583e1,MIT,permissive,LICENSE (SPDX MIT via the GitHub licence API),tests/utils/test.F90,3253,,,no_umat_entry,"Fortran, but it declares no SUBROUTINE UMAT",umat_extension_f90,,
adwardF/ABQnn,,,,no LICENSE file detected by the GitHub API,,0,,,licence_absent,"no licence is declared, so nothing may be redistributed from it; a repository without a LICENSE file is refused, not assumed permissive; recorded and not fetched",subroutine_umat_ddsdde,,
arthurgirard/Girard2025-RNN-Surrogate-Composite-Fracture,7a8b8096a5a3efe2108fcccb882edeb94742f1ad,MIT,permissive,LICENSE (SPDX MIT via the GitHub licence API),src/RNN-VUMAT.f,9799,,,no_umat_entry,declares a VUMAT and no UMAT; the explicit interface is out of scope,aba_param_include,,
arthurgirard/Girard2025-RNN-Surrogate-Composite-Fracture,7a8b8096a5a3efe2108fcccb882edeb94742f1ad,MIT,permissive,LICENSE (SPDX MIT via the GitHub licence API),src/lmscc_f.f,11528,,,no_umat_entry,"Fortran, but it declares no SUBROUTINE UMAT",aba_param_include,,
arthurgirard/Girard2025-RNN-Surrogate-Composite-Fracture,7a8b8096a5a3efe2108fcccb882edeb94742f1ad,MIT,permissive,LICENSE (SPDX MIT via the GitHub licence API),src/lmscc_u.f,11535,,,no_umat_entry,"Fortran, but it declares no SUBROUTINE UMAT",aba_param_include,,
arthurgirard/Girard2025-RNN-Surrogate-Composite-Fracture,7a8b8096a5a3efe2108fcccb882edeb94742f1ad,MIT,permissive,LICENSE (SPDX MIT via the GitHub licence API),src/lmscc_wa_1.f,18965,,,no_umat_entry,"Fortran, but it declares no SUBROUTINE UMAT",aba_param_include,,
arthurgirard/Girard2025-RNN-Surrogate-Composite-Fracture,7a8b8096a5a3efe2108fcccb882edeb94742f1ad,MIT,permissive,LICENSE (SPDX MIT via the GitHub licence API),src/lmscc_wa_2.f,112469,,,no_umat_entry,"Fortran, but it declares no SUBROUTINE UMAT",aba_param_include,,
arthurgirard/Girard2025-RNN-Surrogate-Composite-Fracture,7a8b8096a5a3efe2108fcccb882edeb94742f1ad,MIT,permissive,LICENSE (SPDX MIT via the GitHub licence API),src/lmscc_wb_1.f,18917,,,no_umat_entry,"Fortran, but it declares no SUBROUTINE UMAT",aba_param_include,,
arthurgirard/Girard2025-RNN-Surrogate-Composite-Fracture,7a8b8096a5a3efe2108fcccb882edeb94742f1ad,MIT,permissive,LICENSE (SPDX MIT via the GitHub licence API),src/lmscc_wb_2.f,112466,,,no_umat_entry,"Fortran, but it declares no SUBROUTINE UMAT",aba_param_include,,
arthurgirard/Girard2025-RNN-Surrogate-Composite-Fracture,7a8b8096a5a3efe2108fcccb882edeb94742f1ad,MIT,permissive,LICENSE (SPDX MIT via the GitHub licence API),src/stress_dense.f,1009,,,no_umat_entry,"Fortran, but it declares no SUBROUTINE UMAT",aba_param_include,,
aschellenberg74/OpenFresco,5c1028f96e94477a2492b995460f855d81d7c693,BSD-3-Clause,permissive,COPYRIGHT (SPDX BSD-3-Clause inferred from the licence text; GitHub's API reported no identifier for this file),SRC/experimentalControl/FEAdapter/abaqus/adapter_imp.for,13748,,,no_umat_entry,"Fortran, but it declares no SUBROUTINE UMAT",aba_param_include,,
aschellenberg74/OpenFresco,5c1028f96e94477a2492b995460f855d81d7c693,BSD-3-Clause,permissive,COPYRIGHT (SPDX BSD-3-Clause inferred from the licence text; GitHub's API reported no identifier for this file),SRC/experimentalControl/FEAdapter/lsDyna/adapter_1d.f,6883,,,no_umat_entry,"Fortran, but it declares no SUBROUTINE UMAT",aba_param_include,,
aschellenberg74/OpenFresco,5c1028f96e94477a2492b995460f855d81d7c693,BSD-3-Clause,permissive,COPYRIGHT (SPDX BSD-3-Clause inferred from the licence text; GitHub's API reported no identifier for this file),SRC/simApplicationClient/abaqus/genericClient_exp.for,8896,,,no_umat_entry,"Fortran, but it declares no SUBROUTINE UMAT",aba_param_include,,
aschellenberg74/OpenFresco,5c1028f96e94477a2492b995460f855d81d7c693,BSD-3-Clause,permissive,COPYRIGHT (SPDX BSD-3-Clause inferred from the licence text; GitHub's API reported no identifier for this file),SRC/simApplicationClient/abaqus/genericClient_imp.for,14585,,,no_umat_entry,"Fortran, but it declares no SUBROUTINE UMAT",aba_param_include,,
aschellenberg74/OpenFresco,5c1028f96e94477a2492b995460f855d81d7c693,BSD-3-Clause,permissive,COPYRIGHT (SPDX BSD-3-Clause inferred from the licence text; GitHub's API reported no identifier for this file),SRC/simApplicationClient/ansys/UserElem.F,21187,,,no_umat_entry,"Fortran, but it declares no SUBROUTINE UMAT",aba_param_include,,
aschellenberg74/OpenFresco,5c1028f96e94477a2492b995460f855d81d7c693,BSD-3-Clause,permissive,COPYRIGHT (SPDX BSD-3-Clause inferred from the licence text; GitHub's API reported no identifier for this file),SRC/simApplicationClient/fortran/genericClient.f,9077,,,no_umat_entry,"Fortran, but it declares no SUBROUTINE UMAT",aba_param_include,,
aschellenberg74/OpenFresco,5c1028f96e94477a2492b995460f855d81d7c693,BSD-3-Clause,permissive,COPYRIGHT (SPDX BSD-3-Clause inferred from the licence text; GitHub's API reported no identifier for this file),SRC/simApplicationClient/lsDyna/genericClient_1d.f,6377,,,no_umat_entry,"Fortran, but it declares no SUBROUTINE UMAT",aba_param_include,,
cheneyjin/welding_dflux_subroutine,639159d04897438b1874963606f8cb072c0aca77,Apache-2.0,permissive,LICENSE (SPDX Apache-2.0 via the GitHub licence API),AMFlux10/AMFlux10.py,15460,,,no_umat_entry,"Fortran, but it declares no SUBROUTINE UMAT",aba_param_include,,
cheneyjin/welding_dflux_subroutine,639159d04897438b1874963606f8cb072c0aca77,Apache-2.0,permissive,LICENSE (SPDX Apache-2.0 via the GitHub licence API),WeldFlux161/T_plain161.py,24633,,,no_umat_entry,"Fortran, but it declares no SUBROUTINE UMAT",aba_param_include,,
damu1000/hypre_ep,,,,no LICENSE file detected by the GitHub API,,0,,,licence_absent,"no licence is declared, so nothing may be redistributed from it; a repository without a LICENSE file is refused, not assumed permissive; recorded and not fetched",ddsdde_statev_nprops,,
elanurkarabulut/umat-analysis,,,,no LICENSE file detected by the GitHub API,,0,,,licence_absent,"no licence is declared, so nothing may be redistributed from it; a repository without a LICENSE file is refused, not assumed permissive; recorded and not fetched",umat_extension_for,,
fbraeu90/GR-Eye,,,,LICENSE.md present but neither GitHub nor a text match identified a licence,,0,,,licence_absent,"no licence is declared, so nothing may be redistributed from it; a repository without a LICENSE file is refused, not assumed permissive; recorded and not fetched",umat_signature_ddsdde_sse,,
frodal/SCMM-hypo,7c710945e474093675dbbf2de0f6e90ba471fb10,AGPL-3.0,copyleft,LICENSE.md (SPDX AGPL-3.0 inferred from the licence text; GitHub's API reported no identifier for this file),HypoImp.f,27784,63ec4530d1b6caa9d355982b28e0064f2495bbc7c96100e0100e4c7dd3bdada9,7422151aa1e69364daa82964b85360243bb7e1f80b624ddef42dcb328c0e3b11,candidate,"distinct, licensed AGPL-3.0 (copyleft), declares a UMAT entry point; not yet transformed or verified",umat_signature_ddsdde_sse,frodal__SCMM-hypo/HypoImp.f,Tests/Abaqus/AxisymmetricTest/Axisymmetric-Explicit.inp;Tests/Abaqus/AxisymmetricTest/Axisymmetric-Implicit.inp;Tests/Abaqus/PlaneStrainTest/PlaneStrain-Explicit.inp;Tests/Abaqus/PlaneStrainTest/PlaneStrain-Implicit.inp;Tests/Abaqus/PolycrystalTest/PolycrystalTension-Explicit.inp;Tests/Abaqus/PolycrystalTest/PolycrystalTension-Implicit.inp;Tests/Abaqus/SimpleShearTest/SimpleShear-Explicit.inp;Tests/Abaqus/SimpleShearTest/SimpleShear-Implicit.inp
frodal/SCMM-hypo,7c710945e474093675dbbf2de0f6e90ba471fb10,AGPL-3.0,copyleft,LICENSE.md (SPDX AGPL-3.0 inferred from the licence text; GitHub's API reported no identifier for this file),CCCP.f,35267,,,no_umat_entry,"Fortran, but it declares no SUBROUTINE UMAT",umat_signature_ddsdde_sse,,
frodal/SCMM-hypo,7c710945e474093675dbbf2de0f6e90ba471fb10,AGPL-3.0,copyleft,LICENSE.md (SPDX AGPL-3.0 inferred from the licence text; GitHub's API reported no identifier for this file),CCCPHardening.f,6582,,,no_umat_entry,"Fortran, but it declares no SUBROUTINE UMAT",umat_signature_ddsdde_sse,,
frodal/SCMM-hypo,7c710945e474093675dbbf2de0f6e90ba471fb10,AGPL-3.0,copyleft,LICENSE.md (SPDX AGPL-3.0 inferred from the licence text; GitHub's API reported no identifier for this file),CCCPSubs.f,4948,,,no_umat_entry,"Fortran, but it declares no SUBROUTINE UMAT",umat_signature_ddsdde_sse,,
frodal/SCMM-hypo,7c710945e474093675dbbf2de0f6e90ba471fb10,AGPL-3.0,copyleft,LICENSE.md (SPDX AGPL-3.0 inferred from the licence text; GitHub's API reported no identifier for this file),CCCPSubsPorous.f,14573,,,no_umat_entry,"Fortran, but it declares no SUBROUTINE UMAT",umat_signature_ddsdde_sse,,
frodal/SCMM-hypo,7c710945e474093675dbbf2de0f6e90ba471fb10,AGPL-3.0,copyleft,LICENSE.md (SPDX AGPL-3.0 inferred from the licence text; GitHub's API reported no identifier for this file),Definitions.f,3485,,,no_umat_entry,"Fortran, but it declares no SUBROUTINE UMAT",umat_signature_ddsdde_sse,,
frodal/SCMM-hypo,7c710945e474093675dbbf2de0f6e90ba471fb10,AGPL-3.0,copyleft,LICENSE.md (SPDX AGPL-3.0 inferred from the licence text; GitHub's API reported no identifier for this file),Dependencies/quartic.f90,18643,,,no_umat_entry,"Fortran, but it declares no SUBROUTINE UMAT",umat_signature_ddsdde_sse,,
frodal/SCMM-hypo,7c710945e474093675dbbf2de0f6e90ba471fb10,AGPL-3.0,copyleft,LICENSE.md (SPDX AGPL-3.0 inferred from the licence text; GitHub's API reported no identifier for this file),Hypo.f,27278,,,no_umat_entry,"Fortran, but it declares no SUBROUTINE UMAT",umat_signature_ddsdde_sse,,
frodal/SCMM-hypo,7c710945e474093675dbbf2de0f6e90ba471fb10,AGPL-3.0,copyleft,LICENSE.md (SPDX AGPL-3.0 inferred from the licence text; GitHub's API reported no identifier for this file),HypoExp.f,28387,,,no_umat_entry,declares a VUMAT and no UMAT; the explicit interface is out of scope,umat_signature_ddsdde_sse,,
frodal/SCMM-hypo,7c710945e474093675dbbf2de0f6e90ba471fb10,AGPL-3.0,copyleft,LICENSE.md (SPDX AGPL-3.0 inferred from the licence text; GitHub's API reported no identifier for this file),Subs.f,23047,,,no_umat_entry,"Fortran, but it declares no SUBROUTINE UMAT",umat_signature_ddsdde_sse,,
frodal/SCMM-hypo,7c710945e474093675dbbf2de0f6e90ba471fb10,AGPL-3.0,copyleft,LICENSE.md (SPDX AGPL-3.0 inferred from the licence text; GitHub's API reported no identifier for this file),Taylor.f,5685,,,no_umat_entry,"Fortran, but it declares no SUBROUTINE UMAT",umat_signature_ddsdde_sse,,
githubgrasp/cdpm2,,,,no LICENSE file detected by the GitHub API,,0,,,licence_absent,"no licence is declared, so nothing may be redistributed from it; a repository without a LICENSE file is refused, not assumed permissive; recorded and not fetched",subroutine_umat_fortran,,
harshaa765/Bilinear-CZM-UMAT,6fcbc550dd1c3877916a43a7f6eaf6dfabe06611,GPL-3.0,copyleft,LICENSE (SPDX GPL-3.0 via the GitHub licence API),Bilinear_CZM_UMAT.for,7183,00cbe0a6713360bea29179df5ae284ef825cceeaf4418ec075d60196abd70a6f,97c8884867b68e36da39dd062285cc8c663c4ed3f9bb0d2c399a49b2aed45992,candidate,"distinct, licensed GPL-3.0 (copyleft), declares a UMAT entry point; not yet transformed or verified",umat_signature_ddsdde_sse,harshaa765__Bilinear-CZM-UMAT/Bilinear_CZM_UMAT.for,2D_DCB_BILINIEAR_CZM_UMAT.inp;2D_ENF_BILINEAR_CZM_UMAT.inp;2D_MMB_BILINEAR_CZM_UMAT.inp;Job_1_Harsh_UMAT.inp
heartvalve/Biomechanics_FiniteElementAnalysis,,,,no LICENSE file detected by the GitHub API,,0,,,licence_absent,"no licence is declared, so nothing may be redistributed from it; a repository without a LICENSE file is refused, not assumed permissive; recorded and not fetched",aba_param_include,,
hhupde/PSBFEM-Abaqus,,,,no LICENSE file detected by the GitHub API,,0,,,licence_absent,"no licence is declared, so nothing may be redistributed from it; a repository without a LICENSE file is refused, not assumed permissive; recorded and not fetched",aba_param_include,,
hzhangolemiss/VUMAT-DSGZs,8dddc18d9545d91457c2209d636b47cc1fb06044,MIT,permissive,LICENSE (SPDX MIT via the GitHub licence API),VUMAT/FuncgDSGZ.f,10756,,,no_umat_entry,"Fortran, but it declares no SUBROUTINE UMAT",aba_param_include,,
hzhangolemiss/VUMAT-DSGZs,8dddc18d9545d91457c2209d636b47cc1fb06044,MIT,permissive,LICENSE (SPDX MIT via the GitHub licence API),VUMAT/VUMAT-gDSGZ-SNRwBi.f,25133,,,no_umat_entry,declares a VUMAT and no UMAT; the explicit interface is out of scope,aba_param_include,,
hzhangolemiss/VUMAT-DSGZs,8dddc18d9545d91457c2209d636b47cc1fb06044,MIT,permissive,LICENSE (SPDX MIT via the GitHub licence API),VUMAT/VUMAT-gDSGZ-SNRwBiNUM.f,22842,,,no_umat_entry,declares a VUMAT and no UMAT; the explicit interface is out of scope,aba_param_include,,
hzhangolemiss/VUMAT-DSGZs,8dddc18d9545d91457c2209d636b47cc1fb06044,MIT,permissive,LICENSE (SPDX MIT via the GitHub licence API),VUMAT/VUMAT-mDSGZ-SNRwBiNUM.f,21793,,,no_umat_entry,declares a VUMAT and no UMAT; the explicit interface is out of scope,aba_param_include,,
ignorantimt/Abaqus_subroutines,,,,no LICENSE file detected by the GitHub API,,0,,,licence_absent,"no licence is declared, so nothing may be redistributed from it; a repository without a LICENSE file is refused, not assumed permissive; recorded and not fetched",umat_signature_ddsdde_sse,,
jgomezc1/DRM-FEAP,4ee72d46d2ce2f8038282d381339379b16fe080c,MIT,permissive,LICENSE.md (SPDX MIT via the GitHub licence API),matutil.for,4667,8791c2d73df9073e1d578638f5ddfbbe020936f3815504443118b4949ef6d3be,a9072efc322ac53a716214c1b226b911de8d55571485ac541ba5f63425443c48,candidate,"distinct, licensed MIT (permissive), declares a UMAT entry point; not yet transformed or verified",umat_extension_for,jgomezc1__DRM-FEAP/matutil.for,IPIRO.inp
jgomezc1/DRM-FEAP,4ee72d46d2ce2f8038282d381339379b16fe080c,MIT,permissive,LICENSE.md (SPDX MIT via the GitHub licence API),uelutil.for,35677,,,no_umat_entry,"Fortran, but it declares no SUBROUTINE UMAT",umat_extension_for,,
jgomezc1/DRM-FEAP,4ee72d46d2ce2f8038282d381339379b16fe080c,MIT,permissive,LICENSE.md (SPDX MIT via the GitHub licence API),apiro.for,7658,,,no_umat_entry,"Fortran, but it declares no SUBROUTINE UMAT",umat_extension_for,,
jgomezc1/DRM-FEAP,4ee72d46d2ce2f8038282d381339379b16fe080c,MIT,permissive,LICENSE.md (SPDX MIT via the GitHub licence API),asemutil.for,5564,,,no_umat_entry,"Fortran, but it declares no SUBROUTINE UMAT",umat_extension_for,,
jgomezc1/DRM-FEAP,4ee72d46d2ce2f8038282d381339379b16fe080c,MIT,permissive,LICENSE.md (SPDX MIT via the GitHub licence API),femutil.for,34065,,,no_umat_entry,"Fortran, but it declares no SUBROUTINE UMAT",umat_extension_for,,
jgomezc1/DRM-FEAP,4ee72d46d2ce2f8038282d381339379b16fe080c,MIT,permissive,LICENSE.md (SPDX MIT via the GitHub licence API),gaussin.for,6385,,,no_umat_entry,"Fortran, but it declares no SUBROUTINE UMAT",umat_extension_for,,
jgomezc1/DRM-FEAP,4ee72d46d2ce2f8038282d381339379b16fe080c,MIT,permissive,LICENSE.md (SPDX MIT via the GitHub licence API),mtxutil.for,30787,,,no_umat_entry,"Fortran, but it declares no SUBROUTINE UMAT",umat_extension_for,,
jgomezc1/DRM-FEAP,4ee72d46d2ce2f8038282d381339379b16fe080c,MIT,permissive,LICENSE.md (SPDX MIT via the GitHub licence API),postproc.for,4168,,,no_umat_entry,"Fortran, but it declares no SUBROUTINE UMAT",umat_extension_for,,
jgomezc1/DRM-FEAP,4ee72d46d2ce2f8038282d381339379b16fe080c,MIT,permissive,LICENSE.md (SPDX MIT via the GitHub licence API),preproc.for,6461,,,no_umat_entry,"Fortran, but it declares no SUBROUTINE UMAT",umat_extension_for,,
jgomezc1/WAVES,17c399d9e0ff533d47705b272bc0ee9933a65307,MIT,permissive,LICENSE.md (SPDX MIT via the GitHub licence API),SOURCE/matutil.for,4851,d0204a617a9e27d4d037a87422b0877b240ab74809af703143dea2b265b4426e,7bbceec49afde8206714f7c4f336de017f5b0451e9c7ba230d0aa0b8cf5be243,already_known,"the same implementation as discovery_cache/jgomezc1__WAVES/SOURCE/matutil.for, which this collection already counts",subroutine_umat_fortran,,
jgomezc1/WAVES,17c399d9e0ff533d47705b272bc0ee9933a65307,MIT,permissive,LICENSE.md (SPDX MIT via the GitHub licence API),SOURCE/WAVES.for,12288,,,no_umat_entry,"Fortran, but it declares no SUBROUTINE UMAT",subroutine_umat_fortran,,
jgomezc1/WAVES,17c399d9e0ff533d47705b272bc0ee9933a65307,MIT,permissive,LICENSE.md (SPDX MIT via the GitHub licence API),SOURCE/asemutil.for,33030,,,no_umat_entry,"Fortran, but it declares no SUBROUTINE UMAT",subroutine_umat_fortran,,
jgomezc1/WAVES,17c399d9e0ff533d47705b272bc0ee9933a65307,MIT,permissive,LICENSE.md (SPDX MIT via the GitHub licence API),SOURCE/femutil.for,48294,,,no_umat_entry,"Fortran, but it declares no SUBROUTINE UMAT",subroutine_umat_fortran,,
jgomezc1/WAVES,17c399d9e0ff533d47705b272bc0ee9933a65307,MIT,permissive,LICENSE.md (SPDX MIT via the GitHub licence API),SOURCE/gaussin.for,10454,,,no_umat_entry,"Fortran, but it declares no SUBROUTINE UMAT",subroutine_umat_fortran,,
jgomezc1/WAVES,17c399d9e0ff533d47705b272bc0ee9933a65307,MIT,permissive,LICENSE.md (SPDX MIT via the GitHub licence API),SOURCE/incodrm.for,32062,,,no_umat_entry,"Fortran, but it declares no SUBROUTINE UMAT",subroutine_umat_fortran,,
jgomezc1/WAVES,17c399d9e0ff533d47705b272bc0ee9933a65307,MIT,permissive,LICENSE.md (SPDX MIT via the GitHub licence API),SOURCE/mtxutil.for,31969,,,no_umat_entry,"Fortran, but it declares no SUBROUTINE UMAT",subroutine_umat_fortran,,
jgomezc1/WAVES,17c399d9e0ff533d47705b272bc0ee9933a65307,MIT,permissive,LICENSE.md (SPDX MIT via the GitHub licence API),SOURCE/postproc.for,22436,,,no_umat_entry,"Fortran, but it declares no SUBROUTINE UMAT",subroutine_umat_fortran,,
jgomezc1/WAVES,17c399d9e0ff533d47705b272bc0ee9933a65307,MIT,permissive,LICENSE.md (SPDX MIT via the GitHub licence API),SOURCE/preproc.for,16709,,,no_umat_entry,"Fortran, but it declares no SUBROUTINE UMAT",subroutine_umat_fortran,,
jgomezc1/WAVES,17c399d9e0ff533d47705b272bc0ee9933a65307,MIT,permissive,LICENSE.md (SPDX MIT via the GitHub licence API),SOURCE/uelutil.for,51456,,,no_umat_entry,"Fortran, but it declares no SUBROUTINE UMAT",subroutine_umat_fortran,,
l1Ha/ABC_S,,,,no LICENSE file detected by the GitHub API,,0,,,licence_absent,"no licence is declared, so nothing may be redistributed from it; a repository without a LICENSE file is refused, not assumed permissive; recorded and not fetched",umat_extension_f90,,
lanl/tardigrade-hydra,d50ed780a6622440f859d10aacbee723e1999158,BSD-3-Clause,permissive,LICENSE (SPDX BSD-3-Clause inferred from the licence text; GitHub's API reported no identifier for this file),src/cpp/tardigrade_hydra.cpp,66922,,,no_umat_entry,"Fortran, but it declares no SUBROUTINE UMAT",ddsdde_statev_nprops,,
leonghien/Localizing-Gradient-Damage-with-UMAT-UMATHT,,,,no LICENSE file detected by the GitHub API,,0,,,licence_absent,"no licence is declared, so nothing may be redistributed from it; a repository without a LICENSE file is refused, not assumed permissive; recorded and not fetched",subroutine_umat_ddsdde,,
lqbentham/material-simulations-designs,,,,no LICENSE file detected by the GitHub API,,0,,,licence_absent,"no licence is declared, so nothing may be redistributed from it; a repository without a LICENSE file is refused, not assumed permissive; recorded and not fetched",aba_param_include,,
meiannnnn/coe-final-project,,,,no LICENSE file detected by the GitHub API,,0,,,licence_absent,"no licence is declared, so nothing may be redistributed from it; a repository without a LICENSE file is refused, not assumed permissive; recorded and not fetched",aba_param_include,,
mholla/SOFT24,6b2b86b81812481f19b8f60940ee409c06fe4e59,GPL-3.0,copyleft,LICENSE (SPDX GPL-3.0 via the GitHub licence API),simulations/UMAT_axon_tension.f,16626,e07f40c1c493b4be2ff1ce3872695f6d266d5c12f596d26d65822bcf8f4a5b8f,b78bdd5db3e01e7696a3964e38b544afd5b18e485b5d4243d3c53c054a1c1496,candidate,"distinct, licensed GPL-3.0 (copyleft), declares a UMAT entry point; not yet transformed or verified",umat_signature_ddsdde_sse,mholla__SOFT24/simulations/UMAT_axon_tension.f,
mjhmilla/Millard2024VEXATMuscleLSDYNA,,,,no LICENSE file detected by the GitHub API,,0,,,licence_absent,"no licence is declared, so nothing may be redistributed from it; a repository without a LICENSE file is refused, not assumed permissive; recorded and not fetched",subroutine_umat_fortran,,
nabojyoti/Research-Paper-Abstract-Generator,,,,no LICENSE file detected by the GitHub API,,0,,,licence_absent,"no licence is declared, so nothing may be redistributed from it; a repository without a LICENSE file is refused, not assumed permissive; recorded and not fetched",umat_extension_txt,,
nsundar/NSFEM,,,,no LICENSE file detected by the GitHub API,,0,,,licence_absent,"no licence is declared, so nothing may be redistributed from it; a repository without a LICENSE file is refused, not assumed permissive; recorded and not fetched",aba_param_include,,
ovf22/XRCT_3DFE,513bce7bef9da8420aa0c9e023422cc1019ab2c8,MIT,permissive,LICENSE (SPDX MIT via the GitHub licence API),code/I2_orient.f,1142,,,no_umat_entry,"Fortran, but it declares no SUBROUTINE UMAT",aba_param_include,,
paramesh-md/Abaqus_subroutines,,,,no LICENSE file detected by the GitHub API,,0,,,licence_absent,"no licence is declared, so nothing may be redistributed from it; a repository without a LICENSE file is refused, not assumed permissive; recorded and not fetched",aba_param_include,,
paul-leroux/PyTriaxial,,GPL-2.0,permissive,LICENSE (SPDX GPL-2.0 via the GitHub licence API),,0,,,licence_incompatible,GPL-2.0 is outside the set this project may redistribute; recorded and not fetched,ddsdde_statev_nprops,,
qgyc98/ssf,,,,no LICENSE file detected by the GitHub API,,0,,,licence_absent,"no licence is declared, so nothing may be redistributed from it; a repository without a LICENSE file is refused, not assumed permissive; recorded and not fetched",umat_extension_for,,
redfenglin/VUMAT_Fortran_Hashin3D,,,,no LICENSE file detected by the GitHub API,,0,,,licence_absent,"no licence is declared, so nothing may be redistributed from it; a repository without a LICENSE file is refused, not assumed permissive; recorded and not fetched",aba_param_include,,
rohitsakala/SMAI_Project,,,,no LICENSE file detected by the GitHub API,,0,,,licence_absent,"no licence is declared, so nothing may be redistributed from it; a repository without a LICENSE file is refused, not assumed permissive; recorded and not fetched",aba_param_include,,
tjdodwell/CosseratUEL,,,,no LICENSE file detected by the GitHub API,,0,,,licence_absent,"no licence is declared, so nothing may be redistributed from it; a repository without a LICENSE file is refused, not assumed permissive; recorded and not fetched",umat_extension_for,,
vbertone/MELA,,,,no LICENSE file detected by the GitHub API,,0,,,licence_absent,"no licence is declared, so nothing may be redistributed from it; a repository without a LICENSE file is refused, not assumed permissive; recorded and not fetched",subroutine_umat_fortran,,
victorlefevre/UHYPER_Shrimali_Lefevre_Lopez-Pamies,56301cdd7bde7e7ad4979761d2abf6666f7c0533,GPL-3.0,copyleft,LICENSE (SPDX GPL-3.0 via the GitHub licence API),UHYPER_Shrimali_Lefevre_Lopez-Pamies.f,14530,,,no_umat_entry,"Fortran, but it declares no SUBROUTINE UMAT",aba_param_include,,
victorlefevre/UHYPER_Shrimali_Lefevre_Lopez-Pamies,56301cdd7bde7e7ad4979761d2abf6666f7c0533,GPL-3.0,copyleft,LICENSE (SPDX GPL-3.0 via the GitHub licence API),UHYPER_Shrimali_Lefevre_Lopez-Pamies.for,14530,,,no_umat_entry,"Fortran, but it declares no SUBROUTINE UMAT",aba_param_include,,
wuhuiguo/Abaqus,,,,no LICENSE file detected by the GitHub API,,0,,,licence_absent,"no licence is declared, so nothing may be redistributed from it; a repository without a LICENSE file is refused, not assumed permissive; recorded and not fetched",aba_param_include,,
xt-prc-lab/3D_Micropatterned_Traction_Force_Microscopy,1b08440d084538a5c9a07cef758d96d1b1998831,GPL-3.0,copyleft,LICENSE (SPDX GPL-3.0 via the GitHub licence API),Micropatterned_3D_Traction_Calculation/Tractions_abaqus_full3D.m,73433,,,no_umat_entry,"Fortran, but it declares no SUBROUTINE UMAT",aba_param_include,,
yangyLab/PS-SBFEM,,,,no LICENSE file detected by the GitHub API,,0,,,licence_absent,"no licence is declared, so nothing may be redistributed from it; a repository without a LICENSE file is refused, not assumed permissive; recorded and not fetched",aba_param_include,,
yvanblanchard/CuringThermoSetWithCalculix,,,,no LICENSE file detected by the GitHub API,,0,,,licence_absent,"no licence is declared, so nothing may be redistributed from it; a repository without a LICENSE file is refused, not assumed permissive; recorded and not fetched",umat_extension_for,,
AlexanderJFDR/Hyperelastic_phase_field,afb36a139062a9e83eb45ffd4376e7ee69e1d408,MIT,permissive,LICENSE (SPDX MIT via the GitHub licence API),umat/NeoHookean_umat.for,3863,49fdb6b22c5a45fac788215408d3a444708d3d2fc2dc925e4fc0981311e9ef5e,adfcd74f0d0997b5b4084282230929f0e7dac9230b2e4994802c11b1f069b01e,candidate,"distinct, licensed MIT (permissive), declares a UMAT entry point; not yet transformed or verified",umat_extension_for,AlexanderJFDR__Hyperelastic_phase_field/umat/NeoHookean_umat.for,umat/twist_cae.inp;umat/twist_umat.inp
AlexanderJFDR/Hyperelastic_phase_field,afb36a139062a9e83eb45ffd4376e7ee69e1d408,MIT,permissive,LICENSE (SPDX MIT via the GitHub licence API),2Duel/hyperelastic_pk2_uel_2D.for,21595,,,no_umat_entry,"Fortran, but it declares no SUBROUTINE UMAT",umat_extension_for,,
AlexanderJFDR/Hyperelastic_phase_field,afb36a139062a9e83eb45ffd4376e7ee69e1d408,MIT,permissive,LICENSE (SPDX MIT via the GitHub licence API),2Dvuel/hyperelastic_pk2_vuel_2D.for,24277,,,no_umat_entry,"Fortran, but it declares no SUBROUTINE UMAT",umat_extension_for,,
AnargyrosKarakalas/UMAT_3D,2a583612b2d2604bb70a35279911e8b271296213,AGPL-3.0,copyleft,LICENSE (SPDX AGPL-3.0 via the GitHub licence API),UMAT_3D_Coupled_ML_IP_Original.for,204419,f65148c14769e488e16032d3b42446027d8ad4ea49dea488414e924d6b94de28,41bb67d9fdf4ceb979d9b149234373f38d86516af1692e51d9a3f34c2be1ce58,candidate,"distinct, licensed AGPL-3.0 (copyleft), declares a UMAT entry point; not yet transformed or verified",umat_extension_for,AnargyrosKarakalas__UMAT_3D/UMAT_3D_Coupled_ML_IP_Original.for,Coupled_Analysis.inp
Andrey-Fog/ANSYS-USERMAT-CMSG,,,,no LICENSE file detected by the GitHub API,,0,,,licence_absent,"no licence is declared, so nothing may be redistributed from it; a repository without a LICENSE file is refused, not assumed permissive; recorded and not fetched",umat_ddsdde_ntens,,
BBahtiri/ABAQUS-Multiphysics-Diffusion-UEL,a05a79e89a74c935549be3becb6828a3fd5975c3,MIT,permissive,LICENSE (SPDX MIT via the GitHub licence API),Diffusion_3D.for,17018,a5021edf39d138b21221aca211e9899e661892cb81d3e9a568b81fd998b43aa2,b1258b47c55281b3a56a7efb45c1da7b801e90cafa35a12d05b00909b4d8c75a,candidate,"distinct, licensed MIT (permissive), declares a UMAT entry point; not yet transformed or verified",umat_extension_for,BBahtiri__ABAQUS-Multiphysics-Diffusion-UEL/Diffusion_3D.for,
CAEAssistant-Group/Abaqus-CAE-UMAT-subroutine-for-Composite-fatigue-simulation,349e40b50216b26b945c1e5379a6b7d969cb80e0,MIT,permissive,LICENSE (SPDX MIT via the GitHub licence API),CAE_ASSISTANT_UMAT_Subroutine_ABAQUS_COMPOSITE_FATIGUE.for,12419,0cbc7ac0df94e15f0588cf5392b974edd91dcc7a292a6e17bfaf2ca3d706b798,865e0d56f907aa185bf0dfd5e33d2fad71acea7939cbfbdc123d12f3a55b761f,candidate,"distinct, licensed MIT (permissive), declares a UMAT entry point; not yet transformed or verified",umat_extension_for,CAEAssistant-Group__Abaqus-CAE-UMAT-subroutine-for-Composite-fatigue-simulation/CAE_ASSISTANT_UMAT_Subroutine_ABAQUS_COMPOSITE_FATIGUE.for,CAE_ASSISTANT_ABAQUS_COMPOSITE_FATIGUE_input_file.inp
CAEAssistant-Group/Disp-Fortran-Code-Abaqus-Subroutine,82320a283a27391cd7890fd404f9acb0ba0073bf,MIT,permissive,LICENSE (SPDX MIT via the GitHub licence API),DISPSUB.f,1267,,,no_umat_entry,"Fortran, but it declares no SUBROUTINE UMAT",aba_param_include,,
CAEAssistant-Group/Inherent-strain-method-in-Metal-Additive-Manufacturing-Abaqus-simulation,4797a49c414ebb6110501f26f14ab943035bf404,MIT,permissive,LICENSE (SPDX MIT via the GitHub licence API),Goldak_USDFLD_Abaqus_Inherent_strain_method.for,3001,,,no_umat_entry,"Fortran, but it declares no SUBROUTINE UMAT",aba_param_include,,
CAEAssistant-Group/Path-dependent-Abaqus-model-for-the-analysis-of-composite-curing,30b7d9139a4ab56bbb947d8147f6e34a7a69ebce,MIT,permissive,LICENSE (SPDX MIT via the GitHub licence API),Path_Dependent-Abaqus-Curing-Subroutine.for,9426,00fcbcd09d147881c8a20c2a20413ba0ac67efebb0a5c294806e9cf8d2ab4989,a23fa627abee48f6b72153a9181ca3ef2ff0d9a61f41d4518df593ce2d7c136a,candidate,"distinct, licensed MIT (permissive), declares a UMAT entry point; not yet transformed or verified",umat_extension_for,CAEAssistant-Group__Path-dependent-Abaqus-model-for-the-analysis-of-composite-curing/Path_Dependent-Abaqus-Curing-Subroutine.for,Job-Pathdependent-Curing-Abaqus.inp
CAEAssistant-Group/UMAT-Abaqus-Isotropic-Elasticity-Isothermal-Suboutine,fe69305788fbb37185a0be38aed5ea00000aaab4,MIT,permissive,LICENSE (SPDX MIT via the GitHub licence API),ISOTROPIC-ELASTICITY.for,2632,e1c407ab6257b6d27df1709542cdd90ed6588c5bdea8bd0efb0bc75a52764547,798778e9756d96c5fa9601119daa1757a61d886f1d8095833a6922d8f07c8e27,candidate,"distinct, licensed MIT (permissive), declares a UMAT entry point; not yet transformed or verified",umat_extension_for,CAEAssistant-Group__UMAT-Abaqus-Isotropic-Elasticity-Isothermal-Suboutine/ISOTROPIC-ELASTICITY.for,ABAQUSmodel.inp;UMATmodel.inp
CAEAssistant-Group/UMAT-Abaqus-Tsai-Hill-Orthotropic-Composite-Subroutine,bf31eb455d89e98e89ad648a16865d5481793011,MIT,permissive,LICENSE (SPDX MIT via the GitHub licence API),PLANESTRESS-ORTHOTROPIC.for,3980,f042bc22e7ee15560cf07fcb1ff95e5e8a9d611828caad1092a8b0e44255d15b,561e215630e71e6d0a2467e21e94714d2a43bba72c3a0b2dd1efa85a79efed94,candidate,"distinct, licensed MIT (permissive), declares a UMAT entry point; not yet transformed or verified",umat_extension_for,CAEAssistant-Group__UMAT-Abaqus-Tsai-Hill-Orthotropic-Composite-Subroutine/PLANESTRESS-ORTHOTROPIC.for,ABAQUSModel.inp;UMATModel.inp
CAEAssistant-Group/Viscoelastic-Abaqus-model-for-the-analysis-of-composite-curing,8293142a58c43fb76d50e97b407f7b4f82fbd70b,MIT,permissive,LICENSE (SPDX MIT via the GitHub licence API),Abaqus-Viscoelastic-Curing-Subroutine.for,10161,2483fa2241bdcb413493f4c5a403c7a5124d6d854d7c6e6556de795d494cdb80,df0e2b20eb8acc36844c811e69137fab0609216a2c176aff38fdc3195168a114,candidate,"distinct, licensed MIT (permissive), declares a UMAT entry point; not yet transformed or verified",umat_extension_for,CAEAssistant-Group__Viscoelastic-Abaqus-model-for-the-analysis-of-composite-curing/Abaqus-Viscoelastic-Curing-Subroutine.for,Job-Abaqus-Viscoelastic-Curing.inp
ChenYizh0u/abaqus-USDFLD,,,,no LICENSE file detected by the GitHub API,,0,,,licence_absent,"no licence is declared, so nothing may be redistributed from it; a repository without a LICENSE file is refused, not assumed permissive; recorded and not fetched",aba_param_include,,
CriticalSoilModels/Associative_Mohr_Coulomb,,,,no LICENSE file detected by the GitHub API,,0,,,licence_absent,"no licence is declared, so nothing may be redistributed from it; a repository without a LICENSE file is refused, not assumed permissive; recorded and not fetched",umat_extension_f90,,
CriticalSoilModels/MCSS_Tension_Cutoff,,,,no LICENSE file detected by the GitHub API,,0,,,licence_absent,"no licence is declared, so nothing may be redistributed from it; a repository without a LICENSE file is refused, not assumed permissive; recorded and not fetched",umat_extension_f90,,
DemonMelon/USDFLD-VUSDFLD,,,,no LICENSE file detected by the GitHub API,,0,,,licence_absent,"no licence is declared, so nothing may be redistributed from it; a repository without a LICENSE file is refused, not assumed permissive; recorded and not fetched",aba_param_include,,
DylanAgius/LengMorph,8c449f44c8da0b75f3ca942124e32724bad2c739,MIT,permissive,LICENSE (SPDX MIT via the GitHub licence API),Additional Files/AbaqusFiles/Example_UEXTERNALDB.for,3239,,,no_umat_entry,"Fortran, but it declares no SUBROUTINE UMAT",aba_param_include,,
DylanAgius/LengMorph,8c449f44c8da0b75f3ca942124e32724bad2c739,MIT,permissive,LICENSE (SPDX MIT via the GitHub licence API),Additional Files/FORTRAN program/lengthscale_program.f90,37317,,,no_umat_entry,"Fortran, but it declares no SUBROUTINE UMAT",aba_param_include,,
DylanAgius/LengMorph,8c449f44c8da0b75f3ca942124e32724bad2c739,MIT,permissive,LICENSE (SPDX MIT via the GitHub licence API),Additional Files/Length scale subroutines/grainsize_subroutine.f90,22080,,,no_umat_entry,"Fortran, but it declares no SUBROUTINE UMAT",aba_param_include,,
DylanAgius/LengMorph,8c449f44c8da0b75f3ca942124e32724bad2c739,MIT,permissive,LICENSE (SPDX MIT via the GitHub licence API),Additional Files/Length scale subroutines/grainsize_subroutine.for,22644,,,no_umat_entry,"Fortran, but it declares no SUBROUTINE UMAT",aba_param_include,,
FatemeAhangari/CDM-UMAT-Subroutine,,,,no LICENSE file detected by the GitHub API,,0,,,licence_absent,"no licence is declared, so nothing may be redistributed from it; a repository without a LICENSE file is refused, not assumed permissive; recorded and not fetched",umat_extension_for,,
FrontISTR/FrontISTR,4d88c790c30e544f88338fdda62ca93539c3d885,MIT,permissive,License.txt (SPDX MIT via the GitHub licence API),fistr1/src/lib/user/umat.f90,2042,,,no_umat_entry,"Fortran, but it declares no SUBROUTINE UMAT",umat_extension_f90,,
FrontISTR/FrontISTR,4d88c790c30e544f88338fdda62ca93539c3d885,MIT,permissive,License.txt (SPDX MIT via the GitHub licence API),fistr1/src/analysis/dynamic/freq/fstr_frequency_analysis.f90,41112,,,no_umat_entry,"Fortran, but it declares no SUBROUTINE UMAT",umat_extension_f90,,
FrontISTR/FrontISTR,4d88c790c30e544f88338fdda62ca93539c3d885,MIT,permissive,License.txt (SPDX MIT via the GitHub licence API),fistr1/src/analysis/dynamic/mode/fstr_EIG_lanczos.f90,6023,,,no_umat_entry,"Fortran, but it declares no SUBROUTINE UMAT",umat_extension_f90,,
FrontISTR/FrontISTR,4d88c790c30e544f88338fdda62ca93539c3d885,MIT,permissive,License.txt (SPDX MIT via the GitHub licence API),fistr1/src/analysis/dynamic/mode/fstr_EIG_lanczos_util.f90,3202,,,no_umat_entry,"Fortran, but it declares no SUBROUTINE UMAT",umat_extension_f90,,
FrontISTR/FrontISTR,4d88c790c30e544f88338fdda62ca93539c3d885,MIT,permissive,License.txt (SPDX MIT via the GitHub licence API),fistr1/src/analysis/dynamic/mode/fstr_EIG_output.f90,10882,,,no_umat_entry,"Fortran, but it declares no SUBROUTINE UMAT",umat_extension_f90,,
FrontISTR/FrontISTR,4d88c790c30e544f88338fdda62ca93539c3d885,MIT,permissive,License.txt (SPDX MIT via the GitHub licence API),fistr1/src/analysis/dynamic/mode/fstr_EIG_setMASS.f90,7132,,,no_umat_entry,"Fortran, but it declares no SUBROUTINE UMAT",umat_extension_f90,,
FrontISTR/FrontISTR,4d88c790c30e544f88338fdda62ca93539c3d885,MIT,permissive,License.txt (SPDX MIT via the GitHub licence API),fistr1/src/analysis/dynamic/mode/fstr_EIG_tridiag.f90,9920,,,no_umat_entry,"Fortran, but it declares no SUBROUTINE UMAT",umat_extension_f90,,
FrontISTR/FrontISTR,4d88c790c30e544f88338fdda62ca93539c3d885,MIT,permissive,License.txt (SPDX MIT via the GitHub licence API),fistr1/src/analysis/dynamic/mode/fstr_solve_eigen.f90,2385,,,no_umat_entry,"Fortran, but it declares no SUBROUTINE UMAT",umat_extension_f90,,
FrontISTR/FrontISTR,4d88c790c30e544f88338fdda62ca93539c3d885,MIT,permissive,License.txt (SPDX MIT via the GitHub licence API),fistr1/src/analysis/dynamic/transit/dynamic_mat_ass_bc.f90,13308,,,no_umat_entry,"Fortran, but it declares no SUBROUTINE UMAT",umat_extension_f90,,
FrontISTR/FrontISTR,4d88c790c30e544f88338fdda62ca93539c3d885,MIT,permissive,License.txt (SPDX MIT via the GitHub licence API),fistr1/src/analysis/dynamic/transit/dynamic_mat_ass_bc_ac.f90,8644,,,no_umat_entry,"Fortran, but it declares no SUBROUTINE UMAT",umat_extension_f90,,
FrontISTR/FrontISTR,4d88c790c30e544f88338fdda62ca93539c3d885,MIT,permissive,License.txt (SPDX MIT via the GitHub licence API),fistr1/src/analysis/dynamic/transit/dynamic_mat_ass_bc_vl.f90,18017,,,no_umat_entry,"Fortran, but it declares no SUBROUTINE UMAT",umat_extension_f90,,
FrontISTR/FrontISTR,4d88c790c30e544f88338fdda62ca93539c3d885,MIT,permissive,License.txt (SPDX MIT via the GitHub licence API),fistr1/src/analysis/dynamic/transit/dynamic_mat_ass_couple.f90,14031,,,no_umat_entry,"Fortran, but it declares no SUBROUTINE UMAT",umat_extension_f90,,
FrontISTR/FrontISTR,4d88c790c30e544f88338fdda62ca93539c3d885,MIT,permissive,License.txt (SPDX MIT via the GitHub licence API),fistr1/src/analysis/dynamic/transit/dynamic_mat_ass_load.f90,18792,,,no_umat_entry,"Fortran, but it declares no SUBROUTINE UMAT",umat_extension_f90,,
FrontISTR/FrontISTR,4d88c790c30e544f88338fdda62ca93539c3d885,MIT,permissive,License.txt (SPDX MIT via the GitHub licence API),fistr1/src/analysis/dynamic/transit/dynamic_output.f90,22440,,,no_umat_entry,"Fortran, but it declares no SUBROUTINE UMAT",umat_extension_f90,,
FrontISTR/FrontISTR,4d88c790c30e544f88338fdda62ca93539c3d885,MIT,permissive,License.txt (SPDX MIT via the GitHub licence API),fistr1/src/analysis/dynamic/transit/dynamic_var_init.f90,1608,,,no_umat_entry,"Fortran, but it declares no SUBROUTINE UMAT",umat_extension_f90,,
FrontISTR/FrontISTR,4d88c790c30e544f88338fdda62ca93539c3d885,MIT,permissive,License.txt (SPDX MIT via the GitHub licence API),fistr1/src/analysis/dynamic/transit/fstr_dynamic_nlexplicit.f90,24482,,,no_umat_entry,"Fortran, but it declares no SUBROUTINE UMAT",umat_extension_f90,,
FrontISTR/FrontISTR,4d88c790c30e544f88338fdda62ca93539c3d885,MIT,permissive,License.txt (SPDX MIT via the GitHub licence API),fistr1/src/analysis/dynamic/transit/fstr_dynamic_nlimplicit.f90,29623,,,no_umat_entry,"Fortran, but it declares no SUBROUTINE UMAT",umat_extension_f90,,
FrontISTR/FrontISTR,4d88c790c30e544f88338fdda62ca93539c3d885,MIT,permissive,License.txt (SPDX MIT via the GitHub licence API),fistr1/src/analysis/dynamic/transit/fstr_solve_dynamic.f90,9979,,,no_umat_entry,"Fortran, but it declares no SUBROUTINE UMAT",umat_extension_f90,,
FrontISTR/FrontISTR,4d88c790c30e544f88338fdda62ca93539c3d885,MIT,permissive,License.txt (SPDX MIT via the GitHub licence API),fistr1/src/analysis/dynamic/transit/table_dyn.f90,2432,,,no_umat_entry,"Fortran, but it declares no SUBROUTINE UMAT",umat_extension_f90,,
FrontISTR/FrontISTR,4d88c790c30e544f88338fdda62ca93539c3d885,MIT,permissive,License.txt (SPDX MIT via the GitHub licence API),fistr1/src/analysis/heat/fstr_solve_heat.f90,2236,,,no_umat_entry,"Fortran, but it declares no SUBROUTINE UMAT",umat_extension_f90,,
FrontISTR/FrontISTR,4d88c790c30e544f88338fdda62ca93539c3d885,MIT,permissive,License.txt (SPDX MIT via the GitHub licence API),fistr1/src/analysis/heat/heat_echo.f90,10539,,,no_umat_entry,"Fortran, but it declares no SUBROUTINE UMAT",umat_extension_f90,,
FrontISTR/FrontISTR,4d88c790c30e544f88338fdda62ca93539c3d885,MIT,permissive,License.txt (SPDX MIT via the GitHub licence API),fistr1/src/analysis/heat/heat_get_amplitude.f90,1500,,,no_umat_entry,"Fortran, but it declares no SUBROUTINE UMAT",umat_extension_f90,,
FrontISTR/FrontISTR,4d88c790c30e544f88338fdda62ca93539c3d885,MIT,permissive,License.txt (SPDX MIT via the GitHub licence API),fistr1/src/analysis/heat/heat_init.f90,9350,,,no_umat_entry,"Fortran, but it declares no SUBROUTINE UMAT",umat_extension_f90,,
FrontISTR/FrontISTR,4d88c790c30e544f88338fdda62ca93539c3d885,MIT,permissive,License.txt (SPDX MIT via the GitHub licence API),fistr1/src/analysis/heat/heat_io.f90,8072,,,no_umat_entry,"Fortran, but it declares no SUBROUTINE UMAT",umat_extension_f90,,
FrontISTR/FrontISTR,4d88c790c30e544f88338fdda62ca93539c3d885,MIT,permissive,License.txt (SPDX MIT via the GitHub licence API),fistr1/src/analysis/heat/heat_mat_ass_bc_CFLUX.f90,1081,,,no_umat_entry,"Fortran, but it declares no SUBROUTINE UMAT",umat_extension_f90,,
FrontISTR/FrontISTR,4d88c790c30e544f88338fdda62ca93539c3d885,MIT,permissive,License.txt (SPDX MIT via the GitHub licence API),fistr1/src/analysis/heat/heat_mat_ass_bc_DFLUX.f90,7416,,,no_umat_entry,"Fortran, but it declares no SUBROUTINE UMAT",umat_extension_f90,,
FrontISTR/FrontISTR,4d88c790c30e544f88338fdda62ca93539c3d885,MIT,permissive,License.txt (SPDX MIT via the GitHub licence API),fistr1/src/analysis/heat/heat_mat_ass_bc_FILM.f90,5093,,,no_umat_entry,"Fortran, but it declares no SUBROUTINE UMAT",umat_extension_f90,,
FrontISTR/FrontISTR,4d88c790c30e544f88338fdda62ca93539c3d885,MIT,permissive,License.txt (SPDX MIT via the GitHub licence API),fistr1/src/analysis/heat/heat_mat_ass_bc_FIXT.f90,1076,,,no_umat_entry,"Fortran, but it declares no SUBROUTINE UMAT",umat_extension_f90,,
FrontISTR/FrontISTR,4d88c790c30e544f88338fdda62ca93539c3d885,MIT,permissive,License.txt (SPDX MIT via the GitHub licence API),fistr1/src/analysis/heat/heat_mat_ass_bc_RADIATE.f90,4830,,,no_umat_entry,"Fortran, but it declares no SUBROUTINE UMAT",umat_extension_f90,,
FrontISTR/FrontISTR,4d88c790c30e544f88338fdda62ca93539c3d885,MIT,permissive,License.txt (SPDX MIT via the GitHub licence API),fistr1/src/analysis/heat/heat_mat_ass_boundary.f90,1776,,,no_umat_entry,"Fortran, but it declares no SUBROUTINE UMAT",umat_extension_f90,,
FrontISTR/FrontISTR,4d88c790c30e544f88338fdda62ca93539c3d885,MIT,permissive,License.txt (SPDX MIT via the GitHub licence API),fistr1/src/analysis/heat/heat_mat_ass_capacity.f90,5063,,,no_umat_entry,"Fortran, but it declares no SUBROUTINE UMAT",umat_extension_f90,,
FrontISTR/FrontISTR,4d88c790c30e544f88338fdda62ca93539c3d885,MIT,permissive,License.txt (SPDX MIT via the GitHub licence API),fistr1/src/analysis/heat/heat_mat_ass_conductivity.f90,6037,,,no_umat_entry,"Fortran, but it declares no SUBROUTINE UMAT",umat_extension_f90,,
FrontISTR/FrontISTR,4d88c790c30e544f88338fdda62ca93539c3d885,MIT,permissive,License.txt (SPDX MIT via the GitHub licence API),fistr1/src/analysis/heat/heat_solve_TRAN.f90,5938,,,no_umat_entry,"Fortran, but it declares no SUBROUTINE UMAT",umat_extension_f90,,
FrontISTR/FrontISTR,4d88c790c30e544f88338fdda62ca93539c3d885,MIT,permissive,License.txt (SPDX MIT via the GitHub licence API),fistr1/src/analysis/heat/heat_solve_main.f90,3656,,,no_umat_entry,"Fortran, but it declares no SUBROUTINE UMAT",umat_extension_f90,,
FrontISTR/FrontISTR,4d88c790c30e544f88338fdda62ca93539c3d885,MIT,permissive,License.txt (SPDX MIT via the GitHub licence API),fistr1/src/analysis/interaction/fstr_contact.f90,18917,,,no_umat_entry,"Fortran, but it declares no SUBROUTINE UMAT",umat_extension_f90,,
FrontISTR/FrontISTR,4d88c790c30e544f88338fdda62ca93539c3d885,MIT,permissive,License.txt (SPDX MIT via the GitHub licence API),fistr1/src/analysis/interaction/fstr_contact_assembly.f90,23225,,,no_umat_entry,"Fortran, but it declares no SUBROUTINE UMAT",umat_extension_f90,,
FrontISTR/FrontISTR,4d88c790c30e544f88338fdda62ca93539c3d885,MIT,permissive,License.txt (SPDX MIT via the GitHub licence API),fistr1/src/analysis/interaction/fstr_contact_damping.f90,6089,,,no_umat_entry,"Fortran, but it declares no SUBROUTINE UMAT",umat_extension_f90,,
FrontISTR/FrontISTR,4d88c790c30e544f88338fdda62ca93539c3d885,MIT,permissive,License.txt (SPDX MIT via the GitHub licence API),fistr1/src/analysis/interaction/fstr_contact_elem_alag.f90,15558,,,no_umat_entry,"Fortran, but it declares no SUBROUTINE UMAT",umat_extension_f90,,
FrontISTR/FrontISTR,4d88c790c30e544f88338fdda62ca93539c3d885,MIT,permissive,License.txt (SPDX MIT via the GitHub licence API),fistr1/src/analysis/interaction/fstr_contact_elem_common.f90,17119,,,no_umat_entry,"Fortran, but it declares no SUBROUTINE UMAT",umat_extension_f90,,
FrontISTR/FrontISTR,4d88c790c30e544f88338fdda62ca93539c3d885,MIT,permissive,License.txt (SPDX MIT via the GitHub licence API),fistr1/src/analysis/interaction/fstr_contact_elem_slag.f90,10347,,,no_umat_entry,"Fortran, but it declares no SUBROUTINE UMAT",umat_extension_f90,,
FrontISTR/FrontISTR,4d88c790c30e544f88338fdda62ca93539c3d885,MIT,permissive,License.txt (SPDX MIT via the GitHub licence API),,0,,,not_examined,stopped after 40 files from this repository; 305 not read,umat_extension_f90,,
IADNGUYEN/CV-Parsing,,,,no LICENSE file detected by the GitHub API,,0,,,licence_absent,"no licence is declared, so nothing may be redistributed from it; a repository without a LICENSE file is refused, not assumed permissive; recorded and not fetched",umat_extension_txt,,
JAGallardo1992/OpenSees_md,,,,COPYRIGHT present but neither GitHub nor a text match identified a licence,,0,,,licence_absent,"no licence is declared, so nothing may be redistributed from it; a repository without a LICENSE file is refused, not assumed permissive; recorded and not fetched",aba_param_include,,
Mayakruha/ABAQUS-Import-of-transient-temp-through-UTEMP,,,,no LICENSE file detected by the GitHub API,,0,,,licence_absent,"no licence is declared, so nothing may be redistributed from it; a repository without a LICENSE file is refused, not assumed permissive; recorded and not fetched",aba_param_include,,
MechanicsofSoftBioMaterialsLab/Axonal-PathFinding,83ec9573f3d88286d1283320974681f734da448f,GPL-3.0,copyleft,LICENSE (SPDX GPL-3.0 via the GitHub licence API),Abaqus_inp_sample/vumat_axongrowth_G_6.f,42835,,,no_umat_entry,declares a VUMAT and no UMAT; the explicit interface is out of scope,aba_param_include,,
MechanicsofSoftBioMaterialsLab/Axonal-PathFinding,83ec9573f3d88286d1283320974681f734da448f,GPL-3.0,copyleft,LICENSE (SPDX GPL-3.0 via the GitHub licence API),Scripts/vumat_axongrowth_G_6.f,26134,,,no_umat_entry,declares a VUMAT and no UMAT; the explicit interface is out of scope,aba_param_include,,
MentosD/OpenSees372_ModelUpdateBYH,,,,COPYRIGHT present but neither GitHub nor a text match identified a licence,,0,,,licence_absent,"no licence is declared, so nothing may be redistributed from it; a repository without a LICENSE file is refused, not assumed permissive; recorded and not fetched",aba_param_include,,
OpenSees/OpenSees,,,,COPYRIGHT present but neither GitHub nor a text match identified a licence,,0,,,licence_absent,"no licence is declared, so nothing may be redistributed from it; a repository without a LICENSE file is refused, not assumed permissive; recorded and not fetched",aba_param_include,,
Pooja96234/xyzzy,,,,no LICENSE file detected by the GitHub API,,0,,,licence_absent,"no licence is declared, so nothing may be redistributed from it; a repository without a LICENSE file is refused, not assumed permissive; recorded and not fetched",umat_extension_f,,
Rainy-fall-end/welding_pred_nn,,,,no LICENSE file detected by the GitHub API,,0,,,licence_absent,"no licence is declared, so nothing may be redistributed from it; a repository without a LICENSE file is refused, not assumed permissive; recorded and not fetched",aba_param_include,,
Roger-YU2022/Hashin-Failure-criterion-VUMAT,,,,no LICENSE file detected by the GitHub API,,0,,,licence_absent,"no licence is declared, so nothing may be redistributed from it; a repository without a LICENSE file is refused, not assumed permissive; recorded and not fetched",aba_param_include,,
Ronakshoghi/MicroMecWorkflow,,,,no LICENSE file detected by the GitHub API,,0,,,licence_absent,"no licence is declared, so nothing may be redistributed from it; a repository without a LICENSE file is refused, not assumed permissive; recorded and not fetched",umat_extension_f,,
SZWHTQ/PhaseField,49b1467c1ec97dfb278be4e5ca9dac73b11838dc,GPL-3.0,copyleft,LICENSE (SPDX GPL-3.0 via the GitHub licence API),utils/kinematic_hardening.for,5872,,,no_umat_entry,declares a VUMAT and no UMAT; the explicit interface is out of scope,aba_param_include,,
SerafeimBakalakos/SoilMechanicsHPC,ebc22253e97ab6476026f91159c8dde7dfe53f69,Apache-2.0,permissive,LICENSE.md (SPDX Apache-2.0 via the GitHub licence API),FEMElements/FEMElements/rMaterialVonMisesConsistent.f90,1333,,,no_umat_entry,"Fortran, but it declares no SUBROUTINE UMAT",umat_ddsdde_ntens,,
SerafeimBakalakos/SoilMechanicsHPC,ebc22253e97ab6476026f91159c8dde7dfe53f69,Apache-2.0,permissive,LICENSE.md (SPDX Apache-2.0 via the GitHub licence API),FEMElements/FEMElements/FEMElements.f90,307,,,no_umat_entry,"Fortran, but it declares no SUBROUTINE UMAT",umat_ddsdde_ntens,,
SerafeimBakalakos/SoilMechanicsHPC,ebc22253e97ab6476026f91159c8dde7dfe53f69,Apache-2.0,permissive,LICENSE.md (SPDX Apache-2.0 via the GitHub licence API),FEMElements/FEMElements/rElHexa20.f90,54185,,,no_umat_entry,"Fortran, but it declares no SUBROUTINE UMAT",umat_ddsdde_ntens,,
SerafeimBakalakos/SoilMechanicsHPC,ebc22253e97ab6476026f91159c8dde7dfe53f69,Apache-2.0,permissive,LICENSE.md (SPDX Apache-2.0 via the GitHub licence API),FEMElements/FEMElements/rElHexa20u8p.f90,27129,,,no_umat_entry,"Fortran, but it declares no SUBROUTINE UMAT",umat_ddsdde_ntens,,
SerafeimBakalakos/SoilMechanicsHPC,ebc22253e97ab6476026f91159c8dde7dfe53f69,Apache-2.0,permissive,LICENSE.md (SPDX Apache-2.0 via the GitHub licence API),FEMElements/FEMElements/rElHexa8.f90,29962,,,no_umat_entry,"Fortran, but it declares no SUBROUTINE UMAT",umat_ddsdde_ntens,,
SerafeimBakalakos/SoilMechanicsHPC,ebc22253e97ab6476026f91159c8dde7dfe53f69,Apache-2.0,permissive,LICENSE.md (SPDX Apache-2.0 via the GitHub licence API),FEMElements/FEMElements/rMaterialVonMises.f90,4330,,,no_umat_entry,"Fortran, but it declares no SUBROUTINE UMAT",umat_ddsdde_ntens,,
SerafeimBakalakos/SoilMechanicsHPC,ebc22253e97ab6476026f91159c8dde7dfe53f69,Apache-2.0,permissive,LICENSE.md (SPDX Apache-2.0 via the GitHub licence API),FEMElements/FEMElements/rMaterialVonMisesConsistentUMAT.for,4434,,,no_umat_entry,"Fortran, but it declares no SUBROUTINE UMAT",umat_ddsdde_ntens,,
SpringNuance/Abaqus-Machine-Learning-Integration,,,,no LICENSE file detected by the GitHub API,,0,,,licence_absent,"no licence is declared, so nothing may be redistributed from it; a repository without a LICENSE file is refused, not assumed permissive; recorded and not fetched",aba_param_include,,
TengTongSEU/Phase-field-coupled-cohesive,,,,no LICENSE file detected by the GitHub API,,0,,,licence_absent,"no licence is declared, so nothing may be redistributed from it; a repository without a LICENSE file is refused, not assumed permissive; recorded and not fetched",umat_extension_for,,
TheoChristo/MSolve.Bio,be30f2fdfc8e800b9eafae91abf1c12307d87c4e,Apache-2.0,permissive,LICENSE.md (SPDX Apache-2.0 via the GitHub licence API),FEMElements/FEMElements/rMaterialVonMisesConsistent.f90,1333,,,no_umat_entry,"Fortran, but it declares no SUBROUTINE UMAT",umat_ddsdde_ntens,,
TheoChristo/MSolve.Bio,be30f2fdfc8e800b9eafae91abf1c12307d87c4e,Apache-2.0,permissive,LICENSE.md (SPDX Apache-2.0 via the GitHub licence API),FEMElements/FEMElements/FEMElements.f90,307,,,no_umat_entry,"Fortran, but it declares no SUBROUTINE UMAT",umat_ddsdde_ntens,,
TheoChristo/MSolve.Bio,be30f2fdfc8e800b9eafae91abf1c12307d87c4e,Apache-2.0,permissive,LICENSE.md (SPDX Apache-2.0 via the GitHub licence API),FEMElements/FEMElements/rElHexa20.f90,54185,,,no_umat_entry,"Fortran, but it declares no SUBROUTINE UMAT",umat_ddsdde_ntens,,
TheoChristo/MSolve.Bio,be30f2fdfc8e800b9eafae91abf1c12307d87c4e,Apache-2.0,permissive,LICENSE.md (SPDX Apache-2.0 via the GitHub licence API),FEMElements/FEMElements/rElHexa20u8p.f90,27129,,,no_umat_entry,"Fortran, but it declares no SUBROUTINE UMAT",umat_ddsdde_ntens,,
TheoChristo/MSolve.Bio,be30f2fdfc8e800b9eafae91abf1c12307d87c4e,Apache-2.0,permissive,LICENSE.md (SPDX Apache-2.0 via the GitHub licence API),FEMElements/FEMElements/rElHexa8.f90,29962,,,no_umat_entry,"Fortran, but it declares no SUBROUTINE UMAT",umat_ddsdde_ntens,,
TheoChristo/MSolve.Bio,be30f2fdfc8e800b9eafae91abf1c12307d87c4e,Apache-2.0,permissive,LICENSE.md (SPDX Apache-2.0 via the GitHub licence API),FEMElements/FEMElements/rMaterialVonMises.f90,4330,,,no_umat_entry,"Fortran, but it declares no SUBROUTINE UMAT",umat_ddsdde_ntens,,
TheoChristo/MSolve.Bio,be30f2fdfc8e800b9eafae91abf1c12307d87c4e,Apache-2.0,permissive,LICENSE.md (SPDX Apache-2.0 via the GitHub licence API),FEMElements/FEMElements/rMaterialVonMisesConsistentUMAT.for,4434,,,no_umat_entry,"Fortran, but it declares no SUBROUTINE UMAT",umat_ddsdde_ntens,,
WeepingProphet77/Tessera,,,,COPYRIGHT present but neither GitHub nor a text match identified a licence,,0,,,licence_absent,"no licence is declared, so nothing may be redistributed from it; a repository without a LICENSE file is refused, not assumed permissive; recorded and not fetched",aba_param_include,,
XJTU-Zhou-group/ABAQUS_UMAT_U3Si2SW,,,,no LICENSE file detected by the GitHub API,,0,,,licence_absent,"no licence is declared, so nothing may be redistributed from it; a repository without a LICENSE file is refused, not assumed permissive; recorded and not fetched",umat_extension_for,,
YB-LIM/KWW_Viscoelastic,3c104aa755dd375cc1c1a87ca13f4afbe7a86be1,MIT,permissive,LICENSE (SPDX MIT via the GitHub licence API),Stretched_EXP.for,4756,,,no_umat_entry,"Fortran, but it declares no SUBROUTINE UMAT",aba_param_include,,
YB-LIM/Steinberg-Guinan_VUMAT,e091d23663af07d344f5320fb198b665ba815f9f,MIT,permissive,LICENSE (SPDX MIT via the GitHub licence API),Model/Steinberg_Guinan_VUMAT.for,16763,,,no_umat_entry,declares a VUMAT and no UMAT; the explicit interface is out of scope,aba_param_include,,
YB-LIM/Van_der_Waals_UINTER,,,,no LICENSE file detected by the GitHub API,,0,,,licence_absent,"no licence is declared, so nothing may be redistributed from it; a repository without a LICENSE file is refused, not assumed permissive; recorded and not fetched",aba_param_include,,
adamzhen/STAR-Simulator,,,,no LICENSE file detected by the GitHub API,,0,,,licence_absent,"no licence is declared, so nothing may be redistributed from it; a repository without a LICENSE file is refused, not assumed permissive; recorded and not fetched",umat_extension_for,,
aitsc/WSIM,,,,no LICENSE file detected by the GitHub API,,0,,,licence_absent,"no licence is declared, so nothing may be redistributed from it; a repository without a LICENSE file is refused, not assumed permissive; recorded and not fetched",umat_extension_txt,,
aprilnovak/coupling-moose,,LGPL-2.1,permissive,LICENSE (SPDX LGPL-2.1 via the GitHub licence API),,0,,,licence_incompatible,LGPL-2.1 is outside the set this project may redistribute; recorded and not fetched,aba_param_include,,
baptiste622/Thermo-mechanical-simulation-of-a-braking-disc--using-Abaqus-,,,,no LICENSE file detected by the GitHub API,,0,,,licence_absent,"no licence is declared, so nothing may be redistributed from it; a repository without a LICENSE file is refused, not assumed permissive; recorded and not fetched",aba_param_include,,
baw-de/poroMechanicalFoam,f621b7575f6aca926bf4ae7cf205d8c85ef5b821,GPL-3.0,copyleft,LICENSE (SPDX GPL-3.0 via the GitHub licence API),abaqusUMATs/abaqusUmatMohrCoulomb/MohrCoulombAbaqus.for,73146,ac27f2fba5c8af31c449705f9b7d96e703b7aea19b613610820e9bff22a6a643,5e9f59bfca2a3c83b24fc58814b57944dcd5fd29739540af4cb9a6a1273737da,candidate,"distinct, licensed GPL-3.0 (copyleft), declares a UMAT entry point; not yet transformed or verified",umat_extension_for,baw-de__poroMechanicalFoam/abaqusUMATs/abaqusUmatMohrCoulomb/MohrCoulombAbaqus.for,
bertoldi-collab/aerodynamic-textile-metamaterials,8bec4dbbb0eb4cb93770bbbb8441446c374f7249,MIT,permissive,LICENSE (SPDX MIT via the GitHub licence API),simulation/subroutines/MPC_PBC_CYL_2.f,31277,,,no_umat_entry,"Fortran, but it declares no SUBROUTINE UMAT",aba_param_include,,
bertoldi-collab/aerodynamic-textile-metamaterials,8bec4dbbb0eb4cb93770bbbb8441446c374f7249,MIT,permissive,LICENSE (SPDX MIT via the GitHub licence API),simulation/subroutines/Matlab Derivations/MPC_equations.f,27450,,,no_umat_entry,"Fortran, but it declares no SUBROUTINE UMAT",aba_param_include,,
bessagroup/rvesimulator,df3de17e511e6469fc23c51f81f5e2668e391127,MIT,permissive,LICENSE (SPDX MIT via the GitHub licence API),src/rvesimulator/scriptbase/benchmark_abaqus_scripts/veni_mix_model.f,46347,1717e9dde3b2c45af16e7fb2452a763c57a14434ff99f4f489f5d1280625e797,917249e5fe9cf586f0e9825d94ea253c6fe1b1144373c0e914aaca7e1207b5d9,already_known,"the same implementation as discovery_cache/bessagroup__f3dasm_simulate/src/f3dasm_simulate/abaqus/scriptbase/benchmark_abaqus_scripts/veni_mix_model.f, which this collection already counts",umat_extension_f,,
bessagroup/rvesimulator,df3de17e511e6469fc23c51f81f5e2668e391127,MIT,permissive,LICENSE (SPDX MIT via the GitHub licence API),src/rvesimulator/scriptbase/benchmark_abaqus_scripts/vevp_leonov_model.f,32777,c0e8a1698dd1c96910351b7083b1fb5f4b4f7b32c26de8cef849dc5e683d6d44,da7402d5636992b48a591ee08bedbbf90f309789e00d1cadb1f29a9c4f87d990,already_known,"the same implementation as discovery_cache/bessagroup__f3dasm_simulate/src/f3dasm_simulate/abaqus/scriptbase/benchmark_abaqus_scripts/vevp_leonov_model.f, which this collection already counts",umat_extension_f,,
bessagroup/rvesimulator,df3de17e511e6469fc23c51f81f5e2668e391127,MIT,permissive,LICENSE (SPDX MIT via the GitHub licence API),src/rvesimulator/scriptbase/benchmark_abaqus_scripts/vp_leonov_model.f,20088,22d90ad02659932ba434e8818b143124b81a07bbc27803e8b6563e9ccfdca463,12dd2408c4ed12479be56b7b3fc188ec5d8fe62aed6eed3e41cc1ddfc4115a21,already_known,"the same implementation as discovery_cache/bessagroup__f3dasm_simulate/src/f3dasm_simulate/abaqus/scriptbase/benchmark_abaqus_scripts/vp_leonov_model.f, which this collection already counts",umat_extension_f,,
bhaskar-ramagiri/VUMAT-3D-Compoaite-,32e41c6a9ba3088e3ab57527beee57ad7916a97b,GPL-3.0,copyleft,LICENSE (SPDX GPL-3.0 via the GitHub licence API),VUMAT_3D_Comp_hashin.for,24608,,,no_umat_entry,declares a VUMAT and no UMAT; the explicit interface is out of scope,aba_param_include,,
bhundiya/Bend-Forming,b183ead4ed944fcc7551b395f12436410caef32d,MIT,permissive,LICENSE (SPDX MIT via the GitHub licence API),Accuracy Model/AbaqusFiles/Constraint Subroutine/MPC_5DOF.f,733,,,no_umat_entry,"Fortran, but it declares no SUBROUTINE UMAT",aba_param_include,,
bhundiya/Bend-Forming,b183ead4ed944fcc7551b395f12436410caef32d,MIT,permissive,LICENSE (SPDX MIT via the GitHub licence API),Accuracy Model/AbaqusFiles/Constraint Subroutine/MPC.f,794,,,no_umat_entry,"Fortran, but it declares no SUBROUTINE UMAT",aba_param_include,,
bhundiya/Bend-Forming,b183ead4ed944fcc7551b395f12436410caef32d,MIT,permissive,LICENSE (SPDX MIT via the GitHub licence API),Accuracy Model/AbaqusFiles/Constraint Subroutine/MPC_3DOF.f,611,,,no_umat_entry,"Fortran, but it declares no SUBROUTINE UMAT",aba_param_include,,
bhundiya/Bend-Forming,b183ead4ed944fcc7551b395f12436410caef32d,MIT,permissive,LICENSE (SPDX MIT via the GitHub licence API),Accuracy Model/AbaqusFiles/Constraint Subroutine/MPC_natfreq.f,695,,,no_umat_entry,"Fortran, but it declares no SUBROUTINE UMAT",aba_param_include,,
bhundiya/Bend-Forming,b183ead4ed944fcc7551b395f12436410caef32d,MIT,permissive,LICENSE (SPDX MIT via the GitHub licence API),Accuracy Model/AbaqusFiles/Constraint Subroutine/MPC_sequential.f,794,,,no_umat_entry,"Fortran, but it declares no SUBROUTINE UMAT",aba_param_include,,
bibekanandadatta/Abaqus-UEL-Hyperelasticity,6d1047a89374a02df3946d68d13ef5970826c12c,BSD-3-Clause,permissive,LICENSE.md (SPDX BSD-3-Clause inferred from the licence text; GitHub's API reported no identifier for this file),src/uel_nlmech_pk2.for,54217,,,no_umat_entry,"Fortran, but it declares no SUBROUTINE UMAT",aba_param_include,,
bibekanandadatta/Abaqus-UEL-Hyperelasticity,6d1047a89374a02df3946d68d13ef5970826c12c,BSD-3-Clause,permissive,LICENSE.md (SPDX BSD-3-Clause inferred from the licence text; GitHub's API reported no identifier for this file),dev/test_nlmech_pk1.for,9543,,,no_umat_entry,"Fortran, but it declares no SUBROUTINE UMAT",aba_param_include,,
bibekanandadatta/Abaqus-UEL-Hyperelasticity,6d1047a89374a02df3946d68d13ef5970826c12c,BSD-3-Clause,permissive,LICENSE.md (SPDX BSD-3-Clause inferred from the licence text; GitHub's API reported no identifier for this file),dev/test_nlmech_pk2.for,9546,,,no_umat_entry,"Fortran, but it declares no SUBROUTINE UMAT",aba_param_include,,
bibekanandadatta/Abaqus-UEL-Hyperelasticity,6d1047a89374a02df3946d68d13ef5970826c12c,BSD-3-Clause,permissive,LICENSE.md (SPDX BSD-3-Clause inferred from the licence text; GitHub's API reported no identifier for this file),src/error_logging.for,7179,,,no_umat_entry,"Fortran, but it declares no SUBROUTINE UMAT",aba_param_include,,
bibekanandadatta/Abaqus-UEL-Hyperelasticity,6d1047a89374a02df3946d68d13ef5970826c12c,BSD-3-Clause,permissive,LICENSE.md (SPDX BSD-3-Clause inferred from the licence text; GitHub's API reported no identifier for this file),src/gauss_quadrature.for,12122,,,no_umat_entry,"Fortran, but it declares no SUBROUTINE UMAT",aba_param_include,,
bibekanandadatta/Abaqus-UEL-Hyperelasticity,6d1047a89374a02df3946d68d13ef5970826c12c,BSD-3-Clause,permissive,LICENSE.md (SPDX BSD-3-Clause inferred from the licence text; GitHub's API reported no identifier for this file),src/global_parameters.for,2111,,,no_umat_entry,"Fortran, but it declares no SUBROUTINE UMAT",aba_param_include,,
bibekanandadatta/Abaqus-UEL-Hyperelasticity,6d1047a89374a02df3946d68d13ef5970826c12c,BSD-3-Clause,permissive,LICENSE.md (SPDX BSD-3-Clause inferred from the licence text; GitHub's API reported no identifier for this file),src/lagrange_element.for,21894,,,no_umat_entry,"Fortran, but it declares no SUBROUTINE UMAT",aba_param_include,,
bibekanandadatta/Abaqus-UEL-Hyperelasticity,6d1047a89374a02df3946d68d13ef5970826c12c,BSD-3-Clause,permissive,LICENSE.md (SPDX BSD-3-Clause inferred from the licence text; GitHub's API reported no identifier for this file),src/linear_algebra.for,67600,,,no_umat_entry,"Fortran, but it declares no SUBROUTINE UMAT",aba_param_include,,
bibekanandadatta/Abaqus-UEL-Hyperelasticity,6d1047a89374a02df3946d68d13ef5970826c12c,BSD-3-Clause,permissive,LICENSE.md (SPDX BSD-3-Clause inferred from the licence text; GitHub's API reported no identifier for this file),src/nonlinear_solver.for,22945,,,no_umat_entry,"Fortran, but it declares no SUBROUTINE UMAT",aba_param_include,,
bibekanandadatta/Abaqus-UEL-Hyperelasticity,6d1047a89374a02df3946d68d13ef5970826c12c,BSD-3-Clause,permissive,LICENSE.md (SPDX BSD-3-Clause inferred from the licence text; GitHub's API reported no identifier for this file),src/post_processing.for,1295,,,no_umat_entry,"Fortran, but it declares no SUBROUTINE UMAT",aba_param_include,,
bibekanandadatta/Abaqus-UEL-Hyperelasticity,6d1047a89374a02df3946d68d13ef5970826c12c,BSD-3-Clause,permissive,LICENSE.md (SPDX BSD-3-Clause inferred from the licence text; GitHub's API reported no identifier for this file),src/solid_mechanics.for,13142,,,no_umat_entry,"Fortran, but it declares no SUBROUTINE UMAT",aba_param_include,,
bibekanandadatta/Abaqus-UEL-Hyperelasticity,6d1047a89374a02df3946d68d13ef5970826c12c,BSD-3-Clause,permissive,LICENSE.md (SPDX BSD-3-Clause inferred from the licence text; GitHub's API reported no identifier for this file),src/surface_integration.for,21449,,,no_umat_entry,"Fortran, but it declares no SUBROUTINE UMAT",aba_param_include,,
bibekanandadatta/Abaqus-UEL-Hyperelasticity,6d1047a89374a02df3946d68d13ef5970826c12c,BSD-3-Clause,permissive,LICENSE.md (SPDX BSD-3-Clause inferred from the licence text; GitHub's API reported no identifier for this file),src/uel_nlmech_pk1.for,52177,,,no_umat_entry,"Fortran, but it declares no SUBROUTINE UMAT",aba_param_include,,
cmhamel/Machine_Learning_Abaqus_Production,,,,no LICENSE file detected by the GitHub API,,0,,,licence_absent,"no licence is declared, so nothing may be redistributed from it; a repository without a LICENSE file is refused, not assumed permissive; recorded and not fetched",aba_param_include,,
davidchan-emtelligent/word2vec,,,,no LICENSE file detected by the GitHub API,,0,,,licence_absent,"no licence is declared, so nothing may be redistributed from it; a repository without a LICENSE file is refused, not assumed permissive; recorded and not fetched",umat_extension_txt,,
ep-infosec/28_nasa_CompDam_DGD,,,,LICENSE.txt present but neither GitHub nor a text match identified a licence,,0,,,licence_absent,"no licence is declared, so nothing may be redistributed from it; a repository without a LICENSE file is refused, not assumed permissive; recorded and not fetched",umat_ddsdde_ntens,,
fea2/compas_fea2_abaqus,217f338c9c0955d93cea5c8c5632e6d8b21000b9,MIT,permissive,LICENSE (SPDX MIT inferred from the licence text; GitHub's API reported no identifier for this file),data/UserSubroutines/CompressionOnlySpring.for,1303,,,no_umat_entry,"Fortran, but it declares no SUBROUTINE UMAT",aba_param_include,,
fkfest/NECI_STABLE,6765ae0a46a3ccf189450dc516dd79ba0fb083d1,GPL-3.0,copyleft,LICENCE (SPDX GPL-3.0 via the GitHub licence API),src/LMat_class.F90,35255,,,no_umat_entry,"Fortran, but it declares no SUBROUTINE UMAT",umat_extension_f90,,
fkfest/NECI_STABLE,6765ae0a46a3ccf189450dc516dd79ba0fb083d1,GPL-3.0,copyleft,LICENCE (SPDX GPL-3.0 via the GitHub licence API),python/neci_guga.F90,2569,,,no_umat_entry,"Fortran, but it declares no SUBROUTINE UMAT",umat_extension_f90,,
fkfest/NECI_STABLE,6765ae0a46a3ccf189450dc516dd79ba0fb083d1,GPL-3.0,copyleft,LICENCE (SPDX GPL-3.0 via the GitHub licence API),src/Annihilation.F90,84564,,,no_umat_entry,"Fortran, but it declares no SUBROUTINE UMAT",umat_extension_f90,,
fkfest/NECI_STABLE,6765ae0a46a3ccf189450dc516dd79ba0fb083d1,GPL-3.0,copyleft,LICENCE (SPDX GPL-3.0 via the GitHub licence API),src/BitReps.F90,46767,,,no_umat_entry,"Fortran, but it declares no SUBROUTINE UMAT",umat_extension_f90,,
fkfest/NECI_STABLE,6765ae0a46a3ccf189450dc516dd79ba0fb083d1,GPL-3.0,copyleft,LICENCE (SPDX GPL-3.0 via the GitHub licence API),src/CAS_distribution_init.F90,24867,,,no_umat_entry,"Fortran, but it declares no SUBROUTINE UMAT",umat_extension_f90,,
fkfest/NECI_STABLE,6765ae0a46a3ccf189450dc516dd79ba0fb083d1,GPL-3.0,copyleft,LICENCE (SPDX GPL-3.0 via the GitHub licence API),src/CDF_sampling.fpp,4233,,,no_umat_entry,"Fortran, but it declares no SUBROUTINE UMAT",umat_extension_f90,,
fkfest/NECI_STABLE,6765ae0a46a3ccf189450dc516dd79ba0fb083d1,GPL-3.0,copyleft,LICENCE (SPDX GPL-3.0 via the GitHub licence API),src/CPMDData.F90,5253,,,no_umat_entry,"Fortran, but it declares no SUBROUTINE UMAT",umat_extension_f90,,
fkfest/NECI_STABLE,6765ae0a46a3ccf189450dc516dd79ba0fb083d1,GPL-3.0,copyleft,LICENCE (SPDX GPL-3.0 via the GitHub licence API),src/Calc.F90,215575,,,no_umat_entry,"Fortran, but it declares no SUBROUTINE UMAT",umat_extension_f90,,
fkfest/NECI_STABLE,6765ae0a46a3ccf189450dc516dd79ba0fb083d1,GPL-3.0,copyleft,LICENCE (SPDX GPL-3.0 via the GitHub licence API),src/CalcData.F90,29012,,,no_umat_entry,"Fortran, but it declares no SUBROUTINE UMAT",umat_extension_f90,,
fkfest/NECI_STABLE,6765ae0a46a3ccf189450dc516dd79ba0fb083d1,GPL-3.0,copyleft,LICENCE (SPDX GPL-3.0 via the GitHub licence API),src/DetBitOps.F90,39927,,,no_umat_entry,"Fortran, but it declares no SUBROUTINE UMAT",umat_extension_f90,,
fkfest/NECI_STABLE,6765ae0a46a3ccf189450dc516dd79ba0fb083d1,GPL-3.0,copyleft,LICENCE (SPDX GPL-3.0 via the GitHub licence API),src/DetCalc.F90,42644,,,no_umat_entry,"Fortran, but it declares no SUBROUTINE UMAT",umat_extension_f90,,
fkfest/NECI_STABLE,6765ae0a46a3ccf189450dc516dd79ba0fb083d1,GPL-3.0,copyleft,LICENCE (SPDX GPL-3.0 via the GitHub licence API),src/DetCalcData.F90,1869,,,no_umat_entry,"Fortran, but it declares no SUBROUTINE UMAT",umat_extension_f90,,
fkfest/NECI_STABLE,6765ae0a46a3ccf189450dc516dd79ba0fb083d1,GPL-3.0,copyleft,LICENCE (SPDX GPL-3.0 via the GitHub licence API),src/DeterminantData.F90,3386,,,no_umat_entry,"Fortran, but it declares no SUBROUTINE UMAT",umat_extension_f90,,
fkfest/NECI_STABLE,6765ae0a46a3ccf189450dc516dd79ba0fb083d1,GPL-3.0,copyleft,LICENCE (SPDX GPL-3.0 via the GitHub licence API),src/Determinants.F90,61988,,,no_umat_entry,"Fortran, but it declares no SUBROUTINE UMAT",umat_extension_f90,,
fkfest/NECI_STABLE,6765ae0a46a3ccf189450dc516dd79ba0fb083d1,GPL-3.0,copyleft,LICENCE (SPDX GPL-3.0 via the GitHub licence API),src/Determinants_impls.F90,8296,,,no_umat_entry,"Fortran, but it declares no SUBROUTINE UMAT",umat_extension_f90,,
fkfest/NECI_STABLE,6765ae0a46a3ccf189450dc516dd79ba0fb083d1,GPL-3.0,copyleft,LICENCE (SPDX GPL-3.0 via the GitHub licence API),src/ErrorAnalysis.F90,56357,,,no_umat_entry,"Fortran, but it declares no SUBROUTINE UMAT",umat_extension_f90,,
fkfest/NECI_STABLE,6765ae0a46a3ccf189450dc516dd79ba0fb083d1,GPL-3.0,copyleft,LICENCE (SPDX GPL-3.0 via the GitHub licence API),src/FciMCData.F90,32074,,,no_umat_entry,"Fortran, but it declares no SUBROUTINE UMAT",umat_extension_f90,,
fkfest/NECI_STABLE,6765ae0a46a3ccf189450dc516dd79ba0fb083d1,GPL-3.0,copyleft,LICENCE (SPDX GPL-3.0 via the GitHub licence API),src/FciMCLogging.F90,11661,,,no_umat_entry,"Fortran, but it declares no SUBROUTINE UMAT",umat_extension_f90,,
fkfest/NECI_STABLE,6765ae0a46a3ccf189450dc516dd79ba0fb083d1,GPL-3.0,copyleft,LICENCE (SPDX GPL-3.0 via the GitHub licence API),src/FciMCPar.F90,105585,,,no_umat_entry,"Fortran, but it declares no SUBROUTINE UMAT",umat_extension_f90,,
fkfest/NECI_STABLE,6765ae0a46a3ccf189450dc516dd79ba0fb083d1,GPL-3.0,copyleft,LICENCE (SPDX GPL-3.0 via the GitHub licence API),src/GAS/gasci.fpp,60953,,,no_umat_entry,"Fortran, but it declares no SUBROUTINE UMAT",umat_extension_f90,,
fkfest/NECI_STABLE,6765ae0a46a3ccf189450dc516dd79ba0fb083d1,GPL-3.0,copyleft,LICENCE (SPDX GPL-3.0 via the GitHub licence API),src/GAS/gasci_discarding.fpp,4471,,,no_umat_entry,"Fortran, but it declares no SUBROUTINE UMAT",umat_extension_f90,,
fkfest/NECI_STABLE,6765ae0a46a3ccf189450dc516dd79ba0fb083d1,GPL-3.0,copyleft,LICENCE (SPDX GPL-3.0 via the GitHub licence API),src/GAS/gasci_disconnected.fpp,26087,,,no_umat_entry,"Fortran, but it declares no SUBROUTINE UMAT",umat_extension_f90,,
fkfest/NECI_STABLE,6765ae0a46a3ccf189450dc516dd79ba0fb083d1,GPL-3.0,copyleft,LICENCE (SPDX GPL-3.0 via the GitHub licence API),src/GAS/gasci_on_the_fly_heat_bath.fpp,21495,,,no_umat_entry,"Fortran, but it declares no SUBROUTINE UMAT",umat_extension_f90,,
fkfest/NECI_STABLE,6765ae0a46a3ccf189450dc516dd79ba0fb083d1,GPL-3.0,copyleft,LICENCE (SPDX GPL-3.0 via the GitHub licence API),src/GAS/gasci_singles_main.fpp,15857,,,no_umat_entry,"Fortran, but it declares no SUBROUTINE UMAT",umat_extension_f90,,
fkfest/NECI_STABLE,6765ae0a46a3ccf189450dc516dd79ba0fb083d1,GPL-3.0,copyleft,LICENCE (SPDX GPL-3.0 via the GitHub licence API),src/GAS/gasci_supergroup_index.fpp,27534,,,no_umat_entry,"Fortran, but it declares no SUBROUTINE UMAT",umat_extension_f90,,
fkfest/NECI_STABLE,6765ae0a46a3ccf189450dc516dd79ba0fb083d1,GPL-3.0,copyleft,LICENCE (SPDX GPL-3.0 via the GitHub licence API),src/GAS/gasci_util.fpp,8850,,,no_umat_entry,"Fortran, but it declares no SUBROUTINE UMAT",umat_extension_f90,,
fkfest/NECI_STABLE,6765ae0a46a3ccf189450dc516dd79ba0fb083d1,GPL-3.0,copyleft,LICENCE (SPDX GPL-3.0 via the GitHub licence API),src/GAS/pq_property_index.fpp,11902,,,no_umat_entry,"Fortran, but it declares no SUBROUTINE UMAT",umat_extension_f90,,
fkfest/NECI_STABLE,6765ae0a46a3ccf189450dc516dd79ba0fb083d1,GPL-3.0,copyleft,LICENCE (SPDX GPL-3.0 via the GitHub licence API),src/GUGA/guga_base_class.fpp,22988,,,no_umat_entry,"Fortran, but it declares no SUBROUTINE UMAT",umat_extension_f90,,
fkfest/NECI_STABLE,6765ae0a46a3ccf189450dc516dd79ba0fb083d1,GPL-3.0,copyleft,LICENCE (SPDX GPL-3.0 via the GitHub licence API),src/GUGA/guga_base_class_impls.F90,1821,,,no_umat_entry,"Fortran, but it declares no SUBROUTINE UMAT",umat_extension_f90,,
fkfest/NECI_STABLE,6765ae0a46a3ccf189450dc516dd79ba0fb083d1,GPL-3.0,copyleft,LICENCE (SPDX GPL-3.0 via the GitHub licence API),src/GUGA/guga_bitRepOps.F90,159965,,,no_umat_entry,"Fortran, but it declares no SUBROUTINE UMAT",umat_extension_f90,,
fkfest/NECI_STABLE,6765ae0a46a3ccf189450dc516dd79ba0fb083d1,GPL-3.0,copyleft,LICENCE (SPDX GPL-3.0 via the GitHub licence API),src/GUGA/guga_crude_approx.F90,50925,,,no_umat_entry,"Fortran, but it declares no SUBROUTINE UMAT",umat_extension_f90,,
fkfest/NECI_STABLE,6765ae0a46a3ccf189450dc516dd79ba0fb083d1,GPL-3.0,copyleft,LICENCE (SPDX GPL-3.0 via the GitHub licence API),src/GUGA/guga_data.F90,72766,,,no_umat_entry,"Fortran, but it declares no SUBROUTINE UMAT",umat_extension_f90,,
fkfest/NECI_STABLE,6765ae0a46a3ccf189450dc516dd79ba0fb083d1,GPL-3.0,copyleft,LICENCE (SPDX GPL-3.0 via the GitHub licence API),src/GUGA/guga_excitations.F90,693130,,,no_umat_entry,"Fortran, but it declares no SUBROUTINE UMAT",umat_extension_f90,,
fkfest/NECI_STABLE,6765ae0a46a3ccf189450dc516dd79ba0fb083d1,GPL-3.0,copyleft,LICENCE (SPDX GPL-3.0 via the GitHub licence API),src/GUGA/guga_init.F90,15575,,,no_umat_entry,"Fortran, but it declares no SUBROUTINE UMAT",umat_extension_f90,,
fkfest/NECI_STABLE,6765ae0a46a3ccf189450dc516dd79ba0fb083d1,GPL-3.0,copyleft,LICENCE (SPDX GPL-3.0 via the GitHub licence API),src/GUGA/guga_main.F90,51326,,,no_umat_entry,"Fortran, but it declares no SUBROUTINE UMAT",umat_extension_f90,,
fkfest/NECI_STABLE,6765ae0a46a3ccf189450dc516dd79ba0fb083d1,GPL-3.0,copyleft,LICENCE (SPDX GPL-3.0 via the GitHub licence API),src/GUGA/guga_matrixElements.F90,231063,,,no_umat_entry,"Fortran, but it declares no SUBROUTINE UMAT",umat_extension_f90,,
fkfest/NECI_STABLE,6765ae0a46a3ccf189450dc516dd79ba0fb083d1,GPL-3.0,copyleft,LICENCE (SPDX GPL-3.0 via the GitHub licence API),src/GUGA/guga_pchb_class.F90,6293,,,no_umat_entry,"Fortran, but it declares no SUBROUTINE UMAT",umat_extension_f90,,
fkfest/NECI_STABLE,6765ae0a46a3ccf189450dc516dd79ba0fb083d1,GPL-3.0,copyleft,LICENCE (SPDX GPL-3.0 via the GitHub licence API),src/GUGA/guga_pchb_doubles_weights.fpp,12316,,,no_umat_entry,"Fortran, but it declares no SUBROUTINE UMAT",umat_extension_f90,,
fkfest/NECI_STABLE,6765ae0a46a3ccf189450dc516dd79ba0fb083d1,GPL-3.0,copyleft,LICENCE (SPDX GPL-3.0 via the GitHub licence API),src/GUGA/guga_pchb_singles_weights.fpp,4885,,,no_umat_entry,"Fortran, but it declares no SUBROUTINE UMAT",umat_extension_f90,,
fkfest/NECI_STABLE,6765ae0a46a3ccf189450dc516dd79ba0fb083d1,GPL-3.0,copyleft,LICENCE (SPDX GPL-3.0 via the GitHub licence API),src/GUGA/guga_plugin.F90,4794,,,no_umat_entry,"Fortran, but it declares no SUBROUTINE UMAT",umat_extension_f90,,
fkfest/NECI_STABLE,6765ae0a46a3ccf189450dc516dd79ba0fb083d1,GPL-3.0,copyleft,LICENCE (SPDX GPL-3.0 via the GitHub licence API),,0,,,not_examined,stopped after 40 files from this repository; 309 not read,umat_extension_f90,,
hamza-djeloud/thesis_project,d94c6110c34b09aa8fa8819235173a32d6a3a72a,MIT,permissive,LICENSE (SPDX MIT via the GitHub licence API),plate_with_notch.for,21938,66d8d03afe4e8d5f12aad5a3eb72df961e94f465afcd4a95f9e495001d24e183,028c99f2c6deae42fdc85c7089a64415b952d650363e385560f5c525e26bec88,candidate,"distinct, licensed MIT (permissive), declares a UMAT entry point; not yet transformed or verified",umat_extension_for,hamza-djeloud__thesis_project/plate_with_notch.for,plate_with_notch.inp
hyoungsuksuh/ABAQUS_NN,,,,no LICENSE file detected by the GitHub API,,0,,,licence_absent,"no licence is declared, so nothing may be redistributed from it; a repository without a LICENSE file is refused, not assumed permissive; recorded and not fetched",umat_extension_f,,
igorbray/ccc-gpu,,,,no LICENSE file detected by the GitHub API,,0,,,licence_absent,"no licence is declared, so nothing may be redistributed from it; a repository without a LICENSE file is refused, not assumed permissive; recorded and not fetched",umat_extension_f,,
irfancn/Abaqus-VUMAT-elastic_damage,273c697085abc8633fa95d339d97979890956fc4,MIT,permissive,LICENSE (SPDX MIT via the GitHub licence API),vumat_elastic_damage.for,3368,,,no_umat_entry,declares a VUMAT and no UMAT; the explicit interface is out of scope,umat_extension_for,,
isChenXuan/AWI,,,,no LICENSE file detected by the GitHub API,,0,,,licence_absent,"no licence is declared, so nothing may be redistributed from it; a repository without a LICENSE file is refused, not assumed permissive; recorded and not fetched",aba_param_include,,
isaar/MSolve,606e86f31728f2ac0db0df94beebea784c9d143e,Apache-2.0,permissive,LICENSE (SPDX Apache-2.0 via the GitHub licence API),FEMElements/FEMElements/rMaterialVonMisesConsistent.f90,1333,,,no_umat_entry,"Fortran, but it declares no SUBROUTINE UMAT",umat_ddsdde_ntens,,
isaar/MSolve,606e86f31728f2ac0db0df94beebea784c9d143e,Apache-2.0,permissive,LICENSE (SPDX Apache-2.0 via the GitHub licence API),FEMElements/FEMElements/FEMElements.f90,307,,,no_umat_entry,"Fortran, but it declares no SUBROUTINE UMAT",umat_ddsdde_ntens,,
isaar/MSolve,606e86f31728f2ac0db0df94beebea784c9d143e,Apache-2.0,permissive,LICENSE (SPDX Apache-2.0 via the GitHub licence API),FEMElements/FEMElements/rElHexa20.f90,54185,,,no_umat_entry,"Fortran, but it declares no SUBROUTINE UMAT",umat_ddsdde_ntens,,
isaar/MSolve,606e86f31728f2ac0db0df94beebea784c9d143e,Apache-2.0,permissive,LICENSE (SPDX Apache-2.0 via the GitHub licence API),FEMElements/FEMElements/rElHexa20u8p.f90,27129,,,no_umat_entry,"Fortran, but it declares no SUBROUTINE UMAT",umat_ddsdde_ntens,,
isaar/MSolve,606e86f31728f2ac0db0df94beebea784c9d143e,Apache-2.0,permissive,LICENSE (SPDX Apache-2.0 via the GitHub licence API),FEMElements/FEMElements/rElHexa8.f90,29962,,,no_umat_entry,"Fortran, but it declares no SUBROUTINE UMAT",umat_ddsdde_ntens,,
isaar/MSolve,606e86f31728f2ac0db0df94beebea784c9d143e,Apache-2.0,permissive,LICENSE (SPDX Apache-2.0 via the GitHub licence API),FEMElements/FEMElements/rMaterialVonMises.f90,4330,,,no_umat_entry,"Fortran, but it declares no SUBROUTINE UMAT",umat_ddsdde_ntens,,
isaar/MSolve,606e86f31728f2ac0db0df94beebea784c9d143e,Apache-2.0,permissive,LICENSE (SPDX Apache-2.0 via the GitHub licence API),FEMElements/FEMElements/rMaterialVonMisesConsistentUMAT.for,4434,,,no_umat_entry,"Fortran, but it declares no SUBROUTINE UMAT",umat_ddsdde_ntens,,
kkiyama117/math,,,,no LICENSE file detected by the GitHub API,,0,,,licence_absent,"no licence is declared, so nothing may be redistributed from it; a repository without a LICENSE file is refused, not assumed permissive; recorded and not fetched",umat_extension_f90,,
kranthibalusu/CrackGrowth,,,,no LICENSE file detected by the GitHub API,,0,,,licence_absent,"no licence is declared, so nothing may be redistributed from it; a repository without a LICENSE file is refused, not assumed permissive; recorded and not fetched",aba_param_include,,
learnitmyway/Paperboard,c1818b58a7e125b2218e48741acb706cf3645c04,MIT,permissive,LICENSE (SPDX MIT via the GitHub licence API),Fortran/umat.f90,15871,be3ffa6319625df3bbbbad9340e0c46368db6b494d38032196d527e212246a41,033b54e9fd752e100de3d5d7d4cf06daa40f74587086af01774f6a3a67727ecf,candidate,"distinct, licensed MIT (permissive), declares a UMAT entry point; not yet transformed or verified",umat_extension_f90,learnitmyway__Paperboard/Fortran/umat.f90,
learnitmyway/Paperboard,c1818b58a7e125b2218e48741acb706cf3645c04,MIT,permissive,LICENSE (SPDX MIT via the GitHub licence API),Fortran/input.f90,3969,,,no_umat_entry,"Fortran, but it declares no SUBROUTINE UMAT",umat_extension_f90,,
linus131/DES_FE_viscous_thermomechanical,52694b5890909fe3ca17e1ba6a1840a7c1756b15,MIT,permissive,LICENSE (SPDX MIT via the GitHub licence API),src/model_generator.rs,52311,,,no_umat_entry,"Fortran, but it declares no SUBROUTINE UMAT",aba_param_include,,
liudss/hencky-jc-vumat,,,,no LICENSE file detected by the GitHub API,,0,,,licence_absent,"no licence is declared, so nothing may be redistributed from it; a repository without a LICENSE file is refused, not assumed permissive; recorded and not fetched",umat_extension_f90,,
ludfky/FRP-grid-interface-UEL,3864ab204e3f31c2422d47e4f45cef60eaa269f2,MIT,permissive,LICENSE (SPDX MIT via the GitHub licence API),uel/frp_grid_interface_uel.f90,10127,,,no_umat_entry,"Fortran, but it declares no SUBROUTINE UMAT",aba_param_include,,
luisez1988/Viscoplastic_MC_coupled,e83c05d1e06225ef9987878745f6b9840e41c827,MIT,permissive,LICENSE (SPDX MIT via the GitHub licence API),UMAT_MCWStrainRates_Zambrano.for,75773,8f61feecb5b596b9d7390f953b530d1529ca6bedc818c2892e207994edfc3aa7,78ee7c5a3c15254d86c1b4607f2294ac5795895d45e67752e3c609394a1ca8bc,candidate,"distinct, licensed MIT (permissive), declares a UMAT entry point; not yet transformed or verified",umat_extension_for,luisez1988__Viscoplastic_MC_coupled/UMAT_MCWStrainRates_Zambrano.for,
luisez1988/Viscoplastic_MC_coupled,e83c05d1e06225ef9987878745f6b9840e41c827,MIT,permissive,LICENSE (SPDX MIT via the GitHub licence API),incrementalDriver.f,74155,,,no_umat_entry,"Fortran, but it declares no SUBROUTINE UMAT",umat_extension_for,,
m-aryayi/Abaqus-Projects,,,,no LICENSE file detected by the GitHub API,,0,,,licence_absent,"no licence is declared, so nothing may be redistributed from it; a repository without a LICENSE file is refused, not assumed permissive; recorded and not fetched",aba_param_include,,
marioruiarruda/Hashin_3D_UMAT,a374298d4cc44f2c49b9e2c21a09c05f8721e488,BSD-3-Clause,permissive,LICENSE (SPDX BSD-3-Clause via the GitHub licence API),umat_hashin3D_f90.f90,46977,03e8a1e9432795c611fe2a0a0ad369ccab51643d6fae41a85512f02a3ebc74b4,ee5a41b65e395868614c85621d29b25d6d7a31bc510b7f0cedaceb3cd092fb94,candidate,"distinct, licensed BSD-3-Clause (permissive), declares a UMAT entry point; not yet transformed or verified",umat_extension_f90,marioruiarruda__Hashin_3D_UMAT/umat_hashin3D_f90.f90,
marioruiarruda/Mazars_UMAT,fdb9a9d570612e258162659dee23ec0df6e3482f,BSD-3-Clause,permissive,LICENSE (SPDX BSD-3-Clause via the GitHub licence API),umat_mazars_f90.f90,28328,81aec141f612602fa65ca3fe25c23735849d5cf242d10bbe9569741c6fdc8171,2b5d96b5ddaef35687ef1cbacbc94b0e74d4ee4739b1d0c7df6c565a4a0e8cc9,candidate,"distinct, licensed BSD-3-Clause (permissive), declares a UMAT entry point; not yet transformed or verified",umat_extension_f90,marioruiarruda__Mazars_UMAT/umat_mazars_f90.f90,
mhogg/bonemapy,0f8ddcc1637948382ee97f1c2c23b17819b8f7ed,MIT,permissive,LICENSE.txt (SPDX MIT via the GitHub licence API),examples/shoulder/C3D10HS/usdfld.f,4843,,,no_umat_entry,"Fortran, but it declares no SUBROUTINE UMAT",aba_param_include,,
mhogg/bonemapy,0f8ddcc1637948382ee97f1c2c23b17819b8f7ed,MIT,permissive,LICENSE.txt (SPDX MIT via the GitHub licence API),examples/shoulder/C3D10/USDFLD.f,4842,,,no_umat_entry,"Fortran, but it declares no SUBROUTINE UMAT",aba_param_include,,
mholla/hitchhikers-guide-to-abaqus,,,,no LICENSE file detected by the GitHub API,,0,,,licence_absent,"no licence is declared, so nothing may be redistributed from it; a repository without a LICENSE file is refused, not assumed permissive; recorded and not fetched",subroutine_umat_ddsdde,,
mrtrkmn/yanki,,,,no LICENSE file detected by the GitHub API,,0,,,licence_absent,"no licence is declared, so nothing may be redistributed from it; a repository without a LICENSE file is refused, not assumed permissive; recorded and not fetched",umat_extension_for,,
nasa/abaverify,,,,LICENSE.txt present but neither GitHub nor a text match identified a licence,,0,,,licence_absent,"no licence is declared, so nothing may be redistributed from it; a repository without a LICENSE file is refused, not assumed permissive; recorded and not fetched",umat_extension_for,,
nicoguaro/BLOCH_FEM,c710d6c792bb454e04b1a98c97cf696c344b1fd0,MIT,permissive,LICENSE.md (SPDX MIT via the GitHub licence API),matutil.for,5112,,,no_umat_entry,"Fortran, but it declares no SUBROUTINE UMAT",umat_extension_for,,
nicoguaro/BLOCH_FEM,c710d6c792bb454e04b1a98c97cf696c344b1fd0,MIT,permissive,LICENSE.md (SPDX MIT via the GitHub licence API),ablochgen.for,7770,,,no_umat_entry,"Fortran, but it declares no SUBROUTINE UMAT",umat_extension_for,,
nicoguaro/BLOCH_FEM,c710d6c792bb454e04b1a98c97cf696c344b1fd0,MIT,permissive,LICENSE.md (SPDX MIT via the GitHub licence API),bloch.for,13882,,,no_umat_entry,"Fortran, but it declares no SUBROUTINE UMAT",umat_extension_for,,
nicoguaro/BLOCH_FEM,c710d6c792bb454e04b1a98c97cf696c344b1fd0,MIT,permissive,LICENSE.md (SPDX MIT via the GitHub licence API),bloch_sem.for,13943,,,no_umat_entry,"Fortran, but it declares no SUBROUTINE UMAT",umat_extension_for,,
nicoguaro/BLOCH_FEM,c710d6c792bb454e04b1a98c97cf696c344b1fd0,MIT,permissive,LICENSE.md (SPDX MIT via the GitHub licence API),elutil.for,25239,,,no_umat_entry,"Fortran, but it declares no SUBROUTINE UMAT",umat_extension_for,,
nicoguaro/BLOCH_FEM,c710d6c792bb454e04b1a98c97cf696c344b1fd0,MIT,permissive,LICENSE.md (SPDX MIT via the GitHub licence API),femutil.for,26632,,,no_umat_entry,"Fortran, but it declares no SUBROUTINE UMAT",umat_extension_for,,
nicoguaro/BLOCH_FEM,c710d6c792bb454e04b1a98c97cf696c344b1fd0,MIT,permissive,LICENSE.md (SPDX MIT via the GitHub licence API),gaussin.for,6185,,,no_umat_entry,"Fortran, but it declares no SUBROUTINE UMAT",umat_extension_for,,
nicoguaro/BLOCH_FEM,c710d6c792bb454e04b1a98c97cf696c344b1fd0,MIT,permissive,LICENSE.md (SPDX MIT via the GitHub licence API),mtxutil.for,25875,,,no_umat_entry,"Fortran, but it declares no SUBROUTINE UMAT",umat_extension_for,,
nicoguaro/BLOCH_FEM,c710d6c792bb454e04b1a98c97cf696c344b1fd0,MIT,permissive,LICENSE.md (SPDX MIT via the GitHub licence API),preproc.for,4064,,,no_umat_entry,"Fortran, but it declares no SUBROUTINE UMAT",umat_extension_for,,
nicoguaro/BLOCH_FEM,c710d6c792bb454e04b1a98c97cf696c344b1fd0,MIT,permissive,LICENSE.md (SPDX MIT via the GitHub licence API),semutil.for,25051,,,no_umat_entry,"Fortran, but it declares no SUBROUTINE UMAT",umat_extension_for,,
nicoguaro/BLOCH_FEM,c710d6c792bb454e04b1a98c97cf696c344b1fd0,MIT,permissive,LICENSE.md (SPDX MIT via the GitHub licence API),springs/bloch.for,12049,,,no_umat_entry,"Fortran, but it declares no SUBROUTINE UMAT",umat_extension_for,,
nicoguaro/BLOCH_FEM,c710d6c792bb454e04b1a98c97cf696c344b1fd0,MIT,permissive,LICENSE.md (SPDX MIT via the GitHub licence API),springs/mat.for,17690,,,no_umat_entry,"Fortran, but it declares no SUBROUTINE UMAT",umat_extension_for,,
nicoguaro/BLOCH_FEM,c710d6c792bb454e04b1a98c97cf696c344b1fd0,MIT,permissive,LICENSE.md (SPDX MIT via the GitHub licence API),springs/spring.for,2146,,,no_umat_entry,"Fortran, but it declares no SUBROUTINE UMAT",umat_extension_for,,
nicoguaro/BLOCH_FEM,c710d6c792bb454e04b1a98c97cf696c344b1fd0,MIT,permissive,LICENSE.md (SPDX MIT via the GitHub licence API),uelutil.for,9691,,,no_umat_entry,"Fortran, but it declares no SUBROUTINE UMAT",umat_extension_for,,
nsundar/VEM_in_Abaqus,97e866c962ee628592253817c0e36506365a86dd,GPL-3.0,copyleft,LICENSE (SPDX GPL-3.0 via the GitHub licence API),subrtn.f,2011,,,no_umat_entry,"Fortran, but it declares no SUBROUTINE UMAT",aba_param_include,,
nsundar/VEM_in_Abaqus,97e866c962ee628592253817c0e36506365a86dd,GPL-3.0,copyleft,LICENSE (SPDX GPL-3.0 via the GitHub licence API),Bmat.f,5609,,,no_umat_entry,"Fortran, but it declares no SUBROUTINE UMAT",aba_param_include,,
nsundar/VEM_in_Abaqus,97e866c962ee628592253817c0e36506365a86dd,GPL-3.0,copyleft,LICENSE (SPDX GPL-3.0 via the GitHub licence API),DivH.f,827,,,no_umat_entry,"Fortran, but it declares no SUBROUTINE UMAT",aba_param_include,,
nsundar/VEM_in_Abaqus,97e866c962ee628592253817c0e36506365a86dd,GPL-3.0,copyleft,LICENSE (SPDX GPL-3.0 via the GitHub licence API),Dmat.f,2134,,,no_umat_entry,"Fortran, but it declares no SUBROUTINE UMAT",aba_param_include,,
nsundar/VEM_in_Abaqus,97e866c962ee628592253817c0e36506365a86dd,GPL-3.0,copyleft,LICENSE (SPDX GPL-3.0 via the GitHub licence API),invfun1.f,1432,,,no_umat_entry,"Fortran, but it declares no SUBROUTINE UMAT",aba_param_include,,
nsundar/VEM_in_Abaqus,97e866c962ee628592253817c0e36506365a86dd,GPL-3.0,copyleft,LICENSE (SPDX GPL-3.0 via the GitHub licence API),matinvs.f,3098,,,no_umat_entry,"Fortran, but it declares no SUBROUTINE UMAT",aba_param_include,,
nsundar/VEM_in_Abaqus,97e866c962ee628592253817c0e36506365a86dd,GPL-3.0,copyleft,LICENSE (SPDX GPL-3.0 via the GitHub licence API),transposeMAT.f,326,,,no_umat_entry,"Fortran, but it declares no SUBROUTINE UMAT",aba_param_include,,
nsundar/VEM_in_Abaqus,97e866c962ee628592253817c0e36506365a86dd,GPL-3.0,copyleft,LICENSE (SPDX GPL-3.0 via the GitHub licence API),vem.f,8262,,,no_umat_entry,"Fortran, but it declares no SUBROUTINE UMAT",aba_param_include,,
orgitcog/org-llnl,,,,no LICENSE file detected by the GitHub API,,0,,,licence_absent,"no licence is declared, so nothing may be redistributed from it; a repository without a LICENSE file is refused, not assumed permissive; recorded and not fetched",umat_signature_ddsdde_sse,,
peirlincklab/universalmatsubroutine,1654e58d524a80607dcac31a0e49d4e1c5d61b57,MIT,permissive,LICENSE (SPDX MIT inferred from the licence text; GitHub's API reported no identifier for this file),WORKSHOP/UANIuniversal.f,8934,,,no_umat_entry,"Fortran, but it declares no SUBROUTINE UMAT",aba_param_include,,
peirlincklab/universalmatsubroutine,1654e58d524a80607dcac31a0e49d4e1c5d61b57,MIT,permissive,LICENSE (SPDX MIT inferred from the licence text; GitHub's API reported no identifier for this file),APPLICATIONS/UANIuniversal.f,8934,,,no_umat_entry,"Fortran, but it declares no SUBROUTINE UMAT",aba_param_include,,
peirlincklab/universalmatsubroutine,1654e58d524a80607dcac31a0e49d4e1c5d61b57,MIT,permissive,LICENSE (SPDX MIT inferred from the licence text; GitHub's API reported no identifier for this file),SUBROUTINE/UANIuniversal.f,8934,,,no_umat_entry,"Fortran, but it declares no SUBROUTINE UMAT",aba_param_include,,
prashanthgadwala/ferrite-fortran-integration_using_Julia,ccc85ae14aef6ddc06a087eb36cad6a03e86ce06,MIT,permissive,LICENSE (SPDX MIT via the GitHub licence API),src/Material_Models/umat.f,58975,9565f0b528309aa2721f939629caa5a170f43020b9e24bad02086004b31217bc,6f70fe0485d9ba2a573a2f26c884bddbfef91ad306c24a013a7885f4dd1dc6e6,candidate,"distinct, licensed MIT (permissive), declares a UMAT entry point; not yet transformed or verified",umat_extension_f,prashanthgadwala__ferrite-fortran-integration_using_Julia/src/Material_Models/umat.f,
prashanthgadwala/ferrite-fortran-integration_using_Julia,ccc85ae14aef6ddc06a087eb36cad6a03e86ce06,MIT,permissive,LICENSE (SPDX MIT via the GitHub licence API),test/square.f,151,,,no_umat_entry,"Fortran, but it declares no SUBROUTINE UMAT",umat_extension_f,,
saifoaj/hede-inconel600,45fc0a7de0501fa8e72af26b61df2fedc7a68794,MIT,permissive,LICENSE (SPDX MIT via the GitHub licence API),simulation/usdfld.f,2694,,,no_umat_entry,"Fortran, but it declares no SUBROUTINE UMAT",aba_param_include,,
samanseifi/Tahoe,a02e3e40f3dbd15c90ea863c3679bc10e12d7dde,BSD-3-Clause,permissive,LICENSE (SPDX BSD-3-Clause inferred from the licence text; GitHub's API reported no identifier for this file),contrib/fortran_to_C/double_f.f,328,,,no_umat_entry,"Fortran, but it declares no SUBROUTINE UMAT",ddsdde_statev_nprops,,
samanseifi/Tahoe,a02e3e40f3dbd15c90ea863c3679bc10e12d7dde,BSD-3-Clause,permissive,LICENSE (SPDX BSD-3-Clause inferred from the licence text; GitHub's API reported no identifier for this file),contrib/fortran_to_C/main_f.f,361,,,no_umat_entry,"Fortran, but it declares no SUBROUTINE UMAT",ddsdde_statev_nprops,,
samanseifi/Tahoe,a02e3e40f3dbd15c90ea863c3679bc10e12d7dde,BSD-3-Clause,permissive,LICENSE (SPDX BSD-3-Clause inferred from the licence text; GitHub's API reported no identifier for this file),contrib/fortran_to_C/print_f.f,313,,,no_umat_entry,"Fortran, but it declares no SUBROUTINE UMAT",ddsdde_statev_nprops,,
samanseifi/Tahoe,a02e3e40f3dbd15c90ea863c3679bc10e12d7dde,BSD-3-Clause,permissive,LICENSE (SPDX BSD-3-Clause inferred from the licence text; GitHub's API reported no identifier for this file),contrib/fortran_to_C/sqrt_f.f,133,,,no_umat_entry,"Fortran, but it declares no SUBROUTINE UMAT",ddsdde_statev_nprops,,
samanseifi/Tahoe,a02e3e40f3dbd15c90ea863c3679bc10e12d7dde,BSD-3-Clause,permissive,LICENSE (SPDX BSD-3-Clause inferred from the licence text; GitHub's API reported no identifier for this file),contrib/fortran_to_C/sqrt_f_c.f,150,,,no_umat_entry,"Fortran, but it declares no SUBROUTINE UMAT",ddsdde_statev_nprops,,
samanseifi/Tahoe,a02e3e40f3dbd15c90ea863c3679bc10e12d7dde,BSD-3-Clause,permissive,LICENSE (SPDX BSD-3-Clause inferred from the licence text; GitHub's API reported no identifier for this file),development/src/elements/solid/materials/ABAQUS/UMAT.isoplast.3d.f,6246,,,no_umat_entry,"Fortran, but it declares no SUBROUTINE UMAT",ddsdde_statev_nprops,,
samanseifi/Tahoe,a02e3e40f3dbd15c90ea863c3679bc10e12d7dde,BSD-3-Clause,permissive,LICENSE (SPDX BSD-3-Clause inferred from the licence text; GitHub's API reported no identifier for this file),development/src/elements/solid/materials/ABAQUS_BCJ/bcj_iso.f,214220,4b1611623a5b28b7f41d9456804c27ac6f482a48659978c9497ef6ac66d2410c,ffc75d9e8d217842d14b88eaf4128a6fdbebb88a33d9716199d50999d8e3c3b6,candidate,"distinct, licensed BSD-3-Clause (permissive), declares a UMAT entry point; not yet transformed or verified",ddsdde_statev_nprops,samanseifi__Tahoe/development/src/elements/solid/materials/ABAQUS_BCJ/bcj_iso.f,contrib/translate/benchmarks/abaqus/abq5821.inp
samanseifi/Tahoe,a02e3e40f3dbd15c90ea863c3679bc10e12d7dde,BSD-3-Clause,permissive,LICENSE (SPDX BSD-3-Clause inferred from the licence text; GitHub's API reported no identifier for this file),development/src/elements/solid/materials/jrmayeu/ti_64final_ran2.f,88378,,,no_umat_entry,"Fortran, but it declares no SUBROUTINE UMAT",ddsdde_statev_nprops,,
shuishengy/abaqus-umat-for-viscoelastcity,,,,no LICENSE file detected by the GitHub API,,0,,,licence_absent,"no licence is declared, so nothing may be redistributed from it; a repository without a LICENSE file is refused, not assumed permissive; recorded and not fetched",umat_extension_for,,
structure-computation/LMTpp,,,,no LICENSE file detected by the GitHub API,,0,,,licence_absent,"no licence is declared, so nothing may be redistributed from it; a repository without a LICENSE file is refused, not assumed permissive; recorded and not fetched",ddsdde_statev_nprops,,
swayli94/AbaqusTools,d7a595bb550f3b470ec253192678213b6b722b92,MIT,permissive,LICENSE (SPDX MIT via the GitHub licence API),LaRC05/usdfld3d.f90,17514,,,no_umat_entry,"Fortran, but it declares no SUBROUTINE UMAT",aba_param_include,,
swayli94/AbaqusTools,d7a595bb550f3b470ec253192678213b6b722b92,MIT,permissive,LICENSE (SPDX MIT via the GitHub licence API),LaRC05/failureCriteria.f90,31012,,,no_umat_entry,"Fortran, but it declares no SUBROUTINE UMAT",aba_param_include,,
swayli94/AbaqusTools,d7a595bb550f3b470ec253192678213b6b722b92,MIT,permissive,LICENSE (SPDX MIT via the GitHub licence API),LaRC05/materialResponse.f90,78630,,,no_umat_entry,"Fortran, but it declares no SUBROUTINE UMAT",aba_param_include,,
swayli94/AbaqusTools,d7a595bb550f3b470ec253192678213b6b722b92,MIT,permissive,LICENSE (SPDX MIT via the GitHub licence API),LaRC05/plyTools.f90,23765,,,no_umat_entry,"Fortran, but it declares no SUBROUTINE UMAT",aba_param_include,,
swayli94/AbaqusTools,d7a595bb550f3b470ec253192678213b6b722b92,MIT,permissive,LICENSE (SPDX MIT via the GitHub licence API),LaRC05/umat.f90,14876,cb76d6bc6a228d4aaa4c2e7fcbd48115cbabddc28ee4ee4e4641ac6288360544,bada797c11077c91431238e6ed9f2b5557c3817108d53055f08feba8c2461e40,candidate,"distinct, licensed MIT (permissive), declares a UMAT entry point; not yet transformed or verified",aba_param_include,swayli94__AbaqusTools/LaRC05/umat.f90,
swayli94/AbaqusTools,d7a595bb550f3b470ec253192678213b6b722b92,MIT,permissive,LICENSE (SPDX MIT via the GitHub licence API),LaRC05/usdfld.f90,11029,,,no_umat_entry,"Fortran, but it declares no SUBROUTINE UMAT",aba_param_include,,
swayli94/AbaqusTools,d7a595bb550f3b470ec253192678213b6b722b92,MIT,permissive,LICENSE (SPDX MIT via the GitHub licence API),LaRC05/usdfld2d.f90,17237,,,no_umat_entry,"Fortran, but it declares no SUBROUTINE UMAT",aba_param_include,,
swayli94/AbaqusTools,d7a595bb550f3b470ec253192678213b6b722b92,MIT,permissive,LICENSE (SPDX MIT via the GitHub licence API),LaRC05/uvarm.f90,14012,,,no_umat_entry,"Fortran, but it declares no SUBROUTINE UMAT",aba_param_include,,
synodriver/abaqus_subroutines,,,,no LICENSE file detected by the GitHub API,,0,,,licence_absent,"no licence is declared, so nothing may be redistributed from it; a repository without a LICENSE file is refused, not assumed permissive; recorded and not fetched",aba_param_include,,
tajtac/node_diffusion,,,,no LICENSE file detected by the GitHub API,,0,,,licence_absent,"no licence is declared, so nothing may be redistributed from it; a repository without a LICENSE file is refused, not assumed permissive; recorded and not fetched",aba_param_include,,
tengzhang48/feacheap,,,,no LICENSE file detected by the GitHub API,,0,,,licence_absent,"no licence is declared, so nothing may be redistributed from it; a repository without a LICENSE file is refused, not assumed permissive; recorded and not fetched",aba_param_include,,
thelfer/MFrontGallery,b805e7c71319edb9d9bc9919f405094843854aca,LGPL-3.0,copyleft,LICENSE (SPDX LGPL-3.0 via the GitHub licence API),unit-tests/mfront-wrappers/fortran/umat/v2/umat2.f90,933,,,no_umat_entry,"Fortran, but it declares no SUBROUTINE UMAT",umat_extension_f90,,
thelfer/MFrontGallery,b805e7c71319edb9d9bc9919f405094843854aca,LGPL-3.0,copyleft,LICENSE (SPDX LGPL-3.0 via the GitHub licence API),materials/VanadiumAlloy/properties/VanadiumAlloy_ShearModulus_SRMA_TestFortran.f,216,,,no_umat_entry,"Fortran, but it declares no SUBROUTINE UMAT",umat_extension_f90,,
thelfer/MFrontGallery,b805e7c71319edb9d9bc9919f405094843854aca,LGPL-3.0,copyleft,LICENSE (SPDX LGPL-3.0 via the GitHub licence API),materials/VanadiumAlloy/properties/VanadiumAlloy_YoungModulus_SRMA_TestFortran.f,234,,,no_umat_entry,"Fortran, but it declares no SUBROUTINE UMAT",umat_extension_f90,,
thelfer/MFrontGallery,b805e7c71319edb9d9bc9919f405094843854aca,LGPL-3.0,copyleft,LICENSE (SPDX LGPL-3.0 via the GitHub licence API),unit-tests/mfront-wrappers/fortran/behaviours/elasticity.f95,2338,,,no_umat_entry,"Fortran, but it declares no SUBROUTINE UMAT",umat_extension_f90,,
thelfer/MFrontGallery,b805e7c71319edb9d9bc9919f405094843854aca,LGPL-3.0,copyleft,LICENSE (SPDX LGPL-3.0 via the GitHub licence API),unit-tests/mfront-wrappers/fortran/umat/v1/umat.f,2859,0fc49d061edf43f7ae3947ba9344b129474732f2fe3fecf3f8c50ef76980a8ef,78a3a46d01f3fc8777949b0a27ae728a98f0a85c4f4d571223a7bcbd55da223c,already_known,"the same implementation as discovery_cache/calculix__ccx_fff/src/umat.f, which this collection already counts",umat_extension_f90,,
vishalsubbiah/Abaqus-Multi-scale-modelling,2988d2d9c722e3cb5419c669ed2f89f0d133e76e,GPL-3.0,copyleft,LICENSE (SPDX GPL-3.0 via the GitHub licence API),Abaqus/umatcode3.f,4851,03c068514b4d6fd900c33f920866fa2a7213c92566811ae3311706d661849f32,5a2af2406f853c1ecb98b92ab74e21a4fc3db9c4540de7e07e5a948f7822054d,candidate,"distinct, licensed GPL-3.0 (copyleft), declares a UMAT entry point; not yet transformed or verified",umat_extension_f,vishalsubbiah__Abaqus-Multi-scale-modelling/Abaqus/umatcode3.f,Abaqus/Cu_brick.inp
wjin33/Nonsmooth-yield-surface,,,,no LICENSE file detected by the GitHub API,,0,,,licence_absent,"no licence is declared, so nothing may be redistributed from it; a repository without a LICENSE file is refused, not assumed permissive; recorded and not fetched",umat_extension_for,,
yvanblanchard/ProgressiveFailureOfCompositesWithCalculix,,,,no LICENSE file detected by the GitHub API,,0,,,licence_absent,"no licence is declared, so nothing may be redistributed from it; a repository without a LICENSE file is refused, not assumed permissive; recorded and not fetched",umat_extension_f90,,
ywytrew/pyaba,,,,no LICENSE file detected by the GitHub API,,0,,,licence_absent,"no licence is declared, so nothing may be redistributed from it; a repository without a LICENSE file is refused, not assumed permissive; recorded and not fetched",aba_param_include,,
zhuminjie/OpenSeesPy,,,,COPYRIGHT present but neither GitHub nor a text match identified a licence,,0,,,licence_absent,"no licence is declared, so nothing may be redistributed from it; a repository without a LICENSE file is refused, not assumed permissive; recorded and not fetched",aba_param_include,,
zorkzou/UniMoVib,82166c1b888fb1939c1ce2833cdbf5eabd01df5c,MIT,permissive,LICENSE (SPDX MIT via the GitHub licence API),src/math.f90,28214,d91db9594546e29e1bc281b2e344adf6513f89f51395d9d929aaed8a2f739462,2efe6dc811a26d34b8dc5695d0d0028a94d53683b2e991475077bd471eaa3cbf,candidate,"distinct, licensed MIT (permissive), declares a UMAT entry point; not yet transformed or verified",umat_extension_f90,zorkzou__UniMoVib/src/math.f90,test/ACES/ACES2/job.inp;test/ACES/ACES3/job.inp;test/ATOM/job.inp;test/CFour/geh4/geh4.inp;test/CFour/geh4/job.inp;test/CFour/h2o-nosymm/h2o-c1.inp;test/CFour/h2o-nosymm/job.inp;test/Gaussian09/C60/job.inp
zorkzou/UniMoVib,82166c1b888fb1939c1ce2833cdbf5eabd01df5c,MIT,permissive,LICENSE (SPDX MIT via the GitHub licence API),src/BLAS.f,79388,,,no_umat_entry,"Fortran, but it declares no SUBROUTINE UMAT",umat_extension_f90,,
zorkzou/UniMoVib,82166c1b888fb1939c1ce2833cdbf5eabd01df5c,MIT,permissive,LICENSE (SPDX MIT via the GitHub licence API),src/LAPACK.f,165973,,,no_umat_entry,"Fortran, but it declares no SUBROUTINE UMAT",umat_extension_f90,,
zorkzou/UniMoVib,82166c1b888fb1939c1ce2833cdbf5eabd01df5c,MIT,permissive,LICENSE (SPDX MIT via the GitHub licence API),src/interface.f90,132236,,,no_umat_entry,"Fortran, but it declares no SUBROUTINE UMAT",umat_extension_f90,,
zorkzou/UniMoVib,82166c1b888fb1939c1ce2833cdbf5eabd01df5c,MIT,permissive,LICENSE (SPDX MIT via the GitHub licence API),src/main.f90,8000,,,no_umat_entry,"Fortran, but it declares no SUBROUTINE UMAT",umat_extension_f90,,
zorkzou/UniMoVib,82166c1b888fb1939c1ce2833cdbf5eabd01df5c,MIT,permissive,LICENSE (SPDX MIT via the GitHub licence API),src/rw.f90,28689,,,no_umat_entry,"Fortran, but it declares no SUBROUTINE UMAT",umat_extension_f90,,
zorkzou/UniMoVib,82166c1b888fb1939c1ce2833cdbf5eabd01df5c,MIT,permissive,LICENSE (SPDX MIT via the GitHub licence API),src/symmetry.f90,48452,,,no_umat_entry,"Fortran, but it declares no SUBROUTINE UMAT",umat_extension_f90,,
zorkzou/UniMoVib,82166c1b888fb1939c1ce2833cdbf5eabd01df5c,MIT,permissive,LICENSE (SPDX MIT via the GitHub licence API),src/thermo.f90,14167,,,no_umat_entry,"Fortran, but it declares no SUBROUTINE UMAT",umat_extension_f90,,
zorkzou/UniMoVib,82166c1b888fb1939c1ce2833cdbf5eabd01df5c,MIT,permissive,LICENSE (SPDX MIT via the GitHub licence API),src/util.f90,35179,,,no_umat_entry,"Fortran, but it declares no SUBROUTINE UMAT",umat_extension_f90,,
zorkzou/UniMoVib,82166c1b888fb1939c1ce2833cdbf5eabd01df5c,MIT,permissive,LICENSE (SPDX MIT via the GitHub licence API),src/vibfreq.f90,34055,,,no_umat_entry,"Fortran, but it declares no SUBROUTINE UMAT",umat_extension_f90,,
28ToFuture2028-8-8/UMAT-WITH-ABAQUS,,,,no LICENSE file detected by the GitHub API,,0,,,licence_absent,"no licence is declared, so nothing may be redistributed from it; a repository without a LICENSE file is refused, not assumed permissive; recorded and not fetched",repo_umat_abaqus,,
AMPL-Gururaja/Fatigue-Damage-UMAT-Subroutine-for-Abaqus-,,,,no LICENSE file detected by the GitHub API,,0,,,licence_absent,"no licence is declared, so nothing may be redistributed from it; a repository without a LICENSE file is refused, not assumed permissive; recorded and not fetched",repo_umat_abaqus,,
Anqi94/AbaqusUMAT,,,,no LICENSE file detected by the GitHub API,,0,,,licence_absent,"no licence is declared, so nothing may be redistributed from it; a repository without a LICENSE file is refused, not assumed permissive; recorded and not fetched",repo_umat_abaqus,,
CAEAssistant-Group/Abaqus-HASHIN-progressive-Damage-for-3D-continuum-composites-VUMAT-Subroutine-,032282b2e5d49b44f753642301bdfdb5b0470df2,MIT,permissive,LICENSE (SPDX MIT via the GitHub licence API),Hashin-3d-VUMAT-github.for,12686,,,no_umat_entry,declares a VUMAT and no UMAT; the explicit interface is out of scope,repo_topic_abaqus_fortran,,
CAEAssistant-Group/Abaqus-UEL-Subroutine,07a47226d0f0a607276b1590ac736ee4d46fe0ab,MIT,permissive,LICENSE (SPDX MIT via the GitHub licence API),Abaqus_UEL_Subroutine.f,6873,d937943679ea7110e23d445246fd3a2842117bcca9f87a3c0583422a24dd9795,8b4209e4551df18cd97362b617e4170f8222ada33d54db96870c1b532c23afe8,candidate,"distinct, licensed MIT (permissive), declares a UMAT entry point; not yet transformed or verified",repo_topic_abaqus_fortran,CAEAssistant-Group__Abaqus-UEL-Subroutine/Abaqus_UEL_Subroutine.f,
CAEAssistant-Group/Abaqus-UMESHMOTION-SUBROUTINE,2667598e9964c577028a3bc0672dc14153aa1ac3,MIT,permissive,LICENSE (SPDX MIT via the GitHub licence API),UMESHMOTION.f,5608,,,no_umat_entry,"Fortran, but it declares no SUBROUTINE UMAT",repo_topic_abaqus_fortran,,
CAEAssistant-Group/Abaqus-USDFLD-Subroutine,895a9d3e1d57a34c05eb1953d96f66fd3fb1f1f2,MIT,permissive,LICENSE (SPDX MIT via the GitHub licence API),Abaqus_USDFLD_CODE.for,1694,,,no_umat_entry,"Fortran, but it declares no SUBROUTINE UMAT",repo_topic_abaqus_fortran,,
CAEAssistant-Group/Abaqus-VDFLUX-DFLUX-Subroutines-in-Fortran-Language-for-Welding-Simulation,728edcaa7a06aab1819d1f00f18ac6edd92814d0,MIT,permissive,LICENSE (SPDX MIT via the GitHub licence API),VDFLUX-Subroutine-Abaqus-Welding.for,2126,,,no_umat_entry,"Fortran, but it declares no SUBROUTINE UMAT",repo_topic_abaqus_fortran,,
CAEAssistant-Group/Abaqus-VUMAT-Isotropic-Elasticity-Isothermal-Suboutine,daace26e42fc3258873691025be9bdbcde930ea5,MIT,permissive,LICENSE (SPDX MIT via the GitHub licence API),VUMAT_Code.f,4076,,,no_umat_entry,declares a VUMAT and no UMAT; the explicit interface is out of scope,repo_umat_abaqus,,
CAEAssistant-Group/Abaqus-Welding-Simulation-Two-Pass-Arc-Welding,94856f9c1e4b35dfef9237254ff59937fc358536,MIT,permissive,LICENSE (SPDX MIT via the GitHub licence API),DFLUX_Goldak_Model.f,5181,,,no_umat_entry,"Fortran, but it declares no SUBROUTINE UMAT",repo_topic_abaqus_fortran,,
CAEAssistant-Group/abaqus-3D-Printing-additive-manufacturing,202b45e2a932f5d926aac064610677b06f141307,MIT,permissive,LICENSE (SPDX MIT via the GitHub licence API),Abaqus_3D_Print_Subroutine.for,3542,,,no_umat_entry,"Fortran, but it declares no SUBROUTINE UMAT",repo_topic_abaqus_fortran,,
Cyril-fr/blast-fragmentation-ai,,,,no LICENSE file detected by the GitHub API,,0,,,licence_absent,"no licence is declared, so nothing may be redistributed from it; a repository without a LICENSE file is refused, not assumed permissive; recorded and not fetched",repo_topic_umat,,
DevendraNagpure13/UMAT_Implicit_for-radial-return,,,,no LICENSE file detected by the GitHub API,,0,,,licence_absent,"no licence is declared, so nothing may be redistributed from it; a repository without a LICENSE file is refused, not assumed permissive; recorded and not fetched",repo_umat_abaqus,,
FIT2082/28813952_RESEARCH_NOTEBOOK,,,,no LICENSE file detected by the GitHub API,,0,,,licence_absent,"no licence is declared, so nothing may be redistributed from it; a repository without a LICENSE file is refused, not assumed permissive; recorded and not fetched",repo_topic_umat,,
GUT-Aachen/abaqus_subroutines_usci,061542c0c8875b91552b329ed14758753679ab3a,GPL-3.0,copyleft,LICENSE (SPDX GPL-3.0 via the GitHub licence API),subroutine_export.f,12339,,,no_umat_entry,"Fortran, but it declares no SUBROUTINE UMAT",repo_topic_abaqus_fortran,,
GzCode321/ABAQUS.Umatcode,,,,no LICENSE file detected by the GitHub API,,0,,,licence_absent,"no licence is declared, so nothing may be redistributed from it; a repository without a LICENSE file is refused, not assumed permissive; recorded and not fetched",repo_umat_abaqus,,
HAS-0612/Modified-HTC-Based-Equivalent-Strain-for-Enhanced-Local-Damage-Modeling-of-Quasi-Brittle-Materials,,,,no LICENSE file detected by the GitHub API,,0,,,licence_absent,"no licence is declared, so nothing may be redistributed from it; a repository without a LICENSE file is refused, not assumed permissive; recorded and not fetched",repo_umat_abaqus,,
HYWLab/phase-field-fracture-model,,,,no LICENSE file detected by the GitHub API,,0,,,licence_absent,"no licence is declared, so nothing may be redistributed from it; a repository without a LICENSE file is refused, not assumed permissive; recorded and not fetched",repo_topic_abaqus_fortran,,
Jeanvit/UMatTest,,,,no LICENSE file detected by the GitHub API,,0,,,licence_absent,"no licence is declared, so nothing may be redistributed from it; a repository without a LICENSE file is refused, not assumed permissive; recorded and not fetched",repo_topic_umat,,
Khorashad/3DHashin_VUMAT,,,,no LICENSE file detected by the GitHub API,,0,,,licence_absent,"no licence is declared, so nothing may be redistributed from it; a repository without a LICENSE file is refused, not assumed permissive; recorded and not fetched",repo_topic_abaqus_fortran,,
MattE4/Abaqus_UVARM_equivalent_strain_subroutine_Solidworks,,,,no LICENSE file detected by the GitHub API,,0,,,licence_absent,"no licence is declared, so nothing may be redistributed from it; a repository without a LICENSE file is refused, not assumed permissive; recorded and not fetched",repo_topic_abaqus_fortran,,
Punit2510/abaqus-umat-cpp,,,,no LICENSE file detected by the GitHub API,,0,,,licence_absent,"no licence is declared, so nothing may be redistributed from it; a repository without a LICENSE file is refused, not assumed permissive; recorded and not fetched",repo_umat_abaqus,,
RexiJing/Fortran-to-CPP,,,,no LICENSE file detected by the GitHub API,,0,,,licence_absent,"no licence is declared, so nothing may be redistributed from it; a repository without a LICENSE file is refused, not assumed permissive; recorded and not fetched",repo_umat_abaqus,,
RickAlb/UMAT-DFD-Lebedev,c31b6bc474aa1832b2df48ee20e43bc22d2f02e5,AGPL-3.0,copyleft,LICENSE (SPDX AGPL-3.0 via the GitHub licence API),all_subroutines/MPC_all.for,2924,,,no_umat_entry,"Fortran, but it declares no SUBROUTINE UMAT",repo_umat_abaqus,,
RickAlb/UMAT-DFD-Lebedev,c31b6bc474aa1832b2df48ee20e43bc22d2f02e5,AGPL-3.0,copyleft,LICENSE (SPDX AGPL-3.0 via the GitHub licence API),all_subroutines/UMAT_DFD_LEB.for,45356,2770fec2766ee3771cb9688c30b61aaeb1205f6fda31a813902eba19faf5663e,6c3dc228ed34d948aa014e56c881756ae21388f08333c6565f1ae5c6a0dc5eb7,candidate,"distinct, licensed AGPL-3.0 (copyleft), declares a UMAT entry point; not yet transformed or verified",repo_umat_abaqus,RickAlb__UMAT-DFD-Lebedev/all_subroutines/UMAT_DFD_LEB.for,
RickAlb/UMAT-DFD-Lebedev,c31b6bc474aa1832b2df48ee20e43bc22d2f02e5,AGPL-3.0,copyleft,LICENSE (SPDX AGPL-3.0 via the GitHub licence API),all_subroutines/fibers.for,7458,,,no_umat_entry,"Fortran, but it declares no SUBROUTINE UMAT",repo_umat_abaqus,,
RickAlb/UMAT-DFD-Lebedev,c31b6bc474aa1832b2df48ee20e43bc22d2f02e5,AGPL-3.0,copyleft,LICENSE (SPDX AGPL-3.0 via the GitHub licence API),all_subroutines/kpars_umat.for,2305,,,no_umat_entry,"Fortran, but it declares no SUBROUTINE UMAT",repo_umat_abaqus,,
RickAlb/UMAT-DFD-Lebedev,c31b6bc474aa1832b2df48ee20e43bc22d2f02e5,AGPL-3.0,copyleft,LICENSE (SPDX AGPL-3.0 via the GitHub licence API),all_subroutines/spherequad.for,282295,,,no_umat_entry,"Fortran, but it declares no SUBROUTINE UMAT",repo_umat_abaqus,,
RickAlb/UMAT-DFD-Lebedev,c31b6bc474aa1832b2df48ee20e43bc22d2f02e5,AGPL-3.0,copyleft,LICENSE (SPDX AGPL-3.0 via the GitHub licence API),all_subroutines/util_subs.for,38304,,,no_umat_entry,"Fortran, but it declares no SUBROUTINE UMAT",repo_umat_abaqus,,
RickAlb/UMAT-DFD-Lebedev,c31b6bc474aa1832b2df48ee20e43bc22d2f02e5,AGPL-3.0,copyleft,LICENSE (SPDX AGPL-3.0 via the GitHub licence API),main_sub.for,1031,,,no_umat_entry,"Fortran, but it declares no SUBROUTINE UMAT",repo_umat_abaqus,,
SaeednHT/Useful-Fortran-Subroutines,,,,no LICENSE file detected by the GitHub API,,0,,,licence_absent,"no licence is declared, so nothing may be redistributed from it; a repository without a LICENSE file is refused, not assumed permissive; recorded and not fetched",repo_umat_abaqus,,
ShawnWolgu/SXCpp_UMAT,bb2e19869e934cafc8d6708e892a20ac2a97ca54,MIT,permissive,LICENSE (SPDX MIT via the GitHub licence API),,0,,,no_fortran,its tree lists no Fortran file and no file the search matched,repo_umat_abaqus,,
ShihaoTUD/ABAQUS_UMAT_Learing,,,,no LICENSE file detected by the GitHub API,,0,,,licence_absent,"no licence is declared, so nothing may be redistributed from it; a repository without a LICENSE file is refused, not assumed permissive; recorded and not fetched",repo_umat_abaqus,,
Sina-Taghizadeh/UMAT_Hyperelastic,e3ade702c9b6d95ec5654e93d8d85ad87566382e,GPL-3.0,copyleft,LICENSE (SPDX GPL-3.0 via the GitHub licence API),CompresibleNeoHookean.for,3177,400ff4bdf857f88cb45740e31fdb6cc544f4a8b1428006fc817a59733783d48b,99eefeeca5e6b8a3c1a887eadebede32c17d7d919a989c50e5579fec4670c259,candidate,"distinct, licensed GPL-3.0 (copyleft), declares a UMAT entry point; not yet transformed or verified",repo_umat_abaqus,Sina-Taghizadeh__UMAT_Hyperelastic/CompresibleNeoHookean.for,NeoHookeanSimpleExtensionCAE.inp;NeoHookeanSimpleExtensionUMAT.inp;NeoHookeanSimpleShearCAE.inp;NeoHookeanSimpleShearUMAT.inp
SmallScaleMechanicsLaboratory/UMAT_SXP,,,,no LICENSE file detected by the GitHub API,,0,,,licence_absent,"no licence is declared, so nothing may be redistributed from it; a repository without a LICENSE file is refused, not assumed permissive; recorded and not fetched",repo_umat_abaqus,,
SrivastavaResearchLab/Damage_Abq_LargeDef_2025,,,,no LICENSE file detected by the GitHub API,,0,,,licence_absent,"no licence is declared, so nothing may be redistributed from it; a repository without a LICENSE file is refused, not assumed permissive; recorded and not fetched",repo_abaqus_user_material,,
Standardsomind/abaqus-master,,,,no LICENSE file detected by the GitHub API,,0,,,licence_absent,"no licence is declared, so nothing may be redistributed from it; a repository without a LICENSE file is refused, not assumed permissive; recorded and not fetched",repo_umat_abaqus,,
Taeyoung-GO/HCP_CPUMAT,,,,no LICENSE file detected by the GitHub API,,0,,,licence_absent,"no licence is declared, so nothing may be redistributed from it; a repository without a LICENSE file is refused, not assumed permissive; recorded and not fetched",repo_umat_abaqus,,
Unlimited0424/ABAQUS_UMAT_GRASS-SST,,,,no LICENSE file detected by the GitHub API,,0,,,licence_absent,"no licence is declared, so nothing may be redistributed from it; a repository without a LICENSE file is refused, not assumed permissive; recorded and not fetched",repo_umat_abaqus,,
XJTU-Zhou-group/ABAQUS_UMAT_316ss_Zr4,,,,no LICENSE file detected by the GitHub API,,0,,,licence_absent,"no licence is declared, so nothing may be redistributed from it; a repository without a LICENSE file is refused, not assumed permissive; recorded and not fetched",repo_umat_abaqus,,
XJTU-Zhou-group/ABAQUS_UMAT_HSCcompVEVP,,,,no LICENSE file detected by the GitHub API,,0,,,licence_absent,"no licence is declared, so nothing may be redistributed from it; a repository without a LICENSE file is refused, not assumed permissive; recorded and not fetched",repo_umat_abaqus,,
XJTU-Zhou-group/ABAQUS_UMAT_HSCmultiscaleVEP,,,,no LICENSE file detected by the GitHub API,,0,,,licence_absent,"no licence is declared, so nothing may be redistributed from it; a repository without a LICENSE file is refused, not assumed permissive; recorded and not fetched",repo_umat_abaqus,,
ZhouChaunge/PMT-Traversal-in-Abauqs,,,,no LICENSE file detected by the GitHub API,,0,,,licence_absent,"no licence is declared, so nothing may be redistributed from it; a repository without a LICENSE file is refused, not assumed permissive; recorded and not fetched",repo_umat_abaqus,,
aNasiusA/umat-thesis-guide,b520759db2e2a86c47c5e5019a900c379b1cf1ed,MIT,permissive,LICENSE (SPDX MIT via the GitHub licence API),,0,,,no_fortran,its tree lists no Fortran file and no file the search matched,repo_topic_umat,,
aamir-dean/Numerical-Tangent-UMAT,,,,no LICENSE file detected by the GitHub API,,0,,,licence_absent,"no licence is declared, so nothing may be redistributed from it; a repository without a LICENSE file is refused, not assumed permissive; recorded and not fetched",repo_umat_abaqus,,
adityaagrawaltc100/ABAQUS-UMAT-Subroutine-using-FORTRAN,,,,no LICENSE file detected by the GitHub API,,0,,,licence_absent,"no licence is declared, so nothing may be redistributed from it; a repository without a LICENSE file is refused, not assumed permissive; recorded and not fetched",repo_umat_abaqus,,
adtzlr/felupe,74a989885a119eac8ed1ddd240b7f185fd756207,GPL-3.0,copyleft,LICENSE (SPDX GPL-3.0 via the GitHub licence API),,0,,,no_fortran,its tree lists no Fortran file and no file the search matched,repo_topic_umat,,
ajayan-achuthan/Abaqus-UMAT-Isotropic-Models,,,,no LICENSE file detected by the GitHub API,,0,,,licence_absent,"no licence is declared, so nothing may be redistributed from it; a repository without a LICENSE file is refused, not assumed permissive; recorded and not fetched",repo_umat_abaqus,,
awhelanUCD/Lemaitre-damage-UMAT-Public,787ec8d3d78450c95c7a1768ff692c0cdfaf920e,MIT,permissive,LICENSE (SPDX MIT via the GitHub licence API),HETVAL_nonLocalLemaitre/HETVAL_lemaitreDamageNonLocal.f,6103,40bfb63d43120fe840baeb5af25c76c0db7e3793e102d369a0b9201451a9db38,dd4e2a50bbbaa0dde84499313a3d7aaf6552beb3ac93de445b78d93314c50a0d,candidate,"distinct, licensed MIT (permissive), declares a UMAT entry point; not yet transformed or verified",repo_umat_abaqus,awhelanUCD__Lemaitre-damage-UMAT-Public/HETVAL_nonLocalLemaitre/HETVAL_lemaitreDamageNonLocal.f,HETVAL_nonLocalLemaitre/HETVAL_axiSymmetricNotchedBar.inp
awhelanUCD/Lemaitre-damage-UMAT-Public,787ec8d3d78450c95c7a1768ff692c0cdfaf920e,MIT,permissive,LICENSE (SPDX MIT via the GitHub licence API),nonLocalLemaitre/lemaitreDamageNonLocal.f,5558,505d5c42aae362a79bbb882b908b5206844a0bb7575cf3e0f340772404726cef,53ba8b59f2aede566dd370f1a8b953e158e0ff85420945e7f21785f33a4fe1d9,candidate,"distinct, licensed MIT (permissive), declares a UMAT entry point; not yet transformed or verified",repo_umat_abaqus,awhelanUCD__Lemaitre-damage-UMAT-Public/nonLocalLemaitre/lemaitreDamageNonLocal.f,nonLocalLemaitre/axiSymmetricNotchedBar.inp
behrouz-arash/finite-strain-vevp-composites,a1b08b02b34cbc262e5944475cbd95c350c54f0d,MIT,permissive,LICENSE (SPDX MIT via the GitHub licence API),,0,,,no_fortran,its tree lists no Fortran file and no file the search matched,repo_umat_abaqus,,
beingujjwalraj/Multiscale-Modelling-of-Material-Using-Machine-Learning,,,,no LICENSE file detected by the GitHub API,,0,,,licence_absent,"no licence is declared, so nothing may be redistributed from it; a repository without a LICENSE file is refused, not assumed permissive; recorded and not fetched",repo_umat_abaqus,,
bibekanandadatta/Abaqus-UEL-Elasticity,ff15fd98605d437989ebd45a3b3f73df999f108e,BSD-3-Clause,permissive,LICENSE.md (SPDX BSD-3-Clause inferred from the licence text; GitHub's API reported no identifier for this file),dev/test_mech.for,9246,,,no_umat_entry,"Fortran, but it declares no SUBROUTINE UMAT",repo_topic_abaqus_fortran,,
bibekanandadatta/Abaqus-UEL-Elasticity,ff15fd98605d437989ebd45a3b3f73df999f108e,BSD-3-Clause,permissive,LICENSE.md (SPDX BSD-3-Clause inferred from the licence text; GitHub's API reported no identifier for this file),src/error_logging.for,7179,,,no_umat_entry,"Fortran, but it declares no SUBROUTINE UMAT",repo_topic_abaqus_fortran,,
bibekanandadatta/Abaqus-UEL-Elasticity,ff15fd98605d437989ebd45a3b3f73df999f108e,BSD-3-Clause,permissive,LICENSE.md (SPDX BSD-3-Clause inferred from the licence text; GitHub's API reported no identifier for this file),src/gauss_quadrature.for,12122,,,no_umat_entry,"Fortran, but it declares no SUBROUTINE UMAT",repo_topic_abaqus_fortran,,
bibekanandadatta/Abaqus-UEL-Elasticity,ff15fd98605d437989ebd45a3b3f73df999f108e,BSD-3-Clause,permissive,LICENSE.md (SPDX BSD-3-Clause inferred from the licence text; GitHub's API reported no identifier for this file),src/global_parameters.for,2111,,,no_umat_entry,"Fortran, but it declares no SUBROUTINE UMAT",repo_topic_abaqus_fortran,,
bibekanandadatta/Abaqus-UEL-Elasticity,ff15fd98605d437989ebd45a3b3f73df999f108e,BSD-3-Clause,permissive,LICENSE.md (SPDX BSD-3-Clause inferred from the licence text; GitHub's API reported no identifier for this file),src/lagrange_element.for,21894,,,no_umat_entry,"Fortran, but it declares no SUBROUTINE UMAT",repo_topic_abaqus_fortran,,
bibekanandadatta/Abaqus-UEL-Elasticity,ff15fd98605d437989ebd45a3b3f73df999f108e,BSD-3-Clause,permissive,LICENSE.md (SPDX BSD-3-Clause inferred from the licence text; GitHub's API reported no identifier for this file),src/linear_algebra.for,67600,,,no_umat_entry,"Fortran, but it declares no SUBROUTINE UMAT",repo_topic_abaqus_fortran,,
bibekanandadatta/Abaqus-UEL-Elasticity,ff15fd98605d437989ebd45a3b3f73df999f108e,BSD-3-Clause,permissive,LICENSE.md (SPDX BSD-3-Clause inferred from the licence text; GitHub's API reported no identifier for this file),src/nonlinear_solver.for,22945,,,no_umat_entry,"Fortran, but it declares no SUBROUTINE UMAT",repo_topic_abaqus_fortran,,
bibekanandadatta/Abaqus-UEL-Elasticity,ff15fd98605d437989ebd45a3b3f73df999f108e,BSD-3-Clause,permissive,LICENSE.md (SPDX BSD-3-Clause inferred from the licence text; GitHub's API reported no identifier for this file),src/post_processing.for,1295,,,no_umat_entry,"Fortran, but it declares no SUBROUTINE UMAT",repo_topic_abaqus_fortran,,
bibekanandadatta/Abaqus-UEL-Elasticity,ff15fd98605d437989ebd45a3b3f73df999f108e,BSD-3-Clause,permissive,LICENSE.md (SPDX BSD-3-Clause inferred from the licence text; GitHub's API reported no identifier for this file),src/solid_mechanics.for,13142,,,no_umat_entry,"Fortran, but it declares no SUBROUTINE UMAT",repo_topic_abaqus_fortran,,
bibekanandadatta/Abaqus-UEL-Elasticity,ff15fd98605d437989ebd45a3b3f73df999f108e,BSD-3-Clause,permissive,LICENSE.md (SPDX BSD-3-Clause inferred from the licence text; GitHub's API reported no identifier for this file),src/surface_integration.for,21449,,,no_umat_entry,"Fortran, but it declares no SUBROUTINE UMAT",repo_topic_abaqus_fortran,,
bibekanandadatta/Abaqus-UEL-Elasticity,ff15fd98605d437989ebd45a3b3f73df999f108e,BSD-3-Clause,permissive,LICENSE.md (SPDX BSD-3-Clause inferred from the licence text; GitHub's API reported no identifier for this file),src/uel_mech.for,33829,,,no_umat_entry,"Fortran, but it declares no SUBROUTINE UMAT",repo_topic_abaqus_fortran,,
bibekanandadatta/Abaqus-UEL-Hydrogel,b4d22b35c47df542008a856675aca6d061d4bb2d,BSD-3-Clause,permissive,LICENSE.md (SPDX BSD-3-Clause inferred from the licence text; GitHub's API reported no identifier for this file),dev/test_hydrogel.for,11944,,,no_umat_entry,"Fortran, but it declares no SUBROUTINE UMAT",repo_topic_abaqus_fortran,,
bibekanandadatta/Abaqus-UEL-Hydrogel,b4d22b35c47df542008a856675aca6d061d4bb2d,BSD-3-Clause,permissive,LICENSE.md (SPDX BSD-3-Clause inferred from the licence text; GitHub's API reported no identifier for this file),src/error_logging.for,7405,,,no_umat_entry,"Fortran, but it declares no SUBROUTINE UMAT",repo_topic_abaqus_fortran,,
bibekanandadatta/Abaqus-UEL-Hydrogel,b4d22b35c47df542008a856675aca6d061d4bb2d,BSD-3-Clause,permissive,LICENSE.md (SPDX BSD-3-Clause inferred from the licence text; GitHub's API reported no identifier for this file),src/gauss_quadrature.for,12557,,,no_umat_entry,"Fortran, but it declares no SUBROUTINE UMAT",repo_topic_abaqus_fortran,,
bibekanandadatta/Abaqus-UEL-Hydrogel,b4d22b35c47df542008a856675aca6d061d4bb2d,BSD-3-Clause,permissive,LICENSE.md (SPDX BSD-3-Clause inferred from the licence text; GitHub's API reported no identifier for this file),src/global_parameters.for,2152,,,no_umat_entry,"Fortran, but it declares no SUBROUTINE UMAT",repo_topic_abaqus_fortran,,
bibekanandadatta/Abaqus-UEL-Hydrogel,b4d22b35c47df542008a856675aca6d061d4bb2d,BSD-3-Clause,permissive,LICENSE.md (SPDX BSD-3-Clause inferred from the licence text; GitHub's API reported no identifier for this file),src/hydrogel_element.for,49663,,,no_umat_entry,"Fortran, but it declares no SUBROUTINE UMAT",repo_topic_abaqus_fortran,,
bibekanandadatta/Abaqus-UEL-Hydrogel,b4d22b35c47df542008a856675aca6d061d4bb2d,BSD-3-Clause,permissive,LICENSE.md (SPDX BSD-3-Clause inferred from the licence text; GitHub's API reported no identifier for this file),src/hydrogel_material.for,19713,,,no_umat_entry,"Fortran, but it declares no SUBROUTINE UMAT",repo_topic_abaqus_fortran,,
bibekanandadatta/Abaqus-UEL-Hydrogel,b4d22b35c47df542008a856675aca6d061d4bb2d,BSD-3-Clause,permissive,LICENSE.md (SPDX BSD-3-Clause inferred from the licence text; GitHub's API reported no identifier for this file),src/lagrange_element.for,22439,,,no_umat_entry,"Fortran, but it declares no SUBROUTINE UMAT",repo_topic_abaqus_fortran,,
bibekanandadatta/Abaqus-UEL-Hydrogel,b4d22b35c47df542008a856675aca6d061d4bb2d,BSD-3-Clause,permissive,LICENSE.md (SPDX BSD-3-Clause inferred from the licence text; GitHub's API reported no identifier for this file),src/linear_algebra.for,69885,,,no_umat_entry,"Fortran, but it declares no SUBROUTINE UMAT",repo_topic_abaqus_fortran,,
bibekanandadatta/Abaqus-UEL-Hydrogel,b4d22b35c47df542008a856675aca6d061d4bb2d,BSD-3-Clause,permissive,LICENSE.md (SPDX BSD-3-Clause inferred from the licence text; GitHub's API reported no identifier for this file),src/nonlinear_solver.for,23614,,,no_umat_entry,"Fortran, but it declares no SUBROUTINE UMAT",repo_topic_abaqus_fortran,,
bibekanandadatta/Abaqus-UEL-Hydrogel,b4d22b35c47df542008a856675aca6d061d4bb2d,BSD-3-Clause,permissive,LICENSE.md (SPDX BSD-3-Clause inferred from the licence text; GitHub's API reported no identifier for this file),src/post_processing.for,1319,,,no_umat_entry,"Fortran, but it declares no SUBROUTINE UMAT",repo_topic_abaqus_fortran,,
bibekanandadatta/Abaqus-UEL-Hydrogel,b4d22b35c47df542008a856675aca6d061d4bb2d,BSD-3-Clause,permissive,LICENSE.md (SPDX BSD-3-Clause inferred from the licence text; GitHub's API reported no identifier for this file),src/solid_mechanics.for,13523,,,no_umat_entry,"Fortran, but it declares no SUBROUTINE UMAT",repo_topic_abaqus_fortran,,
bibekanandadatta/Abaqus-UEL-Hydrogel,b4d22b35c47df542008a856675aca6d061d4bb2d,BSD-3-Clause,permissive,LICENSE.md (SPDX BSD-3-Clause inferred from the licence text; GitHub's API reported no identifier for this file),src/surface_integration.for,21785,,,no_umat_entry,"Fortran, but it declares no SUBROUTINE UMAT",repo_topic_abaqus_fortran,,
bibekanandadatta/Abaqus-UEL-Hydrogel,b4d22b35c47df542008a856675aca6d061d4bb2d,BSD-3-Clause,permissive,LICENSE.md (SPDX BSD-3-Clause inferred from the licence text; GitHub's API reported no identifier for this file),src/uel_hydrogel.for,19583,,,no_umat_entry,"Fortran, but it declares no SUBROUTINE UMAT",repo_topic_abaqus_fortran,,
bonjourbenjamin/umats,dad6bd1067a071f4604777fbff6bd3511282e518,GPL-3.0,copyleft,LICENSE (SPDX GPL-3.0 via the GitHub licence API),src/main.f90,1860,,,no_umat_entry,"Fortran, but it declares no SUBROUTINE UMAT",repo_umat_abaqus,,
bonjourbenjamin/umats,dad6bd1067a071f4604777fbff6bd3511282e518,GPL-3.0,copyleft,LICENSE (SPDX GPL-3.0 via the GitHub licence API),src/utils.f90,13798,,,no_umat_entry,"Fortran, but it declares no SUBROUTINE UMAT",repo_umat_abaqus,,
brightfrank1999/abaqus-umat,,,,no LICENSE file detected by the GitHub API,,0,,,licence_absent,"no licence is declared, so nothing may be redistributed from it; a repository without a LICENSE file is refused, not assumed permissive; recorded and not fetched",repo_umat_abaqus,,
cecilemarche/UMATHT_Pennes,6ae4b16340af2f4d787876cad4e5e5183cca9469,AGPL-3.0,copyleft,LICENSE.md (SPDX AGPL-3.0 inferred from the licence text; GitHub's API reported no identifier for this file),pennes.f,1525,,,no_umat_entry,"Fortran, but it declares no SUBROUTINE UMAT",repo_umat_abaqus,,
cmlztrk/cmlztrk,,,,no LICENSE file detected by the GitHub API,,0,,,licence_absent,"no licence is declared, so nothing may be redistributed from it; a repository without a LICENSE file is refused, not assumed permissive; recorded and not fetched",repo_topic_umat,,
coppercentipedetram/abaqus,,,,no LICENSE file detected by the GitHub API,,0,,,licence_absent,"no licence is declared, so nothing may be redistributed from it; a repository without a LICENSE file is refused, not assumed permissive; recorded and not fetched",repo_umat_abaqus,,
cunhuav/Abaqus-Neural-Network-UMAT,f73b8201789114a85b686b5bdf7115404e20988e,MIT,permissive,LICENSE (SPDX MIT via the GitHub licence API),ro_nn_umat.f90,17817,5223e595a90f0759664a45f2f98cc76bf1b02137ea220e290e5b6a641daede0b,f3209b198a45da9173f95cecb2149967945dc1042dc024e6f812dee0be1789e6,candidate,"distinct, licensed MIT (permissive), declares a UMAT entry point; not yet transformed or verified",repo_umat_abaqus,cunhuav__Abaqus-Neural-Network-UMAT/ro_nn_umat.f90,UnixialTensionNN.inp
damin225/short-crack-propagation-3d,834a300d1bb43beedd97b8620676f02612008613,MIT,permissive,LICENSE (SPDX MIT via the GitHub licence API),input_clean/modules.f90,7608,,,no_umat_entry,"Fortran, but it declares no SUBROUTINE UMAT",repo_topic_abaqus_fortran,,
damin225/short-crack-propagation-3d,834a300d1bb43beedd97b8620676f02612008613,MIT,permissive,LICENSE (SPDX MIT via the GitHub licence API),input_clean/uexternaldb.f90,1983,,,no_umat_entry,"Fortran, but it declares no SUBROUTINE UMAT",repo_topic_abaqus_fortran,,
damin225/short-crack-propagation-3d,834a300d1bb43beedd97b8620676f02612008613,MIT,permissive,LICENSE (SPDX MIT via the GitHub licence API),input_clean/umat.f,244674,1083a7d98ed6f38a90a215bb56e60e88457c398a9a67709c696340b7814c3a29,23b907f27842b87fb8362f8c13296a61d8d3253e220edef4ae2263b5834568e1,candidate,"distinct, licensed MIT (permissive), declares a UMAT entry point; not yet transformed or verified",repo_topic_abaqus_fortran,damin225__short-crack-propagation-3d/input_clean/umat.f,
fun0730/abaqus-subroutine,,,,no LICENSE file detected by the GitHub API,,0,,,licence_absent,"no licence is declared, so nothing may be redistributed from it; a repository without a LICENSE file is refused, not assumed permissive; recorded and not fetched",repo_umat_abaqus,,
