increment,branch,stress_component,order,directions,recovery_factor,oti_derivative,fd_reference,absolute_error,relative_error,absolute_tolerance,relative_tolerance,family_scale,structural_zero_floor,judged_by,passed,justification
1,elastic,1,2,1|1,2,0.0,1.0357432946408052e-70,1.0357432946408052e-70,1.0,1e-05,1e-07,250000000.0,2.5,structural_zero,True,"both the generated value and the reference lie below 2.500e+00, which is 1e-08 of the magnitude an order-2 derivative has in this problem (2.500000e+08, from the contract's stress scale 250 and strain scale 0.001), so this is a zero of that family; the generated value is 0.000e+00"
1,elastic,2,2,1|1,2,0.0,1.0866814894592055e-70,1.0866814894592055e-70,1.0,1e-05,1e-07,250000000.0,2.5,structural_zero,True,"both the generated value and the reference lie below 2.500e+00, which is 1e-08 of the magnitude an order-2 derivative has in this problem (2.500000e+08, from the contract's stress scale 250 and strain scale 0.001), so this is a zero of that family; the generated value is 0.000e+00"
1,elastic,3,2,1|1,2,0.0,1.0866814894592055e-70,1.0866814894592055e-70,1.0,1e-05,1e-07,250000000.0,2.5,structural_zero,True,"both the generated value and the reference lie below 2.500e+00, which is 1e-08 of the magnitude an order-2 derivative has in this problem (2.500000e+08, from the contract's stress scale 250 and strain scale 0.001), so this is a zero of that family; the generated value is 0.000e+00"
1,elastic,4,2,1|1,2,0.0,0.0,0.0,0.0,1e-05,1e-07,250000000.0,2.5,structural_zero,True,"both the generated value and the reference lie below 2.500e+00, which is 1e-08 of the magnitude an order-2 derivative has in this problem (2.500000e+08, from the contract's stress scale 250 and strain scale 0.001), so this is a zero of that family; the generated value is 0.000e+00"
1,elastic,5,2,1|1,2,0.0,0.0,0.0,0.0,1e-05,1e-07,250000000.0,2.5,structural_zero,True,"both the generated value and the reference lie below 2.500e+00, which is 1e-08 of the magnitude an order-2 derivative has in this problem (2.500000e+08, from the contract's stress scale 250 and strain scale 0.001), so this is a zero of that family; the generated value is 0.000e+00"
1,elastic,6,2,1|1,2,0.0,0.0,0.0,0.0,1e-05,1e-07,250000000.0,2.5,structural_zero,True,"both the generated value and the reference lie below 2.500e+00, which is 1e-08 of the magnitude an order-2 derivative has in this problem (2.500000e+08, from the contract's stress scale 250 and strain scale 0.001), so this is a zero of that family; the generated value is 0.000e+00"
1,elastic,1,2,1|2,1,0.0,6.628155732012325e-71,6.628155732012325e-71,1.0,1e-05,1e-07,250000000.0,2.5,structural_zero,True,"both the generated value and the reference lie below 2.500e+00, which is 1e-08 of the magnitude an order-2 derivative has in this problem (2.500000e+08, from the contract's stress scale 250 and strain scale 0.001), so this is a zero of that family; the generated value is 0.000e+00"
1,elastic,2,2,1|2,1,0.0,-3.647254339926862e-71,3.647254339926862e-71,1.0,1e-05,1e-07,250000000.0,2.5,structural_zero,True,"both the generated value and the reference lie below 2.500e+00, which is 1e-08 of the magnitude an order-2 derivative has in this problem (2.500000e+08, from the contract's stress scale 250 and strain scale 0.001), so this is a zero of that family; the generated value is 0.000e+00"
1,elastic,3,2,1|2,1,0.0,6.301390749626928e-71,6.301390749626928e-71,1.0,1e-05,1e-07,250000000.0,2.5,structural_zero,True,"both the generated value and the reference lie below 2.500e+00, which is 1e-08 of the magnitude an order-2 derivative has in this problem (2.500000e+08, from the contract's stress scale 250 and strain scale 0.001), so this is a zero of that family; the generated value is 0.000e+00"
1,elastic,4,2,1|2,1,0.0,0.0,0.0,0.0,1e-05,1e-07,250000000.0,2.5,structural_zero,True,"both the generated value and the reference lie below 2.500e+00, which is 1e-08 of the magnitude an order-2 derivative has in this problem (2.500000e+08, from the contract's stress scale 250 and strain scale 0.001), so this is a zero of that family; the generated value is 0.000e+00"
1,elastic,5,2,1|2,1,0.0,0.0,0.0,0.0,1e-05,1e-07,250000000.0,2.5,structural_zero,True,"both the generated value and the reference lie below 2.500e+00, which is 1e-08 of the magnitude an order-2 derivative has in this problem (2.500000e+08, from the contract's stress scale 250 and strain scale 0.001), so this is a zero of that family; the generated value is 0.000e+00"
1,elastic,6,2,1|2,1,0.0,0.0,0.0,0.0,1e-05,1e-07,250000000.0,2.5,structural_zero,True,"both the generated value and the reference lie below 2.500e+00, which is 1e-08 of the magnitude an order-2 derivative has in this problem (2.500000e+08, from the contract's stress scale 250 and strain scale 0.001), so this is a zero of that family; the generated value is 0.000e+00"
1,elastic,1,3,1|1|1,6,0.0,-1.127598669808976e-65,1.127598669808976e-65,1.0,0.02,1e-07,249999999999.99997,2499.9999999999995,structural_zero,True,"both the generated value and the reference lie below 2.500e+03, which is 1e-08 of the magnitude an order-3 derivative has in this problem (2.500000e+11, from the contract's stress scale 250 and strain scale 0.001), so this is a zero of that family; the generated value is 0.000e+00"
1,elastic,2,3,1|1|1,6,0.0,3.857574396714918e-66,3.857574396714918e-66,1.0,0.02,1e-07,249999999999.99997,2499.9999999999995,structural_zero,True,"both the generated value and the reference lie below 2.500e+03, which is 1e-08 of the magnitude an order-3 derivative has in this problem (2.500000e+11, from the contract's stress scale 250 and strain scale 0.001), so this is a zero of that family; the generated value is 0.000e+00"
1,elastic,3,3,1|1|1,6,0.0,3.857574396714918e-66,3.857574396714918e-66,1.0,0.02,1e-07,249999999999.99997,2499.9999999999995,structural_zero,True,"both the generated value and the reference lie below 2.500e+03, which is 1e-08 of the magnitude an order-3 derivative has in this problem (2.500000e+11, from the contract's stress scale 250 and strain scale 0.001), so this is a zero of that family; the generated value is 0.000e+00"
1,elastic,4,3,1|1|1,6,0.0,0.0,0.0,0.0,0.02,1e-07,249999999999.99997,2499.9999999999995,structural_zero,True,"both the generated value and the reference lie below 2.500e+03, which is 1e-08 of the magnitude an order-3 derivative has in this problem (2.500000e+11, from the contract's stress scale 250 and strain scale 0.001), so this is a zero of that family; the generated value is 0.000e+00"
1,elastic,5,3,1|1|1,6,0.0,0.0,0.0,0.0,0.02,1e-07,249999999999.99997,2499.9999999999995,structural_zero,True,"both the generated value and the reference lie below 2.500e+03, which is 1e-08 of the magnitude an order-3 derivative has in this problem (2.500000e+11, from the contract's stress scale 250 and strain scale 0.001), so this is a zero of that family; the generated value is 0.000e+00"
1,elastic,6,3,1|1|1,6,0.0,0.0,0.0,0.0,0.02,1e-07,249999999999.99997,2499.9999999999995,structural_zero,True,"both the generated value and the reference lie below 2.500e+03, which is 1e-08 of the magnitude an order-3 derivative has in this problem (2.500000e+11, from the contract's stress scale 250 and strain scale 0.001), so this is a zero of that family; the generated value is 0.000e+00"
1,elastic,1,3,1|1|2,2,0.0,-1.751122019374142e-65,1.751122019374142e-65,1.0,0.02,1e-07,249999999999.99997,2499.9999999999995,structural_zero,True,"both the generated value and the reference lie below 2.500e+03, which is 1e-08 of the magnitude an order-3 derivative has in this problem (2.500000e+11, from the contract's stress scale 250 and strain scale 0.001), so this is a zero of that family; the generated value is 0.000e+00"
1,elastic,2,3,1|1|2,2,0.0,-1.6978239145877996e-65,1.6978239145877996e-65,1.0,0.02,1e-07,249999999999.99997,2499.9999999999995,structural_zero,True,"both the generated value and the reference lie below 2.500e+03, which is 1e-08 of the magnitude an order-3 derivative has in this problem (2.500000e+11, from the contract's stress scale 250 and strain scale 0.001), so this is a zero of that family; the generated value is 0.000e+00"
1,elastic,3,3,1|1|2,2,0.0,1.0702581098818454e-65,1.0702581098818454e-65,1.0,0.02,1e-07,249999999999.99997,2499.9999999999995,structural_zero,True,"both the generated value and the reference lie below 2.500e+03, which is 1e-08 of the magnitude an order-3 derivative has in this problem (2.500000e+11, from the contract's stress scale 250 and strain scale 0.001), so this is a zero of that family; the generated value is 0.000e+00"
1,elastic,4,3,1|1|2,2,0.0,0.0,0.0,0.0,0.02,1e-07,249999999999.99997,2499.9999999999995,structural_zero,True,"both the generated value and the reference lie below 2.500e+03, which is 1e-08 of the magnitude an order-3 derivative has in this problem (2.500000e+11, from the contract's stress scale 250 and strain scale 0.001), so this is a zero of that family; the generated value is 0.000e+00"
1,elastic,5,3,1|1|2,2,0.0,0.0,0.0,0.0,0.02,1e-07,249999999999.99997,2499.9999999999995,structural_zero,True,"both the generated value and the reference lie below 2.500e+03, which is 1e-08 of the magnitude an order-3 derivative has in this problem (2.500000e+11, from the contract's stress scale 250 and strain scale 0.001), so this is a zero of that family; the generated value is 0.000e+00"
1,elastic,6,3,1|1|2,2,0.0,0.0,0.0,0.0,0.02,1e-07,249999999999.99997,2499.9999999999995,structural_zero,True,"both the generated value and the reference lie below 2.500e+03, which is 1e-08 of the magnitude an order-3 derivative has in this problem (2.500000e+11, from the contract's stress scale 250 and strain scale 0.001), so this is a zero of that family; the generated value is 0.000e+00"
1,elastic,1,4,1|1|1|1,24,0.0,-3.2865299436204155e-60,3.2865299436204155e-60,1.0,0.1,1e-07,249999999999999.97,2499999.9999999995,structural_zero,True,"both the generated value and the reference lie below 2.500e+06, which is 1e-08 of the magnitude an order-4 derivative has in this problem (2.500000e+14, from the contract's stress scale 250 and strain scale 0.001), so this is a zero of that family; the generated value is 0.000e+00"
1,elastic,2,4,1|1|1|1,24,0.0,2.1391615017647675e-60,2.1391615017647675e-60,1.0,0.1,1e-07,249999999999999.97,2499999.9999999995,structural_zero,True,"both the generated value and the reference lie below 2.500e+06, which is 1e-08 of the magnitude an order-4 derivative has in this problem (2.500000e+14, from the contract's stress scale 250 and strain scale 0.001), so this is a zero of that family; the generated value is 0.000e+00"
1,elastic,3,4,1|1|1|1,24,0.0,2.1391615017647675e-60,2.1391615017647675e-60,1.0,0.1,1e-07,249999999999999.97,2499999.9999999995,structural_zero,True,"both the generated value and the reference lie below 2.500e+06, which is 1e-08 of the magnitude an order-4 derivative has in this problem (2.500000e+14, from the contract's stress scale 250 and strain scale 0.001), so this is a zero of that family; the generated value is 0.000e+00"
1,elastic,4,4,1|1|1|1,24,0.0,0.0,0.0,0.0,0.1,1e-07,249999999999999.97,2499999.9999999995,structural_zero,True,"both the generated value and the reference lie below 2.500e+06, which is 1e-08 of the magnitude an order-4 derivative has in this problem (2.500000e+14, from the contract's stress scale 250 and strain scale 0.001), so this is a zero of that family; the generated value is 0.000e+00"
1,elastic,5,4,1|1|1|1,24,0.0,0.0,0.0,0.0,0.1,1e-07,249999999999999.97,2499999.9999999995,structural_zero,True,"both the generated value and the reference lie below 2.500e+06, which is 1e-08 of the magnitude an order-4 derivative has in this problem (2.500000e+14, from the contract's stress scale 250 and strain scale 0.001), so this is a zero of that family; the generated value is 0.000e+00"
1,elastic,6,4,1|1|1|1,24,0.0,0.0,0.0,0.0,0.1,1e-07,249999999999999.97,2499999.9999999995,structural_zero,True,"both the generated value and the reference lie below 2.500e+06, which is 1e-08 of the magnitude an order-4 derivative has in this problem (2.500000e+14, from the contract's stress scale 250 and strain scale 0.001), so this is a zero of that family; the generated value is 0.000e+00"
1,elastic,1,4,1|1|2|2,4,0.0,-1.0269720019044167e-59,1.0269720019044167e-59,1.0,0.1,1e-07,249999999999999.97,2499999.9999999995,structural_zero,True,"both the generated value and the reference lie below 2.500e+06, which is 1e-08 of the magnitude an order-4 derivative has in this problem (2.500000e+14, from the contract's stress scale 250 and strain scale 0.001), so this is a zero of that family; the generated value is 0.000e+00"
1,elastic,2,4,1|1|2|2,4,0.0,-2.801377648570183e-60,2.801377648570183e-60,1.0,0.1,1e-07,249999999999999.97,2499999.9999999995,structural_zero,True,"both the generated value and the reference lie below 2.500e+06, which is 1e-08 of the magnitude an order-4 derivative has in this problem (2.500000e+14, from the contract's stress scale 250 and strain scale 0.001), so this is a zero of that family; the generated value is 0.000e+00"
1,elastic,3,4,1|1|2|2,4,0.0,-2.1679639326295934e-60,2.1679639326295934e-60,1.0,0.1,1e-07,249999999999999.97,2499999.9999999995,structural_zero,True,"both the generated value and the reference lie below 2.500e+06, which is 1e-08 of the magnitude an order-4 derivative has in this problem (2.500000e+14, from the contract's stress scale 250 and strain scale 0.001), so this is a zero of that family; the generated value is 0.000e+00"
1,elastic,4,4,1|1|2|2,4,0.0,0.0,0.0,0.0,0.1,1e-07,249999999999999.97,2499999.9999999995,structural_zero,True,"both the generated value and the reference lie below 2.500e+06, which is 1e-08 of the magnitude an order-4 derivative has in this problem (2.500000e+14, from the contract's stress scale 250 and strain scale 0.001), so this is a zero of that family; the generated value is 0.000e+00"
1,elastic,5,4,1|1|2|2,4,0.0,0.0,0.0,0.0,0.1,1e-07,249999999999999.97,2499999.9999999995,structural_zero,True,"both the generated value and the reference lie below 2.500e+06, which is 1e-08 of the magnitude an order-4 derivative has in this problem (2.500000e+14, from the contract's stress scale 250 and strain scale 0.001), so this is a zero of that family; the generated value is 0.000e+00"
1,elastic,6,4,1|1|2|2,4,0.0,0.0,0.0,0.0,0.1,1e-07,249999999999999.97,2499999.9999999995,structural_zero,True,"both the generated value and the reference lie below 2.500e+06, which is 1e-08 of the magnitude an order-4 derivative has in this problem (2.500000e+14, from the contract's stress scale 250 and strain scale 0.001), so this is a zero of that family; the generated value is 0.000e+00"
2,elastic,1,2,1|1,2,0.0,-1.7884966180682757e-69,1.7884966180682757e-69,1.0,1e-05,1e-07,250000000.0,2.5,structural_zero,True,"both the generated value and the reference lie below 2.500e+00, which is 1e-08 of the magnitude an order-2 derivative has in this problem (2.500000e+08, from the contract's stress scale 250 and strain scale 0.001), so this is a zero of that family; the generated value is 0.000e+00"
2,elastic,2,2,1|1,2,0.0,-3.33928166031735e-70,3.33928166031735e-70,1.0,1e-05,1e-07,250000000.0,2.5,structural_zero,True,"both the generated value and the reference lie below 2.500e+00, which is 1e-08 of the magnitude an order-2 derivative has in this problem (2.500000e+08, from the contract's stress scale 250 and strain scale 0.001), so this is a zero of that family; the generated value is 0.000e+00"
2,elastic,3,2,1|1,2,0.0,-3.33928166031735e-70,3.33928166031735e-70,1.0,1e-05,1e-07,250000000.0,2.5,structural_zero,True,"both the generated value and the reference lie below 2.500e+00, which is 1e-08 of the magnitude an order-2 derivative has in this problem (2.500000e+08, from the contract's stress scale 250 and strain scale 0.001), so this is a zero of that family; the generated value is 0.000e+00"
2,elastic,4,2,1|1,2,0.0,0.0,0.0,0.0,1e-05,1e-07,250000000.0,2.5,structural_zero,True,"both the generated value and the reference lie below 2.500e+00, which is 1e-08 of the magnitude an order-2 derivative has in this problem (2.500000e+08, from the contract's stress scale 250 and strain scale 0.001), so this is a zero of that family; the generated value is 0.000e+00"
2,elastic,5,2,1|1,2,0.0,0.0,0.0,0.0,1e-05,1e-07,250000000.0,2.5,structural_zero,True,"both the generated value and the reference lie below 2.500e+00, which is 1e-08 of the magnitude an order-2 derivative has in this problem (2.500000e+08, from the contract's stress scale 250 and strain scale 0.001), so this is a zero of that family; the generated value is 0.000e+00"
2,elastic,6,2,1|1,2,0.0,0.0,0.0,0.0,1e-05,1e-07,250000000.0,2.5,structural_zero,True,"both the generated value and the reference lie below 2.500e+00, which is 1e-08 of the magnitude an order-2 derivative has in this problem (2.500000e+08, from the contract's stress scale 250 and strain scale 0.001), so this is a zero of that family; the generated value is 0.000e+00"
2,elastic,1,2,1|2,1,0.0,6.3044859524370735e-71,6.3044859524370735e-71,1.0,1e-05,1e-07,250000000.0,2.5,structural_zero,True,"both the generated value and the reference lie below 2.500e+00, which is 1e-08 of the magnitude an order-2 derivative has in this problem (2.500000e+08, from the contract's stress scale 250 and strain scale 0.001), so this is a zero of that family; the generated value is 0.000e+00"
2,elastic,2,2,1|2,1,0.0,-4.023763653189604e-71,4.023763653189604e-71,1.0,1e-05,1e-07,250000000.0,2.5,structural_zero,True,"both the generated value and the reference lie below 2.500e+00, which is 1e-08 of the magnitude an order-2 derivative has in this problem (2.500000e+08, from the contract's stress scale 250 and strain scale 0.001), so this is a zero of that family; the generated value is 0.000e+00"
2,elastic,3,2,1|2,1,0.0,-7.0681167028830565e-71,7.0681167028830565e-71,1.0,1e-05,1e-07,250000000.0,2.5,structural_zero,True,"both the generated value and the reference lie below 2.500e+00, which is 1e-08 of the magnitude an order-2 derivative has in this problem (2.500000e+08, from the contract's stress scale 250 and strain scale 0.001), so this is a zero of that family; the generated value is 0.000e+00"
2,elastic,4,2,1|2,1,0.0,0.0,0.0,0.0,1e-05,1e-07,250000000.0,2.5,structural_zero,True,"both the generated value and the reference lie below 2.500e+00, which is 1e-08 of the magnitude an order-2 derivative has in this problem (2.500000e+08, from the contract's stress scale 250 and strain scale 0.001), so this is a zero of that family; the generated value is 0.000e+00"
2,elastic,5,2,1|2,1,0.0,0.0,0.0,0.0,1e-05,1e-07,250000000.0,2.5,structural_zero,True,"both the generated value and the reference lie below 2.500e+00, which is 1e-08 of the magnitude an order-2 derivative has in this problem (2.500000e+08, from the contract's stress scale 250 and strain scale 0.001), so this is a zero of that family; the generated value is 0.000e+00"
2,elastic,6,2,1|2,1,0.0,0.0,0.0,0.0,1e-05,1e-07,250000000.0,2.5,structural_zero,True,"both the generated value and the reference lie below 2.500e+00, which is 1e-08 of the magnitude an order-2 derivative has in this problem (2.500000e+08, from the contract's stress scale 250 and strain scale 0.001), so this is a zero of that family; the generated value is 0.000e+00"
2,elastic,1,3,1|1|1,6,0.0,3.3234487110159296e-65,3.3234487110159296e-65,1.0,0.02,1e-07,249999999999.99997,2499.9999999999995,structural_zero,True,"both the generated value and the reference lie below 2.500e+03, which is 1e-08 of the magnitude an order-3 derivative has in this problem (2.500000e+11, from the contract's stress scale 250 and strain scale 0.001), so this is a zero of that family; the generated value is 0.000e+00"
2,elastic,2,3,1|1|1,6,0.0,3.531164255454425e-65,3.531164255454425e-65,1.0,0.02,1e-07,249999999999.99997,2499.9999999999995,structural_zero,True,"both the generated value and the reference lie below 2.500e+03, which is 1e-08 of the magnitude an order-3 derivative has in this problem (2.500000e+11, from the contract's stress scale 250 and strain scale 0.001), so this is a zero of that family; the generated value is 0.000e+00"
2,elastic,3,3,1|1|1,6,0.0,3.531164255454425e-65,3.531164255454425e-65,1.0,0.02,1e-07,249999999999.99997,2499.9999999999995,structural_zero,True,"both the generated value and the reference lie below 2.500e+03, which is 1e-08 of the magnitude an order-3 derivative has in this problem (2.500000e+11, from the contract's stress scale 250 and strain scale 0.001), so this is a zero of that family; the generated value is 0.000e+00"
2,elastic,4,3,1|1|1,6,0.0,0.0,0.0,0.0,0.02,1e-07,249999999999.99997,2499.9999999999995,structural_zero,True,"both the generated value and the reference lie below 2.500e+03, which is 1e-08 of the magnitude an order-3 derivative has in this problem (2.500000e+11, from the contract's stress scale 250 and strain scale 0.001), so this is a zero of that family; the generated value is 0.000e+00"
2,elastic,5,3,1|1|1,6,0.0,0.0,0.0,0.0,0.02,1e-07,249999999999.99997,2499.9999999999995,structural_zero,True,"both the generated value and the reference lie below 2.500e+03, which is 1e-08 of the magnitude an order-3 derivative has in this problem (2.500000e+11, from the contract's stress scale 250 and strain scale 0.001), so this is a zero of that family; the generated value is 0.000e+00"
2,elastic,6,3,1|1|1,6,0.0,0.0,0.0,0.0,0.02,1e-07,249999999999.99997,2499.9999999999995,structural_zero,True,"both the generated value and the reference lie below 2.500e+03, which is 1e-08 of the magnitude an order-3 derivative has in this problem (2.500000e+11, from the contract's stress scale 250 and strain scale 0.001), so this is a zero of that family; the generated value is 0.000e+00"
2,elastic,1,3,1|1|2,2,0.0,2.713226342881744e-66,2.713226342881744e-66,1.0,0.02,1e-07,249999999999.99997,2499.9999999999995,structural_zero,True,"both the generated value and the reference lie below 2.500e+03, which is 1e-08 of the magnitude an order-3 derivative has in this problem (2.500000e+11, from the contract's stress scale 250 and strain scale 0.001), so this is a zero of that family; the generated value is 0.000e+00"
2,elastic,2,3,1|1|2,2,0.0,-3.1291355716140975e-65,3.1291355716140975e-65,1.0,0.02,1e-07,249999999999.99997,2499.9999999999995,structural_zero,True,"both the generated value and the reference lie below 2.500e+03, which is 1e-08 of the magnitude an order-3 derivative has in this problem (2.500000e+11, from the contract's stress scale 250 and strain scale 0.001), so this is a zero of that family; the generated value is 0.000e+00"
2,elastic,3,3,1|1|2,2,0.0,-1.1570187600002683e-65,1.1570187600002683e-65,1.0,0.02,1e-07,249999999999.99997,2499.9999999999995,structural_zero,True,"both the generated value and the reference lie below 2.500e+03, which is 1e-08 of the magnitude an order-3 derivative has in this problem (2.500000e+11, from the contract's stress scale 250 and strain scale 0.001), so this is a zero of that family; the generated value is 0.000e+00"
2,elastic,4,3,1|1|2,2,0.0,0.0,0.0,0.0,0.02,1e-07,249999999999.99997,2499.9999999999995,structural_zero,True,"both the generated value and the reference lie below 2.500e+03, which is 1e-08 of the magnitude an order-3 derivative has in this problem (2.500000e+11, from the contract's stress scale 250 and strain scale 0.001), so this is a zero of that family; the generated value is 0.000e+00"
2,elastic,5,3,1|1|2,2,0.0,0.0,0.0,0.0,0.02,1e-07,249999999999.99997,2499.9999999999995,structural_zero,True,"both the generated value and the reference lie below 2.500e+03, which is 1e-08 of the magnitude an order-3 derivative has in this problem (2.500000e+11, from the contract's stress scale 250 and strain scale 0.001), so this is a zero of that family; the generated value is 0.000e+00"
2,elastic,6,3,1|1|2,2,0.0,0.0,0.0,0.0,0.02,1e-07,249999999999.99997,2499.9999999999995,structural_zero,True,"both the generated value and the reference lie below 2.500e+03, which is 1e-08 of the magnitude an order-3 derivative has in this problem (2.500000e+11, from the contract's stress scale 250 and strain scale 0.001), so this is a zero of that family; the generated value is 0.000e+00"
2,elastic,1,4,1|1|1|1,24,0.0,2.294736883711296e-59,2.294736883711296e-59,1.0,0.1,1e-07,249999999999999.97,2499999.9999999995,structural_zero,True,"both the generated value and the reference lie below 2.500e+06, which is 1e-08 of the magnitude an order-4 derivative has in this problem (2.500000e+14, from the contract's stress scale 250 and strain scale 0.001), so this is a zero of that family; the generated value is 0.000e+00"
2,elastic,2,4,1|1|1|1,24,0.0,1.9446922743316068e-61,1.9446922743316068e-61,1.0,0.1,1e-07,249999999999999.97,2499999.9999999995,structural_zero,True,"both the generated value and the reference lie below 2.500e+06, which is 1e-08 of the magnitude an order-4 derivative has in this problem (2.500000e+14, from the contract's stress scale 250 and strain scale 0.001), so this is a zero of that family; the generated value is 0.000e+00"
2,elastic,3,4,1|1|1|1,24,0.0,1.9446922743316068e-61,1.9446922743316068e-61,1.0,0.1,1e-07,249999999999999.97,2499999.9999999995,structural_zero,True,"both the generated value and the reference lie below 2.500e+06, which is 1e-08 of the magnitude an order-4 derivative has in this problem (2.500000e+14, from the contract's stress scale 250 and strain scale 0.001), so this is a zero of that family; the generated value is 0.000e+00"
2,elastic,4,4,1|1|1|1,24,0.0,0.0,0.0,0.0,0.1,1e-07,249999999999999.97,2499999.9999999995,structural_zero,True,"both the generated value and the reference lie below 2.500e+06, which is 1e-08 of the magnitude an order-4 derivative has in this problem (2.500000e+14, from the contract's stress scale 250 and strain scale 0.001), so this is a zero of that family; the generated value is 0.000e+00"
2,elastic,5,4,1|1|1|1,24,0.0,0.0,0.0,0.0,0.1,1e-07,249999999999999.97,2499999.9999999995,structural_zero,True,"both the generated value and the reference lie below 2.500e+06, which is 1e-08 of the magnitude an order-4 derivative has in this problem (2.500000e+14, from the contract's stress scale 250 and strain scale 0.001), so this is a zero of that family; the generated value is 0.000e+00"
2,elastic,6,4,1|1|1|1,24,0.0,0.0,0.0,0.0,0.1,1e-07,249999999999999.97,2499999.9999999995,structural_zero,True,"both the generated value and the reference lie below 2.500e+06, which is 1e-08 of the magnitude an order-4 derivative has in this problem (2.500000e+14, from the contract's stress scale 250 and strain scale 0.001), so this is a zero of that family; the generated value is 0.000e+00"
2,elastic,1,4,1|1|2|2,4,0.0,-8.647670519469923e-60,8.647670519469923e-60,1.0,0.1,1e-07,249999999999999.97,2499999.9999999995,structural_zero,True,"both the generated value and the reference lie below 2.500e+06, which is 1e-08 of the magnitude an order-4 derivative has in this problem (2.500000e+14, from the contract's stress scale 250 and strain scale 0.001), so this is a zero of that family; the generated value is 0.000e+00"
2,elastic,2,4,1|1|2|2,4,0.0,-3.3020480752089234e-60,3.3020480752089234e-60,1.0,0.1,1e-07,249999999999999.97,2499999.9999999995,structural_zero,True,"both the generated value and the reference lie below 2.500e+06, which is 1e-08 of the magnitude an order-4 derivative has in this problem (2.500000e+14, from the contract's stress scale 250 and strain scale 0.001), so this is a zero of that family; the generated value is 0.000e+00"
2,elastic,3,4,1|1|2|2,4,0.0,-1.33822935354542e-60,1.33822935354542e-60,1.0,0.1,1e-07,249999999999999.97,2499999.9999999995,structural_zero,True,"both the generated value and the reference lie below 2.500e+06, which is 1e-08 of the magnitude an order-4 derivative has in this problem (2.500000e+14, from the contract's stress scale 250 and strain scale 0.001), so this is a zero of that family; the generated value is 0.000e+00"
2,elastic,4,4,1|1|2|2,4,0.0,0.0,0.0,0.0,0.1,1e-07,249999999999999.97,2499999.9999999995,structural_zero,True,"both the generated value and the reference lie below 2.500e+06, which is 1e-08 of the magnitude an order-4 derivative has in this problem (2.500000e+14, from the contract's stress scale 250 and strain scale 0.001), so this is a zero of that family; the generated value is 0.000e+00"
2,elastic,5,4,1|1|2|2,4,0.0,0.0,0.0,0.0,0.1,1e-07,249999999999999.97,2499999.9999999995,structural_zero,True,"both the generated value and the reference lie below 2.500e+06, which is 1e-08 of the magnitude an order-4 derivative has in this problem (2.500000e+14, from the contract's stress scale 250 and strain scale 0.001), so this is a zero of that family; the generated value is 0.000e+00"
2,elastic,6,4,1|1|2|2,4,0.0,0.0,0.0,0.0,0.1,1e-07,249999999999999.97,2499999.9999999995,structural_zero,True,"both the generated value and the reference lie below 2.500e+06, which is 1e-08 of the magnitude an order-4 derivative has in this problem (2.500000e+14, from the contract's stress scale 250 and strain scale 0.001), so this is a zero of that family; the generated value is 0.000e+00"
3,elastic,1,2,1|1,2,0.0,-8.54629713064271e-70,8.54629713064271e-70,1.0,1e-05,1e-07,250000000.0,2.5,structural_zero,True,"both the generated value and the reference lie below 2.500e+00, which is 1e-08 of the magnitude an order-2 derivative has in this problem (2.500000e+08, from the contract's stress scale 250 and strain scale 0.001), so this is a zero of that family; the generated value is 0.000e+00"
3,elastic,2,2,1|1,2,0.0,-1.3413724635512068e-69,1.3413724635512068e-69,1.0,1e-05,1e-07,250000000.0,2.5,structural_zero,True,"both the generated value and the reference lie below 2.500e+00, which is 1e-08 of the magnitude an order-2 derivative has in this problem (2.500000e+08, from the contract's stress scale 250 and strain scale 0.001), so this is a zero of that family; the generated value is 0.000e+00"
3,elastic,3,2,1|1,2,0.0,-1.3413724635512068e-69,1.3413724635512068e-69,1.0,1e-05,1e-07,250000000.0,2.5,structural_zero,True,"both the generated value and the reference lie below 2.500e+00, which is 1e-08 of the magnitude an order-2 derivative has in this problem (2.500000e+08, from the contract's stress scale 250 and strain scale 0.001), so this is a zero of that family; the generated value is 0.000e+00"
3,elastic,4,2,1|1,2,0.0,0.0,0.0,0.0,1e-05,1e-07,250000000.0,2.5,structural_zero,True,"both the generated value and the reference lie below 2.500e+00, which is 1e-08 of the magnitude an order-2 derivative has in this problem (2.500000e+08, from the contract's stress scale 250 and strain scale 0.001), so this is a zero of that family; the generated value is 0.000e+00"
3,elastic,5,2,1|1,2,0.0,0.0,0.0,0.0,1e-05,1e-07,250000000.0,2.5,structural_zero,True,"both the generated value and the reference lie below 2.500e+00, which is 1e-08 of the magnitude an order-2 derivative has in this problem (2.500000e+08, from the contract's stress scale 250 and strain scale 0.001), so this is a zero of that family; the generated value is 0.000e+00"
3,elastic,6,2,1|1,2,0.0,0.0,0.0,0.0,1e-05,1e-07,250000000.0,2.5,structural_zero,True,"both the generated value and the reference lie below 2.500e+00, which is 1e-08 of the magnitude an order-2 derivative has in this problem (2.500000e+08, from the contract's stress scale 250 and strain scale 0.001), so this is a zero of that family; the generated value is 0.000e+00"
3,elastic,1,2,1|2,1,0.0,-3.326016505416725e-71,3.326016505416725e-71,1.0,1e-05,1e-07,250000000.0,2.5,structural_zero,True,"both the generated value and the reference lie below 2.500e+00, which is 1e-08 of the magnitude an order-2 derivative has in this problem (2.500000e+08, from the contract's stress scale 250 and strain scale 0.001), so this is a zero of that family; the generated value is 0.000e+00"
3,elastic,2,2,1|2,1,0.0,-3.6474754258418726e-71,3.6474754258418726e-71,1.0,1e-05,1e-07,250000000.0,2.5,structural_zero,True,"both the generated value and the reference lie below 2.500e+00, which is 1e-08 of the magnitude an order-2 derivative has in this problem (2.500000e+08, from the contract's stress scale 250 and strain scale 0.001), so this is a zero of that family; the generated value is 0.000e+00"
3,elastic,3,2,1|2,1,0.0,7.882155041951415e-71,7.882155041951415e-71,1.0,1e-05,1e-07,250000000.0,2.5,structural_zero,True,"both the generated value and the reference lie below 2.500e+00, which is 1e-08 of the magnitude an order-2 derivative has in this problem (2.500000e+08, from the contract's stress scale 250 and strain scale 0.001), so this is a zero of that family; the generated value is 0.000e+00"
3,elastic,4,2,1|2,1,0.0,0.0,0.0,0.0,1e-05,1e-07,250000000.0,2.5,structural_zero,True,"both the generated value and the reference lie below 2.500e+00, which is 1e-08 of the magnitude an order-2 derivative has in this problem (2.500000e+08, from the contract's stress scale 250 and strain scale 0.001), so this is a zero of that family; the generated value is 0.000e+00"
3,elastic,5,2,1|2,1,0.0,0.0,0.0,0.0,1e-05,1e-07,250000000.0,2.5,structural_zero,True,"both the generated value and the reference lie below 2.500e+00, which is 1e-08 of the magnitude an order-2 derivative has in this problem (2.500000e+08, from the contract's stress scale 250 and strain scale 0.001), so this is a zero of that family; the generated value is 0.000e+00"
3,elastic,6,2,1|2,1,0.0,0.0,0.0,0.0,1e-05,1e-07,250000000.0,2.5,structural_zero,True,"both the generated value and the reference lie below 2.500e+00, which is 1e-08 of the magnitude an order-2 derivative has in this problem (2.500000e+08, from the contract's stress scale 250 and strain scale 0.001), so this is a zero of that family; the generated value is 0.000e+00"
3,elastic,1,3,1|1|1,6,0.0,-6.053424437921872e-65,6.053424437921872e-65,1.0,0.02,1e-07,249999999999.99997,2499.9999999999995,structural_zero,True,"both the generated value and the reference lie below 2.500e+03, which is 1e-08 of the magnitude an order-3 derivative has in this problem (2.500000e+11, from the contract's stress scale 250 and strain scale 0.001), so this is a zero of that family; the generated value is 0.000e+00"
3,elastic,2,3,1|1|1,6,0.0,3.264101412604931e-65,3.264101412604931e-65,1.0,0.02,1e-07,249999999999.99997,2499.9999999999995,structural_zero,True,"both the generated value and the reference lie below 2.500e+03, which is 1e-08 of the magnitude an order-3 derivative has in this problem (2.500000e+11, from the contract's stress scale 250 and strain scale 0.001), so this is a zero of that family; the generated value is 0.000e+00"
3,elastic,3,3,1|1|1,6,0.0,3.264101412604931e-65,3.264101412604931e-65,1.0,0.02,1e-07,249999999999.99997,2499.9999999999995,structural_zero,True,"both the generated value and the reference lie below 2.500e+03, which is 1e-08 of the magnitude an order-3 derivative has in this problem (2.500000e+11, from the contract's stress scale 250 and strain scale 0.001), so this is a zero of that family; the generated value is 0.000e+00"
3,elastic,4,3,1|1|1,6,0.0,0.0,0.0,0.0,0.02,1e-07,249999999999.99997,2499.9999999999995,structural_zero,True,"both the generated value and the reference lie below 2.500e+03, which is 1e-08 of the magnitude an order-3 derivative has in this problem (2.500000e+11, from the contract's stress scale 250 and strain scale 0.001), so this is a zero of that family; the generated value is 0.000e+00"
3,elastic,5,3,1|1|1,6,0.0,0.0,0.0,0.0,0.02,1e-07,249999999999.99997,2499.9999999999995,structural_zero,True,"both the generated value and the reference lie below 2.500e+03, which is 1e-08 of the magnitude an order-3 derivative has in this problem (2.500000e+11, from the contract's stress scale 250 and strain scale 0.001), so this is a zero of that family; the generated value is 0.000e+00"
3,elastic,6,3,1|1|1,6,0.0,0.0,0.0,0.0,0.02,1e-07,249999999999.99997,2499.9999999999995,structural_zero,True,"both the generated value and the reference lie below 2.500e+03, which is 1e-08 of the magnitude an order-3 derivative has in this problem (2.500000e+11, from the contract's stress scale 250 and strain scale 0.001), so this is a zero of that family; the generated value is 0.000e+00"
3,elastic,1,3,1|1|2,2,0.0,1.3442974478936678e-66,1.3442974478936678e-66,1.0,0.02,1e-07,249999999999.99997,2499.9999999999995,structural_zero,True,"both the generated value and the reference lie below 2.500e+03, which is 1e-08 of the magnitude an order-3 derivative has in this problem (2.500000e+11, from the contract's stress scale 250 and strain scale 0.001), so this is a zero of that family; the generated value is 0.000e+00"
3,elastic,2,3,1|1|2,2,0.0,7.047795957123149e-65,7.047795957123149e-65,1.0,0.02,1e-07,249999999999.99997,2499.9999999999995,structural_zero,True,"both the generated value and the reference lie below 2.500e+03, which is 1e-08 of the magnitude an order-3 derivative has in this problem (2.500000e+11, from the contract's stress scale 250 and strain scale 0.001), so this is a zero of that family; the generated value is 0.000e+00"
3,elastic,3,3,1|1|2,2,0.0,1.347992164957829e-65,1.347992164957829e-65,1.0,0.02,1e-07,249999999999.99997,2499.9999999999995,structural_zero,True,"both the generated value and the reference lie below 2.500e+03, which is 1e-08 of the magnitude an order-3 derivative has in this problem (2.500000e+11, from the contract's stress scale 250 and strain scale 0.001), so this is a zero of that family; the generated value is 0.000e+00"
3,elastic,4,3,1|1|2,2,0.0,0.0,0.0,0.0,0.02,1e-07,249999999999.99997,2499.9999999999995,structural_zero,True,"both the generated value and the reference lie below 2.500e+03, which is 1e-08 of the magnitude an order-3 derivative has in this problem (2.500000e+11, from the contract's stress scale 250 and strain scale 0.001), so this is a zero of that family; the generated value is 0.000e+00"
3,elastic,5,3,1|1|2,2,0.0,0.0,0.0,0.0,0.02,1e-07,249999999999.99997,2499.9999999999995,structural_zero,True,"both the generated value and the reference lie below 2.500e+03, which is 1e-08 of the magnitude an order-3 derivative has in this problem (2.500000e+11, from the contract's stress scale 250 and strain scale 0.001), so this is a zero of that family; the generated value is 0.000e+00"
3,elastic,6,3,1|1|2,2,0.0,0.0,0.0,0.0,0.02,1e-07,249999999999.99997,2499.9999999999995,structural_zero,True,"both the generated value and the reference lie below 2.500e+03, which is 1e-08 of the magnitude an order-3 derivative has in this problem (2.500000e+11, from the contract's stress scale 250 and strain scale 0.001), so this is a zero of that family; the generated value is 0.000e+00"
3,elastic,1,4,1|1|1|1,24,0.0,3.204852868098488e-59,3.204852868098488e-59,1.0,0.1,1e-07,249999999999999.97,2499999.9999999995,structural_zero,True,"both the generated value and the reference lie below 2.500e+06, which is 1e-08 of the magnitude an order-4 derivative has in this problem (2.500000e+14, from the contract's stress scale 250 and strain scale 0.001), so this is a zero of that family; the generated value is 0.000e+00"
3,elastic,2,4,1|1|1|1,24,0.0,4.4338983854760635e-60,4.4338983854760635e-60,1.0,0.1,1e-07,249999999999999.97,2499999.9999999995,structural_zero,True,"both the generated value and the reference lie below 2.500e+06, which is 1e-08 of the magnitude an order-4 derivative has in this problem (2.500000e+14, from the contract's stress scale 250 and strain scale 0.001), so this is a zero of that family; the generated value is 0.000e+00"
3,elastic,3,4,1|1|1|1,24,0.0,4.4338983854760635e-60,4.4338983854760635e-60,1.0,0.1,1e-07,249999999999999.97,2499999.9999999995,structural_zero,True,"both the generated value and the reference lie below 2.500e+06, which is 1e-08 of the magnitude an order-4 derivative has in this problem (2.500000e+14, from the contract's stress scale 250 and strain scale 0.001), so this is a zero of that family; the generated value is 0.000e+00"
3,elastic,4,4,1|1|1|1,24,0.0,0.0,0.0,0.0,0.1,1e-07,249999999999999.97,2499999.9999999995,structural_zero,True,"both the generated value and the reference lie below 2.500e+06, which is 1e-08 of the magnitude an order-4 derivative has in this problem (2.500000e+14, from the contract's stress scale 250 and strain scale 0.001), so this is a zero of that family; the generated value is 0.000e+00"
3,elastic,5,4,1|1|1|1,24,0.0,0.0,0.0,0.0,0.1,1e-07,249999999999999.97,2499999.9999999995,structural_zero,True,"both the generated value and the reference lie below 2.500e+06, which is 1e-08 of the magnitude an order-4 derivative has in this problem (2.500000e+14, from the contract's stress scale 250 and strain scale 0.001), so this is a zero of that family; the generated value is 0.000e+00"
3,elastic,6,4,1|1|1|1,24,0.0,0.0,0.0,0.0,0.1,1e-07,249999999999999.97,2499999.9999999995,structural_zero,True,"both the generated value and the reference lie below 2.500e+06, which is 1e-08 of the magnitude an order-4 derivative has in this problem (2.500000e+14, from the contract's stress scale 250 and strain scale 0.001), so this is a zero of that family; the generated value is 0.000e+00"
3,elastic,1,4,1|1|2|2,4,0.0,-2.9863902400853414e-59,2.9863902400853414e-59,1.0,0.1,1e-07,249999999999999.97,2499999.9999999995,structural_zero,True,"both the generated value and the reference lie below 2.500e+06, which is 1e-08 of the magnitude an order-4 derivative has in this problem (2.500000e+14, from the contract's stress scale 250 and strain scale 0.001), so this is a zero of that family; the generated value is 0.000e+00"
3,elastic,2,4,1|1|2|2,4,0.0,-5.064019513300811e-60,5.064019513300811e-60,1.0,0.1,1e-07,249999999999999.97,2499999.9999999995,structural_zero,True,"both the generated value and the reference lie below 2.500e+06, which is 1e-08 of the magnitude an order-4 derivative has in this problem (2.500000e+14, from the contract's stress scale 250 and strain scale 0.001), so this is a zero of that family; the generated value is 0.000e+00"
3,elastic,3,4,1|1|2|2,4,0.0,-8.401614246365986e-60,8.401614246365986e-60,1.0,0.1,1e-07,249999999999999.97,2499999.9999999995,structural_zero,True,"both the generated value and the reference lie below 2.500e+06, which is 1e-08 of the magnitude an order-4 derivative has in this problem (2.500000e+14, from the contract's stress scale 250 and strain scale 0.001), so this is a zero of that family; the generated value is 0.000e+00"
3,elastic,4,4,1|1|2|2,4,0.0,0.0,0.0,0.0,0.1,1e-07,249999999999999.97,2499999.9999999995,structural_zero,True,"both the generated value and the reference lie below 2.500e+06, which is 1e-08 of the magnitude an order-4 derivative has in this problem (2.500000e+14, from the contract's stress scale 250 and strain scale 0.001), so this is a zero of that family; the generated value is 0.000e+00"
3,elastic,5,4,1|1|2|2,4,0.0,0.0,0.0,0.0,0.1,1e-07,249999999999999.97,2499999.9999999995,structural_zero,True,"both the generated value and the reference lie below 2.500e+06, which is 1e-08 of the magnitude an order-4 derivative has in this problem (2.500000e+14, from the contract's stress scale 250 and strain scale 0.001), so this is a zero of that family; the generated value is 0.000e+00"
3,elastic,6,4,1|1|2|2,4,0.0,0.0,0.0,0.0,0.1,1e-07,249999999999999.97,2499999.9999999995,structural_zero,True,"both the generated value and the reference lie below 2.500e+06, which is 1e-08 of the magnitude an order-4 derivative has in this problem (2.500000e+14, from the contract's stress scale 250 and strain scale 0.001), so this is a zero of that family; the generated value is 0.000e+00"
4,elastic,1,2,1|1,2,0.0,-2.5491736606897195e-69,2.5491736606897195e-69,1.0,1e-05,1e-07,250000000.0,2.5,structural_zero,True,"both the generated value and the reference lie below 2.500e+00, which is 1e-08 of the magnitude an order-2 derivative has in this problem (2.500000e+08, from the contract's stress scale 250 and strain scale 0.001), so this is a zero of that family; the generated value is 0.000e+00"
4,elastic,2,2,1|1,2,0.0,-3.712828422318952e-70,3.712828422318952e-70,1.0,1e-05,1e-07,250000000.0,2.5,structural_zero,True,"both the generated value and the reference lie below 2.500e+00, which is 1e-08 of the magnitude an order-2 derivative has in this problem (2.500000e+08, from the contract's stress scale 250 and strain scale 0.001), so this is a zero of that family; the generated value is 0.000e+00"
4,elastic,3,2,1|1,2,0.0,-3.712828422318952e-70,3.712828422318952e-70,1.0,1e-05,1e-07,250000000.0,2.5,structural_zero,True,"both the generated value and the reference lie below 2.500e+00, which is 1e-08 of the magnitude an order-2 derivative has in this problem (2.500000e+08, from the contract's stress scale 250 and strain scale 0.001), so this is a zero of that family; the generated value is 0.000e+00"
4,elastic,4,2,1|1,2,0.0,0.0,0.0,0.0,1e-05,1e-07,250000000.0,2.5,structural_zero,True,"both the generated value and the reference lie below 2.500e+00, which is 1e-08 of the magnitude an order-2 derivative has in this problem (2.500000e+08, from the contract's stress scale 250 and strain scale 0.001), so this is a zero of that family; the generated value is 0.000e+00"
4,elastic,5,2,1|1,2,0.0,0.0,0.0,0.0,1e-05,1e-07,250000000.0,2.5,structural_zero,True,"both the generated value and the reference lie below 2.500e+00, which is 1e-08 of the magnitude an order-2 derivative has in this problem (2.500000e+08, from the contract's stress scale 250 and strain scale 0.001), so this is a zero of that family; the generated value is 0.000e+00"
4,elastic,6,2,1|1,2,0.0,0.0,0.0,0.0,1e-05,1e-07,250000000.0,2.5,structural_zero,True,"both the generated value and the reference lie below 2.500e+00, which is 1e-08 of the magnitude an order-2 derivative has in this problem (2.500000e+08, from the contract's stress scale 250 and strain scale 0.001), so this is a zero of that family; the generated value is 0.000e+00"
4,elastic,1,2,1|2,1,0.0,4.987521373903017e-70,4.987521373903017e-70,1.0,1e-05,1e-07,250000000.0,2.5,structural_zero,True,"both the generated value and the reference lie below 2.500e+00, which is 1e-08 of the magnitude an order-2 derivative has in this problem (2.500000e+08, from the contract's stress scale 250 and strain scale 0.001), so this is a zero of that family; the generated value is 0.000e+00"
4,elastic,2,2,1|2,1,0.0,-3.395791220194013e-70,3.395791220194013e-70,1.0,1e-05,1e-07,250000000.0,2.5,structural_zero,True,"both the generated value and the reference lie below 2.500e+00, which is 1e-08 of the magnitude an order-2 derivative has in this problem (2.500000e+08, from the contract's stress scale 250 and strain scale 0.001), so this is a zero of that family; the generated value is 0.000e+00"
4,elastic,3,2,1|2,1,0.0,1.934148018877139e-70,1.934148018877139e-70,1.0,1e-05,1e-07,250000000.0,2.5,structural_zero,True,"both the generated value and the reference lie below 2.500e+00, which is 1e-08 of the magnitude an order-2 derivative has in this problem (2.500000e+08, from the contract's stress scale 250 and strain scale 0.001), so this is a zero of that family; the generated value is 0.000e+00"
4,elastic,4,2,1|2,1,0.0,0.0,0.0,0.0,1e-05,1e-07,250000000.0,2.5,structural_zero,True,"both the generated value and the reference lie below 2.500e+00, which is 1e-08 of the magnitude an order-2 derivative has in this problem (2.500000e+08, from the contract's stress scale 250 and strain scale 0.001), so this is a zero of that family; the generated value is 0.000e+00"
4,elastic,5,2,1|2,1,0.0,0.0,0.0,0.0,1e-05,1e-07,250000000.0,2.5,structural_zero,True,"both the generated value and the reference lie below 2.500e+00, which is 1e-08 of the magnitude an order-2 derivative has in this problem (2.500000e+08, from the contract's stress scale 250 and strain scale 0.001), so this is a zero of that family; the generated value is 0.000e+00"
4,elastic,6,2,1|2,1,0.0,0.0,0.0,0.0,1e-05,1e-07,250000000.0,2.5,structural_zero,True,"both the generated value and the reference lie below 2.500e+00, which is 1e-08 of the magnitude an order-2 derivative has in this problem (2.500000e+08, from the contract's stress scale 250 and strain scale 0.001), so this is a zero of that family; the generated value is 0.000e+00"
4,elastic,1,3,1|1|1,6,0.0,-1.0563819117157776e-64,1.0563819117157776e-64,1.0,0.02,1e-07,249999999999.99997,2499.9999999999995,structural_zero,True,"both the generated value and the reference lie below 2.500e+03, which is 1e-08 of the magnitude an order-3 derivative has in this problem (2.500000e+11, from the contract's stress scale 250 and strain scale 0.001), so this is a zero of that family; the generated value is 0.000e+00"
4,elastic,2,3,1|1|1,6,0.0,7.359065002963844e-65,7.359065002963844e-65,1.0,0.02,1e-07,249999999999.99997,2499.9999999999995,structural_zero,True,"both the generated value and the reference lie below 2.500e+03, which is 1e-08 of the magnitude an order-3 derivative has in this problem (2.500000e+11, from the contract's stress scale 250 and strain scale 0.001), so this is a zero of that family; the generated value is 0.000e+00"
4,elastic,3,3,1|1|1,6,0.0,7.359065002963844e-65,7.359065002963844e-65,1.0,0.02,1e-07,249999999999.99997,2499.9999999999995,structural_zero,True,"both the generated value and the reference lie below 2.500e+03, which is 1e-08 of the magnitude an order-3 derivative has in this problem (2.500000e+11, from the contract's stress scale 250 and strain scale 0.001), so this is a zero of that family; the generated value is 0.000e+00"
4,elastic,4,3,1|1|1,6,0.0,0.0,0.0,0.0,0.02,1e-07,249999999999.99997,2499.9999999999995,structural_zero,True,"both the generated value and the reference lie below 2.500e+03, which is 1e-08 of the magnitude an order-3 derivative has in this problem (2.500000e+11, from the contract's stress scale 250 and strain scale 0.001), so this is a zero of that family; the generated value is 0.000e+00"
4,elastic,5,3,1|1|1,6,0.0,0.0,0.0,0.0,0.02,1e-07,249999999999.99997,2499.9999999999995,structural_zero,True,"both the generated value and the reference lie below 2.500e+03, which is 1e-08 of the magnitude an order-3 derivative has in this problem (2.500000e+11, from the contract's stress scale 250 and strain scale 0.001), so this is a zero of that family; the generated value is 0.000e+00"
4,elastic,6,3,1|1|1,6,0.0,0.0,0.0,0.0,0.02,1e-07,249999999999.99997,2499.9999999999995,structural_zero,True,"both the generated value and the reference lie below 2.500e+03, which is 1e-08 of the magnitude an order-3 derivative has in this problem (2.500000e+11, from the contract's stress scale 250 and strain scale 0.001), so this is a zero of that family; the generated value is 0.000e+00"
4,elastic,1,3,1|1|2,2,0.0,1.4281023243607617e-64,1.4281023243607617e-64,1.0,0.02,1e-07,249999999999.99997,2499.9999999999995,structural_zero,True,"both the generated value and the reference lie below 2.500e+03, which is 1e-08 of the magnitude an order-3 derivative has in this problem (2.500000e+11, from the contract's stress scale 250 and strain scale 0.001), so this is a zero of that family; the generated value is 0.000e+00"
4,elastic,2,3,1|1|2,2,0.0,-5.630024351455513e-66,5.630024351455513e-66,1.0,0.02,1e-07,249999999999.99997,2499.9999999999995,structural_zero,True,"both the generated value and the reference lie below 2.500e+03, which is 1e-08 of the magnitude an order-3 derivative has in this problem (2.500000e+11, from the contract's stress scale 250 and strain scale 0.001), so this is a zero of that family; the generated value is 0.000e+00"
4,elastic,3,3,1|1|2,2,0.0,2.4118823213114435e-65,2.4118823213114435e-65,1.0,0.02,1e-07,249999999999.99997,2499.9999999999995,structural_zero,True,"both the generated value and the reference lie below 2.500e+03, which is 1e-08 of the magnitude an order-3 derivative has in this problem (2.500000e+11, from the contract's stress scale 250 and strain scale 0.001), so this is a zero of that family; the generated value is 0.000e+00"
4,elastic,4,3,1|1|2,2,0.0,0.0,0.0,0.0,0.02,1e-07,249999999999.99997,2499.9999999999995,structural_zero,True,"both the generated value and the reference lie below 2.500e+03, which is 1e-08 of the magnitude an order-3 derivative has in this problem (2.500000e+11, from the contract's stress scale 250 and strain scale 0.001), so this is a zero of that family; the generated value is 0.000e+00"
4,elastic,5,3,1|1|2,2,0.0,0.0,0.0,0.0,0.02,1e-07,249999999999.99997,2499.9999999999995,structural_zero,True,"both the generated value and the reference lie below 2.500e+03, which is 1e-08 of the magnitude an order-3 derivative has in this problem (2.500000e+11, from the contract's stress scale 250 and strain scale 0.001), so this is a zero of that family; the generated value is 0.000e+00"
4,elastic,6,3,1|1|2,2,0.0,0.0,0.0,0.0,0.02,1e-07,249999999999.99997,2499.9999999999995,structural_zero,True,"both the generated value and the reference lie below 2.500e+03, which is 1e-08 of the magnitude an order-3 derivative has in this problem (2.500000e+11, from the contract's stress scale 250 and strain scale 0.001), so this is a zero of that family; the generated value is 0.000e+00"
4,elastic,1,4,1|1|1|1,24,0.0,4.060517468804395e-59,4.060517468804395e-59,1.0,0.1,1e-07,249999999999999.97,2499999.9999999995,structural_zero,True,"both the generated value and the reference lie below 2.500e+06, which is 1e-08 of the magnitude an order-4 derivative has in this problem (2.500000e+14, from the contract's stress scale 250 and strain scale 0.001), so this is a zero of that family; the generated value is 0.000e+00"
4,elastic,2,4,1|1|1|1,24,0.0,-3.111507638930571e-61,3.111507638930571e-61,1.0,0.1,1e-07,249999999999999.97,2499999.9999999995,structural_zero,True,"both the generated value and the reference lie below 2.500e+06, which is 1e-08 of the magnitude an order-4 derivative has in this problem (2.500000e+14, from the contract's stress scale 250 and strain scale 0.001), so this is a zero of that family; the generated value is 0.000e+00"
4,elastic,3,4,1|1|1|1,24,0.0,-3.111507638930571e-61,3.111507638930571e-61,1.0,0.1,1e-07,249999999999999.97,2499999.9999999995,structural_zero,True,"both the generated value and the reference lie below 2.500e+06, which is 1e-08 of the magnitude an order-4 derivative has in this problem (2.500000e+14, from the contract's stress scale 250 and strain scale 0.001), so this is a zero of that family; the generated value is 0.000e+00"
4,elastic,4,4,1|1|1|1,24,0.0,0.0,0.0,0.0,0.1,1e-07,249999999999999.97,2499999.9999999995,structural_zero,True,"both the generated value and the reference lie below 2.500e+06, which is 1e-08 of the magnitude an order-4 derivative has in this problem (2.500000e+14, from the contract's stress scale 250 and strain scale 0.001), so this is a zero of that family; the generated value is 0.000e+00"
4,elastic,5,4,1|1|1|1,24,0.0,0.0,0.0,0.0,0.1,1e-07,249999999999999.97,2499999.9999999995,structural_zero,True,"both the generated value and the reference lie below 2.500e+06, which is 1e-08 of the magnitude an order-4 derivative has in this problem (2.500000e+14, from the contract's stress scale 250 and strain scale 0.001), so this is a zero of that family; the generated value is 0.000e+00"
4,elastic,6,4,1|1|1|1,24,0.0,0.0,0.0,0.0,0.1,1e-07,249999999999999.97,2499999.9999999995,structural_zero,True,"both the generated value and the reference lie below 2.500e+06, which is 1e-08 of the magnitude an order-4 derivative has in this problem (2.500000e+14, from the contract's stress scale 250 and strain scale 0.001), so this is a zero of that family; the generated value is 0.000e+00"
4,elastic,1,4,1|1|2|2,4,0.0,-3.414587170239732e-60,3.414587170239732e-60,1.0,0.1,1e-07,249999999999999.97,2499999.9999999995,structural_zero,True,"both the generated value and the reference lie below 2.500e+06, which is 1e-08 of the magnitude an order-4 derivative has in this problem (2.500000e+14, from the contract's stress scale 250 and strain scale 0.001), so this is a zero of that family; the generated value is 0.000e+00"
4,elastic,2,4,1|1|2|2,4,0.0,-8.446578133534095e-60,8.446578133534095e-60,1.0,0.1,1e-07,249999999999999.97,2499999.9999999995,structural_zero,True,"both the generated value and the reference lie below 2.500e+06, which is 1e-08 of the magnitude an order-4 derivative has in this problem (2.500000e+14, from the contract's stress scale 250 and strain scale 0.001), so this is a zero of that family; the generated value is 0.000e+00"
4,elastic,3,4,1|1|2|2,4,0.0,-8.991068231427581e-60,8.991068231427581e-60,1.0,0.1,1e-07,249999999999999.97,2499999.9999999995,structural_zero,True,"both the generated value and the reference lie below 2.500e+06, which is 1e-08 of the magnitude an order-4 derivative has in this problem (2.500000e+14, from the contract's stress scale 250 and strain scale 0.001), so this is a zero of that family; the generated value is 0.000e+00"
4,elastic,4,4,1|1|2|2,4,0.0,0.0,0.0,0.0,0.1,1e-07,249999999999999.97,2499999.9999999995,structural_zero,True,"both the generated value and the reference lie below 2.500e+06, which is 1e-08 of the magnitude an order-4 derivative has in this problem (2.500000e+14, from the contract's stress scale 250 and strain scale 0.001), so this is a zero of that family; the generated value is 0.000e+00"
4,elastic,5,4,1|1|2|2,4,0.0,0.0,0.0,0.0,0.1,1e-07,249999999999999.97,2499999.9999999995,structural_zero,True,"both the generated value and the reference lie below 2.500e+06, which is 1e-08 of the magnitude an order-4 derivative has in this problem (2.500000e+14, from the contract's stress scale 250 and strain scale 0.001), so this is a zero of that family; the generated value is 0.000e+00"
4,elastic,6,4,1|1|2|2,4,0.0,0.0,0.0,0.0,0.1,1e-07,249999999999999.97,2499999.9999999995,structural_zero,True,"both the generated value and the reference lie below 2.500e+06, which is 1e-08 of the magnitude an order-4 derivative has in this problem (2.500000e+14, from the contract's stress scale 250 and strain scale 0.001), so this is a zero of that family; the generated value is 0.000e+00"
5,elastic,1,2,1|1,2,0.0,-2.3386291221069985e-69,2.3386291221069985e-69,1.0,1e-05,1e-07,250000000.0,2.5,structural_zero,True,"both the generated value and the reference lie below 2.500e+00, which is 1e-08 of the magnitude an order-2 derivative has in this problem (2.500000e+08, from the contract's stress scale 250 and strain scale 0.001), so this is a zero of that family; the generated value is 0.000e+00"
5,elastic,2,2,1|1,2,0.0,7.629409623911505e-70,7.629409623911505e-70,1.0,1e-05,1e-07,250000000.0,2.5,structural_zero,True,"both the generated value and the reference lie below 2.500e+00, which is 1e-08 of the magnitude an order-2 derivative has in this problem (2.500000e+08, from the contract's stress scale 250 and strain scale 0.001), so this is a zero of that family; the generated value is 0.000e+00"
5,elastic,3,2,1|1,2,0.0,7.629409623911505e-70,7.629409623911505e-70,1.0,1e-05,1e-07,250000000.0,2.5,structural_zero,True,"both the generated value and the reference lie below 2.500e+00, which is 1e-08 of the magnitude an order-2 derivative has in this problem (2.500000e+08, from the contract's stress scale 250 and strain scale 0.001), so this is a zero of that family; the generated value is 0.000e+00"
5,elastic,4,2,1|1,2,0.0,0.0,0.0,0.0,1e-05,1e-07,250000000.0,2.5,structural_zero,True,"both the generated value and the reference lie below 2.500e+00, which is 1e-08 of the magnitude an order-2 derivative has in this problem (2.500000e+08, from the contract's stress scale 250 and strain scale 0.001), so this is a zero of that family; the generated value is 0.000e+00"
5,elastic,5,2,1|1,2,0.0,0.0,0.0,0.0,1e-05,1e-07,250000000.0,2.5,structural_zero,True,"both the generated value and the reference lie below 2.500e+00, which is 1e-08 of the magnitude an order-2 derivative has in this problem (2.500000e+08, from the contract's stress scale 250 and strain scale 0.001), so this is a zero of that family; the generated value is 0.000e+00"
5,elastic,6,2,1|1,2,0.0,0.0,0.0,0.0,1e-05,1e-07,250000000.0,2.5,structural_zero,True,"both the generated value and the reference lie below 2.500e+00, which is 1e-08 of the magnitude an order-2 derivative has in this problem (2.500000e+08, from the contract's stress scale 250 and strain scale 0.001), so this is a zero of that family; the generated value is 0.000e+00"
5,elastic,1,2,1|2,1,0.0,-9.019420988765004e-70,9.019420988765004e-70,1.0,1e-05,1e-07,250000000.0,2.5,structural_zero,True,"both the generated value and the reference lie below 2.500e+00, which is 1e-08 of the magnitude an order-2 derivative has in this problem (2.500000e+08, from the contract's stress scale 250 and strain scale 0.001), so this is a zero of that family; the generated value is 0.000e+00"
5,elastic,2,2,1|2,1,0.0,1.1304565006312682e-70,1.1304565006312682e-70,1.0,1e-05,1e-07,250000000.0,2.5,structural_zero,True,"both the generated value and the reference lie below 2.500e+00, which is 1e-08 of the magnitude an order-2 derivative has in this problem (2.500000e+08, from the contract's stress scale 250 and strain scale 0.001), so this is a zero of that family; the generated value is 0.000e+00"
5,elastic,3,2,1|2,1,0.0,-1.893468210515222e-70,1.893468210515222e-70,1.0,1e-05,1e-07,250000000.0,2.5,structural_zero,True,"both the generated value and the reference lie below 2.500e+00, which is 1e-08 of the magnitude an order-2 derivative has in this problem (2.500000e+08, from the contract's stress scale 250 and strain scale 0.001), so this is a zero of that family; the generated value is 0.000e+00"
5,elastic,4,2,1|2,1,0.0,0.0,0.0,0.0,1e-05,1e-07,250000000.0,2.5,structural_zero,True,"both the generated value and the reference lie below 2.500e+00, which is 1e-08 of the magnitude an order-2 derivative has in this problem (2.500000e+08, from the contract's stress scale 250 and strain scale 0.001), so this is a zero of that family; the generated value is 0.000e+00"
5,elastic,5,2,1|2,1,0.0,0.0,0.0,0.0,1e-05,1e-07,250000000.0,2.5,structural_zero,True,"both the generated value and the reference lie below 2.500e+00, which is 1e-08 of the magnitude an order-2 derivative has in this problem (2.500000e+08, from the contract's stress scale 250 and strain scale 0.001), so this is a zero of that family; the generated value is 0.000e+00"
5,elastic,6,2,1|2,1,0.0,0.0,0.0,0.0,1e-05,1e-07,250000000.0,2.5,structural_zero,True,"both the generated value and the reference lie below 2.500e+00, which is 1e-08 of the magnitude an order-2 derivative has in this problem (2.500000e+08, from the contract's stress scale 250 and strain scale 0.001), so this is a zero of that family; the generated value is 0.000e+00"
5,elastic,1,3,1|1|1,6,0.0,-7.833843390251834e-65,7.833843390251834e-65,1.0,0.02,1e-07,249999999999.99997,2499.9999999999995,structural_zero,True,"both the generated value and the reference lie below 2.500e+03, which is 1e-08 of the magnitude an order-3 derivative has in this problem (2.500000e+11, from the contract's stress scale 250 and strain scale 0.001), so this is a zero of that family; the generated value is 0.000e+00"
5,elastic,2,3,1|1|1,6,0.0,1.4243351618639698e-65,1.4243351618639698e-65,1.0,0.02,1e-07,249999999999.99997,2499.9999999999995,structural_zero,True,"both the generated value and the reference lie below 2.500e+03, which is 1e-08 of the magnitude an order-3 derivative has in this problem (2.500000e+11, from the contract's stress scale 250 and strain scale 0.001), so this is a zero of that family; the generated value is 0.000e+00"
5,elastic,3,3,1|1|1,6,0.0,1.4243351618639698e-65,1.4243351618639698e-65,1.0,0.02,1e-07,249999999999.99997,2499.9999999999995,structural_zero,True,"both the generated value and the reference lie below 2.500e+03, which is 1e-08 of the magnitude an order-3 derivative has in this problem (2.500000e+11, from the contract's stress scale 250 and strain scale 0.001), so this is a zero of that family; the generated value is 0.000e+00"
5,elastic,4,3,1|1|1,6,0.0,0.0,0.0,0.0,0.02,1e-07,249999999999.99997,2499.9999999999995,structural_zero,True,"both the generated value and the reference lie below 2.500e+03, which is 1e-08 of the magnitude an order-3 derivative has in this problem (2.500000e+11, from the contract's stress scale 250 and strain scale 0.001), so this is a zero of that family; the generated value is 0.000e+00"
5,elastic,5,3,1|1|1,6,0.0,0.0,0.0,0.0,0.02,1e-07,249999999999.99997,2499.9999999999995,structural_zero,True,"both the generated value and the reference lie below 2.500e+03, which is 1e-08 of the magnitude an order-3 derivative has in this problem (2.500000e+11, from the contract's stress scale 250 and strain scale 0.001), so this is a zero of that family; the generated value is 0.000e+00"
5,elastic,6,3,1|1|1,6,0.0,0.0,0.0,0.0,0.02,1e-07,249999999999.99997,2499.9999999999995,structural_zero,True,"both the generated value and the reference lie below 2.500e+03, which is 1e-08 of the magnitude an order-3 derivative has in this problem (2.500000e+11, from the contract's stress scale 250 and strain scale 0.001), so this is a zero of that family; the generated value is 0.000e+00"
5,elastic,1,3,1|1|2,2,0.0,-1.2497474648588012e-64,1.2497474648588012e-64,1.0,0.02,1e-07,249999999999.99997,2499.9999999999995,structural_zero,True,"both the generated value and the reference lie below 2.500e+03, which is 1e-08 of the magnitude an order-3 derivative has in this problem (2.500000e+11, from the contract's stress scale 250 and strain scale 0.001), so this is a zero of that family; the generated value is 0.000e+00"
5,elastic,2,3,1|1|2,2,0.0,6.731774490901886e-65,6.731774490901886e-65,1.0,0.02,1e-07,249999999999.99997,2499.9999999999995,structural_zero,True,"both the generated value and the reference lie below 2.500e+03, which is 1e-08 of the magnitude an order-3 derivative has in this problem (2.500000e+11, from the contract's stress scale 250 and strain scale 0.001), so this is a zero of that family; the generated value is 0.000e+00"
5,elastic,3,3,1|1|2,2,0.0,-8.630511323804167e-65,8.630511323804167e-65,1.0,0.02,1e-07,249999999999.99997,2499.9999999999995,structural_zero,True,"both the generated value and the reference lie below 2.500e+03, which is 1e-08 of the magnitude an order-3 derivative has in this problem (2.500000e+11, from the contract's stress scale 250 and strain scale 0.001), so this is a zero of that family; the generated value is 0.000e+00"
5,elastic,4,3,1|1|2,2,0.0,0.0,0.0,0.0,0.02,1e-07,249999999999.99997,2499.9999999999995,structural_zero,True,"both the generated value and the reference lie below 2.500e+03, which is 1e-08 of the magnitude an order-3 derivative has in this problem (2.500000e+11, from the contract's stress scale 250 and strain scale 0.001), so this is a zero of that family; the generated value is 0.000e+00"
5,elastic,5,3,1|1|2,2,0.0,0.0,0.0,0.0,0.02,1e-07,249999999999.99997,2499.9999999999995,structural_zero,True,"both the generated value and the reference lie below 2.500e+03, which is 1e-08 of the magnitude an order-3 derivative has in this problem (2.500000e+11, from the contract's stress scale 250 and strain scale 0.001), so this is a zero of that family; the generated value is 0.000e+00"
5,elastic,6,3,1|1|2,2,0.0,0.0,0.0,0.0,0.02,1e-07,249999999999.99997,2499.9999999999995,structural_zero,True,"both the generated value and the reference lie below 2.500e+03, which is 1e-08 of the magnitude an order-3 derivative has in this problem (2.500000e+11, from the contract's stress scale 250 and strain scale 0.001), so this is a zero of that family; the generated value is 0.000e+00"
5,elastic,1,4,1|1|1|1,24,0.0,5.522926059101763e-59,5.522926059101763e-59,1.0,0.1,1e-07,249999999999999.97,2499999.9999999995,structural_zero,True,"both the generated value and the reference lie below 2.500e+06, which is 1e-08 of the magnitude an order-4 derivative has in this problem (2.500000e+14, from the contract's stress scale 250 and strain scale 0.001), so this is a zero of that family; the generated value is 0.000e+00"
5,elastic,2,4,1|1|1|1,24,0.0,-1.5985370495005808e-59,1.5985370495005808e-59,1.0,0.1,1e-07,249999999999999.97,2499999.9999999995,structural_zero,True,"both the generated value and the reference lie below 2.500e+06, which is 1e-08 of the magnitude an order-4 derivative has in this problem (2.500000e+14, from the contract's stress scale 250 and strain scale 0.001), so this is a zero of that family; the generated value is 0.000e+00"
5,elastic,3,4,1|1|1|1,24,0.0,-1.5985370495005808e-59,1.5985370495005808e-59,1.0,0.1,1e-07,249999999999999.97,2499999.9999999995,structural_zero,True,"both the generated value and the reference lie below 2.500e+06, which is 1e-08 of the magnitude an order-4 derivative has in this problem (2.500000e+14, from the contract's stress scale 250 and strain scale 0.001), so this is a zero of that family; the generated value is 0.000e+00"
5,elastic,4,4,1|1|1|1,24,0.0,0.0,0.0,0.0,0.1,1e-07,249999999999999.97,2499999.9999999995,structural_zero,True,"both the generated value and the reference lie below 2.500e+06, which is 1e-08 of the magnitude an order-4 derivative has in this problem (2.500000e+14, from the contract's stress scale 250 and strain scale 0.001), so this is a zero of that family; the generated value is 0.000e+00"
5,elastic,5,4,1|1|1|1,24,0.0,0.0,0.0,0.0,0.1,1e-07,249999999999999.97,2499999.9999999995,structural_zero,True,"both the generated value and the reference lie below 2.500e+06, which is 1e-08 of the magnitude an order-4 derivative has in this problem (2.500000e+14, from the contract's stress scale 250 and strain scale 0.001), so this is a zero of that family; the generated value is 0.000e+00"
5,elastic,6,4,1|1|1|1,24,0.0,0.0,0.0,0.0,0.1,1e-07,249999999999999.97,2499999.9999999995,structural_zero,True,"both the generated value and the reference lie below 2.500e+06, which is 1e-08 of the magnitude an order-4 derivative has in this problem (2.500000e+14, from the contract's stress scale 250 and strain scale 0.001), so this is a zero of that family; the generated value is 0.000e+00"
5,elastic,1,4,1|1|2|2,4,0.0,-3.3339175744556297e-59,3.3339175744556297e-59,1.0,0.1,1e-07,249999999999999.97,2499999.9999999995,structural_zero,True,"both the generated value and the reference lie below 2.500e+06, which is 1e-08 of the magnitude an order-4 derivative has in this problem (2.500000e+14, from the contract's stress scale 250 and strain scale 0.001), so this is a zero of that family; the generated value is 0.000e+00"
5,elastic,2,4,1|1|2|2,4,0.0,-1.9822282536305953e-59,1.9822282536305953e-59,1.0,0.1,1e-07,249999999999999.97,2499999.9999999995,structural_zero,True,"both the generated value and the reference lie below 2.500e+06, which is 1e-08 of the magnitude an order-4 derivative has in this problem (2.500000e+14, from the contract's stress scale 250 and strain scale 0.001), so this is a zero of that family; the generated value is 0.000e+00"
5,elastic,3,4,1|1|2|2,4,0.0,-1.9161742357207664e-59,1.9161742357207664e-59,1.0,0.1,1e-07,249999999999999.97,2499999.9999999995,structural_zero,True,"both the generated value and the reference lie below 2.500e+06, which is 1e-08 of the magnitude an order-4 derivative has in this problem (2.500000e+14, from the contract's stress scale 250 and strain scale 0.001), so this is a zero of that family; the generated value is 0.000e+00"
5,elastic,4,4,1|1|2|2,4,0.0,0.0,0.0,0.0,0.1,1e-07,249999999999999.97,2499999.9999999995,structural_zero,True,"both the generated value and the reference lie below 2.500e+06, which is 1e-08 of the magnitude an order-4 derivative has in this problem (2.500000e+14, from the contract's stress scale 250 and strain scale 0.001), so this is a zero of that family; the generated value is 0.000e+00"
5,elastic,5,4,1|1|2|2,4,0.0,0.0,0.0,0.0,0.1,1e-07,249999999999999.97,2499999.9999999995,structural_zero,True,"both the generated value and the reference lie below 2.500e+06, which is 1e-08 of the magnitude an order-4 derivative has in this problem (2.500000e+14, from the contract's stress scale 250 and strain scale 0.001), so this is a zero of that family; the generated value is 0.000e+00"
5,elastic,6,4,1|1|2|2,4,0.0,0.0,0.0,0.0,0.1,1e-07,249999999999999.97,2499999.9999999995,structural_zero,True,"both the generated value and the reference lie below 2.500e+06, which is 1e-08 of the magnitude an order-4 derivative has in this problem (2.500000e+14, from the contract's stress scale 250 and strain scale 0.001), so this is a zero of that family; the generated value is 0.000e+00"
6,elastic,1,2,1|1,2,0.0,1.6345500737282216e-69,1.6345500737282216e-69,1.0,1e-05,1e-07,250000000.0,2.5,structural_zero,True,"both the generated value and the reference lie below 2.500e+00, which is 1e-08 of the magnitude an order-2 derivative has in this problem (2.500000e+08, from the contract's stress scale 250 and strain scale 0.001), so this is a zero of that family; the generated value is 0.000e+00"
6,elastic,2,2,1|1,2,0.0,-5.931469796631497e-70,5.931469796631497e-70,1.0,1e-05,1e-07,250000000.0,2.5,structural_zero,True,"both the generated value and the reference lie below 2.500e+00, which is 1e-08 of the magnitude an order-2 derivative has in this problem (2.500000e+08, from the contract's stress scale 250 and strain scale 0.001), so this is a zero of that family; the generated value is 0.000e+00"
6,elastic,3,2,1|1,2,0.0,-5.931469796631497e-70,5.931469796631497e-70,1.0,1e-05,1e-07,250000000.0,2.5,structural_zero,True,"both the generated value and the reference lie below 2.500e+00, which is 1e-08 of the magnitude an order-2 derivative has in this problem (2.500000e+08, from the contract's stress scale 250 and strain scale 0.001), so this is a zero of that family; the generated value is 0.000e+00"
6,elastic,4,2,1|1,2,0.0,0.0,0.0,0.0,1e-05,1e-07,250000000.0,2.5,structural_zero,True,"both the generated value and the reference lie below 2.500e+00, which is 1e-08 of the magnitude an order-2 derivative has in this problem (2.500000e+08, from the contract's stress scale 250 and strain scale 0.001), so this is a zero of that family; the generated value is 0.000e+00"
6,elastic,5,2,1|1,2,0.0,0.0,0.0,0.0,1e-05,1e-07,250000000.0,2.5,structural_zero,True,"both the generated value and the reference lie below 2.500e+00, which is 1e-08 of the magnitude an order-2 derivative has in this problem (2.500000e+08, from the contract's stress scale 250 and strain scale 0.001), so this is a zero of that family; the generated value is 0.000e+00"
6,elastic,6,2,1|1,2,0.0,0.0,0.0,0.0,1e-05,1e-07,250000000.0,2.5,structural_zero,True,"both the generated value and the reference lie below 2.500e+00, which is 1e-08 of the magnitude an order-2 derivative has in this problem (2.500000e+08, from the contract's stress scale 250 and strain scale 0.001), so this is a zero of that family; the generated value is 0.000e+00"
6,elastic,1,2,1|2,1,0.0,1.2067576716196636e-69,1.2067576716196636e-69,1.0,1e-05,1e-07,250000000.0,2.5,structural_zero,True,"both the generated value and the reference lie below 2.500e+00, which is 1e-08 of the magnitude an order-2 derivative has in this problem (2.500000e+08, from the contract's stress scale 250 and strain scale 0.001), so this is a zero of that family; the generated value is 0.000e+00"
6,elastic,2,2,1|2,1,0.0,-2.558583077232563e-70,2.558583077232563e-70,1.0,1e-05,1e-07,250000000.0,2.5,structural_zero,True,"both the generated value and the reference lie below 2.500e+00, which is 1e-08 of the magnitude an order-2 derivative has in this problem (2.500000e+08, from the contract's stress scale 250 and strain scale 0.001), so this is a zero of that family; the generated value is 0.000e+00"
6,elastic,3,2,1|2,1,0.0,-2.152669337273436e-70,2.152669337273436e-70,1.0,1e-05,1e-07,250000000.0,2.5,structural_zero,True,"both the generated value and the reference lie below 2.500e+00, which is 1e-08 of the magnitude an order-2 derivative has in this problem (2.500000e+08, from the contract's stress scale 250 and strain scale 0.001), so this is a zero of that family; the generated value is 0.000e+00"
6,elastic,4,2,1|2,1,0.0,0.0,0.0,0.0,1e-05,1e-07,250000000.0,2.5,structural_zero,True,"both the generated value and the reference lie below 2.500e+00, which is 1e-08 of the magnitude an order-2 derivative has in this problem (2.500000e+08, from the contract's stress scale 250 and strain scale 0.001), so this is a zero of that family; the generated value is 0.000e+00"
6,elastic,5,2,1|2,1,0.0,0.0,0.0,0.0,1e-05,1e-07,250000000.0,2.5,structural_zero,True,"both the generated value and the reference lie below 2.500e+00, which is 1e-08 of the magnitude an order-2 derivative has in this problem (2.500000e+08, from the contract's stress scale 250 and strain scale 0.001), so this is a zero of that family; the generated value is 0.000e+00"
6,elastic,6,2,1|2,1,0.0,0.0,0.0,0.0,1e-05,1e-07,250000000.0,2.5,structural_zero,True,"both the generated value and the reference lie below 2.500e+00, which is 1e-08 of the magnitude an order-2 derivative has in this problem (2.500000e+08, from the contract's stress scale 250 and strain scale 0.001), so this is a zero of that family; the generated value is 0.000e+00"
6,elastic,1,3,1|1|1,6,0.0,-6.409508228387864e-65,6.409508228387864e-65,1.0,0.02,1e-07,249999999999.99997,2499.9999999999995,structural_zero,True,"both the generated value and the reference lie below 2.500e+03, which is 1e-08 of the magnitude an order-3 derivative has in this problem (2.500000e+11, from the contract's stress scale 250 and strain scale 0.001), so this is a zero of that family; the generated value is 0.000e+00"
6,elastic,2,3,1|1|1,6,0.0,2.1365027427959547e-65,2.1365027427959547e-65,1.0,0.02,1e-07,249999999999.99997,2499.9999999999995,structural_zero,True,"both the generated value and the reference lie below 2.500e+03, which is 1e-08 of the magnitude an order-3 derivative has in this problem (2.500000e+11, from the contract's stress scale 250 and strain scale 0.001), so this is a zero of that family; the generated value is 0.000e+00"
6,elastic,3,3,1|1|1,6,0.0,2.1365027427959547e-65,2.1365027427959547e-65,1.0,0.02,1e-07,249999999999.99997,2499.9999999999995,structural_zero,True,"both the generated value and the reference lie below 2.500e+03, which is 1e-08 of the magnitude an order-3 derivative has in this problem (2.500000e+11, from the contract's stress scale 250 and strain scale 0.001), so this is a zero of that family; the generated value is 0.000e+00"
6,elastic,4,3,1|1|1,6,0.0,0.0,0.0,0.0,0.02,1e-07,249999999999.99997,2499.9999999999995,structural_zero,True,"both the generated value and the reference lie below 2.500e+03, which is 1e-08 of the magnitude an order-3 derivative has in this problem (2.500000e+11, from the contract's stress scale 250 and strain scale 0.001), so this is a zero of that family; the generated value is 0.000e+00"
6,elastic,5,3,1|1|1,6,0.0,0.0,0.0,0.0,0.02,1e-07,249999999999.99997,2499.9999999999995,structural_zero,True,"both the generated value and the reference lie below 2.500e+03, which is 1e-08 of the magnitude an order-3 derivative has in this problem (2.500000e+11, from the contract's stress scale 250 and strain scale 0.001), so this is a zero of that family; the generated value is 0.000e+00"
6,elastic,6,3,1|1|1,6,0.0,0.0,0.0,0.0,0.02,1e-07,249999999999.99997,2499.9999999999995,structural_zero,True,"both the generated value and the reference lie below 2.500e+03, which is 1e-08 of the magnitude an order-3 derivative has in this problem (2.500000e+11, from the contract's stress scale 250 and strain scale 0.001), so this is a zero of that family; the generated value is 0.000e+00"
6,elastic,1,3,1|1|2,2,0.0,-1.6822409020289546e-65,1.6822409020289546e-65,1.0,0.02,1e-07,249999999999.99997,2499.9999999999995,structural_zero,True,"both the generated value and the reference lie below 2.500e+03, which is 1e-08 of the magnitude an order-3 derivative has in this problem (2.500000e+11, from the contract's stress scale 250 and strain scale 0.001), so this is a zero of that family; the generated value is 0.000e+00"
6,elastic,2,3,1|1|2,2,0.0,-5.523558543661563e-65,5.523558543661563e-65,1.0,0.02,1e-07,249999999999.99997,2499.9999999999995,structural_zero,True,"both the generated value and the reference lie below 2.500e+03, which is 1e-08 of the magnitude an order-3 derivative has in this problem (2.500000e+11, from the contract's stress scale 250 and strain scale 0.001), so this is a zero of that family; the generated value is 0.000e+00"
6,elastic,3,3,1|1|2,2,0.0,1.9397119695981557e-65,1.9397119695981557e-65,1.0,0.02,1e-07,249999999999.99997,2499.9999999999995,structural_zero,True,"both the generated value and the reference lie below 2.500e+03, which is 1e-08 of the magnitude an order-3 derivative has in this problem (2.500000e+11, from the contract's stress scale 250 and strain scale 0.001), so this is a zero of that family; the generated value is 0.000e+00"
6,elastic,4,3,1|1|2,2,0.0,0.0,0.0,0.0,0.02,1e-07,249999999999.99997,2499.9999999999995,structural_zero,True,"both the generated value and the reference lie below 2.500e+03, which is 1e-08 of the magnitude an order-3 derivative has in this problem (2.500000e+11, from the contract's stress scale 250 and strain scale 0.001), so this is a zero of that family; the generated value is 0.000e+00"
6,elastic,5,3,1|1|2,2,0.0,0.0,0.0,0.0,0.02,1e-07,249999999999.99997,2499.9999999999995,structural_zero,True,"both the generated value and the reference lie below 2.500e+03, which is 1e-08 of the magnitude an order-3 derivative has in this problem (2.500000e+11, from the contract's stress scale 250 and strain scale 0.001), so this is a zero of that family; the generated value is 0.000e+00"
6,elastic,6,3,1|1|2,2,0.0,0.0,0.0,0.0,0.02,1e-07,249999999999.99997,2499.9999999999995,structural_zero,True,"both the generated value and the reference lie below 2.500e+03, which is 1e-08 of the magnitude an order-3 derivative has in this problem (2.500000e+11, from the contract's stress scale 250 and strain scale 0.001), so this is a zero of that family; the generated value is 0.000e+00"
6,elastic,1,4,1|1|1|1,24,0.0,3.8893845486632136e-59,3.8893845486632136e-59,1.0,0.1,1e-07,249999999999999.97,2499999.9999999995,structural_zero,True,"both the generated value and the reference lie below 2.500e+06, which is 1e-08 of the magnitude an order-4 derivative has in this problem (2.500000e+14, from the contract's stress scale 250 and strain scale 0.001), so this is a zero of that family; the generated value is 0.000e+00"
6,elastic,2,4,1|1|1|1,24,0.0,-2.605887647604353e-59,2.605887647604353e-59,1.0,0.1,1e-07,249999999999999.97,2499999.9999999995,structural_zero,True,"both the generated value and the reference lie below 2.500e+06, which is 1e-08 of the magnitude an order-4 derivative has in this problem (2.500000e+14, from the contract's stress scale 250 and strain scale 0.001), so this is a zero of that family; the generated value is 0.000e+00"
6,elastic,3,4,1|1|1|1,24,0.0,-2.605887647604353e-59,2.605887647604353e-59,1.0,0.1,1e-07,249999999999999.97,2499999.9999999995,structural_zero,True,"both the generated value and the reference lie below 2.500e+06, which is 1e-08 of the magnitude an order-4 derivative has in this problem (2.500000e+14, from the contract's stress scale 250 and strain scale 0.001), so this is a zero of that family; the generated value is 0.000e+00"
6,elastic,4,4,1|1|1|1,24,0.0,0.0,0.0,0.0,0.1,1e-07,249999999999999.97,2499999.9999999995,structural_zero,True,"both the generated value and the reference lie below 2.500e+06, which is 1e-08 of the magnitude an order-4 derivative has in this problem (2.500000e+14, from the contract's stress scale 250 and strain scale 0.001), so this is a zero of that family; the generated value is 0.000e+00"
6,elastic,5,4,1|1|1|1,24,0.0,0.0,0.0,0.0,0.1,1e-07,249999999999999.97,2499999.9999999995,structural_zero,True,"both the generated value and the reference lie below 2.500e+06, which is 1e-08 of the magnitude an order-4 derivative has in this problem (2.500000e+14, from the contract's stress scale 250 and strain scale 0.001), so this is a zero of that family; the generated value is 0.000e+00"
6,elastic,6,4,1|1|1|1,24,0.0,0.0,0.0,0.0,0.1,1e-07,249999999999999.97,2499999.9999999995,structural_zero,True,"both the generated value and the reference lie below 2.500e+06, which is 1e-08 of the magnitude an order-4 derivative has in this problem (2.500000e+14, from the contract's stress scale 250 and strain scale 0.001), so this is a zero of that family; the generated value is 0.000e+00"
6,elastic,1,4,1|1|2|2,4,0.0,-2.4377648224385775e-59,2.4377648224385775e-59,1.0,0.1,1e-07,249999999999999.97,2499999.9999999995,structural_zero,True,"both the generated value and the reference lie below 2.500e+06, which is 1e-08 of the magnitude an order-4 derivative has in this problem (2.500000e+14, from the contract's stress scale 250 and strain scale 0.001), so this is a zero of that family; the generated value is 0.000e+00"
6,elastic,2,4,1|1|2|2,4,0.0,-6.943491480570666e-60,6.943491480570666e-60,1.0,0.1,1e-07,249999999999999.97,2499999.9999999995,structural_zero,True,"both the generated value and the reference lie below 2.500e+06, which is 1e-08 of the magnitude an order-4 derivative has in this problem (2.500000e+14, from the contract's stress scale 250 and strain scale 0.001), so this is a zero of that family; the generated value is 0.000e+00"
6,elastic,3,4,1|1|2|2,4,0.0,-2.2501005936304156e-59,2.2501005936304156e-59,1.0,0.1,1e-07,249999999999999.97,2499999.9999999995,structural_zero,True,"both the generated value and the reference lie below 2.500e+06, which is 1e-08 of the magnitude an order-4 derivative has in this problem (2.500000e+14, from the contract's stress scale 250 and strain scale 0.001), so this is a zero of that family; the generated value is 0.000e+00"
6,elastic,4,4,1|1|2|2,4,0.0,0.0,0.0,0.0,0.1,1e-07,249999999999999.97,2499999.9999999995,structural_zero,True,"both the generated value and the reference lie below 2.500e+06, which is 1e-08 of the magnitude an order-4 derivative has in this problem (2.500000e+14, from the contract's stress scale 250 and strain scale 0.001), so this is a zero of that family; the generated value is 0.000e+00"
6,elastic,5,4,1|1|2|2,4,0.0,0.0,0.0,0.0,0.1,1e-07,249999999999999.97,2499999.9999999995,structural_zero,True,"both the generated value and the reference lie below 2.500e+06, which is 1e-08 of the magnitude an order-4 derivative has in this problem (2.500000e+14, from the contract's stress scale 250 and strain scale 0.001), so this is a zero of that family; the generated value is 0.000e+00"
6,elastic,6,4,1|1|2|2,4,0.0,0.0,0.0,0.0,0.1,1e-07,249999999999999.97,2499999.9999999995,structural_zero,True,"both the generated value and the reference lie below 2.500e+06, which is 1e-08 of the magnitude an order-4 derivative has in this problem (2.500000e+14, from the contract's stress scale 250 and strain scale 0.001), so this is a zero of that family; the generated value is 0.000e+00"
7,plastic,1,2,1|1,2,1.4901161193847656e-08,4.4757693847101026e-69,1.4901161193847656e-08,1.0,1e-05,1e-07,250000000.0,2.5,structural_zero,True,"both the generated value and the reference lie below 2.500e+00, which is 1e-08 of the magnitude an order-2 derivative has in this problem (2.500000e+08, from the contract's stress scale 250 and strain scale 0.001), so this is a zero of that family; the generated value is 1.490e-08"
7,plastic,2,2,1|1,2,1.4901161193847656e-08,-1.3628797013634202e-69,1.4901161193847656e-08,1.0,1e-05,1e-07,250000000.0,2.5,structural_zero,True,"both the generated value and the reference lie below 2.500e+00, which is 1e-08 of the magnitude an order-2 derivative has in this problem (2.500000e+08, from the contract's stress scale 250 and strain scale 0.001), so this is a zero of that family; the generated value is 1.490e-08"
7,plastic,3,2,1|1,2,1.4901161193847656e-08,-1.3628797013634202e-69,1.4901161193847656e-08,1.0,1e-05,1e-07,250000000.0,2.5,structural_zero,True,"both the generated value and the reference lie below 2.500e+00, which is 1e-08 of the magnitude an order-2 derivative has in this problem (2.500000e+08, from the contract's stress scale 250 and strain scale 0.001), so this is a zero of that family; the generated value is 1.490e-08"
7,plastic,4,2,1|1,2,0.0,0.0,0.0,0.0,1e-05,1e-07,250000000.0,2.5,structural_zero,True,"both the generated value and the reference lie below 2.500e+00, which is 1e-08 of the magnitude an order-2 derivative has in this problem (2.500000e+08, from the contract's stress scale 250 and strain scale 0.001), so this is a zero of that family; the generated value is 0.000e+00"
7,plastic,5,2,1|1,2,0.0,0.0,0.0,0.0,1e-05,1e-07,250000000.0,2.5,structural_zero,True,"both the generated value and the reference lie below 2.500e+00, which is 1e-08 of the magnitude an order-2 derivative has in this problem (2.500000e+08, from the contract's stress scale 250 and strain scale 0.001), so this is a zero of that family; the generated value is 0.000e+00"
7,plastic,6,2,1|1,2,0.0,0.0,0.0,0.0,1e-05,1e-07,250000000.0,2.5,structural_zero,True,"both the generated value and the reference lie below 2.500e+00, which is 1e-08 of the magnitude an order-2 derivative has in this problem (2.500000e+08, from the contract's stress scale 250 and strain scale 0.001), so this is a zero of that family; the generated value is 0.000e+00"
7,plastic,1,2,1|2,1,-3.725290298461914e-09,-1.8748239274596753e-05,1.874451398429829e-05,0.9998012991916788,1e-05,1e-07,250000000.0,2.5,structural_zero,True,"both the generated value and the reference lie below 2.500e+00, which is 1e-08 of the magnitude an order-2 derivative has in this problem (2.500000e+08, from the contract's stress scale 250 and strain scale 0.001), so this is a zero of that family; the generated value is 3.725e-09"
7,plastic,2,2,1|2,1,-40465624.45202802,-40465624.45201637,1.1652708053588867e-05,2.8796560565630583e-13,1e-05,1e-07,250000000.0,2.5,tolerance,True,"absolute error 1.165e-05 against a tolerance of 1e-05, relative error 2.880e-13 against 1e-07"
7,plastic,3,2,1|2,1,40465624.452027984,40465624.452035114,7.1302056312561035e-06,1.7620401829478027e-13,1e-05,1e-07,250000000.0,2.5,tolerance,True,"absolute error 7.130e-06 against a tolerance of 1e-05, relative error 1.762e-13 against 1e-07"
7,plastic,4,2,1|2,1,0.0,0.0,0.0,0.0,1e-05,1e-07,250000000.0,2.5,structural_zero,True,"both the generated value and the reference lie below 2.500e+00, which is 1e-08 of the magnitude an order-2 derivative has in this problem (2.500000e+08, from the contract's stress scale 250 and strain scale 0.001), so this is a zero of that family; the generated value is 0.000e+00"
7,plastic,5,2,1|2,1,0.0,0.0,0.0,0.0,1e-05,1e-07,250000000.0,2.5,structural_zero,True,"both the generated value and the reference lie below 2.500e+00, which is 1e-08 of the magnitude an order-2 derivative has in this problem (2.500000e+08, from the contract's stress scale 250 and strain scale 0.001), so this is a zero of that family; the generated value is 0.000e+00"
7,plastic,6,2,1|2,1,0.0,0.0,0.0,0.0,1e-05,1e-07,250000000.0,2.5,structural_zero,True,"both the generated value and the reference lie below 2.500e+00, which is 1e-08 of the magnitude an order-2 derivative has in this problem (2.500000e+08, from the contract's stress scale 250 and strain scale 0.001), so this is a zero of that family; the generated value is 0.000e+00"
7,plastic,1,3,1|1|1,6,-6.866455078125e-05,-8.071232583895829e-65,6.866455078125e-05,1.0,0.02,1e-07,249999999999.99997,2499.9999999999995,structural_zero,True,"both the generated value and the reference lie below 2.500e+03, which is 1e-08 of the magnitude an order-3 derivative has in this problem (2.500000e+11, from the contract's stress scale 250 and strain scale 0.001), so this is a zero of that family; the generated value is 6.866e-05"
7,plastic,2,3,1|1|1,6,1.1444091796875e-05,4.0356162919479145e-65,1.1444091796875e-05,1.0,0.02,1e-07,249999999999.99997,2499.9999999999995,structural_zero,True,"both the generated value and the reference lie below 2.500e+03, which is 1e-08 of the magnitude an order-3 derivative has in this problem (2.500000e+11, from the contract's stress scale 250 and strain scale 0.001), so this is a zero of that family; the generated value is 1.144e-05"
7,plastic,3,3,1|1|1,6,1.1444091796875e-05,4.0356162919479145e-65,1.1444091796875e-05,1.0,0.02,1e-07,249999999999.99997,2499.9999999999995,structural_zero,True,"both the generated value and the reference lie below 2.500e+03, which is 1e-08 of the magnitude an order-3 derivative has in this problem (2.500000e+11, from the contract's stress scale 250 and strain scale 0.001), so this is a zero of that family; the generated value is 1.144e-05"
7,plastic,4,3,1|1|1,6,0.0,0.0,0.0,0.0,0.02,1e-07,249999999999.99997,2499.9999999999995,structural_zero,True,"both the generated value and the reference lie below 2.500e+03, which is 1e-08 of the magnitude an order-3 derivative has in this problem (2.500000e+11, from the contract's stress scale 250 and strain scale 0.001), so this is a zero of that family; the generated value is 0.000e+00"
7,plastic,5,3,1|1|1,6,0.0,0.0,0.0,0.0,0.02,1e-07,249999999999.99997,2499.9999999999995,structural_zero,True,"both the generated value and the reference lie below 2.500e+03, which is 1e-08 of the magnitude an order-3 derivative has in this problem (2.500000e+11, from the contract's stress scale 250 and strain scale 0.001), so this is a zero of that family; the generated value is 0.000e+00"
7,plastic,6,3,1|1|1,6,0.0,0.0,0.0,0.0,0.02,1e-07,249999999999.99997,2499.9999999999995,structural_zero,True,"both the generated value and the reference lie below 2.500e+03, which is 1e-08 of the magnitude an order-3 derivative has in this problem (2.500000e+11, from the contract's stress scale 250 and strain scale 0.001), so this is a zero of that family; the generated value is 0.000e+00"
7,plastic,1,3,1|1|2,2,2.288818359375e-05,0.10706227068836535,0.1070393825047716,0.9997862161576941,0.02,1e-07,249999999999.99997,2499.9999999999995,structural_zero,True,"both the generated value and the reference lie below 2.500e+03, which is 1e-08 of the magnitude an order-3 derivative has in this problem (2.500000e+11, from the contract's stress scale 250 and strain scale 0.001), so this is a zero of that family; the generated value is 2.289e-05"
7,plastic,2,3,1|1|2,2,46246427945.17488,46246427945.13961,0.03527069091796875,7.62668437004089e-13,0.02,1e-07,249999999999.99997,2499.9999999999995,tolerance,True,"absolute error 3.527e-02 against a tolerance of 2e-02, relative error 7.627e-13 against 1e-07"
7,plastic,3,3,1|1|2,2,-46246427945.174835,-46246427945.24667,0.07183837890625,1.5533822199479458e-12,0.02,1e-07,249999999999.99997,2499.9999999999995,tolerance,True,"absolute error 7.184e-02 against a tolerance of 2e-02, relative error 1.553e-12 against 1e-07"
7,plastic,4,3,1|1|2,2,0.0,0.0,0.0,0.0,0.02,1e-07,249999999999.99997,2499.9999999999995,structural_zero,True,"both the generated value and the reference lie below 2.500e+03, which is 1e-08 of the magnitude an order-3 derivative has in this problem (2.500000e+11, from the contract's stress scale 250 and strain scale 0.001), so this is a zero of that family; the generated value is 0.000e+00"
7,plastic,5,3,1|1|2,2,0.0,0.0,0.0,0.0,0.02,1e-07,249999999999.99997,2499.9999999999995,structural_zero,True,"both the generated value and the reference lie below 2.500e+03, which is 1e-08 of the magnitude an order-3 derivative has in this problem (2.500000e+11, from the contract's stress scale 250 and strain scale 0.001), so this is a zero of that family; the generated value is 0.000e+00"
7,plastic,6,3,1|1|2,2,0.0,0.0,0.0,0.0,0.02,1e-07,249999999999.99997,2499.9999999999995,structural_zero,True,"both the generated value and the reference lie below 2.500e+03, which is 1e-08 of the magnitude an order-3 derivative has in this problem (2.500000e+11, from the contract's stress scale 250 and strain scale 0.001), so this is a zero of that family; the generated value is 0.000e+00"
7,plastic,1,4,1|1|1|1,24,0.28125,-5.414023291739193e-59,0.28125,1.0,0.1,1e-07,249999999999999.97,2499999.9999999995,structural_zero,True,"both the generated value and the reference lie below 2.500e+06, which is 1e-08 of the magnitude an order-4 derivative has in this problem (2.500000e+14, from the contract's stress scale 250 and strain scale 0.001), so this is a zero of that family; the generated value is 2.812e-01"
7,plastic,2,4,1|1|1|1,24,-0.046875,1.7735593541904254e-59,0.046875,1.0,0.1,1e-07,249999999999999.97,2499999.9999999995,structural_zero,True,"both the generated value and the reference lie below 2.500e+06, which is 1e-08 of the magnitude an order-4 derivative has in this problem (2.500000e+14, from the contract's stress scale 250 and strain scale 0.001), so this is a zero of that family; the generated value is 4.688e-02"
7,plastic,3,4,1|1|1|1,24,-0.046875,1.7735593541904254e-59,0.046875,1.0,0.1,1e-07,249999999999999.97,2499999.9999999995,structural_zero,True,"both the generated value and the reference lie below 2.500e+06, which is 1e-08 of the magnitude an order-4 derivative has in this problem (2.500000e+14, from the contract's stress scale 250 and strain scale 0.001), so this is a zero of that family; the generated value is 4.688e-02"
7,plastic,4,4,1|1|1|1,24,0.0,0.0,0.0,0.0,0.1,1e-07,249999999999999.97,2499999.9999999995,structural_zero,True,"both the generated value and the reference lie below 2.500e+06, which is 1e-08 of the magnitude an order-4 derivative has in this problem (2.500000e+14, from the contract's stress scale 250 and strain scale 0.001), so this is a zero of that family; the generated value is 0.000e+00"
7,plastic,5,4,1|1|1|1,24,0.0,0.0,0.0,0.0,0.1,1e-07,249999999999999.97,2499999.9999999995,structural_zero,True,"both the generated value and the reference lie below 2.500e+06, which is 1e-08 of the magnitude an order-4 derivative has in this problem (2.500000e+14, from the contract's stress scale 250 and strain scale 0.001), so this is a zero of that family; the generated value is 0.000e+00"
7,plastic,6,4,1|1|1|1,24,0.0,0.0,0.0,0.0,0.1,1e-07,249999999999999.97,2499999.9999999995,structural_zero,True,"both the generated value and the reference lie below 2.500e+06, which is 1e-08 of the magnitude an order-4 derivative has in this problem (2.500000e+14, from the contract's stress scale 250 and strain scale 0.001), so this is a zero of that family; the generated value is 0.000e+00"
7,plastic,1,4,1|1|2|2,4,-79279590763156.94,-79279590763073.4,83.53125,1.053628672851562e-12,0.1,1e-07,249999999999999.97,2499999.9999999995,tolerance,True,"absolute error 8.353e+01 against a tolerance of 1e-01, relative error 1.054e-12 against 1e-07"
7,plastic,2,4,1|1|2|2,4,118919386144735.34,118919386144775.02,39.671875,3.3360309270098825e-13,0.1,1e-07,249999999999999.97,2499999.9999999995,tolerance,True,"absolute error 3.967e+01 against a tolerance of 1e-01, relative error 3.336e-13 against 1e-07"
7,plastic,3,4,1|1|2|2,4,-39639795381578.41,-39639795381701.61,123.203125,3.108066623796767e-12,0.1,1e-07,249999999999999.97,2499999.9999999995,tolerance,True,"absolute error 1.232e+02 against a tolerance of 1e-01, relative error 3.108e-12 against 1e-07"
7,plastic,4,4,1|1|2|2,4,0.0,0.0,0.0,0.0,0.1,1e-07,249999999999999.97,2499999.9999999995,structural_zero,True,"both the generated value and the reference lie below 2.500e+06, which is 1e-08 of the magnitude an order-4 derivative has in this problem (2.500000e+14, from the contract's stress scale 250 and strain scale 0.001), so this is a zero of that family; the generated value is 0.000e+00"
7,plastic,5,4,1|1|2|2,4,0.0,0.0,0.0,0.0,0.1,1e-07,249999999999999.97,2499999.9999999995,structural_zero,True,"both the generated value and the reference lie below 2.500e+06, which is 1e-08 of the magnitude an order-4 derivative has in this problem (2.500000e+14, from the contract's stress scale 250 and strain scale 0.001), so this is a zero of that family; the generated value is 0.000e+00"
7,plastic,6,4,1|1|2|2,4,0.0,0.0,0.0,0.0,0.1,1e-07,249999999999999.97,2499999.9999999995,structural_zero,True,"both the generated value and the reference lie below 2.500e+06, which is 1e-08 of the magnitude an order-4 derivative has in this problem (2.500000e+14, from the contract's stress scale 250 and strain scale 0.001), so this is a zero of that family; the generated value is 0.000e+00"
8,plastic,1,2,1|1,2,0.0,4.1384453390238076e-69,4.1384453390238076e-69,1.0,1e-05,1e-07,250000000.0,2.5,structural_zero,True,"both the generated value and the reference lie below 2.500e+00, which is 1e-08 of the magnitude an order-2 derivative has in this problem (2.500000e+08, from the contract's stress scale 250 and strain scale 0.001), so this is a zero of that family; the generated value is 0.000e+00"
8,plastic,2,2,1|1,2,7.450580596923828e-09,2.9136647436124947e-69,7.450580596923828e-09,1.0,1e-05,1e-07,250000000.0,2.5,structural_zero,True,"both the generated value and the reference lie below 2.500e+00, which is 1e-08 of the magnitude an order-2 derivative has in this problem (2.500000e+08, from the contract's stress scale 250 and strain scale 0.001), so this is a zero of that family; the generated value is 7.451e-09"
8,plastic,3,2,1|1,2,7.450580596923828e-09,2.9136647436124947e-69,7.450580596923828e-09,1.0,1e-05,1e-07,250000000.0,2.5,structural_zero,True,"both the generated value and the reference lie below 2.500e+00, which is 1e-08 of the magnitude an order-2 derivative has in this problem (2.500000e+08, from the contract's stress scale 250 and strain scale 0.001), so this is a zero of that family; the generated value is 7.451e-09"
8,plastic,4,2,1|1,2,0.0,0.0,0.0,0.0,1e-05,1e-07,250000000.0,2.5,structural_zero,True,"both the generated value and the reference lie below 2.500e+00, which is 1e-08 of the magnitude an order-2 derivative has in this problem (2.500000e+08, from the contract's stress scale 250 and strain scale 0.001), so this is a zero of that family; the generated value is 0.000e+00"
8,plastic,5,2,1|1,2,0.0,0.0,0.0,0.0,1e-05,1e-07,250000000.0,2.5,structural_zero,True,"both the generated value and the reference lie below 2.500e+00, which is 1e-08 of the magnitude an order-2 derivative has in this problem (2.500000e+08, from the contract's stress scale 250 and strain scale 0.001), so this is a zero of that family; the generated value is 0.000e+00"
8,plastic,6,2,1|1,2,0.0,0.0,0.0,0.0,1e-05,1e-07,250000000.0,2.5,structural_zero,True,"both the generated value and the reference lie below 2.500e+00, which is 1e-08 of the magnitude an order-2 derivative has in this problem (2.500000e+08, from the contract's stress scale 250 and strain scale 0.001), so this is a zero of that family; the generated value is 0.000e+00"
8,plastic,1,2,1|2,1,-3.725290298461914e-09,-9.360818440694903e-06,9.35709315039644e-06,0.999602033698008,1e-05,1e-07,250000000.0,2.5,structural_zero,True,"both the generated value and the reference lie below 2.500e+00, which is 1e-08 of the magnitude an order-2 derivative has in this problem (2.500000e+08, from the contract's stress scale 250 and strain scale 0.001), so this is a zero of that family; the generated value is 3.725e-09"
8,plastic,2,2,1|2,1,-35232977.79416367,-35232977.794157825,5.841255187988281e-06,1.657894266591308e-13,1e-05,1e-07,250000000.0,2.5,tolerance,True,"absolute error 5.841e-06 against a tolerance of 1e-05, relative error 1.658e-13 against 1e-07"
8,plastic,3,2,1|2,1,35232977.79416365,35232977.79416719,3.5390257835388184e-06,1.0044640008045823e-13,1e-05,1e-07,250000000.0,2.5,tolerance,True,"absolute error 3.539e-06 against a tolerance of 1e-05, relative error 1.004e-13 against 1e-07"
8,plastic,4,2,1|2,1,0.0,0.0,0.0,0.0,1e-05,1e-07,250000000.0,2.5,structural_zero,True,"both the generated value and the reference lie below 2.500e+00, which is 1e-08 of the magnitude an order-2 derivative has in this problem (2.500000e+08, from the contract's stress scale 250 and strain scale 0.001), so this is a zero of that family; the generated value is 0.000e+00"
8,plastic,5,2,1|2,1,0.0,0.0,0.0,0.0,1e-05,1e-07,250000000.0,2.5,structural_zero,True,"both the generated value and the reference lie below 2.500e+00, which is 1e-08 of the magnitude an order-2 derivative has in this problem (2.500000e+08, from the contract's stress scale 250 and strain scale 0.001), so this is a zero of that family; the generated value is 0.000e+00"
8,plastic,6,2,1|2,1,0.0,0.0,0.0,0.0,1e-05,1e-07,250000000.0,2.5,structural_zero,True,"both the generated value and the reference lie below 2.500e+00, which is 1e-08 of the magnitude an order-2 derivative has in this problem (2.500000e+08, from the contract's stress scale 250 and strain scale 0.001), so this is a zero of that family; the generated value is 0.000e+00"
8,plastic,1,3,1|1|1,6,-2.288818359375e-05,-2.6587589688127436e-64,2.288818359375e-05,1.0,0.02,1e-07,249999999999.99997,2499.9999999999995,structural_zero,True,"both the generated value and the reference lie below 2.500e+03, which is 1e-08 of the magnitude an order-3 derivative has in this problem (2.500000e+11, from the contract's stress scale 250 and strain scale 0.001), so this is a zero of that family; the generated value is 2.289e-05"
8,plastic,2,3,1|1|1,6,1.1444091796875e-05,-4.2730054855919094e-65,1.1444091796875e-05,1.0,0.02,1e-07,249999999999.99997,2499.9999999999995,structural_zero,True,"both the generated value and the reference lie below 2.500e+03, which is 1e-08 of the magnitude an order-3 derivative has in this problem (2.500000e+11, from the contract's stress scale 250 and strain scale 0.001), so this is a zero of that family; the generated value is 1.144e-05"
8,plastic,3,3,1|1|1,6,1.1444091796875e-05,-4.2730054855919094e-65,1.1444091796875e-05,1.0,0.02,1e-07,249999999999.99997,2499.9999999999995,structural_zero,True,"both the generated value and the reference lie below 2.500e+03, which is 1e-08 of the magnitude an order-3 derivative has in this problem (2.500000e+11, from the contract's stress scale 250 and strain scale 0.001), so this is a zero of that family; the generated value is 1.144e-05"
8,plastic,4,3,1|1|1,6,0.0,0.0,0.0,0.0,0.02,1e-07,249999999999.99997,2499.9999999999995,structural_zero,True,"both the generated value and the reference lie below 2.500e+03, which is 1e-08 of the magnitude an order-3 derivative has in this problem (2.500000e+11, from the contract's stress scale 250 and strain scale 0.001), so this is a zero of that family; the generated value is 0.000e+00"
8,plastic,5,3,1|1|1,6,0.0,0.0,0.0,0.0,0.02,1e-07,249999999999.99997,2499.9999999999995,structural_zero,True,"both the generated value and the reference lie below 2.500e+03, which is 1e-08 of the magnitude an order-3 derivative has in this problem (2.500000e+11, from the contract's stress scale 250 and strain scale 0.001), so this is a zero of that family; the generated value is 0.000e+00"
8,plastic,6,3,1|1|1,6,0.0,0.0,0.0,0.0,0.02,1e-07,249999999999.99997,2499.9999999999995,structural_zero,True,"both the generated value and the reference lie below 2.500e+03, which is 1e-08 of the magnitude an order-3 derivative has in this problem (2.500000e+11, from the contract's stress scale 250 and strain scale 0.001), so this is a zero of that family; the generated value is 0.000e+00"
8,plastic,1,3,1|1|2,2,1.1444091796875e-05,0.04986722347528544,0.04985577938348856,0.9997705087430314,0.02,1e-07,249999999999.99997,2499.9999999999995,structural_zero,True,"both the generated value and the reference lie below 2.500e+03, which is 1e-08 of the magnitude an order-3 derivative has in this problem (2.500000e+11, from the contract's stress scale 250 and strain scale 0.001), so this is a zero of that family; the generated value is 1.144e-05"
8,plastic,2,3,1|1|2,2,37560327921.48645,37560327921.46996,0.01648712158203125,4.3895041642061285e-13,0.02,1e-07,249999999999.99997,2499.9999999999995,tolerance,True,"absolute error 1.649e-02 against a tolerance of 2e-02, relative error 4.390e-13 against 1e-07"
8,plastic,3,3,1|1|2,2,-37560327921.48642,-37560327921.51983,0.03340911865234375,8.894788863971104e-13,0.02,1e-07,249999999999.99997,2499.9999999999995,tolerance,True,"absolute error 3.341e-02 against a tolerance of 2e-02, relative error 8.895e-13 against 1e-07"
8,plastic,4,3,1|1|2,2,0.0,0.0,0.0,0.0,0.02,1e-07,249999999999.99997,2499.9999999999995,structural_zero,True,"both the generated value and the reference lie below 2.500e+03, which is 1e-08 of the magnitude an order-3 derivative has in this problem (2.500000e+11, from the contract's stress scale 250 and strain scale 0.001), so this is a zero of that family; the generated value is 0.000e+00"
8,plastic,5,3,1|1|2,2,0.0,0.0,0.0,0.0,0.02,1e-07,249999999999.99997,2499.9999999999995,structural_zero,True,"both the generated value and the reference lie below 2.500e+03, which is 1e-08 of the magnitude an order-3 derivative has in this problem (2.500000e+11, from the contract's stress scale 250 and strain scale 0.001), so this is a zero of that family; the generated value is 0.000e+00"
8,plastic,6,3,1|1|2,2,0.0,0.0,0.0,0.0,0.02,1e-07,249999999999.99997,2499.9999999999995,structural_zero,True,"both the generated value and the reference lie below 2.500e+03, which is 1e-08 of the magnitude an order-3 derivative has in this problem (2.500000e+11, from the contract's stress scale 250 and strain scale 0.001), so this is a zero of that family; the generated value is 0.000e+00"
8,plastic,1,4,1|1|1|1,24,0.046875,-4.184977774361618e-59,0.046875,1.0,0.1,1e-07,249999999999999.97,2499999.9999999995,structural_zero,True,"both the generated value and the reference lie below 2.500e+06, which is 1e-08 of the magnitude an order-4 derivative has in this problem (2.500000e+14, from the contract's stress scale 250 and strain scale 0.001), so this is a zero of that family; the generated value is 4.688e-02"
8,plastic,2,4,1|1|1|1,24,-0.0234375,-5.701837748340271e-59,0.0234375,1.0,0.1,1e-07,249999999999999.97,2499999.9999999995,structural_zero,True,"both the generated value and the reference lie below 2.500e+06, which is 1e-08 of the magnitude an order-4 derivative has in this problem (2.500000e+14, from the contract's stress scale 250 and strain scale 0.001), so this is a zero of that family; the generated value is 2.344e-02"
8,plastic,3,4,1|1|1|1,24,-0.0234375,-5.701837748340271e-59,0.0234375,1.0,0.1,1e-07,249999999999999.97,2499999.9999999995,structural_zero,True,"both the generated value and the reference lie below 2.500e+06, which is 1e-08 of the magnitude an order-4 derivative has in this problem (2.500000e+14, from the contract's stress scale 250 and strain scale 0.001), so this is a zero of that family; the generated value is 2.344e-02"
8,plastic,4,4,1|1|1|1,24,0.0,0.0,0.0,0.0,0.1,1e-07,249999999999999.97,2499999.9999999995,structural_zero,True,"both the generated value and the reference lie below 2.500e+06, which is 1e-08 of the magnitude an order-4 derivative has in this problem (2.500000e+14, from the contract's stress scale 250 and strain scale 0.001), so this is a zero of that family; the generated value is 0.000e+00"
8,plastic,5,4,1|1|1|1,24,0.0,0.0,0.0,0.0,0.1,1e-07,249999999999999.97,2499999.9999999995,structural_zero,True,"both the generated value and the reference lie below 2.500e+06, which is 1e-08 of the magnitude an order-4 derivative has in this problem (2.500000e+14, from the contract's stress scale 250 and strain scale 0.001), so this is a zero of that family; the generated value is 0.000e+00"
8,plastic,6,4,1|1|1|1,24,0.0,0.0,0.0,0.0,0.1,1e-07,249999999999999.97,2499999.9999999995,structural_zero,True,"both the generated value and the reference lie below 2.500e+06, which is 1e-08 of the magnitude an order-4 derivative has in this problem (2.500000e+14, from the contract's stress scale 250 and strain scale 0.001), so this is a zero of that family; the generated value is 0.000e+00"
8,plastic,1,4,1|1|2|2,4,-60062120287344.375,-60062120287308.016,36.359375,6.053628281194935e-13,0.1,1e-07,249999999999999.97,2499999.9999999995,tolerance,True,"absolute error 3.636e+01 against a tolerance of 1e-01, relative error 6.054e-13 against 1e-07"
8,plastic,2,4,1|1|2|2,4,90093180431016.55,90093180431033.69,17.140625,1.9025441124393588e-13,0.1,1e-07,249999999999999.97,2499999.9999999995,tolerance,True,"absolute error 1.714e+01 against a tolerance of 1e-01, relative error 1.903e-13 against 1e-07"
8,plastic,3,4,1|1|2|2,4,-30031060143672.156,-30031060143725.67,53.515625,1.7820091846201743e-12,0.1,1e-07,249999999999999.97,2499999.9999999995,tolerance,True,"absolute error 5.352e+01 against a tolerance of 1e-01, relative error 1.782e-12 against 1e-07"
8,plastic,4,4,1|1|2|2,4,0.0,0.0,0.0,0.0,0.1,1e-07,249999999999999.97,2499999.9999999995,structural_zero,True,"both the generated value and the reference lie below 2.500e+06, which is 1e-08 of the magnitude an order-4 derivative has in this problem (2.500000e+14, from the contract's stress scale 250 and strain scale 0.001), so this is a zero of that family; the generated value is 0.000e+00"
8,plastic,5,4,1|1|2|2,4,0.0,0.0,0.0,0.0,0.1,1e-07,249999999999999.97,2499999.9999999995,structural_zero,True,"both the generated value and the reference lie below 2.500e+06, which is 1e-08 of the magnitude an order-4 derivative has in this problem (2.500000e+14, from the contract's stress scale 250 and strain scale 0.001), so this is a zero of that family; the generated value is 0.000e+00"
8,plastic,6,4,1|1|2|2,4,0.0,0.0,0.0,0.0,0.1,1e-07,249999999999999.97,2499999.9999999995,structural_zero,True,"both the generated value and the reference lie below 2.500e+06, which is 1e-08 of the magnitude an order-4 derivative has in this problem (2.500000e+14, from the contract's stress scale 250 and strain scale 0.001), so this is a zero of that family; the generated value is 0.000e+00"
9,plastic,1,2,1|1,2,2.9802322387695312e-08,1.6979398272800086e-69,2.9802322387695312e-08,1.0,1e-05,1e-07,250000000.0,2.5,structural_zero,True,"both the generated value and the reference lie below 2.500e+00, which is 1e-08 of the magnitude an order-2 derivative has in this problem (2.500000e+08, from the contract's stress scale 250 and strain scale 0.001), so this is a zero of that family; the generated value is 2.980e-08"
9,plastic,2,2,1|1,2,-2.2351741790771484e-08,-1.9379153228689164e-69,2.2351741790771484e-08,1.0,1e-05,1e-07,250000000.0,2.5,structural_zero,True,"both the generated value and the reference lie below 2.500e+00, which is 1e-08 of the magnitude an order-2 derivative has in this problem (2.500000e+08, from the contract's stress scale 250 and strain scale 0.001), so this is a zero of that family; the generated value is 2.235e-08"
9,plastic,3,2,1|1,2,-2.2351741790771484e-08,-1.9379153228689164e-69,2.2351741790771484e-08,1.0,1e-05,1e-07,250000000.0,2.5,structural_zero,True,"both the generated value and the reference lie below 2.500e+00, which is 1e-08 of the magnitude an order-2 derivative has in this problem (2.500000e+08, from the contract's stress scale 250 and strain scale 0.001), so this is a zero of that family; the generated value is 2.235e-08"
9,plastic,4,2,1|1,2,0.0,0.0,0.0,0.0,1e-05,1e-07,250000000.0,2.5,structural_zero,True,"both the generated value and the reference lie below 2.500e+00, which is 1e-08 of the magnitude an order-2 derivative has in this problem (2.500000e+08, from the contract's stress scale 250 and strain scale 0.001), so this is a zero of that family; the generated value is 0.000e+00"
9,plastic,5,2,1|1,2,0.0,0.0,0.0,0.0,1e-05,1e-07,250000000.0,2.5,structural_zero,True,"both the generated value and the reference lie below 2.500e+00, which is 1e-08 of the magnitude an order-2 derivative has in this problem (2.500000e+08, from the contract's stress scale 250 and strain scale 0.001), so this is a zero of that family; the generated value is 0.000e+00"
9,plastic,6,2,1|1,2,0.0,0.0,0.0,0.0,1e-05,1e-07,250000000.0,2.5,structural_zero,True,"both the generated value and the reference lie below 2.500e+00, which is 1e-08 of the magnitude an order-2 derivative has in this problem (2.500000e+08, from the contract's stress scale 250 and strain scale 0.001), so this is a zero of that family; the generated value is 0.000e+00"
9,plastic,1,2,1|2,1,-1.1175870895385742e-08,-9.26659726074189e-06,9.255421389846504e-06,0.9987939617336417,1e-05,1e-07,250000000.0,2.5,structural_zero,True,"both the generated value and the reference lie below 2.500e+00, which is 1e-08 of the magnitude an order-2 derivative has in this problem (2.500000e+08, from the contract's stress scale 250 and strain scale 0.001), so this is a zero of that family; the generated value is 1.118e-08"
9,plastic,2,2,1|2,1,-35198871.18427463,-35198871.18426886,5.766749382019043e-06,1.638333613549341e-13,1e-05,1e-07,250000000.0,2.5,tolerance,True,"absolute error 5.767e-06 against a tolerance of 1e-05, relative error 1.638e-13 against 1e-07"
9,plastic,3,2,1|2,1,35198871.184274636,35198871.18427813,3.4943222999572754e-06,9.927370345666209e-14,1e-05,1e-07,250000000.0,2.5,tolerance,True,"absolute error 3.494e-06 against a tolerance of 1e-05, relative error 9.927e-14 against 1e-07"
9,plastic,4,2,1|2,1,0.0,0.0,0.0,0.0,1e-05,1e-07,250000000.0,2.5,structural_zero,True,"both the generated value and the reference lie below 2.500e+00, which is 1e-08 of the magnitude an order-2 derivative has in this problem (2.500000e+08, from the contract's stress scale 250 and strain scale 0.001), so this is a zero of that family; the generated value is 0.000e+00"
9,plastic,5,2,1|2,1,0.0,0.0,0.0,0.0,1e-05,1e-07,250000000.0,2.5,structural_zero,True,"both the generated value and the reference lie below 2.500e+00, which is 1e-08 of the magnitude an order-2 derivative has in this problem (2.500000e+08, from the contract's stress scale 250 and strain scale 0.001), so this is a zero of that family; the generated value is 0.000e+00"
9,plastic,6,2,1|2,1,0.0,0.0,0.0,0.0,1e-05,1e-07,250000000.0,2.5,structural_zero,True,"both the generated value and the reference lie below 2.500e+00, which is 1e-08 of the magnitude an order-2 derivative has in this problem (2.500000e+08, from the contract's stress scale 250 and strain scale 0.001), so this is a zero of that family; the generated value is 0.000e+00"
9,plastic,1,3,1|1|1,6,0.0,1.9703303072451582e-64,1.9703303072451582e-64,1.0,0.02,1e-07,249999999999.99997,2499.9999999999995,structural_zero,True,"both the generated value and the reference lie below 2.500e+03, which is 1e-08 of the magnitude an order-3 derivative has in this problem (2.500000e+11, from the contract's stress scale 250 and strain scale 0.001), so this is a zero of that family; the generated value is 0.000e+00"
9,plastic,2,3,1|1|1,6,2.288818359375e-05,4.2730054855919094e-65,2.288818359375e-05,1.0,0.02,1e-07,249999999999.99997,2499.9999999999995,structural_zero,True,"both the generated value and the reference lie below 2.500e+03, which is 1e-08 of the magnitude an order-3 derivative has in this problem (2.500000e+11, from the contract's stress scale 250 and strain scale 0.001), so this is a zero of that family; the generated value is 2.289e-05"
9,plastic,3,3,1|1|1,6,2.288818359375e-05,4.2730054855919094e-65,2.288818359375e-05,1.0,0.02,1e-07,249999999999.99997,2499.9999999999995,structural_zero,True,"both the generated value and the reference lie below 2.500e+03, which is 1e-08 of the magnitude an order-3 derivative has in this problem (2.500000e+11, from the contract's stress scale 250 and strain scale 0.001), so this is a zero of that family; the generated value is 2.289e-05"
9,plastic,4,3,1|1|1,6,0.0,0.0,0.0,0.0,0.02,1e-07,249999999999.99997,2499.9999999999995,structural_zero,True,"both the generated value and the reference lie below 2.500e+03, which is 1e-08 of the magnitude an order-3 derivative has in this problem (2.500000e+11, from the contract's stress scale 250 and strain scale 0.001), so this is a zero of that family; the generated value is 0.000e+00"
9,plastic,5,3,1|1|1,6,0.0,0.0,0.0,0.0,0.02,1e-07,249999999999.99997,2499.9999999999995,structural_zero,True,"both the generated value and the reference lie below 2.500e+03, which is 1e-08 of the magnitude an order-3 derivative has in this problem (2.500000e+11, from the contract's stress scale 250 and strain scale 0.001), so this is a zero of that family; the generated value is 0.000e+00"
9,plastic,6,3,1|1|1,6,0.0,0.0,0.0,0.0,0.02,1e-07,249999999999.99997,2499.9999999999995,structural_zero,True,"both the generated value and the reference lie below 2.500e+03, which is 1e-08 of the magnitude an order-3 derivative has in this problem (2.500000e+11, from the contract's stress scale 250 and strain scale 0.001), so this is a zero of that family; the generated value is 0.000e+00"
9,plastic,1,3,1|1|2,2,-3.814697265625e-06,0.0493088933493157,0.049312708046581326,1.000077363270731,0.02,1e-07,249999999999.99997,2499.9999999999995,structural_zero,True,"both the generated value and the reference lie below 2.500e+03, which is 1e-08 of the magnitude an order-3 derivative has in this problem (2.500000e+11, from the contract's stress scale 250 and strain scale 0.001), so this is a zero of that family; the generated value is 3.815e-06"
9,plastic,2,3,1|1|2,2,37481053647.79277,37481053647.77647,0.01630401611328125,4.349935374413195e-13,0.02,1e-07,249999999999.99997,2499.9999999999995,tolerance,True,"absolute error 1.630e-02 against a tolerance of 2e-02, relative error 4.350e-13 against 1e-07"
9,plastic,3,3,1|1|2,2,-37481053647.79276,-37481053647.825775,0.03301239013671875,8.807754031384801e-13,0.02,1e-07,249999999999.99997,2499.9999999999995,tolerance,True,"absolute error 3.301e-02 against a tolerance of 2e-02, relative error 8.808e-13 against 1e-07"
9,plastic,4,3,1|1|2,2,0.0,0.0,0.0,0.0,0.02,1e-07,249999999999.99997,2499.9999999999995,structural_zero,True,"both the generated value and the reference lie below 2.500e+03, which is 1e-08 of the magnitude an order-3 derivative has in this problem (2.500000e+11, from the contract's stress scale 250 and strain scale 0.001), so this is a zero of that family; the generated value is 0.000e+00"
9,plastic,5,3,1|1|2,2,0.0,0.0,0.0,0.0,0.02,1e-07,249999999999.99997,2499.9999999999995,structural_zero,True,"both the generated value and the reference lie below 2.500e+03, which is 1e-08 of the magnitude an order-3 derivative has in this problem (2.500000e+11, from the contract's stress scale 250 and strain scale 0.001), so this is a zero of that family; the generated value is 0.000e+00"
9,plastic,6,3,1|1|2,2,0.0,0.0,0.0,0.0,0.02,1e-07,249999999999.99997,2499.9999999999995,structural_zero,True,"both the generated value and the reference lie below 2.500e+03, which is 1e-08 of the magnitude an order-3 derivative has in this problem (2.500000e+11, from the contract's stress scale 250 and strain scale 0.001), so this is a zero of that family; the generated value is 0.000e+00"
9,plastic,1,4,1|1|1|1,24,0.0,-4.807279302147732e-59,4.807279302147732e-59,1.0,0.1,1e-07,249999999999999.97,2499999.9999999995,structural_zero,True,"both the generated value and the reference lie below 2.500e+06, which is 1e-08 of the magnitude an order-4 derivative has in this problem (2.500000e+14, from the contract's stress scale 250 and strain scale 0.001), so this is a zero of that family; the generated value is 0.000e+00"
9,plastic,2,4,1|1|1|1,24,-0.0234375,9.956824444577827e-60,0.0234375,1.0,0.1,1e-07,249999999999999.97,2499999.9999999995,structural_zero,True,"both the generated value and the reference lie below 2.500e+06, which is 1e-08 of the magnitude an order-4 derivative has in this problem (2.500000e+14, from the contract's stress scale 250 and strain scale 0.001), so this is a zero of that family; the generated value is 2.344e-02"
9,plastic,3,4,1|1|1|1,24,-0.0234375,9.956824444577827e-60,0.0234375,1.0,0.1,1e-07,249999999999999.97,2499999.9999999995,structural_zero,True,"both the generated value and the reference lie below 2.500e+06, which is 1e-08 of the magnitude an order-4 derivative has in this problem (2.500000e+14, from the contract's stress scale 250 and strain scale 0.001), so this is a zero of that family; the generated value is 2.344e-02"
9,plastic,4,4,1|1|1|1,24,0.0,0.0,0.0,0.0,0.1,1e-07,249999999999999.97,2499999.9999999995,structural_zero,True,"both the generated value and the reference lie below 2.500e+06, which is 1e-08 of the magnitude an order-4 derivative has in this problem (2.500000e+14, from the contract's stress scale 250 and strain scale 0.001), so this is a zero of that family; the generated value is 0.000e+00"
9,plastic,5,4,1|1|1|1,24,0.0,0.0,0.0,0.0,0.1,1e-07,249999999999999.97,2499999.9999999995,structural_zero,True,"both the generated value and the reference lie below 2.500e+06, which is 1e-08 of the magnitude an order-4 derivative has in this problem (2.500000e+14, from the contract's stress scale 250 and strain scale 0.001), so this is a zero of that family; the generated value is 0.000e+00"
9,plastic,6,4,1|1|1|1,24,0.0,0.0,0.0,0.0,0.1,1e-07,249999999999999.97,2499999.9999999995,structural_zero,True,"both the generated value and the reference lie below 2.500e+06, which is 1e-08 of the magnitude an order-4 derivative has in this problem (2.500000e+14, from the contract's stress scale 250 and strain scale 0.001), so this is a zero of that family; the generated value is 0.000e+00"
9,plastic,1,4,1|1|2|2,4,-59866808307321.69,-59866808307285.766,35.921875,6.000298999672373e-13,0.1,1e-07,249999999999999.97,2499999.9999999995,tolerance,True,"absolute error 3.592e+01 against a tolerance of 1e-01, relative error 6.000e-13 against 1e-07"
9,plastic,2,4,1|1|2|2,4,89800212460982.55,89800212460999.44,16.890625,1.8809114741611174e-13,0.1,1e-07,249999999999999.97,2499999.9999999995,tolerance,True,"absolute error 1.689e+01 against a tolerance of 1e-01, relative error 1.881e-13 against 1e-07"
9,plastic,3,4,1|1|2|2,4,-29933404153660.832,-29933404153713.664,52.83203125,1.764985732284159e-12,0.1,1e-07,249999999999999.97,2499999.9999999995,tolerance,True,"absolute error 5.283e+01 against a tolerance of 1e-01, relative error 1.765e-12 against 1e-07"
9,plastic,4,4,1|1|2|2,4,0.0,0.0,0.0,0.0,0.1,1e-07,249999999999999.97,2499999.9999999995,structural_zero,True,"both the generated value and the reference lie below 2.500e+06, which is 1e-08 of the magnitude an order-4 derivative has in this problem (2.500000e+14, from the contract's stress scale 250 and strain scale 0.001), so this is a zero of that family; the generated value is 0.000e+00"
9,plastic,5,4,1|1|2|2,4,0.0,0.0,0.0,0.0,0.1,1e-07,249999999999999.97,2499999.9999999995,structural_zero,True,"both the generated value and the reference lie below 2.500e+06, which is 1e-08 of the magnitude an order-4 derivative has in this problem (2.500000e+14, from the contract's stress scale 250 and strain scale 0.001), so this is a zero of that family; the generated value is 0.000e+00"
9,plastic,6,4,1|1|2|2,4,0.0,0.0,0.0,0.0,0.1,1e-07,249999999999999.97,2499999.9999999995,structural_zero,True,"both the generated value and the reference lie below 2.500e+06, which is 1e-08 of the magnitude an order-4 derivative has in this problem (2.500000e+14, from the contract's stress scale 250 and strain scale 0.001), so this is a zero of that family; the generated value is 0.000e+00"
10,plastic,1,2,1|1,2,1.4901161193847656e-08,-3.5634097175183113e-69,1.4901161193847656e-08,1.0,1e-05,1e-07,250000000.0,2.5,structural_zero,True,"both the generated value and the reference lie below 2.500e+00, which is 1e-08 of the magnitude an order-2 derivative has in this problem (2.500000e+08, from the contract's stress scale 250 and strain scale 0.001), so this is a zero of that family; the generated value is 1.490e-08"
10,plastic,2,2,1|1,2,0.0,2.2322248929307846e-69,2.2322248929307846e-69,1.0,1e-05,1e-07,250000000.0,2.5,structural_zero,True,"both the generated value and the reference lie below 2.500e+00, which is 1e-08 of the magnitude an order-2 derivative has in this problem (2.500000e+08, from the contract's stress scale 250 and strain scale 0.001), so this is a zero of that family; the generated value is 0.000e+00"
10,plastic,3,2,1|1,2,0.0,2.2322248929307846e-69,2.2322248929307846e-69,1.0,1e-05,1e-07,250000000.0,2.5,structural_zero,True,"both the generated value and the reference lie below 2.500e+00, which is 1e-08 of the magnitude an order-2 derivative has in this problem (2.500000e+08, from the contract's stress scale 250 and strain scale 0.001), so this is a zero of that family; the generated value is 0.000e+00"
10,plastic,4,2,1|1,2,0.0,0.0,0.0,0.0,1e-05,1e-07,250000000.0,2.5,structural_zero,True,"both the generated value and the reference lie below 2.500e+00, which is 1e-08 of the magnitude an order-2 derivative has in this problem (2.500000e+08, from the contract's stress scale 250 and strain scale 0.001), so this is a zero of that family; the generated value is 0.000e+00"
10,plastic,5,2,1|1,2,0.0,0.0,0.0,0.0,1e-05,1e-07,250000000.0,2.5,structural_zero,True,"both the generated value and the reference lie below 2.500e+00, which is 1e-08 of the magnitude an order-2 derivative has in this problem (2.500000e+08, from the contract's stress scale 250 and strain scale 0.001), so this is a zero of that family; the generated value is 0.000e+00"
10,plastic,6,2,1|1,2,0.0,0.0,0.0,0.0,1e-05,1e-07,250000000.0,2.5,structural_zero,True,"both the generated value and the reference lie below 2.500e+00, which is 1e-08 of the magnitude an order-2 derivative has in this problem (2.500000e+08, from the contract's stress scale 250 and strain scale 0.001), so this is a zero of that family; the generated value is 0.000e+00"
10,plastic,1,2,1|2,1,-1.4901161193847656e-08,-9.173428274995615e-06,9.158527113801768e-06,0.9983756169725048,1e-05,1e-07,250000000.0,2.5,structural_zero,True,"both the generated value and the reference lie below 2.500e+00, which is 1e-08 of the magnitude an order-2 derivative has in this problem (2.500000e+08, from the contract's stress scale 250 and strain scale 0.001), so this is a zero of that family; the generated value is 1.490e-08"
10,plastic,2,2,1|2,1,-35164828.376487635,-35164828.3764819,5.736947059631348e-06,1.6314446350226636e-13,1e-05,1e-07,250000000.0,2.5,tolerance,True,"absolute error 5.737e-06 against a tolerance of 1e-05, relative error 1.631e-13 against 1e-07"
10,plastic,3,2,1|2,1,35164828.37648761,35164828.37649108,3.46451997756958e-06,9.852230588122913e-14,1e-05,1e-07,250000000.0,2.5,tolerance,True,"absolute error 3.465e-06 against a tolerance of 1e-05, relative error 9.852e-14 against 1e-07"
10,plastic,4,2,1|2,1,0.0,0.0,0.0,0.0,1e-05,1e-07,250000000.0,2.5,structural_zero,True,"both the generated value and the reference lie below 2.500e+00, which is 1e-08 of the magnitude an order-2 derivative has in this problem (2.500000e+08, from the contract's stress scale 250 and strain scale 0.001), so this is a zero of that family; the generated value is 0.000e+00"
10,plastic,5,2,1|2,1,0.0,0.0,0.0,0.0,1e-05,1e-07,250000000.0,2.5,structural_zero,True,"both the generated value and the reference lie below 2.500e+00, which is 1e-08 of the magnitude an order-2 derivative has in this problem (2.500000e+08, from the contract's stress scale 250 and strain scale 0.001), so this is a zero of that family; the generated value is 0.000e+00"
10,plastic,6,2,1|2,1,0.0,0.0,0.0,0.0,1e-05,1e-07,250000000.0,2.5,structural_zero,True,"both the generated value and the reference lie below 2.500e+00, which is 1e-08 of the magnitude an order-2 derivative has in this problem (2.500000e+08, from the contract's stress scale 250 and strain scale 0.001), so this is a zero of that family; the generated value is 0.000e+00"
10,plastic,1,3,1|1|1,6,-4.57763671875e-05,-1.4005962424995703e-64,4.57763671875e-05,1.0,0.02,1e-07,249999999999.99997,2499.9999999999995,structural_zero,True,"both the generated value and the reference lie below 2.500e+03, which is 1e-08 of the magnitude an order-3 derivative has in this problem (2.500000e+11, from the contract's stress scale 250 and strain scale 0.001), so this is a zero of that family; the generated value is 4.578e-05"
10,plastic,2,3,1|1|1,6,0.0,7.121675809319849e-65,7.121675809319849e-65,1.0,0.02,1e-07,249999999999.99997,2499.9999999999995,structural_zero,True,"both the generated value and the reference lie below 2.500e+03, which is 1e-08 of the magnitude an order-3 derivative has in this problem (2.500000e+11, from the contract's stress scale 250 and strain scale 0.001), so this is a zero of that family; the generated value is 0.000e+00"
10,plastic,3,3,1|1|1,6,0.0,7.121675809319849e-65,7.121675809319849e-65,1.0,0.02,1e-07,249999999999.99997,2499.9999999999995,structural_zero,True,"both the generated value and the reference lie below 2.500e+03, which is 1e-08 of the magnitude an order-3 derivative has in this problem (2.500000e+11, from the contract's stress scale 250 and strain scale 0.001), so this is a zero of that family; the generated value is 0.000e+00"
10,plastic,4,3,1|1|1,6,0.0,0.0,0.0,0.0,0.02,1e-07,249999999999.99997,2499.9999999999995,structural_zero,True,"both the generated value and the reference lie below 2.500e+03, which is 1e-08 of the magnitude an order-3 derivative has in this problem (2.500000e+11, from the contract's stress scale 250 and strain scale 0.001), so this is a zero of that family; the generated value is 0.000e+00"
10,plastic,5,3,1|1|1,6,0.0,0.0,0.0,0.0,0.02,1e-07,249999999999.99997,2499.9999999999995,structural_zero,True,"both the generated value and the reference lie below 2.500e+03, which is 1e-08 of the magnitude an order-3 derivative has in this problem (2.500000e+11, from the contract's stress scale 250 and strain scale 0.001), so this is a zero of that family; the generated value is 0.000e+00"
10,plastic,6,3,1|1|1,6,0.0,0.0,0.0,0.0,0.02,1e-07,249999999999.99997,2499.9999999999995,structural_zero,True,"both the generated value and the reference lie below 2.500e+03, which is 1e-08 of the magnitude an order-3 derivative has in this problem (2.500000e+11, from the contract's stress scale 250 and strain scale 0.001), so this is a zero of that family; the generated value is 0.000e+00"
10,plastic,1,3,1|1|2,2,3.0517578125e-05,0.04875742979528448,0.04872691221715948,0.9993740937893336,0.02,1e-07,249999999999.99997,2499.9999999999995,structural_zero,True,"both the generated value and the reference lie below 2.500e+03, which is 1e-08 of the magnitude an order-3 derivative has in this problem (2.500000e+11, from the contract's stress scale 250 and strain scale 0.001), so this is a zero of that family; the generated value is 3.052e-05"
10,plastic,2,3,1|1|2,2,37402028354.042755,37402028354.02661,0.016143798828125,4.316289660900177e-13,0.02,1e-07,249999999999.99997,2499.9999999999995,tolerance,True,"absolute error 1.614e-02 against a tolerance of 2e-02, relative error 4.316e-13 against 1e-07"
10,plastic,3,3,1|1|2,2,-37402028354.04274,-37402028354.07537,0.03263092041015625,8.72437187129204e-13,0.02,1e-07,249999999999.99997,2499.9999999999995,tolerance,True,"absolute error 3.263e-02 against a tolerance of 2e-02, relative error 8.724e-13 against 1e-07"
10,plastic,4,3,1|1|2,2,0.0,0.0,0.0,0.0,0.02,1e-07,249999999999.99997,2499.9999999999995,structural_zero,True,"both the generated value and the reference lie below 2.500e+03, which is 1e-08 of the magnitude an order-3 derivative has in this problem (2.500000e+11, from the contract's stress scale 250 and strain scale 0.001), so this is a zero of that family; the generated value is 0.000e+00"
10,plastic,5,3,1|1|2,2,0.0,0.0,0.0,0.0,0.02,1e-07,249999999999.99997,2499.9999999999995,structural_zero,True,"both the generated value and the reference lie below 2.500e+03, which is 1e-08 of the magnitude an order-3 derivative has in this problem (2.500000e+11, from the contract's stress scale 250 and strain scale 0.001), so this is a zero of that family; the generated value is 0.000e+00"
10,plastic,6,3,1|1|2,2,0.0,0.0,0.0,0.0,0.02,1e-07,249999999999.99997,2499.9999999999995,structural_zero,True,"both the generated value and the reference lie below 2.500e+03, which is 1e-08 of the magnitude an order-3 derivative has in this problem (2.500000e+11, from the contract's stress scale 250 and strain scale 0.001), so this is a zero of that family; the generated value is 0.000e+00"
10,plastic,1,4,1|1|1|1,24,-0.046875,6.254130354250447e-59,0.046875,1.0,0.1,1e-07,249999999999999.97,2499999.9999999995,structural_zero,True,"both the generated value and the reference lie below 2.500e+06, which is 1e-08 of the magnitude an order-4 derivative has in this problem (2.500000e+14, from the contract's stress scale 250 and strain scale 0.001), so this is a zero of that family; the generated value is 4.688e-02"
10,plastic,2,4,1|1|1|1,24,0.0703125,-4.122747621583006e-59,0.0703125,1.0,0.1,1e-07,249999999999999.97,2499999.9999999995,structural_zero,True,"both the generated value and the reference lie below 2.500e+06, which is 1e-08 of the magnitude an order-4 derivative has in this problem (2.500000e+14, from the contract's stress scale 250 and strain scale 0.001), so this is a zero of that family; the generated value is 7.031e-02"
10,plastic,3,4,1|1|1|1,24,0.0703125,-4.122747621583006e-59,0.0703125,1.0,0.1,1e-07,249999999999999.97,2499999.9999999995,structural_zero,True,"both the generated value and the reference lie below 2.500e+06, which is 1e-08 of the magnitude an order-4 derivative has in this problem (2.500000e+14, from the contract's stress scale 250 and strain scale 0.001), so this is a zero of that family; the generated value is 7.031e-02"
10,plastic,4,4,1|1|1|1,24,0.0,0.0,0.0,0.0,0.1,1e-07,249999999999999.97,2499999.9999999995,structural_zero,True,"both the generated value and the reference lie below 2.500e+06, which is 1e-08 of the magnitude an order-4 derivative has in this problem (2.500000e+14, from the contract's stress scale 250 and strain scale 0.001), so this is a zero of that family; the generated value is 0.000e+00"
10,plastic,5,4,1|1|1|1,24,0.0,0.0,0.0,0.0,0.1,1e-07,249999999999999.97,2499999.9999999995,structural_zero,True,"both the generated value and the reference lie below 2.500e+06, which is 1e-08 of the magnitude an order-4 derivative has in this problem (2.500000e+14, from the contract's stress scale 250 and strain scale 0.001), so this is a zero of that family; the generated value is 0.000e+00"
10,plastic,6,4,1|1|1|1,24,0.0,0.0,0.0,0.0,0.1,1e-07,249999999999999.97,2499999.9999999995,structural_zero,True,"both the generated value and the reference lie below 2.500e+06, which is 1e-08 of the magnitude an order-4 derivative has in this problem (2.500000e+14, from the contract's stress scale 250 and strain scale 0.001), so this is a zero of that family; the generated value is 0.000e+00"
10,plastic,1,4,1|1|2|2,4,-59672339788752.19,-59672339788716.72,35.46875,5.943918090955368e-13,0.1,1e-07,249999999999999.97,2499999.9999999995,tolerance,True,"absolute error 3.547e+01 against a tolerance of 1e-01, relative error 5.944e-13 against 1e-07"
10,plastic,2,4,1|1|2|2,4,89508509683128.33,89508509683144.98,16.65625,1.8608565888273836e-13,0.1,1e-07,249999999999999.97,2499999.9999999995,tolerance,True,"absolute error 1.666e+01 against a tolerance of 1e-01, relative error 1.861e-13 against 1e-07"
10,plastic,3,4,1|1|2|2,4,-29836169894376.125,-29836169894428.27,52.14453125,1.7476952113661777e-12,0.1,1e-07,249999999999999.97,2499999.9999999995,tolerance,True,"absolute error 5.214e+01 against a tolerance of 1e-01, relative error 1.748e-12 against 1e-07"
10,plastic,4,4,1|1|2|2,4,0.0,0.0,0.0,0.0,0.1,1e-07,249999999999999.97,2499999.9999999995,structural_zero,True,"both the generated value and the reference lie below 2.500e+06, which is 1e-08 of the magnitude an order-4 derivative has in this problem (2.500000e+14, from the contract's stress scale 250 and strain scale 0.001), so this is a zero of that family; the generated value is 0.000e+00"
10,plastic,5,4,1|1|2|2,4,0.0,0.0,0.0,0.0,0.1,1e-07,249999999999999.97,2499999.9999999995,structural_zero,True,"both the generated value and the reference lie below 2.500e+06, which is 1e-08 of the magnitude an order-4 derivative has in this problem (2.500000e+14, from the contract's stress scale 250 and strain scale 0.001), so this is a zero of that family; the generated value is 0.000e+00"
10,plastic,6,4,1|1|2|2,4,0.0,0.0,0.0,0.0,0.1,1e-07,249999999999999.97,2499999.9999999995,structural_zero,True,"both the generated value and the reference lie below 2.500e+06, which is 1e-08 of the magnitude an order-4 derivative has in this problem (2.500000e+14, from the contract's stress scale 250 and strain scale 0.001), so this is a zero of that family; the generated value is 0.000e+00"
11,plastic,1,2,1|1,2,-1.4901161193847656e-08,8.630062162121857e-69,1.4901161193847656e-08,1.0,1e-05,1e-07,250000000.0,2.5,structural_zero,True,"both the generated value and the reference lie below 2.500e+00, which is 1e-08 of the magnitude an order-2 derivative has in this problem (2.500000e+08, from the contract's stress scale 250 and strain scale 0.001), so this is a zero of that family; the generated value is 1.490e-08"
11,plastic,2,2,1|1,2,7.450580596923828e-09,5.682438621963762e-70,7.450580596923828e-09,1.0,1e-05,1e-07,250000000.0,2.5,structural_zero,True,"both the generated value and the reference lie below 2.500e+00, which is 1e-08 of the magnitude an order-2 derivative has in this problem (2.500000e+08, from the contract's stress scale 250 and strain scale 0.001), so this is a zero of that family; the generated value is 7.451e-09"
11,plastic,3,2,1|1,2,7.450580596923828e-09,5.682438621963762e-70,7.450580596923828e-09,1.0,1e-05,1e-07,250000000.0,2.5,structural_zero,True,"both the generated value and the reference lie below 2.500e+00, which is 1e-08 of the magnitude an order-2 derivative has in this problem (2.500000e+08, from the contract's stress scale 250 and strain scale 0.001), so this is a zero of that family; the generated value is 7.451e-09"
11,plastic,4,2,1|1,2,0.0,0.0,0.0,0.0,1e-05,1e-07,250000000.0,2.5,structural_zero,True,"both the generated value and the reference lie below 2.500e+00, which is 1e-08 of the magnitude an order-2 derivative has in this problem (2.500000e+08, from the contract's stress scale 250 and strain scale 0.001), so this is a zero of that family; the generated value is 0.000e+00"
11,plastic,5,2,1|1,2,0.0,0.0,0.0,0.0,1e-05,1e-07,250000000.0,2.5,structural_zero,True,"both the generated value and the reference lie below 2.500e+00, which is 1e-08 of the magnitude an order-2 derivative has in this problem (2.500000e+08, from the contract's stress scale 250 and strain scale 0.001), so this is a zero of that family; the generated value is 0.000e+00"
11,plastic,6,2,1|1,2,0.0,0.0,0.0,0.0,1e-05,1e-07,250000000.0,2.5,structural_zero,True,"both the generated value and the reference lie below 2.500e+00, which is 1e-08 of the magnitude an order-2 derivative has in this problem (2.500000e+08, from the contract's stress scale 250 and strain scale 0.001), so this is a zero of that family; the generated value is 0.000e+00"
11,plastic,1,2,1|2,1,3.725290298461914e-09,-9.081298577589885e-06,9.085023867888347e-06,1.000410215594899,1e-05,1e-07,250000000.0,2.5,structural_zero,True,"both the generated value and the reference lie below 2.500e+00, which is 1e-08 of the magnitude an order-2 derivative has in this problem (2.500000e+08, from the contract's stress scale 250 and strain scale 0.001), so this is a zero of that family; the generated value is 3.725e-09"
11,plastic,2,2,1|2,1,-35130849.200683475,-35130849.20067779,5.684792995452881e-06,1.6181769370215743e-13,1e-05,1e-07,250000000.0,2.5,tolerance,True,"absolute error 5.685e-06 against a tolerance of 1e-05, relative error 1.618e-13 against 1e-07"
11,plastic,3,2,1|2,1,35130849.20068346,35130849.20068687,3.4123659133911133e-06,9.713303239263557e-14,1e-05,1e-07,250000000.0,2.5,tolerance,True,"absolute error 3.412e-06 against a tolerance of 1e-05, relative error 9.713e-14 against 1e-07"
11,plastic,4,2,1|2,1,0.0,0.0,0.0,0.0,1e-05,1e-07,250000000.0,2.5,structural_zero,True,"both the generated value and the reference lie below 2.500e+00, which is 1e-08 of the magnitude an order-2 derivative has in this problem (2.500000e+08, from the contract's stress scale 250 and strain scale 0.001), so this is a zero of that family; the generated value is 0.000e+00"
11,plastic,5,2,1|2,1,0.0,0.0,0.0,0.0,1e-05,1e-07,250000000.0,2.5,structural_zero,True,"both the generated value and the reference lie below 2.500e+00, which is 1e-08 of the magnitude an order-2 derivative has in this problem (2.500000e+08, from the contract's stress scale 250 and strain scale 0.001), so this is a zero of that family; the generated value is 0.000e+00"
11,plastic,6,2,1|2,1,0.0,0.0,0.0,0.0,1e-05,1e-07,250000000.0,2.5,structural_zero,True,"both the generated value and the reference lie below 2.500e+00, which is 1e-08 of the magnitude an order-2 derivative has in this problem (2.500000e+08, from the contract's stress scale 250 and strain scale 0.001), so this is a zero of that family; the generated value is 0.000e+00"
11,plastic,1,3,1|1|1,6,2.288818359375e-05,-3.2284930335583316e-64,2.288818359375e-05,1.0,0.02,1e-07,249999999999.99997,2499.9999999999995,structural_zero,True,"both the generated value and the reference lie below 2.500e+03, which is 1e-08 of the magnitude an order-3 derivative has in this problem (2.500000e+11, from the contract's stress scale 250 and strain scale 0.001), so this is a zero of that family; the generated value is 2.289e-05"
11,plastic,2,3,1|1|1,6,-1.1444091796875e-05,-1.6617243555079648e-64,1.1444091796875e-05,1.0,0.02,1e-07,249999999999.99997,2499.9999999999995,structural_zero,True,"both the generated value and the reference lie below 2.500e+03, which is 1e-08 of the magnitude an order-3 derivative has in this problem (2.500000e+11, from the contract's stress scale 250 and strain scale 0.001), so this is a zero of that family; the generated value is 1.144e-05"
11,plastic,3,3,1|1|1,6,-1.1444091796875e-05,-1.6617243555079648e-64,1.1444091796875e-05,1.0,0.02,1e-07,249999999999.99997,2499.9999999999995,structural_zero,True,"both the generated value and the reference lie below 2.500e+03, which is 1e-08 of the magnitude an order-3 derivative has in this problem (2.500000e+11, from the contract's stress scale 250 and strain scale 0.001), so this is a zero of that family; the generated value is 1.144e-05"
11,plastic,4,3,1|1|1,6,0.0,0.0,0.0,0.0,0.02,1e-07,249999999999.99997,2499.9999999999995,structural_zero,True,"both the generated value and the reference lie below 2.500e+03, which is 1e-08 of the magnitude an order-3 derivative has in this problem (2.500000e+11, from the contract's stress scale 250 and strain scale 0.001), so this is a zero of that family; the generated value is 0.000e+00"
11,plastic,5,3,1|1|1,6,0.0,0.0,0.0,0.0,0.02,1e-07,249999999999.99997,2499.9999999999995,structural_zero,True,"both the generated value and the reference lie below 2.500e+03, which is 1e-08 of the magnitude an order-3 derivative has in this problem (2.500000e+11, from the contract's stress scale 250 and strain scale 0.001), so this is a zero of that family; the generated value is 0.000e+00"
11,plastic,6,3,1|1|1,6,0.0,0.0,0.0,0.0,0.02,1e-07,249999999999.99997,2499.9999999999995,structural_zero,True,"both the generated value and the reference lie below 2.500e+03, which is 1e-08 of the magnitude an order-3 derivative has in this problem (2.500000e+11, from the contract's stress scale 250 and strain scale 0.001), so this is a zero of that family; the generated value is 0.000e+00"
11,plastic,1,3,1|1|2,2,1.1444091796875e-05,0.04821274082012472,0.04820129672832785,0.9997626334532698,0.02,1e-07,249999999999.99997,2499.9999999999995,structural_zero,True,"both the generated value and the reference lie below 2.500e+03, which is 1e-08 of the magnitude an order-3 derivative has in this problem (2.500000e+11, from the contract's stress scale 250 and strain scale 0.001), so this is a zero of that family; the generated value is 1.144e-05"
11,plastic,2,3,1|1|2,2,37323251007.20381,37323251007.18784,0.01596832275390625,4.278384739535198e-13,0.02,1e-07,249999999999.99997,2499.9999999999995,tolerance,True,"absolute error 1.597e-02 against a tolerance of 2e-02, relative error 4.278e-13 against 1e-07"
11,plastic,3,3,1|1|2,2,-37323251007.20379,-37323251007.23605,0.03226470947265625,8.644667493300871e-13,0.02,1e-07,249999999999.99997,2499.9999999999995,tolerance,True,"absolute error 3.226e-02 against a tolerance of 2e-02, relative error 8.645e-13 against 1e-07"
11,plastic,4,3,1|1|2,2,0.0,0.0,0.0,0.0,0.02,1e-07,249999999999.99997,2499.9999999999995,structural_zero,True,"both the generated value and the reference lie below 2.500e+03, which is 1e-08 of the magnitude an order-3 derivative has in this problem (2.500000e+11, from the contract's stress scale 250 and strain scale 0.001), so this is a zero of that family; the generated value is 0.000e+00"
11,plastic,5,3,1|1|2,2,0.0,0.0,0.0,0.0,0.02,1e-07,249999999999.99997,2499.9999999999995,structural_zero,True,"both the generated value and the reference lie below 2.500e+03, which is 1e-08 of the magnitude an order-3 derivative has in this problem (2.500000e+11, from the contract's stress scale 250 and strain scale 0.001), so this is a zero of that family; the generated value is 0.000e+00"
11,plastic,6,3,1|1|2,2,0.0,0.0,0.0,0.0,0.02,1e-07,249999999999.99997,2499.9999999999995,structural_zero,True,"both the generated value and the reference lie below 2.500e+03, which is 1e-08 of the magnitude an order-3 derivative has in this problem (2.500000e+11, from the contract's stress scale 250 and strain scale 0.001), so this is a zero of that family; the generated value is 0.000e+00"
11,plastic,1,4,1|1|1|1,24,-0.09375,-6.316360507029059e-59,0.09375,1.0,0.1,1e-07,249999999999999.97,2499999.9999999995,structural_zero,True,"both the generated value and the reference lie below 2.500e+06, which is 1e-08 of the magnitude an order-4 derivative has in this problem (2.500000e+14, from the contract's stress scale 250 and strain scale 0.001), so this is a zero of that family; the generated value is 9.375e-02"
11,plastic,2,4,1|1|1|1,24,0.046875,-3.111507638930571e-61,0.046875,1.0,0.1,1e-07,249999999999999.97,2499999.9999999995,structural_zero,True,"both the generated value and the reference lie below 2.500e+06, which is 1e-08 of the magnitude an order-4 derivative has in this problem (2.500000e+14, from the contract's stress scale 250 and strain scale 0.001), so this is a zero of that family; the generated value is 4.688e-02"
11,plastic,3,4,1|1|1|1,24,0.046875,-3.111507638930571e-61,0.046875,1.0,0.1,1e-07,249999999999999.97,2499999.9999999995,structural_zero,True,"both the generated value and the reference lie below 2.500e+06, which is 1e-08 of the magnitude an order-4 derivative has in this problem (2.500000e+14, from the contract's stress scale 250 and strain scale 0.001), so this is a zero of that family; the generated value is 4.688e-02"
11,plastic,4,4,1|1|1|1,24,0.0,0.0,0.0,0.0,0.1,1e-07,249999999999999.97,2499999.9999999995,structural_zero,True,"both the generated value and the reference lie below 2.500e+06, which is 1e-08 of the magnitude an order-4 derivative has in this problem (2.500000e+14, from the contract's stress scale 250 and strain scale 0.001), so this is a zero of that family; the generated value is 0.000e+00"
11,plastic,5,4,1|1|1|1,24,0.0,0.0,0.0,0.0,0.1,1e-07,249999999999999.97,2499999.9999999995,structural_zero,True,"both the generated value and the reference lie below 2.500e+06, which is 1e-08 of the magnitude an order-4 derivative has in this problem (2.500000e+14, from the contract's stress scale 250 and strain scale 0.001), so this is a zero of that family; the generated value is 0.000e+00"
11,plastic,6,4,1|1|1|1,24,0.0,0.0,0.0,0.0,0.1,1e-07,249999999999999.97,2499999.9999999995,structural_zero,True,"both the generated value and the reference lie below 2.500e+06, which is 1e-08 of the magnitude an order-4 derivative has in this problem (2.500000e+14, from the contract's stress scale 250 and strain scale 0.001), so this is a zero of that family; the generated value is 0.000e+00"
11,plastic,1,4,1|1|2|2,4,-59478710198085.89,-59478710198050.8,35.09375,5.900220412165119e-13,0.1,1e-07,249999999999999.97,2499999.9999999995,tolerance,True,"absolute error 3.509e+01 against a tolerance of 1e-01, relative error 5.900e-13 against 1e-07"
11,plastic,2,4,1|1|2|2,4,89218065297128.84,89218065297145.25,16.40625,1.8388932718231627e-13,0.1,1e-07,249999999999999.97,2499999.9999999995,tolerance,True,"absolute error 1.641e+01 against a tolerance of 1e-01, relative error 1.839e-13 against 1e-07"
11,plastic,3,4,1|1|2|2,4,-29739355099042.934,-29739355099094.45,51.515625,1.732237462054738e-12,0.1,1e-07,249999999999999.97,2499999.9999999995,tolerance,True,"absolute error 5.152e+01 against a tolerance of 1e-01, relative error 1.732e-12 against 1e-07"
11,plastic,4,4,1|1|2|2,4,0.0,0.0,0.0,0.0,0.1,1e-07,249999999999999.97,2499999.9999999995,structural_zero,True,"both the generated value and the reference lie below 2.500e+06, which is 1e-08 of the magnitude an order-4 derivative has in this problem (2.500000e+14, from the contract's stress scale 250 and strain scale 0.001), so this is a zero of that family; the generated value is 0.000e+00"
11,plastic,5,4,1|1|2|2,4,0.0,0.0,0.0,0.0,0.1,1e-07,249999999999999.97,2499999.9999999995,structural_zero,True,"both the generated value and the reference lie below 2.500e+06, which is 1e-08 of the magnitude an order-4 derivative has in this problem (2.500000e+14, from the contract's stress scale 250 and strain scale 0.001), so this is a zero of that family; the generated value is 0.000e+00"
11,plastic,6,4,1|1|2|2,4,0.0,0.0,0.0,0.0,0.1,1e-07,249999999999999.97,2499999.9999999995,structural_zero,True,"both the generated value and the reference lie below 2.500e+06, which is 1e-08 of the magnitude an order-4 derivative has in this problem (2.500000e+14, from the contract's stress scale 250 and strain scale 0.001), so this is a zero of that family; the generated value is 0.000e+00"
12,plastic,1,2,1|1,2,2.9802322387695312e-08,9.78013340513285e-70,2.9802322387695312e-08,1.0,1e-05,1e-07,250000000.0,2.5,structural_zero,True,"both the generated value and the reference lie below 2.500e+00, which is 1e-08 of the magnitude an order-2 derivative has in this problem (2.500000e+08, from the contract's stress scale 250 and strain scale 0.001), so this is a zero of that family; the generated value is 2.980e-08"
12,plastic,2,2,1|1,2,3.725290298461914e-08,1.2972260280419265e-69,3.725290298461914e-08,1.0,1e-05,1e-07,250000000.0,2.5,structural_zero,True,"both the generated value and the reference lie below 2.500e+00, which is 1e-08 of the magnitude an order-2 derivative has in this problem (2.500000e+08, from the contract's stress scale 250 and strain scale 0.001), so this is a zero of that family; the generated value is 3.725e-08"
12,plastic,3,2,1|1,2,3.725290298461914e-08,1.2972260280419265e-69,3.725290298461914e-08,1.0,1e-05,1e-07,250000000.0,2.5,structural_zero,True,"both the generated value and the reference lie below 2.500e+00, which is 1e-08 of the magnitude an order-2 derivative has in this problem (2.500000e+08, from the contract's stress scale 250 and strain scale 0.001), so this is a zero of that family; the generated value is 3.725e-08"
12,plastic,4,2,1|1,2,0.0,0.0,0.0,0.0,1e-05,1e-07,250000000.0,2.5,structural_zero,True,"both the generated value and the reference lie below 2.500e+00, which is 1e-08 of the magnitude an order-2 derivative has in this problem (2.500000e+08, from the contract's stress scale 250 and strain scale 0.001), so this is a zero of that family; the generated value is 0.000e+00"
12,plastic,5,2,1|1,2,0.0,0.0,0.0,0.0,1e-05,1e-07,250000000.0,2.5,structural_zero,True,"both the generated value and the reference lie below 2.500e+00, which is 1e-08 of the magnitude an order-2 derivative has in this problem (2.500000e+08, from the contract's stress scale 250 and strain scale 0.001), so this is a zero of that family; the generated value is 0.000e+00"
12,plastic,6,2,1|1,2,0.0,0.0,0.0,0.0,1e-05,1e-07,250000000.0,2.5,structural_zero,True,"both the generated value and the reference lie below 2.500e+00, which is 1e-08 of the magnitude an order-2 derivative has in this problem (2.500000e+08, from the contract's stress scale 250 and strain scale 0.001), so this is a zero of that family; the generated value is 0.000e+00"
12,plastic,1,2,1|2,1,-2.60770320892334e-08,-8.990195435088945e-06,8.964118402999711e-06,0.997099392079125,1e-05,1e-07,250000000.0,2.5,structural_zero,True,"both the generated value and the reference lie below 2.500e+00, which is 1e-08 of the magnitude an order-2 derivative has in this problem (2.500000e+08, from the contract's stress scale 250 and strain scale 0.001), so this is a zero of that family; the generated value is 2.608e-08"
12,plastic,2,2,1|2,1,-35096933.48729868,-35096933.487293065,5.617737770080566e-06,1.6006349307165492e-13,1e-05,1e-07,250000000.0,2.5,tolerance,True,"absolute error 5.618e-06 against a tolerance of 1e-05, relative error 1.601e-13 against 1e-07"
12,plastic,3,2,1|2,1,35096933.487298645,35096933.48730206,3.4123659133911133e-06,9.722689632203039e-14,1e-05,1e-07,250000000.0,2.5,tolerance,True,"absolute error 3.412e-06 against a tolerance of 1e-05, relative error 9.723e-14 against 1e-07"
12,plastic,4,2,1|2,1,0.0,0.0,0.0,0.0,1e-05,1e-07,250000000.0,2.5,structural_zero,True,"both the generated value and the reference lie below 2.500e+00, which is 1e-08 of the magnitude an order-2 derivative has in this problem (2.500000e+08, from the contract's stress scale 250 and strain scale 0.001), so this is a zero of that family; the generated value is 0.000e+00"
12,plastic,5,2,1|2,1,0.0,0.0,0.0,0.0,1e-05,1e-07,250000000.0,2.5,structural_zero,True,"both the generated value and the reference lie below 2.500e+00, which is 1e-08 of the magnitude an order-2 derivative has in this problem (2.500000e+08, from the contract's stress scale 250 and strain scale 0.001), so this is a zero of that family; the generated value is 0.000e+00"
12,plastic,6,2,1|2,1,0.0,0.0,0.0,0.0,1e-05,1e-07,250000000.0,2.5,structural_zero,True,"both the generated value and the reference lie below 2.500e+00, which is 1e-08 of the magnitude an order-2 derivative has in this problem (2.500000e+08, from the contract's stress scale 250 and strain scale 0.001), so this is a zero of that family; the generated value is 0.000e+00"
12,plastic,1,3,1|1|1,6,4.57763671875e-05,-1.4243351618639698e-65,4.57763671875e-05,1.0,0.02,1e-07,249999999999.99997,2499.9999999999995,structural_zero,True,"both the generated value and the reference lie below 2.500e+03, which is 1e-08 of the magnitude an order-3 derivative has in this problem (2.500000e+11, from the contract's stress scale 250 and strain scale 0.001), so this is a zero of that family; the generated value is 4.578e-05"
12,plastic,2,3,1|1|1,6,-9.1552734375e-05,3.3234487110159296e-65,9.1552734375e-05,1.0,0.02,1e-07,249999999999.99997,2499.9999999999995,structural_zero,True,"both the generated value and the reference lie below 2.500e+03, which is 1e-08 of the magnitude an order-3 derivative has in this problem (2.500000e+11, from the contract's stress scale 250 and strain scale 0.001), so this is a zero of that family; the generated value is 9.155e-05"
12,plastic,3,3,1|1|1,6,-9.1552734375e-05,3.3234487110159296e-65,9.1552734375e-05,1.0,0.02,1e-07,249999999999.99997,2499.9999999999995,structural_zero,True,"both the generated value and the reference lie below 2.500e+03, which is 1e-08 of the magnitude an order-3 derivative has in this problem (2.500000e+11, from the contract's stress scale 250 and strain scale 0.001), so this is a zero of that family; the generated value is 9.155e-05"
12,plastic,4,3,1|1|1,6,0.0,0.0,0.0,0.0,0.02,1e-07,249999999999.99997,2499.9999999999995,structural_zero,True,"both the generated value and the reference lie below 2.500e+03, which is 1e-08 of the magnitude an order-3 derivative has in this problem (2.500000e+11, from the contract's stress scale 250 and strain scale 0.001), so this is a zero of that family; the generated value is 0.000e+00"
12,plastic,5,3,1|1|1,6,0.0,0.0,0.0,0.0,0.02,1e-07,249999999999.99997,2499.9999999999995,structural_zero,True,"both the generated value and the reference lie below 2.500e+03, which is 1e-08 of the magnitude an order-3 derivative has in this problem (2.500000e+11, from the contract's stress scale 250 and strain scale 0.001), so this is a zero of that family; the generated value is 0.000e+00"
12,plastic,6,3,1|1|1,6,0.0,0.0,0.0,0.0,0.02,1e-07,249999999999.99997,2499.9999999999995,structural_zero,True,"both the generated value and the reference lie below 2.500e+03, which is 1e-08 of the magnitude an order-3 derivative has in this problem (2.500000e+11, from the contract's stress scale 250 and strain scale 0.001), so this is a zero of that family; the generated value is 0.000e+00"
12,plastic,1,3,1|1|2,2,-1.1444091796875e-05,0.04767473576400561,0.04768617985580249,1.000240045206617,0.02,1e-07,249999999999.99997,2499.9999999999995,structural_zero,True,"both the generated value and the reference lie below 2.500e+03, which is 1e-08 of the magnitude an order-3 derivative has in this problem (2.500000e+11, from the contract's stress scale 250 and strain scale 0.001), so this is a zero of that family; the generated value is 1.144e-05"
12,plastic,2,3,1|1|2,2,37244720579.54267,37244720579.52687,0.01580047607421875,4.2423398077249755e-13,0.02,1e-07,249999999999.99997,2499.9999999999995,tolerance,True,"absolute error 1.580e-02 against a tolerance of 2e-02, relative error 4.242e-13 against 1e-07"
12,plastic,3,3,1|1|2,2,-37244720579.54257,-37244720579.57455,0.03197479248046875,8.585053662076368e-13,0.02,1e-07,249999999999.99997,2499.9999999999995,tolerance,True,"absolute error 3.197e-02 against a tolerance of 2e-02, relative error 8.585e-13 against 1e-07"
12,plastic,4,3,1|1|2,2,0.0,0.0,0.0,0.0,0.02,1e-07,249999999999.99997,2499.9999999999995,structural_zero,True,"both the generated value and the reference lie below 2.500e+03, which is 1e-08 of the magnitude an order-3 derivative has in this problem (2.500000e+11, from the contract's stress scale 250 and strain scale 0.001), so this is a zero of that family; the generated value is 0.000e+00"
12,plastic,5,3,1|1|2,2,0.0,0.0,0.0,0.0,0.02,1e-07,249999999999.99997,2499.9999999999995,structural_zero,True,"both the generated value and the reference lie below 2.500e+03, which is 1e-08 of the magnitude an order-3 derivative has in this problem (2.500000e+11, from the contract's stress scale 250 and strain scale 0.001), so this is a zero of that family; the generated value is 0.000e+00"
12,plastic,6,3,1|1|2,2,0.0,0.0,0.0,0.0,0.02,1e-07,249999999999.99997,2499.9999999999995,structural_zero,True,"both the generated value and the reference lie below 2.500e+03, which is 1e-08 of the magnitude an order-3 derivative has in this problem (2.500000e+11, from the contract's stress scale 250 and strain scale 0.001), so this is a zero of that family; the generated value is 0.000e+00"
12,plastic,1,4,1|1|1|1,24,-0.09375,-9.801249062631298e-60,0.09375,1.0,0.1,1e-07,249999999999999.97,2499999.9999999995,structural_zero,True,"both the generated value and the reference lie below 2.500e+06, which is 1e-08 of the magnitude an order-4 derivative has in this problem (2.500000e+14, from the contract's stress scale 250 and strain scale 0.001), so this is a zero of that family; the generated value is 9.375e-02"
12,plastic,2,4,1|1|1|1,24,0.1875,1.820231968774384e-59,0.1875,1.0,0.1,1e-07,249999999999999.97,2499999.9999999995,structural_zero,True,"both the generated value and the reference lie below 2.500e+06, which is 1e-08 of the magnitude an order-4 derivative has in this problem (2.500000e+14, from the contract's stress scale 250 and strain scale 0.001), so this is a zero of that family; the generated value is 1.875e-01"
12,plastic,3,4,1|1|1|1,24,0.1875,1.820231968774384e-59,0.1875,1.0,0.1,1e-07,249999999999999.97,2499999.9999999995,structural_zero,True,"both the generated value and the reference lie below 2.500e+06, which is 1e-08 of the magnitude an order-4 derivative has in this problem (2.500000e+14, from the contract's stress scale 250 and strain scale 0.001), so this is a zero of that family; the generated value is 1.875e-01"
12,plastic,4,4,1|1|1|1,24,0.0,0.0,0.0,0.0,0.1,1e-07,249999999999999.97,2499999.9999999995,structural_zero,True,"both the generated value and the reference lie below 2.500e+06, which is 1e-08 of the magnitude an order-4 derivative has in this problem (2.500000e+14, from the contract's stress scale 250 and strain scale 0.001), so this is a zero of that family; the generated value is 0.000e+00"
12,plastic,5,4,1|1|1|1,24,0.0,0.0,0.0,0.0,0.1,1e-07,249999999999999.97,2499999.9999999995,structural_zero,True,"both the generated value and the reference lie below 2.500e+06, which is 1e-08 of the magnitude an order-4 derivative has in this problem (2.500000e+14, from the contract's stress scale 250 and strain scale 0.001), so this is a zero of that family; the generated value is 0.000e+00"
12,plastic,6,4,1|1|1|1,24,0.0,0.0,0.0,0.0,0.1,1e-07,249999999999999.97,2499999.9999999995,structural_zero,True,"both the generated value and the reference lie below 2.500e+06, which is 1e-08 of the magnitude an order-4 derivative has in this problem (2.500000e+14, from the contract's stress scale 250 and strain scale 0.001), so this is a zero of that family; the generated value is 0.000e+00"
12,plastic,1,4,1|1|2|2,4,-59285915030876.39,-59285915030841.79,34.6015625,5.836388370151551e-13,0.1,1e-07,249999999999999.97,2499999.9999999995,tolerance,True,"absolute error 3.460e+01 against a tolerance of 1e-01, relative error 5.836e-13 against 1e-07"
12,plastic,2,4,1|1|2|2,4,88928872546314.58,88928872546330.88,16.296875,1.832574116073441e-13,0.1,1e-07,249999999999999.97,2499999.9999999995,tolerance,True,"absolute error 1.630e+01 against a tolerance of 1e-01, relative error 1.833e-13 against 1e-07"
12,plastic,3,4,1|1|2|2,4,-29642957515438.2,-29642957515489.094,50.89453125,1.7169181321872656e-12,0.1,1e-07,249999999999999.97,2499999.9999999995,tolerance,True,"absolute error 5.089e+01 against a tolerance of 1e-01, relative error 1.717e-12 against 1e-07"
12,plastic,4,4,1|1|2|2,4,0.0,0.0,0.0,0.0,0.1,1e-07,249999999999999.97,2499999.9999999995,structural_zero,True,"both the generated value and the reference lie below 2.500e+06, which is 1e-08 of the magnitude an order-4 derivative has in this problem (2.500000e+14, from the contract's stress scale 250 and strain scale 0.001), so this is a zero of that family; the generated value is 0.000e+00"
12,plastic,5,4,1|1|2|2,4,0.0,0.0,0.0,0.0,0.1,1e-07,249999999999999.97,2499999.9999999995,structural_zero,True,"both the generated value and the reference lie below 2.500e+06, which is 1e-08 of the magnitude an order-4 derivative has in this problem (2.500000e+14, from the contract's stress scale 250 and strain scale 0.001), so this is a zero of that family; the generated value is 0.000e+00"
12,plastic,6,4,1|1|2|2,4,0.0,0.0,0.0,0.0,0.1,1e-07,249999999999999.97,2499999.9999999995,structural_zero,True,"both the generated value and the reference lie below 2.500e+06, which is 1e-08 of the magnitude an order-4 derivative has in this problem (2.500000e+14, from the contract's stress scale 250 and strain scale 0.001), so this is a zero of that family; the generated value is 0.000e+00"
13,plastic,1,2,1|1,2,-1173558.9447137266,-1173558.944713565,1.6158446669578552e-07,1.3768755921774495e-13,1e-05,1e-07,250000000.0,2.5,tolerance,True,"absolute error 1.616e-07 against a tolerance of 1e-05, relative error 1.377e-13 against 1e-07"
13,plastic,2,2,1|1,2,-2507311.905620195,-2507311.9056202,5.122274160385132e-09,2.0429345662593595e-15,1e-05,1e-07,250000000.0,2.5,tolerance,True,"absolute error 5.122e-09 against a tolerance of 1e-05, relative error 2.043e-15 against 1e-07"
13,plastic,3,2,1|1,2,3680870.8503340483,3680870.850333765,2.8312206268310547e-07,7.69171411318089e-14,1e-05,1e-07,250000000.0,2.5,tolerance,True,"absolute error 2.831e-07 against a tolerance of 1e-05, relative error 7.692e-14 against 1e-07"
13,plastic,4,2,1|1,2,6188182.7559542535,6188182.755953965,2.8870999813079834e-07,4.6655053594369415e-14,1e-05,1e-07,250000000.0,2.5,tolerance,True,"absolute error 2.887e-07 against a tolerance of 1e-05, relative error 4.666e-14 against 1e-07"
13,plastic,5,2,1|1,2,0.0,0.0,0.0,0.0,1e-05,1e-07,250000000.0,2.5,structural_zero,True,"both the generated value and the reference lie below 2.500e+00, which is 1e-08 of the magnitude an order-2 derivative has in this problem (2.500000e+08, from the contract's stress scale 250 and strain scale 0.001), so this is a zero of that family; the generated value is 0.000e+00"
13,plastic,6,2,1|1,2,0.0,0.0,0.0,0.0,1e-05,1e-07,250000000.0,2.5,structural_zero,True,"both the generated value and the reference lie below 2.500e+00, which is 1e-08 of the magnitude an order-2 derivative has in this problem (2.500000e+08, from the contract's stress scale 250 and strain scale 0.001), so this is a zero of that family; the generated value is 0.000e+00"
13,plastic,1,2,1|2,1,-2507311.905620251,-2507311.905625202,4.9513764679431915e-06,1.9747748402720394e-12,1e-05,1e-07,250000000.0,2.5,tolerance,True,"absolute error 4.951e-06 against a tolerance of 1e-05, relative error 1.975e-12 against 1e-07"
13,plastic,2,2,1|2,1,-28200273.73004199,-28200273.730037652,4.336237907409668e-06,1.5376580911660576e-13,1e-05,1e-07,250000000.0,2.5,tolerance,True,"absolute error 4.336e-06 against a tolerance of 1e-05, relative error 1.538e-13 against 1e-07"
13,plastic,3,2,1|2,1,30707585.63566216,30707585.635662854,6.92903995513916e-07,2.2564587256550657e-14,1e-05,1e-07,250000000.0,2.5,tolerance,True,"absolute error 6.929e-07 against a tolerance of 1e-05, relative error 2.256e-14 against 1e-07"
13,plastic,4,2,1|2,1,-3446159.0613912623,-3446159.061390622,6.402842700481415e-07,1.8579649361560513e-13,1e-05,1e-07,250000000.0,2.5,tolerance,True,"absolute error 6.403e-07 against a tolerance of 1e-05, relative error 1.858e-13 against 1e-07"
13,plastic,5,2,1|2,1,0.0,0.0,0.0,0.0,1e-05,1e-07,250000000.0,2.5,structural_zero,True,"both the generated value and the reference lie below 2.500e+00, which is 1e-08 of the magnitude an order-2 derivative has in this problem (2.500000e+08, from the contract's stress scale 250 and strain scale 0.001), so this is a zero of that family; the generated value is 0.000e+00"
13,plastic,6,2,1|2,1,0.0,0.0,0.0,0.0,1e-05,1e-07,250000000.0,2.5,structural_zero,True,"both the generated value and the reference lie below 2.500e+00, which is 1e-08 of the magnitude an order-2 derivative has in this problem (2.500000e+08, from the contract's stress scale 250 and strain scale 0.001), so this is a zero of that family; the generated value is 0.000e+00"
13,plastic,1,3,1|1|1,6,2334902278.4982376,2334902282.92007,4.42183256149292,1.8937976950208375e-09,0.02,1e-07,249999999999.99997,2499.9999999999995,tolerance,True,"absolute error 4.422e+00 against a tolerance of 2e-02, relative error 1.894e-09 against 1e-07"
13,plastic,2,3,1|1|1,6,3416347443.1381645,3416347444.059054,0.9208893775939941,2.6955378300160854e-10,0.02,1e-07,249999999999.99997,2499.9999999999995,tolerance,True,"absolute error 9.209e-01 against a tolerance of 2e-02, relative error 2.696e-10 against 1e-07"
13,plastic,3,3,1|1|1,6,-5751249721.636585,-5751249726.979124,5.342538833618164,9.289352901085661e-10,0.02,1e-07,249999999999.99997,2499.9999999999995,tolerance,True,"absolute error 5.343e+00 against a tolerance of 2e-02, relative error 9.289e-10 against 1e-07"
13,plastic,4,3,1|1|1,6,-9167597164.774765,-9167597171.038177,6.2634124755859375,6.832120084173203e-10,0.02,1e-07,249999999999.99997,2499.9999999999995,tolerance,True,"absolute error 6.263e+00 against a tolerance of 2e-02, relative error 6.832e-10 against 1e-07"
13,plastic,5,3,1|1|1,6,0.0,0.0,0.0,0.0,0.02,1e-07,249999999999.99997,2499.9999999999995,structural_zero,True,"both the generated value and the reference lie below 2.500e+03, which is 1e-08 of the magnitude an order-3 derivative has in this problem (2.500000e+11, from the contract's stress scale 250 and strain scale 0.001), so this is a zero of that family; the generated value is 0.000e+00"
13,plastic,6,3,1|1|1,6,0.0,0.0,0.0,0.0,0.02,1e-07,249999999999.99997,2499.9999999999995,structural_zero,True,"both the generated value and the reference lie below 2.500e+03, which is 1e-08 of the magnitude an order-3 derivative has in this problem (2.500000e+11, from the contract's stress scale 250 and strain scale 0.001), so this is a zero of that family; the generated value is 0.000e+00"
13,plastic,1,3,1|1|2,2,3416347443.1382446,3416347443.163389,0.025144577026367188,7.36007605920913e-12,0.02,1e-07,249999999999.99997,2499.9999999999995,tolerance,True,"absolute error 2.514e-02 against a tolerance of 2e-02, relative error 7.360e-12 against 1e-07"
13,plastic,2,3,1|1|2,2,26590605425.233765,26590605425.215153,0.018611907958984375,6.999429934499415e-13,0.02,1e-07,249999999999.99997,2499.9999999999995,tolerance,True,"absolute error 1.861e-02 against a tolerance of 2e-02, relative error 6.999e-13 against 1e-07"
13,plastic,3,3,1|1|2,2,-30006952868.371906,-30006952868.378544,0.0066375732421875,2.212011753176779e-13,0.02,1e-07,249999999999.99997,2499.9999999999995,tolerance,True,"absolute error 6.638e-03 against a tolerance of 2e-02, relative error 2.212e-13 against 1e-07"
13,plastic,4,3,1|1|2,2,5284269265.936887,5284269265.937864,0.0009775161743164062,1.849860643206482e-13,0.02,1e-07,249999999999.99997,2499.9999999999995,tolerance,True,"absolute error 9.775e-04 against a tolerance of 2e-02, relative error 1.850e-13 against 1e-07"
13,plastic,5,3,1|1|2,2,0.0,0.0,0.0,0.0,0.02,1e-07,249999999999.99997,2499.9999999999995,structural_zero,True,"both the generated value and the reference lie below 2.500e+03, which is 1e-08 of the magnitude an order-3 derivative has in this problem (2.500000e+11, from the contract's stress scale 250 and strain scale 0.001), so this is a zero of that family; the generated value is 0.000e+00"
13,plastic,6,3,1|1|2,2,0.0,0.0,0.0,0.0,0.02,1e-07,249999999999.99997,2499.9999999999995,structural_zero,True,"both the generated value and the reference lie below 2.500e+03, which is 1e-08 of the magnitude an order-3 derivative has in this problem (2.500000e+11, from the contract's stress scale 250 and strain scale 0.001), so this is a zero of that family; the generated value is 0.000e+00"
13,plastic,1,4,1|1|1|1,24,-5792985848361.984,-5792985857871.053,9509.068359375,1.6414796432576867e-09,0.1,1e-07,249999999999999.97,2499999.9999999995,tolerance,True,"absolute error 9.509e+03 against a tolerance of 1e-01, relative error 1.641e-09 against 1e-07"
13,plastic,2,4,1|1|1|1,24,-6113267376367.898,-6113267377559.578,1191.6796875,1.9493334969682277e-10,0.1,1e-07,249999999999999.97,2499999.9999999995,tolerance,True,"absolute error 1.192e+03 against a tolerance of 1e-01, relative error 1.949e-10 against 1e-07"
13,plastic,3,4,1|1|1|1,24,11906253224730.234,11906253235430.63,10700.396484375,8.987207203465787e-10,0.1,1e-07,249999999999999.97,2499999.9999999995,tolerance,True,"absolute error 1.070e+04 against a tolerance of 1e-01, relative error 8.987e-10 against 1e-07"
13,plastic,4,4,1|1|1|1,24,18019520601098.16,18019520612990.21,11892.05078125,6.599537821598351e-10,0.1,1e-07,249999999999999.97,2499999.9999999995,tolerance,True,"absolute error 1.189e+04 against a tolerance of 1e-01, relative error 6.600e-10 against 1e-07"
13,plastic,5,4,1|1|1|1,24,0.0,0.0,0.0,0.0,0.1,1e-07,249999999999999.97,2499999.9999999995,structural_zero,True,"both the generated value and the reference lie below 2.500e+06, which is 1e-08 of the magnitude an order-4 derivative has in this problem (2.500000e+14, from the contract's stress scale 250 and strain scale 0.001), so this is a zero of that family; the generated value is 0.000e+00"
13,plastic,6,4,1|1|1|1,24,0.0,0.0,0.0,0.0,0.1,1e-07,249999999999999.97,2499999.9999999995,structural_zero,True,"both the generated value and the reference lie below 2.500e+06, which is 1e-08 of the magnitude an order-4 derivative has in this problem (2.500000e+14, from the contract's stress scale 250 and strain scale 0.001), so this is a zero of that family; the generated value is 0.000e+00"
13,plastic,1,4,1|1|2|2,4,-37407524108160.97,-37407524108136.59,24.375,6.516068780580498e-13,0.1,1e-07,249999999999999.97,2499999.9999999995,tolerance,True,"absolute error 2.438e+01 against a tolerance of 1e-01, relative error 6.516e-13 against 1e-07"
13,plastic,2,4,1|1|2|2,4,71877942856788.62,71877942856785.12,3.5,4.869365845616208e-14,0.1,1e-07,249999999999999.97,2499999.9999999995,tolerance,True,"absolute error 3.500e+00 against a tolerance of 1e-01, relative error 4.869e-14 against 1e-07"
13,plastic,3,4,1|1|2|2,4,-34470418748627.664,-34470418748648.53,20.8671875,6.053650711979857e-13,0.1,1e-07,249999999999999.97,2499999.9999999995,tolerance,True,"absolute error 2.087e+01 against a tolerance of 1e-01, relative error 6.054e-13 against 1e-07"
13,plastic,4,4,1|1|2|2,4,-662976286678.5471,-662976286676.3746,2.1724853515625,3.276867355914735e-12,0.1,1e-07,249999999999999.97,2499999.9999999995,tolerance,True,"absolute error 2.172e+00 against a tolerance of 1e-01, relative error 3.277e-12 against 1e-07"
13,plastic,5,4,1|1|2|2,4,0.0,0.0,0.0,0.0,0.1,1e-07,249999999999999.97,2499999.9999999995,structural_zero,True,"both the generated value and the reference lie below 2.500e+06, which is 1e-08 of the magnitude an order-4 derivative has in this problem (2.500000e+14, from the contract's stress scale 250 and strain scale 0.001), so this is a zero of that family; the generated value is 0.000e+00"
13,plastic,6,4,1|1|2|2,4,0.0,0.0,0.0,0.0,0.1,1e-07,249999999999999.97,2499999.9999999995,structural_zero,True,"both the generated value and the reference lie below 2.500e+06, which is 1e-08 of the magnitude an order-4 derivative has in this problem (2.500000e+14, from the contract's stress scale 250 and strain scale 0.001), so this is a zero of that family; the generated value is 0.000e+00"
14,elastic,1,2,1|1,2,0.0,6.791759309120034e-72,6.791759309120034e-72,1.0,1e-05,1e-07,250000000.0,2.5,structural_zero,True,"both the generated value and the reference lie below 2.500e+00, which is 1e-08 of the magnitude an order-2 derivative has in this problem (2.500000e+08, from the contract's stress scale 250 and strain scale 0.001), so this is a zero of that family; the generated value is 0.000e+00"
14,elastic,2,2,1|1,2,0.0,-3.1898629555167094e-69,3.1898629555167094e-69,1.0,1e-05,1e-07,250000000.0,2.5,structural_zero,True,"both the generated value and the reference lie below 2.500e+00, which is 1e-08 of the magnitude an order-2 derivative has in this problem (2.500000e+08, from the contract's stress scale 250 and strain scale 0.001), so this is a zero of that family; the generated value is 0.000e+00"
14,elastic,3,2,1|1,2,0.0,-2.5921881363141464e-69,2.5921881363141464e-69,1.0,1e-05,1e-07,250000000.0,2.5,structural_zero,True,"both the generated value and the reference lie below 2.500e+00, which is 1e-08 of the magnitude an order-2 derivative has in this problem (2.500000e+08, from the contract's stress scale 250 and strain scale 0.001), so this is a zero of that family; the generated value is 0.000e+00"
14,elastic,4,2,1|1,2,0.0,-2.9077219542170147e-71,2.9077219542170147e-71,1.0,1e-05,1e-07,250000000.0,2.5,structural_zero,True,"both the generated value and the reference lie below 2.500e+00, which is 1e-08 of the magnitude an order-2 derivative has in this problem (2.500000e+08, from the contract's stress scale 250 and strain scale 0.001), so this is a zero of that family; the generated value is 0.000e+00"
14,elastic,5,2,1|1,2,0.0,0.0,0.0,0.0,1e-05,1e-07,250000000.0,2.5,structural_zero,True,"both the generated value and the reference lie below 2.500e+00, which is 1e-08 of the magnitude an order-2 derivative has in this problem (2.500000e+08, from the contract's stress scale 250 and strain scale 0.001), so this is a zero of that family; the generated value is 0.000e+00"
14,elastic,6,2,1|1,2,0.0,0.0,0.0,0.0,1e-05,1e-07,250000000.0,2.5,structural_zero,True,"both the generated value and the reference lie below 2.500e+00, which is 1e-08 of the magnitude an order-2 derivative has in this problem (2.500000e+08, from the contract's stress scale 250 and strain scale 0.001), so this is a zero of that family; the generated value is 0.000e+00"
14,elastic,1,2,1|2,1,0.0,3.157814341276799e-70,3.157814341276799e-70,1.0,1e-05,1e-07,250000000.0,2.5,structural_zero,True,"both the generated value and the reference lie below 2.500e+00, which is 1e-08 of the magnitude an order-2 derivative has in this problem (2.500000e+08, from the contract's stress scale 250 and strain scale 0.001), so this is a zero of that family; the generated value is 0.000e+00"
14,elastic,2,2,1|2,1,0.0,6.847649828434668e-70,6.847649828434668e-70,1.0,1e-05,1e-07,250000000.0,2.5,structural_zero,True,"both the generated value and the reference lie below 2.500e+00, which is 1e-08 of the magnitude an order-2 derivative has in this problem (2.500000e+08, from the contract's stress scale 250 and strain scale 0.001), so this is a zero of that family; the generated value is 0.000e+00"
14,elastic,3,2,1|2,1,0.0,-5.3890133955619355e-70,5.3890133955619355e-70,1.0,1e-05,1e-07,250000000.0,2.5,structural_zero,True,"both the generated value and the reference lie below 2.500e+00, which is 1e-08 of the magnitude an order-2 derivative has in this problem (2.500000e+08, from the contract's stress scale 250 and strain scale 0.001), so this is a zero of that family; the generated value is 0.000e+00"
14,elastic,4,2,1|2,1,0.0,7.351106674096391e-74,7.351106674096391e-74,1.0,1e-05,1e-07,250000000.0,2.5,structural_zero,True,"both the generated value and the reference lie below 2.500e+00, which is 1e-08 of the magnitude an order-2 derivative has in this problem (2.500000e+08, from the contract's stress scale 250 and strain scale 0.001), so this is a zero of that family; the generated value is 0.000e+00"
14,elastic,5,2,1|2,1,0.0,0.0,0.0,0.0,1e-05,1e-07,250000000.0,2.5,structural_zero,True,"both the generated value and the reference lie below 2.500e+00, which is 1e-08 of the magnitude an order-2 derivative has in this problem (2.500000e+08, from the contract's stress scale 250 and strain scale 0.001), so this is a zero of that family; the generated value is 0.000e+00"
14,elastic,6,2,1|2,1,0.0,0.0,0.0,0.0,1e-05,1e-07,250000000.0,2.5,structural_zero,True,"both the generated value and the reference lie below 2.500e+00, which is 1e-08 of the magnitude an order-2 derivative has in this problem (2.500000e+08, from the contract's stress scale 250 and strain scale 0.001), so this is a zero of that family; the generated value is 0.000e+00"
14,elastic,1,3,1|1|1,6,0.0,2.1365027427959547e-65,2.1365027427959547e-65,1.0,0.02,1e-07,249999999999.99997,2499.9999999999995,structural_zero,True,"both the generated value and the reference lie below 2.500e+03, which is 1e-08 of the magnitude an order-3 derivative has in this problem (2.500000e+11, from the contract's stress scale 250 and strain scale 0.001), so this is a zero of that family; the generated value is 0.000e+00"
14,elastic,2,3,1|1|1,6,0.0,1.5667686780503668e-64,1.5667686780503668e-64,1.0,0.02,1e-07,249999999999.99997,2499.9999999999995,structural_zero,True,"both the generated value and the reference lie below 2.500e+03, which is 1e-08 of the magnitude an order-3 derivative has in this problem (2.500000e+11, from the contract's stress scale 250 and strain scale 0.001), so this is a zero of that family; the generated value is 0.000e+00"
14,elastic,3,3,1|1|1,6,0.0,1.3531184037707713e-64,1.3531184037707713e-64,1.0,0.02,1e-07,249999999999.99997,2499.9999999999995,structural_zero,True,"both the generated value and the reference lie below 2.500e+03, which is 1e-08 of the magnitude an order-3 derivative has in this problem (2.500000e+11, from the contract's stress scale 250 and strain scale 0.001), so this is a zero of that family; the generated value is 0.000e+00"
14,elastic,4,3,1|1|1,6,0.0,8.160253531512327e-67,8.160253531512327e-67,1.0,0.02,1e-07,249999999999.99997,2499.9999999999995,structural_zero,True,"both the generated value and the reference lie below 2.500e+03, which is 1e-08 of the magnitude an order-3 derivative has in this problem (2.500000e+11, from the contract's stress scale 250 and strain scale 0.001), so this is a zero of that family; the generated value is 0.000e+00"
14,elastic,5,3,1|1|1,6,0.0,0.0,0.0,0.0,0.02,1e-07,249999999999.99997,2499.9999999999995,structural_zero,True,"both the generated value and the reference lie below 2.500e+03, which is 1e-08 of the magnitude an order-3 derivative has in this problem (2.500000e+11, from the contract's stress scale 250 and strain scale 0.001), so this is a zero of that family; the generated value is 0.000e+00"
14,elastic,6,3,1|1|1,6,0.0,0.0,0.0,0.0,0.02,1e-07,249999999999.99997,2499.9999999999995,structural_zero,True,"both the generated value and the reference lie below 2.500e+03, which is 1e-08 of the magnitude an order-3 derivative has in this problem (2.500000e+11, from the contract's stress scale 250 and strain scale 0.001), so this is a zero of that family; the generated value is 0.000e+00"
14,elastic,1,3,1|1|2,2,0.0,9.93024034154348e-66,9.93024034154348e-66,1.0,0.02,1e-07,249999999999.99997,2499.9999999999995,structural_zero,True,"both the generated value and the reference lie below 2.500e+03, which is 1e-08 of the magnitude an order-3 derivative has in this problem (2.500000e+11, from the contract's stress scale 250 and strain scale 0.001), so this is a zero of that family; the generated value is 0.000e+00"
14,elastic,2,3,1|1|2,2,0.0,3.2399915726254626e-65,3.2399915726254626e-65,1.0,0.02,1e-07,249999999999.99997,2499.9999999999995,structural_zero,True,"both the generated value and the reference lie below 2.500e+03, which is 1e-08 of the magnitude an order-3 derivative has in this problem (2.500000e+11, from the contract's stress scale 250 and strain scale 0.001), so this is a zero of that family; the generated value is 0.000e+00"
14,elastic,3,3,1|1|2,2,0.0,-1.1571042456107724e-64,1.1571042456107724e-64,1.0,0.02,1e-07,249999999999.99997,2499.9999999999995,structural_zero,True,"both the generated value and the reference lie below 2.500e+03, which is 1e-08 of the magnitude an order-3 derivative has in this problem (2.500000e+11, from the contract's stress scale 250 and strain scale 0.001), so this is a zero of that family; the generated value is 0.000e+00"
14,elastic,4,3,1|1|2,2,0.0,1.0475609558386741e-66,1.0475609558386741e-66,1.0,0.02,1e-07,249999999999.99997,2499.9999999999995,structural_zero,True,"both the generated value and the reference lie below 2.500e+03, which is 1e-08 of the magnitude an order-3 derivative has in this problem (2.500000e+11, from the contract's stress scale 250 and strain scale 0.001), so this is a zero of that family; the generated value is 0.000e+00"
14,elastic,5,3,1|1|2,2,0.0,0.0,0.0,0.0,0.02,1e-07,249999999999.99997,2499.9999999999995,structural_zero,True,"both the generated value and the reference lie below 2.500e+03, which is 1e-08 of the magnitude an order-3 derivative has in this problem (2.500000e+11, from the contract's stress scale 250 and strain scale 0.001), so this is a zero of that family; the generated value is 0.000e+00"
14,elastic,6,3,1|1|2,2,0.0,0.0,0.0,0.0,0.02,1e-07,249999999999.99997,2499.9999999999995,structural_zero,True,"both the generated value and the reference lie below 2.500e+03, which is 1e-08 of the magnitude an order-3 derivative has in this problem (2.500000e+11, from the contract's stress scale 250 and strain scale 0.001), so this is a zero of that family; the generated value is 0.000e+00"
14,elastic,1,4,1|1|1|1,24,0.0,-2.582551340312374e-59,2.582551340312374e-59,1.0,0.1,1e-07,249999999999999.97,2499999.9999999995,structural_zero,True,"both the generated value and the reference lie below 2.500e+06, which is 1e-08 of the magnitude an order-4 derivative has in this problem (2.500000e+14, from the contract's stress scale 250 and strain scale 0.001), so this is a zero of that family; the generated value is 0.000e+00"
14,elastic,2,4,1|1|1|1,24,0.0,4.044959930609742e-60,4.044959930609742e-60,1.0,0.1,1e-07,249999999999999.97,2499999.9999999995,structural_zero,True,"both the generated value and the reference lie below 2.500e+06, which is 1e-08 of the magnitude an order-4 derivative has in this problem (2.500000e+14, from the contract's stress scale 250 and strain scale 0.001), so this is a zero of that family; the generated value is 0.000e+00"
14,elastic,3,4,1|1|1|1,24,0.0,8.945584461925391e-60,8.945584461925391e-60,1.0,0.1,1e-07,249999999999999.97,2499999.9999999995,structural_zero,True,"both the generated value and the reference lie below 2.500e+06, which is 1e-08 of the magnitude an order-4 derivative has in this problem (2.500000e+14, from the contract's stress scale 250 and strain scale 0.001), so this is a zero of that family; the generated value is 0.000e+00"
14,elastic,4,4,1|1|1|1,24,0.0,7.778769097326427e-62,7.778769097326427e-62,1.0,0.1,1e-07,249999999999999.97,2499999.9999999995,structural_zero,True,"both the generated value and the reference lie below 2.500e+06, which is 1e-08 of the magnitude an order-4 derivative has in this problem (2.500000e+14, from the contract's stress scale 250 and strain scale 0.001), so this is a zero of that family; the generated value is 0.000e+00"
14,elastic,5,4,1|1|1|1,24,0.0,0.0,0.0,0.0,0.1,1e-07,249999999999999.97,2499999.9999999995,structural_zero,True,"both the generated value and the reference lie below 2.500e+06, which is 1e-08 of the magnitude an order-4 derivative has in this problem (2.500000e+14, from the contract's stress scale 250 and strain scale 0.001), so this is a zero of that family; the generated value is 0.000e+00"
14,elastic,6,4,1|1|1|1,24,0.0,0.0,0.0,0.0,0.1,1e-07,249999999999999.97,2499999.9999999995,structural_zero,True,"both the generated value and the reference lie below 2.500e+06, which is 1e-08 of the magnitude an order-4 derivative has in this problem (2.500000e+14, from the contract's stress scale 250 and strain scale 0.001), so this is a zero of that family; the generated value is 0.000e+00"
14,elastic,1,4,1|1|2|2,4,0.0,-3.636792951058257e-59,3.636792951058257e-59,1.0,0.1,1e-07,249999999999999.97,2499999.9999999995,structural_zero,True,"both the generated value and the reference lie below 2.500e+06, which is 1e-08 of the magnitude an order-4 derivative has in this problem (2.500000e+14, from the contract's stress scale 250 and strain scale 0.001), so this is a zero of that family; the generated value is 0.000e+00"
14,elastic,2,4,1|1|2|2,4,0.0,-3.6717404385897515e-59,3.6717404385897515e-59,1.0,0.1,1e-07,249999999999999.97,2499999.9999999995,structural_zero,True,"both the generated value and the reference lie below 2.500e+06, which is 1e-08 of the magnitude an order-4 derivative has in this problem (2.500000e+14, from the contract's stress scale 250 and strain scale 0.001), so this is a zero of that family; the generated value is 0.000e+00"
14,elastic,3,4,1|1|2|2,4,0.0,-3.4102211081902318e-59,3.4102211081902318e-59,1.0,0.1,1e-07,249999999999999.97,2499999.9999999995,structural_zero,True,"both the generated value and the reference lie below 2.500e+06, which is 1e-08 of the magnitude an order-4 derivative has in this problem (2.500000e+14, from the contract's stress scale 250 and strain scale 0.001), so this is a zero of that family; the generated value is 0.000e+00"
14,elastic,4,4,1|1|2|2,4,0.0,-1.2185546360901648e-60,1.2185546360901648e-60,1.0,0.1,1e-07,249999999999999.97,2499999.9999999995,structural_zero,True,"both the generated value and the reference lie below 2.500e+06, which is 1e-08 of the magnitude an order-4 derivative has in this problem (2.500000e+14, from the contract's stress scale 250 and strain scale 0.001), so this is a zero of that family; the generated value is 0.000e+00"
14,elastic,5,4,1|1|2|2,4,0.0,0.0,0.0,0.0,0.1,1e-07,249999999999999.97,2499999.9999999995,structural_zero,True,"both the generated value and the reference lie below 2.500e+06, which is 1e-08 of the magnitude an order-4 derivative has in this problem (2.500000e+14, from the contract's stress scale 250 and strain scale 0.001), so this is a zero of that family; the generated value is 0.000e+00"
14,elastic,6,4,1|1|2|2,4,0.0,0.0,0.0,0.0,0.1,1e-07,249999999999999.97,2499999.9999999995,structural_zero,True,"both the generated value and the reference lie below 2.500e+06, which is 1e-08 of the magnitude an order-4 derivative has in this problem (2.500000e+14, from the contract's stress scale 250 and strain scale 0.001), so this is a zero of that family; the generated value is 0.000e+00"
15,elastic,1,2,1|1,2,0.0,-4.210890771654421e-70,4.210890771654421e-70,1.0,1e-05,1e-07,250000000.0,2.5,structural_zero,True,"both the generated value and the reference lie below 2.500e+00, which is 1e-08 of the magnitude an order-2 derivative has in this problem (2.500000e+08, from the contract's stress scale 250 and strain scale 0.001), so this is a zero of that family; the generated value is 0.000e+00"
15,elastic,2,2,1|1,2,0.0,2.687272766641827e-69,2.687272766641827e-69,1.0,1e-05,1e-07,250000000.0,2.5,structural_zero,True,"both the generated value and the reference lie below 2.500e+00, which is 1e-08 of the magnitude an order-2 derivative has in this problem (2.500000e+08, from the contract's stress scale 250 and strain scale 0.001), so this is a zero of that family; the generated value is 0.000e+00"
15,elastic,3,2,1|1,2,0.0,3.0336524914069486e-69,3.0336524914069486e-69,1.0,1e-05,1e-07,250000000.0,2.5,structural_zero,True,"both the generated value and the reference lie below 2.500e+00, which is 1e-08 of the magnitude an order-2 derivative has in this problem (2.500000e+08, from the contract's stress scale 250 and strain scale 0.001), so this is a zero of that family; the generated value is 0.000e+00"
15,elastic,4,2,1|1,2,0.0,-2.4761622481166792e-73,2.4761622481166792e-73,1.0,1e-05,1e-07,250000000.0,2.5,structural_zero,True,"both the generated value and the reference lie below 2.500e+00, which is 1e-08 of the magnitude an order-2 derivative has in this problem (2.500000e+08, from the contract's stress scale 250 and strain scale 0.001), so this is a zero of that family; the generated value is 0.000e+00"
15,elastic,5,2,1|1,2,0.0,0.0,0.0,0.0,1e-05,1e-07,250000000.0,2.5,structural_zero,True,"both the generated value and the reference lie below 2.500e+00, which is 1e-08 of the magnitude an order-2 derivative has in this problem (2.500000e+08, from the contract's stress scale 250 and strain scale 0.001), so this is a zero of that family; the generated value is 0.000e+00"
15,elastic,6,2,1|1,2,0.0,0.0,0.0,0.0,1e-05,1e-07,250000000.0,2.5,structural_zero,True,"both the generated value and the reference lie below 2.500e+00, which is 1e-08 of the magnitude an order-2 derivative has in this problem (2.500000e+08, from the contract's stress scale 250 and strain scale 0.001), so this is a zero of that family; the generated value is 0.000e+00"
15,elastic,1,2,1|2,1,0.0,-2.0608744653611104e-70,2.0608744653611104e-70,1.0,1e-05,1e-07,250000000.0,2.5,structural_zero,True,"both the generated value and the reference lie below 2.500e+00, which is 1e-08 of the magnitude an order-2 derivative has in this problem (2.500000e+08, from the contract's stress scale 250 and strain scale 0.001), so this is a zero of that family; the generated value is 0.000e+00"
15,elastic,2,2,1|2,1,0.0,-3.388981774011692e-70,3.388981774011692e-70,1.0,1e-05,1e-07,250000000.0,2.5,structural_zero,True,"both the generated value and the reference lie below 2.500e+00, which is 1e-08 of the magnitude an order-2 derivative has in this problem (2.500000e+08, from the contract's stress scale 250 and strain scale 0.001), so this is a zero of that family; the generated value is 0.000e+00"
15,elastic,3,2,1|2,1,0.0,4.9873445051710085e-70,4.9873445051710085e-70,1.0,1e-05,1e-07,250000000.0,2.5,structural_zero,True,"both the generated value and the reference lie below 2.500e+00, which is 1e-08 of the magnitude an order-2 derivative has in this problem (2.500000e+08, from the contract's stress scale 250 and strain scale 0.001), so this is a zero of that family; the generated value is 0.000e+00"
15,elastic,4,2,1|2,1,0.0,-1.940028904216416e-73,1.940028904216416e-73,1.0,1e-05,1e-07,250000000.0,2.5,structural_zero,True,"both the generated value and the reference lie below 2.500e+00, which is 1e-08 of the magnitude an order-2 derivative has in this problem (2.500000e+08, from the contract's stress scale 250 and strain scale 0.001), so this is a zero of that family; the generated value is 0.000e+00"
15,elastic,5,2,1|2,1,0.0,0.0,0.0,0.0,1e-05,1e-07,250000000.0,2.5,structural_zero,True,"both the generated value and the reference lie below 2.500e+00, which is 1e-08 of the magnitude an order-2 derivative has in this problem (2.500000e+08, from the contract's stress scale 250 and strain scale 0.001), so this is a zero of that family; the generated value is 0.000e+00"
15,elastic,6,2,1|2,1,0.0,0.0,0.0,0.0,1e-05,1e-07,250000000.0,2.5,structural_zero,True,"both the generated value and the reference lie below 2.500e+00, which is 1e-08 of the magnitude an order-2 derivative has in this problem (2.500000e+08, from the contract's stress scale 250 and strain scale 0.001), so this is a zero of that family; the generated value is 0.000e+00"
15,elastic,1,3,1|1|1,6,0.0,2.0178081459739572e-64,2.0178081459739572e-64,1.0,0.02,1e-07,249999999999.99997,2499.9999999999995,structural_zero,True,"both the generated value and the reference lie below 2.500e+03, which is 1e-08 of the magnitude an order-3 derivative has in this problem (2.500000e+11, from the contract's stress scale 250 and strain scale 0.001), so this is a zero of that family; the generated value is 0.000e+00"
15,elastic,2,3,1|1|1,6,0.0,-6.884286615675854e-65,6.884286615675854e-65,1.0,0.02,1e-07,249999999999.99997,2499.9999999999995,structural_zero,True,"both the generated value and the reference lie below 2.500e+03, which is 1e-08 of the magnitude an order-3 derivative has in this problem (2.500000e+11, from the contract's stress scale 250 and strain scale 0.001), so this is a zero of that family; the generated value is 0.000e+00"
15,elastic,3,3,1|1|1,6,0.0,-5.222562260167889e-65,5.222562260167889e-65,1.0,0.02,1e-07,249999999999.99997,2499.9999999999995,structural_zero,True,"both the generated value and the reference lie below 2.500e+03, which is 1e-08 of the magnitude an order-3 derivative has in this problem (2.500000e+11, from the contract's stress scale 250 and strain scale 0.001), so this is a zero of that family; the generated value is 0.000e+00"
15,elastic,4,3,1|1|1,6,0.0,1.8546030753437107e-68,1.8546030753437107e-68,1.0,0.02,1e-07,249999999999.99997,2499.9999999999995,structural_zero,True,"both the generated value and the reference lie below 2.500e+03, which is 1e-08 of the magnitude an order-3 derivative has in this problem (2.500000e+11, from the contract's stress scale 250 and strain scale 0.001), so this is a zero of that family; the generated value is 0.000e+00"
15,elastic,5,3,1|1|1,6,0.0,0.0,0.0,0.0,0.02,1e-07,249999999999.99997,2499.9999999999995,structural_zero,True,"both the generated value and the reference lie below 2.500e+03, which is 1e-08 of the magnitude an order-3 derivative has in this problem (2.500000e+11, from the contract's stress scale 250 and strain scale 0.001), so this is a zero of that family; the generated value is 0.000e+00"
15,elastic,6,3,1|1|1,6,0.0,0.0,0.0,0.0,0.02,1e-07,249999999999.99997,2499.9999999999995,structural_zero,True,"both the generated value and the reference lie below 2.500e+03, which is 1e-08 of the magnitude an order-3 derivative has in this problem (2.500000e+11, from the contract's stress scale 250 and strain scale 0.001), so this is a zero of that family; the generated value is 0.000e+00"
15,elastic,1,3,1|1|2,2,0.0,-2.758055576593568e-64,2.758055576593568e-64,1.0,0.02,1e-07,249999999999.99997,2499.9999999999995,structural_zero,True,"both the generated value and the reference lie below 2.500e+03, which is 1e-08 of the magnitude an order-3 derivative has in this problem (2.500000e+11, from the contract's stress scale 250 and strain scale 0.001), so this is a zero of that family; the generated value is 0.000e+00"
15,elastic,2,3,1|1|2,2,0.0,1.364999454722192e-64,1.364999454722192e-64,1.0,0.02,1e-07,249999999999.99997,2499.9999999999995,structural_zero,True,"both the generated value and the reference lie below 2.500e+03, which is 1e-08 of the magnitude an order-3 derivative has in this problem (2.500000e+11, from the contract's stress scale 250 and strain scale 0.001), so this is a zero of that family; the generated value is 0.000e+00"
15,elastic,3,3,1|1|2,2,0.0,-2.332742930705761e-66,2.332742930705761e-66,1.0,0.02,1e-07,249999999999.99997,2499.9999999999995,structural_zero,True,"both the generated value and the reference lie below 2.500e+03, which is 1e-08 of the magnitude an order-3 derivative has in this problem (2.500000e+11, from the contract's stress scale 250 and strain scale 0.001), so this is a zero of that family; the generated value is 0.000e+00"
15,elastic,4,3,1|1|2,2,0.0,-5.356434175126e-69,5.356434175126e-69,1.0,0.02,1e-07,249999999999.99997,2499.9999999999995,structural_zero,True,"both the generated value and the reference lie below 2.500e+03, which is 1e-08 of the magnitude an order-3 derivative has in this problem (2.500000e+11, from the contract's stress scale 250 and strain scale 0.001), so this is a zero of that family; the generated value is 0.000e+00"
15,elastic,5,3,1|1|2,2,0.0,0.0,0.0,0.0,0.02,1e-07,249999999999.99997,2499.9999999999995,structural_zero,True,"both the generated value and the reference lie below 2.500e+03, which is 1e-08 of the magnitude an order-3 derivative has in this problem (2.500000e+11, from the contract's stress scale 250 and strain scale 0.001), so this is a zero of that family; the generated value is 0.000e+00"
15,elastic,6,3,1|1|2,2,0.0,0.0,0.0,0.0,0.02,1e-07,249999999999.99997,2499.9999999999995,structural_zero,True,"both the generated value and the reference lie below 2.500e+03, which is 1e-08 of the magnitude an order-3 derivative has in this problem (2.500000e+11, from the contract's stress scale 250 and strain scale 0.001), so this is a zero of that family; the generated value is 0.000e+00"
15,elastic,1,4,1|1|1|1,24,0.0,-2.7225691840642495e-59,2.7225691840642495e-59,1.0,0.1,1e-07,249999999999999.97,2499999.9999999995,structural_zero,True,"both the generated value and the reference lie below 2.500e+06, which is 1e-08 of the magnitude an order-4 derivative has in this problem (2.500000e+14, from the contract's stress scale 250 and strain scale 0.001), so this is a zero of that family; the generated value is 0.000e+00"
15,elastic,2,4,1|1|1|1,24,0.0,2.7459054913562288e-59,2.7459054913562288e-59,1.0,0.1,1e-07,249999999999999.97,2499999.9999999995,structural_zero,True,"both the generated value and the reference lie below 2.500e+06, which is 1e-08 of the magnitude an order-4 derivative has in this problem (2.500000e+14, from the contract's stress scale 250 and strain scale 0.001), so this is a zero of that family; the generated value is 0.000e+00"
15,elastic,3,4,1|1|1|1,24,0.0,7.0942374167617015e-59,7.0942374167617015e-59,1.0,0.1,1e-07,249999999999999.97,2499999.9999999995,structural_zero,True,"both the generated value and the reference lie below 2.500e+06, which is 1e-08 of the magnitude an order-4 derivative has in this problem (2.500000e+14, from the contract's stress scale 250 and strain scale 0.001), so this is a zero of that family; the generated value is 0.000e+00"
15,elastic,4,4,1|1|1|1,24,0.0,6.684879693014898e-63,6.684879693014898e-63,1.0,0.1,1e-07,249999999999999.97,2499999.9999999995,structural_zero,True,"both the generated value and the reference lie below 2.500e+06, which is 1e-08 of the magnitude an order-4 derivative has in this problem (2.500000e+14, from the contract's stress scale 250 and strain scale 0.001), so this is a zero of that family; the generated value is 0.000e+00"
15,elastic,5,4,1|1|1|1,24,0.0,0.0,0.0,0.0,0.1,1e-07,249999999999999.97,2499999.9999999995,structural_zero,True,"both the generated value and the reference lie below 2.500e+06, which is 1e-08 of the magnitude an order-4 derivative has in this problem (2.500000e+14, from the contract's stress scale 250 and strain scale 0.001), so this is a zero of that family; the generated value is 0.000e+00"
15,elastic,6,4,1|1|1|1,24,0.0,0.0,0.0,0.0,0.1,1e-07,249999999999999.97,2499999.9999999995,structural_zero,True,"both the generated value and the reference lie below 2.500e+06, which is 1e-08 of the magnitude an order-4 derivative has in this problem (2.500000e+14, from the contract's stress scale 250 and strain scale 0.001), so this is a zero of that family; the generated value is 0.000e+00"
15,elastic,1,4,1|1|2|2,4,0.0,-3.364710751098354e-59,3.364710751098354e-59,1.0,0.1,1e-07,249999999999999.97,2499999.9999999995,structural_zero,True,"both the generated value and the reference lie below 2.500e+06, which is 1e-08 of the magnitude an order-4 derivative has in this problem (2.500000e+14, from the contract's stress scale 250 and strain scale 0.001), so this is a zero of that family; the generated value is 0.000e+00"
15,elastic,2,4,1|1|2|2,4,0.0,-2.114941157115658e-59,2.114941157115658e-59,1.0,0.1,1e-07,249999999999999.97,2499999.9999999995,structural_zero,True,"both the generated value and the reference lie below 2.500e+06, which is 1e-08 of the magnitude an order-4 derivative has in this problem (2.500000e+14, from the contract's stress scale 250 and strain scale 0.001), so this is a zero of that family; the generated value is 0.000e+00"
15,elastic,3,4,1|1|2|2,4,0.0,-3.97117557099809e-59,3.97117557099809e-59,1.0,0.1,1e-07,249999999999999.97,2499999.9999999995,structural_zero,True,"both the generated value and the reference lie below 2.500e+06, which is 1e-08 of the magnitude an order-4 derivative has in this problem (2.500000e+14, from the contract's stress scale 250 and strain scale 0.001), so this is a zero of that family; the generated value is 0.000e+00"
15,elastic,4,4,1|1|2|2,4,0.0,3.3673760976172906e-61,3.3673760976172906e-61,1.0,0.1,1e-07,249999999999999.97,2499999.9999999995,structural_zero,True,"both the generated value and the reference lie below 2.500e+06, which is 1e-08 of the magnitude an order-4 derivative has in this problem (2.500000e+14, from the contract's stress scale 250 and strain scale 0.001), so this is a zero of that family; the generated value is 0.000e+00"
15,elastic,5,4,1|1|2|2,4,0.0,0.0,0.0,0.0,0.1,1e-07,249999999999999.97,2499999.9999999995,structural_zero,True,"both the generated value and the reference lie below 2.500e+06, which is 1e-08 of the magnitude an order-4 derivative has in this problem (2.500000e+14, from the contract's stress scale 250 and strain scale 0.001), so this is a zero of that family; the generated value is 0.000e+00"
15,elastic,6,4,1|1|2|2,4,0.0,0.0,0.0,0.0,0.1,1e-07,249999999999999.97,2499999.9999999995,structural_zero,True,"both the generated value and the reference lie below 2.500e+06, which is 1e-08 of the magnitude an order-4 derivative has in this problem (2.500000e+14, from the contract's stress scale 250 and strain scale 0.001), so this is a zero of that family; the generated value is 0.000e+00"
