 #           1           1           1           1
           1           2           1           1   0.0000000000000000     
           1           2           1           2   0.0000000000000000     
           1           2           1           3   0.0000000000000000     
           1           2           1           4   0.0000000000000000     
           1           2           1           5   0.0000000000000000     
           1           2           1           6   0.0000000000000000     
           1           2           2           2   0.0000000000000000     
           1           2           2           3   0.0000000000000000     
           1           2           2           4   0.0000000000000000     
           1           2           2           5   0.0000000000000000     
           1           2           2           6   0.0000000000000000     
           1           2           3           3   0.0000000000000000     
           1           2           3           4   0.0000000000000000     
           1           2           3           5   0.0000000000000000     
           1           2           3           6   0.0000000000000000     
           1           2           4           4   0.0000000000000000     
           1           2           4           5   0.0000000000000000     
           1           2           4           6   0.0000000000000000     
           1           2           5           5   0.0000000000000000     
           1           2           5           6   0.0000000000000000     
           1           2           6           6   0.0000000000000000     
           1           3           1           1           1   0.0000000000000000     
           1           3           1           1           2   0.0000000000000000     
           1           3           1           1           3   0.0000000000000000     
           1           3           1           1           4   0.0000000000000000     
           1           3           1           1           5   0.0000000000000000     
           1           3           1           1           6   0.0000000000000000     
           1           3           1           2           2   0.0000000000000000     
           1           3           1           2           3   0.0000000000000000     
           1           3           1           2           4   0.0000000000000000     
           1           3           1           2           5   0.0000000000000000     
           1           3           1           2           6   0.0000000000000000     
           1           3           1           3           3   0.0000000000000000     
           1           3           1           3           4   0.0000000000000000     
           1           3           1           3           5   0.0000000000000000     
           1           3           1           3           6   0.0000000000000000     
           1           3           1           4           4   0.0000000000000000     
           1           3           1           4           5   0.0000000000000000     
           1           3           1           4           6   0.0000000000000000     
           1           3           1           5           5   0.0000000000000000     
           1           3           1           5           6   0.0000000000000000     
           1           3           1           6           6   0.0000000000000000     
           1           3           2           2           2   0.0000000000000000     
           1           3           2           2           3   0.0000000000000000     
           1           3           2           2           4   0.0000000000000000     
           1           3           2           2           5   0.0000000000000000     
           1           3           2           2           6   0.0000000000000000     
           1           3           2           3           3   0.0000000000000000     
           1           3           2           3           4   0.0000000000000000     
           1           3           2           3           5   0.0000000000000000     
           1           3           2           3           6   0.0000000000000000     
           1           3           2           4           4   0.0000000000000000     
           1           3           2           4           5   0.0000000000000000     
           1           3           2           4           6   0.0000000000000000     
           1           3           2           5           5   0.0000000000000000     
           1           3           2           5           6   0.0000000000000000     
           1           3           2           6           6   0.0000000000000000     
           1           3           3           3           3   0.0000000000000000     
           1           3           3           3           4   0.0000000000000000     
           1           3           3           3           5   0.0000000000000000     
           1           3           3           3           6   0.0000000000000000     
           1           3           3           4           4   0.0000000000000000     
           1           3           3           4           5   0.0000000000000000     
           1           3           3           4           6   0.0000000000000000     
           1           3           3           5           5   0.0000000000000000     
           1           3           3           5           6   0.0000000000000000     
           1           3           3           6           6   0.0000000000000000     
           1           3           4           4           4   0.0000000000000000     
           1           3           4           4           5   0.0000000000000000     
           1           3           4           4           6   0.0000000000000000     
           1           3           4           5           5   0.0000000000000000     
           1           3           4           5           6   0.0000000000000000     
           1           3           4           6           6   0.0000000000000000     
           1           3           5           5           5   0.0000000000000000     
           1           3           5           5           6   0.0000000000000000     
           1           3           5           6           6   0.0000000000000000     
           1           3           6           6           6   0.0000000000000000     
           1           4           1           1           1           1   0.0000000000000000     
           1           4           1           1           1           2   0.0000000000000000     
           1           4           1           1           1           3   0.0000000000000000     
           1           4           1           1           1           4   0.0000000000000000     
           1           4           1           1           1           5   0.0000000000000000     
           1           4           1           1           1           6   0.0000000000000000     
           1           4           1           1           2           2   0.0000000000000000     
           1           4           1           1           2           3   0.0000000000000000     
           1           4           1           1           2           4   0.0000000000000000     
           1           4           1           1           2           5   0.0000000000000000     
           1           4           1           1           2           6   0.0000000000000000     
           1           4           1           1           3           3   0.0000000000000000     
           1           4           1           1           3           4   0.0000000000000000     
           1           4           1           1           3           5   0.0000000000000000     
           1           4           1           1           3           6   0.0000000000000000     
           1           4           1           1           4           4   0.0000000000000000     
           1           4           1           1           4           5   0.0000000000000000     
           1           4           1           1           4           6   0.0000000000000000     
           1           4           1           1           5           5   0.0000000000000000     
           1           4           1           1           5           6   0.0000000000000000     
           1           4           1           1           6           6   0.0000000000000000     
           1           4           1           2           2           2   0.0000000000000000     
           1           4           1           2           2           3   0.0000000000000000     
           1           4           1           2           2           4   0.0000000000000000     
           1           4           1           2           2           5   0.0000000000000000     
           1           4           1           2           2           6   0.0000000000000000     
           1           4           1           2           3           3   0.0000000000000000     
           1           4           1           2           3           4   0.0000000000000000     
           1           4           1           2           3           5   0.0000000000000000     
           1           4           1           2           3           6   0.0000000000000000     
           1           4           1           2           4           4   0.0000000000000000     
           1           4           1           2           4           5   0.0000000000000000     
           1           4           1           2           4           6   0.0000000000000000     
           1           4           1           2           5           5   0.0000000000000000     
           1           4           1           2           5           6   0.0000000000000000     
           1           4           1           2           6           6   0.0000000000000000     
           1           4           1           3           3           3   0.0000000000000000     
           1           4           1           3           3           4   0.0000000000000000     
           1           4           1           3           3           5   0.0000000000000000     
           1           4           1           3           3           6   0.0000000000000000     
           1           4           1           3           4           4   0.0000000000000000     
           1           4           1           3           4           5   0.0000000000000000     
           1           4           1           3           4           6   0.0000000000000000     
           1           4           1           3           5           5   0.0000000000000000     
           1           4           1           3           5           6   0.0000000000000000     
           1           4           1           3           6           6   0.0000000000000000     
           1           4           1           4           4           4   0.0000000000000000     
           1           4           1           4           4           5   0.0000000000000000     
           1           4           1           4           4           6   0.0000000000000000     
           1           4           1           4           5           5   0.0000000000000000     
           1           4           1           4           5           6   0.0000000000000000     
           1           4           1           4           6           6   0.0000000000000000     
           1           4           1           5           5           5   0.0000000000000000     
           1           4           1           5           5           6   0.0000000000000000     
           1           4           1           5           6           6   0.0000000000000000     
           1           4           1           6           6           6   0.0000000000000000     
           1           4           2           2           2           2   0.0000000000000000     
           1           4           2           2           2           3   0.0000000000000000     
           1           4           2           2           2           4   0.0000000000000000     
           1           4           2           2           2           5   0.0000000000000000     
           1           4           2           2           2           6   0.0000000000000000     
           1           4           2           2           3           3   0.0000000000000000     
           1           4           2           2           3           4   0.0000000000000000     
           1           4           2           2           3           5   0.0000000000000000     
           1           4           2           2           3           6   0.0000000000000000     
           1           4           2           2           4           4   0.0000000000000000     
           1           4           2           2           4           5   0.0000000000000000     
           1           4           2           2           4           6   0.0000000000000000     
           1           4           2           2           5           5   0.0000000000000000     
           1           4           2           2           5           6   0.0000000000000000     
           1           4           2           2           6           6   0.0000000000000000     
           1           4           2           3           3           3   0.0000000000000000     
           1           4           2           3           3           4   0.0000000000000000     
           1           4           2           3           3           5   0.0000000000000000     
           1           4           2           3           3           6   0.0000000000000000     
           1           4           2           3           4           4   0.0000000000000000     
           1           4           2           3           4           5   0.0000000000000000     
           1           4           2           3           4           6   0.0000000000000000     
           1           4           2           3           5           5   0.0000000000000000     
           1           4           2           3           5           6   0.0000000000000000     
           1           4           2           3           6           6   0.0000000000000000     
           1           4           2           4           4           4   0.0000000000000000     
           1           4           2           4           4           5   0.0000000000000000     
           1           4           2           4           4           6   0.0000000000000000     
           1           4           2           4           5           5   0.0000000000000000     
           1           4           2           4           5           6   0.0000000000000000     
           1           4           2           4           6           6   0.0000000000000000     
           1           4           2           5           5           5   0.0000000000000000     
           1           4           2           5           5           6   0.0000000000000000     
           1           4           2           5           6           6   0.0000000000000000     
           1           4           2           6           6           6   0.0000000000000000     
           1           4           3           3           3           3   0.0000000000000000     
           1           4           3           3           3           4   0.0000000000000000     
           1           4           3           3           3           5   0.0000000000000000     
           1           4           3           3           3           6   0.0000000000000000     
           1           4           3           3           4           4   0.0000000000000000     
           1           4           3           3           4           5   0.0000000000000000     
           1           4           3           3           4           6   0.0000000000000000     
           1           4           3           3           5           5   0.0000000000000000     
           1           4           3           3           5           6   0.0000000000000000     
           1           4           3           3           6           6   0.0000000000000000     
           1           4           3           4           4           4   0.0000000000000000     
           1           4           3           4           4           5   0.0000000000000000     
           1           4           3           4           4           6   0.0000000000000000     
           1           4           3           4           5           5   0.0000000000000000     
           1           4           3           4           5           6   0.0000000000000000     
           1           4           3           4           6           6   0.0000000000000000     
           1           4           3           5           5           5   0.0000000000000000     
           1           4           3           5           5           6   0.0000000000000000     
           1           4           3           5           6           6   0.0000000000000000     
           1           4           3           6           6           6   0.0000000000000000     
           1           4           4           4           4           4   0.0000000000000000     
           1           4           4           4           4           5   0.0000000000000000     
           1           4           4           4           4           6   0.0000000000000000     
           1           4           4           4           5           5   0.0000000000000000     
           1           4           4           4           5           6   0.0000000000000000     
           1           4           4           4           6           6   0.0000000000000000     
           1           4           4           5           5           5   0.0000000000000000     
           1           4           4           5           5           6   0.0000000000000000     
           1           4           4           5           6           6   0.0000000000000000     
           1           4           4           6           6           6   0.0000000000000000     
           1           4           5           5           5           5   0.0000000000000000     
           1           4           5           5           5           6   0.0000000000000000     
           1           4           5           5           6           6   0.0000000000000000     
           1           4           5           6           6           6   0.0000000000000000     
           1           4           6           6           6           6   0.0000000000000000     
           2           2           1           1   0.0000000000000000     
           2           2           1           2   0.0000000000000000     
           2           2           1           3   0.0000000000000000     
           2           2           1           4   0.0000000000000000     
           2           2           1           5   0.0000000000000000     
           2           2           1           6   0.0000000000000000     
           2           2           2           2   0.0000000000000000     
           2           2           2           3   0.0000000000000000     
           2           2           2           4   0.0000000000000000     
           2           2           2           5   0.0000000000000000     
           2           2           2           6   0.0000000000000000     
           2           2           3           3   0.0000000000000000     
           2           2           3           4   0.0000000000000000     
           2           2           3           5   0.0000000000000000     
           2           2           3           6   0.0000000000000000     
           2           2           4           4   0.0000000000000000     
           2           2           4           5   0.0000000000000000     
           2           2           4           6   0.0000000000000000     
           2           2           5           5   0.0000000000000000     
           2           2           5           6   0.0000000000000000     
           2           2           6           6   0.0000000000000000     
           2           3           1           1           1   0.0000000000000000     
           2           3           1           1           2   0.0000000000000000     
           2           3           1           1           3   0.0000000000000000     
           2           3           1           1           4   0.0000000000000000     
           2           3           1           1           5   0.0000000000000000     
           2           3           1           1           6   0.0000000000000000     
           2           3           1           2           2   0.0000000000000000     
           2           3           1           2           3   0.0000000000000000     
           2           3           1           2           4   0.0000000000000000     
           2           3           1           2           5   0.0000000000000000     
           2           3           1           2           6   0.0000000000000000     
           2           3           1           3           3   0.0000000000000000     
           2           3           1           3           4   0.0000000000000000     
           2           3           1           3           5   0.0000000000000000     
           2           3           1           3           6   0.0000000000000000     
           2           3           1           4           4   0.0000000000000000     
           2           3           1           4           5   0.0000000000000000     
           2           3           1           4           6   0.0000000000000000     
           2           3           1           5           5   0.0000000000000000     
           2           3           1           5           6   0.0000000000000000     
           2           3           1           6           6   0.0000000000000000     
           2           3           2           2           2   0.0000000000000000     
           2           3           2           2           3   0.0000000000000000     
           2           3           2           2           4   0.0000000000000000     
           2           3           2           2           5   0.0000000000000000     
           2           3           2           2           6   0.0000000000000000     
           2           3           2           3           3   0.0000000000000000     
           2           3           2           3           4   0.0000000000000000     
           2           3           2           3           5   0.0000000000000000     
           2           3           2           3           6   0.0000000000000000     
           2           3           2           4           4   0.0000000000000000     
           2           3           2           4           5   0.0000000000000000     
           2           3           2           4           6   0.0000000000000000     
           2           3           2           5           5   0.0000000000000000     
           2           3           2           5           6   0.0000000000000000     
           2           3           2           6           6   0.0000000000000000     
           2           3           3           3           3   0.0000000000000000     
           2           3           3           3           4   0.0000000000000000     
           2           3           3           3           5   0.0000000000000000     
           2           3           3           3           6   0.0000000000000000     
           2           3           3           4           4   0.0000000000000000     
           2           3           3           4           5   0.0000000000000000     
           2           3           3           4           6   0.0000000000000000     
           2           3           3           5           5   0.0000000000000000     
           2           3           3           5           6   0.0000000000000000     
           2           3           3           6           6   0.0000000000000000     
           2           3           4           4           4   0.0000000000000000     
           2           3           4           4           5   0.0000000000000000     
           2           3           4           4           6   0.0000000000000000     
           2           3           4           5           5   0.0000000000000000     
           2           3           4           5           6   0.0000000000000000     
           2           3           4           6           6   0.0000000000000000     
           2           3           5           5           5   0.0000000000000000     
           2           3           5           5           6   0.0000000000000000     
           2           3           5           6           6   0.0000000000000000     
           2           3           6           6           6   0.0000000000000000     
           2           4           1           1           1           1   0.0000000000000000     
           2           4           1           1           1           2   0.0000000000000000     
           2           4           1           1           1           3   0.0000000000000000     
           2           4           1           1           1           4   0.0000000000000000     
           2           4           1           1           1           5   0.0000000000000000     
           2           4           1           1           1           6   0.0000000000000000     
           2           4           1           1           2           2   0.0000000000000000     
           2           4           1           1           2           3   0.0000000000000000     
           2           4           1           1           2           4   0.0000000000000000     
           2           4           1           1           2           5   0.0000000000000000     
           2           4           1           1           2           6   0.0000000000000000     
           2           4           1           1           3           3   0.0000000000000000     
           2           4           1           1           3           4   0.0000000000000000     
           2           4           1           1           3           5   0.0000000000000000     
           2           4           1           1           3           6   0.0000000000000000     
           2           4           1           1           4           4   0.0000000000000000     
           2           4           1           1           4           5   0.0000000000000000     
           2           4           1           1           4           6   0.0000000000000000     
           2           4           1           1           5           5   0.0000000000000000     
           2           4           1           1           5           6   0.0000000000000000     
           2           4           1           1           6           6   0.0000000000000000     
           2           4           1           2           2           2   0.0000000000000000     
           2           4           1           2           2           3   0.0000000000000000     
           2           4           1           2           2           4   0.0000000000000000     
           2           4           1           2           2           5   0.0000000000000000     
           2           4           1           2           2           6   0.0000000000000000     
           2           4           1           2           3           3   0.0000000000000000     
           2           4           1           2           3           4   0.0000000000000000     
           2           4           1           2           3           5   0.0000000000000000     
           2           4           1           2           3           6   0.0000000000000000     
           2           4           1           2           4           4   0.0000000000000000     
           2           4           1           2           4           5   0.0000000000000000     
           2           4           1           2           4           6   0.0000000000000000     
           2           4           1           2           5           5   0.0000000000000000     
           2           4           1           2           5           6   0.0000000000000000     
           2           4           1           2           6           6   0.0000000000000000     
           2           4           1           3           3           3   0.0000000000000000     
           2           4           1           3           3           4   0.0000000000000000     
           2           4           1           3           3           5   0.0000000000000000     
           2           4           1           3           3           6   0.0000000000000000     
           2           4           1           3           4           4   0.0000000000000000     
           2           4           1           3           4           5   0.0000000000000000     
           2           4           1           3           4           6   0.0000000000000000     
           2           4           1           3           5           5   0.0000000000000000     
           2           4           1           3           5           6   0.0000000000000000     
           2           4           1           3           6           6   0.0000000000000000     
           2           4           1           4           4           4   0.0000000000000000     
           2           4           1           4           4           5   0.0000000000000000     
           2           4           1           4           4           6   0.0000000000000000     
           2           4           1           4           5           5   0.0000000000000000     
           2           4           1           4           5           6   0.0000000000000000     
           2           4           1           4           6           6   0.0000000000000000     
           2           4           1           5           5           5   0.0000000000000000     
           2           4           1           5           5           6   0.0000000000000000     
           2           4           1           5           6           6   0.0000000000000000     
           2           4           1           6           6           6   0.0000000000000000     
           2           4           2           2           2           2   0.0000000000000000     
           2           4           2           2           2           3   0.0000000000000000     
           2           4           2           2           2           4   0.0000000000000000     
           2           4           2           2           2           5   0.0000000000000000     
           2           4           2           2           2           6   0.0000000000000000     
           2           4           2           2           3           3   0.0000000000000000     
           2           4           2           2           3           4   0.0000000000000000     
           2           4           2           2           3           5   0.0000000000000000     
           2           4           2           2           3           6   0.0000000000000000     
           2           4           2           2           4           4   0.0000000000000000     
           2           4           2           2           4           5   0.0000000000000000     
           2           4           2           2           4           6   0.0000000000000000     
           2           4           2           2           5           5   0.0000000000000000     
           2           4           2           2           5           6   0.0000000000000000     
           2           4           2           2           6           6   0.0000000000000000     
           2           4           2           3           3           3   0.0000000000000000     
           2           4           2           3           3           4   0.0000000000000000     
           2           4           2           3           3           5   0.0000000000000000     
           2           4           2           3           3           6   0.0000000000000000     
           2           4           2           3           4           4   0.0000000000000000     
           2           4           2           3           4           5   0.0000000000000000     
           2           4           2           3           4           6   0.0000000000000000     
           2           4           2           3           5           5   0.0000000000000000     
           2           4           2           3           5           6   0.0000000000000000     
           2           4           2           3           6           6   0.0000000000000000     
           2           4           2           4           4           4   0.0000000000000000     
           2           4           2           4           4           5   0.0000000000000000     
           2           4           2           4           4           6   0.0000000000000000     
           2           4           2           4           5           5   0.0000000000000000     
           2           4           2           4           5           6   0.0000000000000000     
           2           4           2           4           6           6   0.0000000000000000     
           2           4           2           5           5           5   0.0000000000000000     
           2           4           2           5           5           6   0.0000000000000000     
           2           4           2           5           6           6   0.0000000000000000     
           2           4           2           6           6           6   0.0000000000000000     
           2           4           3           3           3           3   0.0000000000000000     
           2           4           3           3           3           4   0.0000000000000000     
           2           4           3           3           3           5   0.0000000000000000     
           2           4           3           3           3           6   0.0000000000000000     
           2           4           3           3           4           4   0.0000000000000000     
           2           4           3           3           4           5   0.0000000000000000     
           2           4           3           3           4           6   0.0000000000000000     
           2           4           3           3           5           5   0.0000000000000000     
           2           4           3           3           5           6   0.0000000000000000     
           2           4           3           3           6           6   0.0000000000000000     
           2           4           3           4           4           4   0.0000000000000000     
           2           4           3           4           4           5   0.0000000000000000     
           2           4           3           4           4           6   0.0000000000000000     
           2           4           3           4           5           5   0.0000000000000000     
           2           4           3           4           5           6   0.0000000000000000     
           2           4           3           4           6           6   0.0000000000000000     
           2           4           3           5           5           5   0.0000000000000000     
           2           4           3           5           5           6   0.0000000000000000     
           2           4           3           5           6           6   0.0000000000000000     
           2           4           3           6           6           6   0.0000000000000000     
           2           4           4           4           4           4   0.0000000000000000     
           2           4           4           4           4           5   0.0000000000000000     
           2           4           4           4           4           6   0.0000000000000000     
           2           4           4           4           5           5   0.0000000000000000     
           2           4           4           4           5           6   0.0000000000000000     
           2           4           4           4           6           6   0.0000000000000000     
           2           4           4           5           5           5   0.0000000000000000     
           2           4           4           5           5           6   0.0000000000000000     
           2           4           4           5           6           6   0.0000000000000000     
           2           4           4           6           6           6   0.0000000000000000     
           2           4           5           5           5           5   0.0000000000000000     
           2           4           5           5           5           6   0.0000000000000000     
           2           4           5           5           6           6   0.0000000000000000     
           2           4           5           6           6           6   0.0000000000000000     
           2           4           6           6           6           6   0.0000000000000000     
           3           2           1           1   0.0000000000000000     
           3           2           1           2   0.0000000000000000     
           3           2           1           3   0.0000000000000000     
           3           2           1           4   0.0000000000000000     
           3           2           1           5   0.0000000000000000     
           3           2           1           6   0.0000000000000000     
           3           2           2           2   0.0000000000000000     
           3           2           2           3   0.0000000000000000     
           3           2           2           4   0.0000000000000000     
           3           2           2           5   0.0000000000000000     
           3           2           2           6   0.0000000000000000     
           3           2           3           3   0.0000000000000000     
           3           2           3           4   0.0000000000000000     
           3           2           3           5   0.0000000000000000     
           3           2           3           6   0.0000000000000000     
           3           2           4           4   0.0000000000000000     
           3           2           4           5   0.0000000000000000     
           3           2           4           6   0.0000000000000000     
           3           2           5           5   0.0000000000000000     
           3           2           5           6   0.0000000000000000     
           3           2           6           6   0.0000000000000000     
           3           3           1           1           1   0.0000000000000000     
           3           3           1           1           2   0.0000000000000000     
           3           3           1           1           3   0.0000000000000000     
           3           3           1           1           4   0.0000000000000000     
           3           3           1           1           5   0.0000000000000000     
           3           3           1           1           6   0.0000000000000000     
           3           3           1           2           2   0.0000000000000000     
           3           3           1           2           3   0.0000000000000000     
           3           3           1           2           4   0.0000000000000000     
           3           3           1           2           5   0.0000000000000000     
           3           3           1           2           6   0.0000000000000000     
           3           3           1           3           3   0.0000000000000000     
           3           3           1           3           4   0.0000000000000000     
           3           3           1           3           5   0.0000000000000000     
           3           3           1           3           6   0.0000000000000000     
           3           3           1           4           4   0.0000000000000000     
           3           3           1           4           5   0.0000000000000000     
           3           3           1           4           6   0.0000000000000000     
           3           3           1           5           5   0.0000000000000000     
           3           3           1           5           6   0.0000000000000000     
           3           3           1           6           6   0.0000000000000000     
           3           3           2           2           2   0.0000000000000000     
           3           3           2           2           3   0.0000000000000000     
           3           3           2           2           4   0.0000000000000000     
           3           3           2           2           5   0.0000000000000000     
           3           3           2           2           6   0.0000000000000000     
           3           3           2           3           3   0.0000000000000000     
           3           3           2           3           4   0.0000000000000000     
           3           3           2           3           5   0.0000000000000000     
           3           3           2           3           6   0.0000000000000000     
           3           3           2           4           4   0.0000000000000000     
           3           3           2           4           5   0.0000000000000000     
           3           3           2           4           6   0.0000000000000000     
           3           3           2           5           5   0.0000000000000000     
           3           3           2           5           6   0.0000000000000000     
           3           3           2           6           6   0.0000000000000000     
           3           3           3           3           3   0.0000000000000000     
           3           3           3           3           4   0.0000000000000000     
           3           3           3           3           5   0.0000000000000000     
           3           3           3           3           6   0.0000000000000000     
           3           3           3           4           4   0.0000000000000000     
           3           3           3           4           5   0.0000000000000000     
           3           3           3           4           6   0.0000000000000000     
           3           3           3           5           5   0.0000000000000000     
           3           3           3           5           6   0.0000000000000000     
           3           3           3           6           6   0.0000000000000000     
           3           3           4           4           4   0.0000000000000000     
           3           3           4           4           5   0.0000000000000000     
           3           3           4           4           6   0.0000000000000000     
           3           3           4           5           5   0.0000000000000000     
           3           3           4           5           6   0.0000000000000000     
           3           3           4           6           6   0.0000000000000000     
           3           3           5           5           5   0.0000000000000000     
           3           3           5           5           6   0.0000000000000000     
           3           3           5           6           6   0.0000000000000000     
           3           3           6           6           6   0.0000000000000000     
           3           4           1           1           1           1   0.0000000000000000     
           3           4           1           1           1           2   0.0000000000000000     
           3           4           1           1           1           3   0.0000000000000000     
           3           4           1           1           1           4   0.0000000000000000     
           3           4           1           1           1           5   0.0000000000000000     
           3           4           1           1           1           6   0.0000000000000000     
           3           4           1           1           2           2   0.0000000000000000     
           3           4           1           1           2           3   0.0000000000000000     
           3           4           1           1           2           4   0.0000000000000000     
           3           4           1           1           2           5   0.0000000000000000     
           3           4           1           1           2           6   0.0000000000000000     
           3           4           1           1           3           3   0.0000000000000000     
           3           4           1           1           3           4   0.0000000000000000     
           3           4           1           1           3           5   0.0000000000000000     
           3           4           1           1           3           6   0.0000000000000000     
           3           4           1           1           4           4   0.0000000000000000     
           3           4           1           1           4           5   0.0000000000000000     
           3           4           1           1           4           6   0.0000000000000000     
           3           4           1           1           5           5   0.0000000000000000     
           3           4           1           1           5           6   0.0000000000000000     
           3           4           1           1           6           6   0.0000000000000000     
           3           4           1           2           2           2   0.0000000000000000     
           3           4           1           2           2           3   0.0000000000000000     
           3           4           1           2           2           4   0.0000000000000000     
           3           4           1           2           2           5   0.0000000000000000     
           3           4           1           2           2           6   0.0000000000000000     
           3           4           1           2           3           3   0.0000000000000000     
           3           4           1           2           3           4   0.0000000000000000     
           3           4           1           2           3           5   0.0000000000000000     
           3           4           1           2           3           6   0.0000000000000000     
           3           4           1           2           4           4   0.0000000000000000     
           3           4           1           2           4           5   0.0000000000000000     
           3           4           1           2           4           6   0.0000000000000000     
           3           4           1           2           5           5   0.0000000000000000     
           3           4           1           2           5           6   0.0000000000000000     
           3           4           1           2           6           6   0.0000000000000000     
           3           4           1           3           3           3   0.0000000000000000     
           3           4           1           3           3           4   0.0000000000000000     
           3           4           1           3           3           5   0.0000000000000000     
           3           4           1           3           3           6   0.0000000000000000     
           3           4           1           3           4           4   0.0000000000000000     
           3           4           1           3           4           5   0.0000000000000000     
           3           4           1           3           4           6   0.0000000000000000     
           3           4           1           3           5           5   0.0000000000000000     
           3           4           1           3           5           6   0.0000000000000000     
           3           4           1           3           6           6   0.0000000000000000     
           3           4           1           4           4           4   0.0000000000000000     
           3           4           1           4           4           5   0.0000000000000000     
           3           4           1           4           4           6   0.0000000000000000     
           3           4           1           4           5           5   0.0000000000000000     
           3           4           1           4           5           6   0.0000000000000000     
           3           4           1           4           6           6   0.0000000000000000     
           3           4           1           5           5           5   0.0000000000000000     
           3           4           1           5           5           6   0.0000000000000000     
           3           4           1           5           6           6   0.0000000000000000     
           3           4           1           6           6           6   0.0000000000000000     
           3           4           2           2           2           2   0.0000000000000000     
           3           4           2           2           2           3   0.0000000000000000     
           3           4           2           2           2           4   0.0000000000000000     
           3           4           2           2           2           5   0.0000000000000000     
           3           4           2           2           2           6   0.0000000000000000     
           3           4           2           2           3           3   0.0000000000000000     
           3           4           2           2           3           4   0.0000000000000000     
           3           4           2           2           3           5   0.0000000000000000     
           3           4           2           2           3           6   0.0000000000000000     
           3           4           2           2           4           4   0.0000000000000000     
           3           4           2           2           4           5   0.0000000000000000     
           3           4           2           2           4           6   0.0000000000000000     
           3           4           2           2           5           5   0.0000000000000000     
           3           4           2           2           5           6   0.0000000000000000     
           3           4           2           2           6           6   0.0000000000000000     
           3           4           2           3           3           3   0.0000000000000000     
           3           4           2           3           3           4   0.0000000000000000     
           3           4           2           3           3           5   0.0000000000000000     
           3           4           2           3           3           6   0.0000000000000000     
           3           4           2           3           4           4   0.0000000000000000     
           3           4           2           3           4           5   0.0000000000000000     
           3           4           2           3           4           6   0.0000000000000000     
           3           4           2           3           5           5   0.0000000000000000     
           3           4           2           3           5           6   0.0000000000000000     
           3           4           2           3           6           6   0.0000000000000000     
           3           4           2           4           4           4   0.0000000000000000     
           3           4           2           4           4           5   0.0000000000000000     
           3           4           2           4           4           6   0.0000000000000000     
           3           4           2           4           5           5   0.0000000000000000     
           3           4           2           4           5           6   0.0000000000000000     
           3           4           2           4           6           6   0.0000000000000000     
           3           4           2           5           5           5   0.0000000000000000     
           3           4           2           5           5           6   0.0000000000000000     
           3           4           2           5           6           6   0.0000000000000000     
           3           4           2           6           6           6   0.0000000000000000     
           3           4           3           3           3           3   0.0000000000000000     
           3           4           3           3           3           4   0.0000000000000000     
           3           4           3           3           3           5   0.0000000000000000     
           3           4           3           3           3           6   0.0000000000000000     
           3           4           3           3           4           4   0.0000000000000000     
           3           4           3           3           4           5   0.0000000000000000     
           3           4           3           3           4           6   0.0000000000000000     
           3           4           3           3           5           5   0.0000000000000000     
           3           4           3           3           5           6   0.0000000000000000     
           3           4           3           3           6           6   0.0000000000000000     
           3           4           3           4           4           4   0.0000000000000000     
           3           4           3           4           4           5   0.0000000000000000     
           3           4           3           4           4           6   0.0000000000000000     
           3           4           3           4           5           5   0.0000000000000000     
           3           4           3           4           5           6   0.0000000000000000     
           3           4           3           4           6           6   0.0000000000000000     
           3           4           3           5           5           5   0.0000000000000000     
           3           4           3           5           5           6   0.0000000000000000     
           3           4           3           5           6           6   0.0000000000000000     
           3           4           3           6           6           6   0.0000000000000000     
           3           4           4           4           4           4   0.0000000000000000     
           3           4           4           4           4           5   0.0000000000000000     
           3           4           4           4           4           6   0.0000000000000000     
           3           4           4           4           5           5   0.0000000000000000     
           3           4           4           4           5           6   0.0000000000000000     
           3           4           4           4           6           6   0.0000000000000000     
           3           4           4           5           5           5   0.0000000000000000     
           3           4           4           5           5           6   0.0000000000000000     
           3           4           4           5           6           6   0.0000000000000000     
           3           4           4           6           6           6   0.0000000000000000     
           3           4           5           5           5           5   0.0000000000000000     
           3           4           5           5           5           6   0.0000000000000000     
           3           4           5           5           6           6   0.0000000000000000     
           3           4           5           6           6           6   0.0000000000000000     
           3           4           6           6           6           6   0.0000000000000000     
           4           2           1           1   0.0000000000000000     
           4           2           1           2   0.0000000000000000     
           4           2           1           3   0.0000000000000000     
           4           2           1           4   0.0000000000000000     
           4           2           1           5   0.0000000000000000     
           4           2           1           6   0.0000000000000000     
           4           2           2           2   0.0000000000000000     
           4           2           2           3   0.0000000000000000     
           4           2           2           4   0.0000000000000000     
           4           2           2           5   0.0000000000000000     
           4           2           2           6   0.0000000000000000     
           4           2           3           3   0.0000000000000000     
           4           2           3           4   0.0000000000000000     
           4           2           3           5   0.0000000000000000     
           4           2           3           6   0.0000000000000000     
           4           2           4           4   0.0000000000000000     
           4           2           4           5   0.0000000000000000     
           4           2           4           6   0.0000000000000000     
           4           2           5           5   0.0000000000000000     
           4           2           5           6   0.0000000000000000     
           4           2           6           6   0.0000000000000000     
           4           3           1           1           1   0.0000000000000000     
           4           3           1           1           2   0.0000000000000000     
           4           3           1           1           3   0.0000000000000000     
           4           3           1           1           4   0.0000000000000000     
           4           3           1           1           5   0.0000000000000000     
           4           3           1           1           6   0.0000000000000000     
           4           3           1           2           2   0.0000000000000000     
           4           3           1           2           3   0.0000000000000000     
           4           3           1           2           4   0.0000000000000000     
           4           3           1           2           5   0.0000000000000000     
           4           3           1           2           6   0.0000000000000000     
           4           3           1           3           3   0.0000000000000000     
           4           3           1           3           4   0.0000000000000000     
           4           3           1           3           5   0.0000000000000000     
           4           3           1           3           6   0.0000000000000000     
           4           3           1           4           4   0.0000000000000000     
           4           3           1           4           5   0.0000000000000000     
           4           3           1           4           6   0.0000000000000000     
           4           3           1           5           5   0.0000000000000000     
           4           3           1           5           6   0.0000000000000000     
           4           3           1           6           6   0.0000000000000000     
           4           3           2           2           2   0.0000000000000000     
           4           3           2           2           3   0.0000000000000000     
           4           3           2           2           4   0.0000000000000000     
           4           3           2           2           5   0.0000000000000000     
           4           3           2           2           6   0.0000000000000000     
           4           3           2           3           3   0.0000000000000000     
           4           3           2           3           4   0.0000000000000000     
           4           3           2           3           5   0.0000000000000000     
           4           3           2           3           6   0.0000000000000000     
           4           3           2           4           4   0.0000000000000000     
           4           3           2           4           5   0.0000000000000000     
           4           3           2           4           6   0.0000000000000000     
           4           3           2           5           5   0.0000000000000000     
           4           3           2           5           6   0.0000000000000000     
           4           3           2           6           6   0.0000000000000000     
           4           3           3           3           3   0.0000000000000000     
           4           3           3           3           4   0.0000000000000000     
           4           3           3           3           5   0.0000000000000000     
           4           3           3           3           6   0.0000000000000000     
           4           3           3           4           4   0.0000000000000000     
           4           3           3           4           5   0.0000000000000000     
           4           3           3           4           6   0.0000000000000000     
           4           3           3           5           5   0.0000000000000000     
           4           3           3           5           6   0.0000000000000000     
           4           3           3           6           6   0.0000000000000000     
           4           3           4           4           4   0.0000000000000000     
           4           3           4           4           5   0.0000000000000000     
           4           3           4           4           6   0.0000000000000000     
           4           3           4           5           5   0.0000000000000000     
           4           3           4           5           6   0.0000000000000000     
           4           3           4           6           6   0.0000000000000000     
           4           3           5           5           5   0.0000000000000000     
           4           3           5           5           6   0.0000000000000000     
           4           3           5           6           6   0.0000000000000000     
           4           3           6           6           6   0.0000000000000000     
           4           4           1           1           1           1   0.0000000000000000     
           4           4           1           1           1           2   0.0000000000000000     
           4           4           1           1           1           3   0.0000000000000000     
           4           4           1           1           1           4   0.0000000000000000     
           4           4           1           1           1           5   0.0000000000000000     
           4           4           1           1           1           6   0.0000000000000000     
           4           4           1           1           2           2   0.0000000000000000     
           4           4           1           1           2           3   0.0000000000000000     
           4           4           1           1           2           4   0.0000000000000000     
           4           4           1           1           2           5   0.0000000000000000     
           4           4           1           1           2           6   0.0000000000000000     
           4           4           1           1           3           3   0.0000000000000000     
           4           4           1           1           3           4   0.0000000000000000     
           4           4           1           1           3           5   0.0000000000000000     
           4           4           1           1           3           6   0.0000000000000000     
           4           4           1           1           4           4   0.0000000000000000     
           4           4           1           1           4           5   0.0000000000000000     
           4           4           1           1           4           6   0.0000000000000000     
           4           4           1           1           5           5   0.0000000000000000     
           4           4           1           1           5           6   0.0000000000000000     
           4           4           1           1           6           6   0.0000000000000000     
           4           4           1           2           2           2   0.0000000000000000     
           4           4           1           2           2           3   0.0000000000000000     
           4           4           1           2           2           4   0.0000000000000000     
           4           4           1           2           2           5   0.0000000000000000     
           4           4           1           2           2           6   0.0000000000000000     
           4           4           1           2           3           3   0.0000000000000000     
           4           4           1           2           3           4   0.0000000000000000     
           4           4           1           2           3           5   0.0000000000000000     
           4           4           1           2           3           6   0.0000000000000000     
           4           4           1           2           4           4   0.0000000000000000     
           4           4           1           2           4           5   0.0000000000000000     
           4           4           1           2           4           6   0.0000000000000000     
           4           4           1           2           5           5   0.0000000000000000     
           4           4           1           2           5           6   0.0000000000000000     
           4           4           1           2           6           6   0.0000000000000000     
           4           4           1           3           3           3   0.0000000000000000     
           4           4           1           3           3           4   0.0000000000000000     
           4           4           1           3           3           5   0.0000000000000000     
           4           4           1           3           3           6   0.0000000000000000     
           4           4           1           3           4           4   0.0000000000000000     
           4           4           1           3           4           5   0.0000000000000000     
           4           4           1           3           4           6   0.0000000000000000     
           4           4           1           3           5           5   0.0000000000000000     
           4           4           1           3           5           6   0.0000000000000000     
           4           4           1           3           6           6   0.0000000000000000     
           4           4           1           4           4           4   0.0000000000000000     
           4           4           1           4           4           5   0.0000000000000000     
           4           4           1           4           4           6   0.0000000000000000     
           4           4           1           4           5           5   0.0000000000000000     
           4           4           1           4           5           6   0.0000000000000000     
           4           4           1           4           6           6   0.0000000000000000     
           4           4           1           5           5           5   0.0000000000000000     
           4           4           1           5           5           6   0.0000000000000000     
           4           4           1           5           6           6   0.0000000000000000     
           4           4           1           6           6           6   0.0000000000000000     
           4           4           2           2           2           2   0.0000000000000000     
           4           4           2           2           2           3   0.0000000000000000     
           4           4           2           2           2           4   0.0000000000000000     
           4           4           2           2           2           5   0.0000000000000000     
           4           4           2           2           2           6   0.0000000000000000     
           4           4           2           2           3           3   0.0000000000000000     
           4           4           2           2           3           4   0.0000000000000000     
           4           4           2           2           3           5   0.0000000000000000     
           4           4           2           2           3           6   0.0000000000000000     
           4           4           2           2           4           4   0.0000000000000000     
           4           4           2           2           4           5   0.0000000000000000     
           4           4           2           2           4           6   0.0000000000000000     
           4           4           2           2           5           5   0.0000000000000000     
           4           4           2           2           5           6   0.0000000000000000     
           4           4           2           2           6           6   0.0000000000000000     
           4           4           2           3           3           3   0.0000000000000000     
           4           4           2           3           3           4   0.0000000000000000     
           4           4           2           3           3           5   0.0000000000000000     
           4           4           2           3           3           6   0.0000000000000000     
           4           4           2           3           4           4   0.0000000000000000     
           4           4           2           3           4           5   0.0000000000000000     
           4           4           2           3           4           6   0.0000000000000000     
           4           4           2           3           5           5   0.0000000000000000     
           4           4           2           3           5           6   0.0000000000000000     
           4           4           2           3           6           6   0.0000000000000000     
           4           4           2           4           4           4   0.0000000000000000     
           4           4           2           4           4           5   0.0000000000000000     
           4           4           2           4           4           6   0.0000000000000000     
           4           4           2           4           5           5   0.0000000000000000     
           4           4           2           4           5           6   0.0000000000000000     
           4           4           2           4           6           6   0.0000000000000000     
           4           4           2           5           5           5   0.0000000000000000     
           4           4           2           5           5           6   0.0000000000000000     
           4           4           2           5           6           6   0.0000000000000000     
           4           4           2           6           6           6   0.0000000000000000     
           4           4           3           3           3           3   0.0000000000000000     
           4           4           3           3           3           4   0.0000000000000000     
           4           4           3           3           3           5   0.0000000000000000     
           4           4           3           3           3           6   0.0000000000000000     
           4           4           3           3           4           4   0.0000000000000000     
           4           4           3           3           4           5   0.0000000000000000     
           4           4           3           3           4           6   0.0000000000000000     
           4           4           3           3           5           5   0.0000000000000000     
           4           4           3           3           5           6   0.0000000000000000     
           4           4           3           3           6           6   0.0000000000000000     
           4           4           3           4           4           4   0.0000000000000000     
           4           4           3           4           4           5   0.0000000000000000     
           4           4           3           4           4           6   0.0000000000000000     
           4           4           3           4           5           5   0.0000000000000000     
           4           4           3           4           5           6   0.0000000000000000     
           4           4           3           4           6           6   0.0000000000000000     
           4           4           3           5           5           5   0.0000000000000000     
           4           4           3           5           5           6   0.0000000000000000     
           4           4           3           5           6           6   0.0000000000000000     
           4           4           3           6           6           6   0.0000000000000000     
           4           4           4           4           4           4   0.0000000000000000     
           4           4           4           4           4           5   0.0000000000000000     
           4           4           4           4           4           6   0.0000000000000000     
           4           4           4           4           5           5   0.0000000000000000     
           4           4           4           4           5           6   0.0000000000000000     
           4           4           4           4           6           6   0.0000000000000000     
           4           4           4           5           5           5   0.0000000000000000     
           4           4           4           5           5           6   0.0000000000000000     
           4           4           4           5           6           6   0.0000000000000000     
           4           4           4           6           6           6   0.0000000000000000     
           4           4           5           5           5           5   0.0000000000000000     
           4           4           5           5           5           6   0.0000000000000000     
           4           4           5           5           6           6   0.0000000000000000     
           4           4           5           6           6           6   0.0000000000000000     
           4           4           6           6           6           6   0.0000000000000000     
           5           2           1           1   0.0000000000000000     
           5           2           1           2   0.0000000000000000     
           5           2           1           3   0.0000000000000000     
           5           2           1           4   0.0000000000000000     
           5           2           1           5   0.0000000000000000     
           5           2           1           6   0.0000000000000000     
           5           2           2           2   0.0000000000000000     
           5           2           2           3   0.0000000000000000     
           5           2           2           4   0.0000000000000000     
           5           2           2           5   0.0000000000000000     
           5           2           2           6   0.0000000000000000     
           5           2           3           3   0.0000000000000000     
           5           2           3           4   0.0000000000000000     
           5           2           3           5   0.0000000000000000     
           5           2           3           6   0.0000000000000000     
           5           2           4           4   0.0000000000000000     
           5           2           4           5   0.0000000000000000     
           5           2           4           6   0.0000000000000000     
           5           2           5           5   0.0000000000000000     
           5           2           5           6   0.0000000000000000     
           5           2           6           6   0.0000000000000000     
           5           3           1           1           1   0.0000000000000000     
           5           3           1           1           2   0.0000000000000000     
           5           3           1           1           3   0.0000000000000000     
           5           3           1           1           4   0.0000000000000000     
           5           3           1           1           5   0.0000000000000000     
           5           3           1           1           6   0.0000000000000000     
           5           3           1           2           2   0.0000000000000000     
           5           3           1           2           3   0.0000000000000000     
           5           3           1           2           4   0.0000000000000000     
           5           3           1           2           5   0.0000000000000000     
           5           3           1           2           6   0.0000000000000000     
           5           3           1           3           3   0.0000000000000000     
           5           3           1           3           4   0.0000000000000000     
           5           3           1           3           5   0.0000000000000000     
           5           3           1           3           6   0.0000000000000000     
           5           3           1           4           4   0.0000000000000000     
           5           3           1           4           5   0.0000000000000000     
           5           3           1           4           6   0.0000000000000000     
           5           3           1           5           5   0.0000000000000000     
           5           3           1           5           6   0.0000000000000000     
           5           3           1           6           6   0.0000000000000000     
           5           3           2           2           2   0.0000000000000000     
           5           3           2           2           3   0.0000000000000000     
           5           3           2           2           4   0.0000000000000000     
           5           3           2           2           5   0.0000000000000000     
           5           3           2           2           6   0.0000000000000000     
           5           3           2           3           3   0.0000000000000000     
           5           3           2           3           4   0.0000000000000000     
           5           3           2           3           5   0.0000000000000000     
           5           3           2           3           6   0.0000000000000000     
           5           3           2           4           4   0.0000000000000000     
           5           3           2           4           5   0.0000000000000000     
           5           3           2           4           6   0.0000000000000000     
           5           3           2           5           5   0.0000000000000000     
           5           3           2           5           6   0.0000000000000000     
           5           3           2           6           6   0.0000000000000000     
           5           3           3           3           3   0.0000000000000000     
           5           3           3           3           4   0.0000000000000000     
           5           3           3           3           5   0.0000000000000000     
           5           3           3           3           6   0.0000000000000000     
           5           3           3           4           4   0.0000000000000000     
           5           3           3           4           5   0.0000000000000000     
           5           3           3           4           6   0.0000000000000000     
           5           3           3           5           5   0.0000000000000000     
           5           3           3           5           6   0.0000000000000000     
           5           3           3           6           6   0.0000000000000000     
           5           3           4           4           4   0.0000000000000000     
           5           3           4           4           5   0.0000000000000000     
           5           3           4           4           6   0.0000000000000000     
           5           3           4           5           5   0.0000000000000000     
           5           3           4           5           6   0.0000000000000000     
           5           3           4           6           6   0.0000000000000000     
           5           3           5           5           5   0.0000000000000000     
           5           3           5           5           6   0.0000000000000000     
           5           3           5           6           6   0.0000000000000000     
           5           3           6           6           6   0.0000000000000000     
           5           4           1           1           1           1   0.0000000000000000     
           5           4           1           1           1           2   0.0000000000000000     
           5           4           1           1           1           3   0.0000000000000000     
           5           4           1           1           1           4   0.0000000000000000     
           5           4           1           1           1           5   0.0000000000000000     
           5           4           1           1           1           6   0.0000000000000000     
           5           4           1           1           2           2   0.0000000000000000     
           5           4           1           1           2           3   0.0000000000000000     
           5           4           1           1           2           4   0.0000000000000000     
           5           4           1           1           2           5   0.0000000000000000     
           5           4           1           1           2           6   0.0000000000000000     
           5           4           1           1           3           3   0.0000000000000000     
           5           4           1           1           3           4   0.0000000000000000     
           5           4           1           1           3           5   0.0000000000000000     
           5           4           1           1           3           6   0.0000000000000000     
           5           4           1           1           4           4   0.0000000000000000     
           5           4           1           1           4           5   0.0000000000000000     
           5           4           1           1           4           6   0.0000000000000000     
           5           4           1           1           5           5   0.0000000000000000     
           5           4           1           1           5           6   0.0000000000000000     
           5           4           1           1           6           6   0.0000000000000000     
           5           4           1           2           2           2   0.0000000000000000     
           5           4           1           2           2           3   0.0000000000000000     
           5           4           1           2           2           4   0.0000000000000000     
           5           4           1           2           2           5   0.0000000000000000     
           5           4           1           2           2           6   0.0000000000000000     
           5           4           1           2           3           3   0.0000000000000000     
           5           4           1           2           3           4   0.0000000000000000     
           5           4           1           2           3           5   0.0000000000000000     
           5           4           1           2           3           6   0.0000000000000000     
           5           4           1           2           4           4   0.0000000000000000     
           5           4           1           2           4           5   0.0000000000000000     
           5           4           1           2           4           6   0.0000000000000000     
           5           4           1           2           5           5   0.0000000000000000     
           5           4           1           2           5           6   0.0000000000000000     
           5           4           1           2           6           6   0.0000000000000000     
           5           4           1           3           3           3   0.0000000000000000     
           5           4           1           3           3           4   0.0000000000000000     
           5           4           1           3           3           5   0.0000000000000000     
           5           4           1           3           3           6   0.0000000000000000     
           5           4           1           3           4           4   0.0000000000000000     
           5           4           1           3           4           5   0.0000000000000000     
           5           4           1           3           4           6   0.0000000000000000     
           5           4           1           3           5           5   0.0000000000000000     
           5           4           1           3           5           6   0.0000000000000000     
           5           4           1           3           6           6   0.0000000000000000     
           5           4           1           4           4           4   0.0000000000000000     
           5           4           1           4           4           5   0.0000000000000000     
           5           4           1           4           4           6   0.0000000000000000     
           5           4           1           4           5           5   0.0000000000000000     
           5           4           1           4           5           6   0.0000000000000000     
           5           4           1           4           6           6   0.0000000000000000     
           5           4           1           5           5           5   0.0000000000000000     
           5           4           1           5           5           6   0.0000000000000000     
           5           4           1           5           6           6   0.0000000000000000     
           5           4           1           6           6           6   0.0000000000000000     
           5           4           2           2           2           2   0.0000000000000000     
           5           4           2           2           2           3   0.0000000000000000     
           5           4           2           2           2           4   0.0000000000000000     
           5           4           2           2           2           5   0.0000000000000000     
           5           4           2           2           2           6   0.0000000000000000     
           5           4           2           2           3           3   0.0000000000000000     
           5           4           2           2           3           4   0.0000000000000000     
           5           4           2           2           3           5   0.0000000000000000     
           5           4           2           2           3           6   0.0000000000000000     
           5           4           2           2           4           4   0.0000000000000000     
           5           4           2           2           4           5   0.0000000000000000     
           5           4           2           2           4           6   0.0000000000000000     
           5           4           2           2           5           5   0.0000000000000000     
           5           4           2           2           5           6   0.0000000000000000     
           5           4           2           2           6           6   0.0000000000000000     
           5           4           2           3           3           3   0.0000000000000000     
           5           4           2           3           3           4   0.0000000000000000     
           5           4           2           3           3           5   0.0000000000000000     
           5           4           2           3           3           6   0.0000000000000000     
           5           4           2           3           4           4   0.0000000000000000     
           5           4           2           3           4           5   0.0000000000000000     
           5           4           2           3           4           6   0.0000000000000000     
           5           4           2           3           5           5   0.0000000000000000     
           5           4           2           3           5           6   0.0000000000000000     
           5           4           2           3           6           6   0.0000000000000000     
           5           4           2           4           4           4   0.0000000000000000     
           5           4           2           4           4           5   0.0000000000000000     
           5           4           2           4           4           6   0.0000000000000000     
           5           4           2           4           5           5   0.0000000000000000     
           5           4           2           4           5           6   0.0000000000000000     
           5           4           2           4           6           6   0.0000000000000000     
           5           4           2           5           5           5   0.0000000000000000     
           5           4           2           5           5           6   0.0000000000000000     
           5           4           2           5           6           6   0.0000000000000000     
           5           4           2           6           6           6   0.0000000000000000     
           5           4           3           3           3           3   0.0000000000000000     
           5           4           3           3           3           4   0.0000000000000000     
           5           4           3           3           3           5   0.0000000000000000     
           5           4           3           3           3           6   0.0000000000000000     
           5           4           3           3           4           4   0.0000000000000000     
           5           4           3           3           4           5   0.0000000000000000     
           5           4           3           3           4           6   0.0000000000000000     
           5           4           3           3           5           5   0.0000000000000000     
           5           4           3           3           5           6   0.0000000000000000     
           5           4           3           3           6           6   0.0000000000000000     
           5           4           3           4           4           4   0.0000000000000000     
           5           4           3           4           4           5   0.0000000000000000     
           5           4           3           4           4           6   0.0000000000000000     
           5           4           3           4           5           5   0.0000000000000000     
           5           4           3           4           5           6   0.0000000000000000     
           5           4           3           4           6           6   0.0000000000000000     
           5           4           3           5           5           5   0.0000000000000000     
           5           4           3           5           5           6   0.0000000000000000     
           5           4           3           5           6           6   0.0000000000000000     
           5           4           3           6           6           6   0.0000000000000000     
           5           4           4           4           4           4   0.0000000000000000     
           5           4           4           4           4           5   0.0000000000000000     
           5           4           4           4           4           6   0.0000000000000000     
           5           4           4           4           5           5   0.0000000000000000     
           5           4           4           4           5           6   0.0000000000000000     
           5           4           4           4           6           6   0.0000000000000000     
           5           4           4           5           5           5   0.0000000000000000     
           5           4           4           5           5           6   0.0000000000000000     
           5           4           4           5           6           6   0.0000000000000000     
           5           4           4           6           6           6   0.0000000000000000     
           5           4           5           5           5           5   0.0000000000000000     
           5           4           5           5           5           6   0.0000000000000000     
           5           4           5           5           6           6   0.0000000000000000     
           5           4           5           6           6           6   0.0000000000000000     
           5           4           6           6           6           6   0.0000000000000000     
           6           2           1           1   0.0000000000000000     
           6           2           1           2   0.0000000000000000     
           6           2           1           3   0.0000000000000000     
           6           2           1           4   0.0000000000000000     
           6           2           1           5   0.0000000000000000     
           6           2           1           6   0.0000000000000000     
           6           2           2           2   0.0000000000000000     
           6           2           2           3   0.0000000000000000     
           6           2           2           4   0.0000000000000000     
           6           2           2           5   0.0000000000000000     
           6           2           2           6   0.0000000000000000     
           6           2           3           3   0.0000000000000000     
           6           2           3           4   0.0000000000000000     
           6           2           3           5   0.0000000000000000     
           6           2           3           6   0.0000000000000000     
           6           2           4           4   0.0000000000000000     
           6           2           4           5   0.0000000000000000     
           6           2           4           6   0.0000000000000000     
           6           2           5           5   0.0000000000000000     
           6           2           5           6   0.0000000000000000     
           6           2           6           6   0.0000000000000000     
           6           3           1           1           1   0.0000000000000000     
           6           3           1           1           2   0.0000000000000000     
           6           3           1           1           3   0.0000000000000000     
           6           3           1           1           4   0.0000000000000000     
           6           3           1           1           5   0.0000000000000000     
           6           3           1           1           6   0.0000000000000000     
           6           3           1           2           2   0.0000000000000000     
           6           3           1           2           3   0.0000000000000000     
           6           3           1           2           4   0.0000000000000000     
           6           3           1           2           5   0.0000000000000000     
           6           3           1           2           6   0.0000000000000000     
           6           3           1           3           3   0.0000000000000000     
           6           3           1           3           4   0.0000000000000000     
           6           3           1           3           5   0.0000000000000000     
           6           3           1           3           6   0.0000000000000000     
           6           3           1           4           4   0.0000000000000000     
           6           3           1           4           5   0.0000000000000000     
           6           3           1           4           6   0.0000000000000000     
           6           3           1           5           5   0.0000000000000000     
           6           3           1           5           6   0.0000000000000000     
           6           3           1           6           6   0.0000000000000000     
           6           3           2           2           2   0.0000000000000000     
           6           3           2           2           3   0.0000000000000000     
           6           3           2           2           4   0.0000000000000000     
           6           3           2           2           5   0.0000000000000000     
           6           3           2           2           6   0.0000000000000000     
           6           3           2           3           3   0.0000000000000000     
           6           3           2           3           4   0.0000000000000000     
           6           3           2           3           5   0.0000000000000000     
           6           3           2           3           6   0.0000000000000000     
           6           3           2           4           4   0.0000000000000000     
           6           3           2           4           5   0.0000000000000000     
           6           3           2           4           6   0.0000000000000000     
           6           3           2           5           5   0.0000000000000000     
           6           3           2           5           6   0.0000000000000000     
           6           3           2           6           6   0.0000000000000000     
           6           3           3           3           3   0.0000000000000000     
           6           3           3           3           4   0.0000000000000000     
           6           3           3           3           5   0.0000000000000000     
           6           3           3           3           6   0.0000000000000000     
           6           3           3           4           4   0.0000000000000000     
           6           3           3           4           5   0.0000000000000000     
           6           3           3           4           6   0.0000000000000000     
           6           3           3           5           5   0.0000000000000000     
           6           3           3           5           6   0.0000000000000000     
           6           3           3           6           6   0.0000000000000000     
           6           3           4           4           4   0.0000000000000000     
           6           3           4           4           5   0.0000000000000000     
           6           3           4           4           6   0.0000000000000000     
           6           3           4           5           5   0.0000000000000000     
           6           3           4           5           6   0.0000000000000000     
           6           3           4           6           6   0.0000000000000000     
           6           3           5           5           5   0.0000000000000000     
           6           3           5           5           6   0.0000000000000000     
           6           3           5           6           6   0.0000000000000000     
           6           3           6           6           6   0.0000000000000000     
           6           4           1           1           1           1   0.0000000000000000     
           6           4           1           1           1           2   0.0000000000000000     
           6           4           1           1           1           3   0.0000000000000000     
           6           4           1           1           1           4   0.0000000000000000     
           6           4           1           1           1           5   0.0000000000000000     
           6           4           1           1           1           6   0.0000000000000000     
           6           4           1           1           2           2   0.0000000000000000     
           6           4           1           1           2           3   0.0000000000000000     
           6           4           1           1           2           4   0.0000000000000000     
           6           4           1           1           2           5   0.0000000000000000     
           6           4           1           1           2           6   0.0000000000000000     
           6           4           1           1           3           3   0.0000000000000000     
           6           4           1           1           3           4   0.0000000000000000     
           6           4           1           1           3           5   0.0000000000000000     
           6           4           1           1           3           6   0.0000000000000000     
           6           4           1           1           4           4   0.0000000000000000     
           6           4           1           1           4           5   0.0000000000000000     
           6           4           1           1           4           6   0.0000000000000000     
           6           4           1           1           5           5   0.0000000000000000     
           6           4           1           1           5           6   0.0000000000000000     
           6           4           1           1           6           6   0.0000000000000000     
           6           4           1           2           2           2   0.0000000000000000     
           6           4           1           2           2           3   0.0000000000000000     
           6           4           1           2           2           4   0.0000000000000000     
           6           4           1           2           2           5   0.0000000000000000     
           6           4           1           2           2           6   0.0000000000000000     
           6           4           1           2           3           3   0.0000000000000000     
           6           4           1           2           3           4   0.0000000000000000     
           6           4           1           2           3           5   0.0000000000000000     
           6           4           1           2           3           6   0.0000000000000000     
           6           4           1           2           4           4   0.0000000000000000     
           6           4           1           2           4           5   0.0000000000000000     
           6           4           1           2           4           6   0.0000000000000000     
           6           4           1           2           5           5   0.0000000000000000     
           6           4           1           2           5           6   0.0000000000000000     
           6           4           1           2           6           6   0.0000000000000000     
           6           4           1           3           3           3   0.0000000000000000     
           6           4           1           3           3           4   0.0000000000000000     
           6           4           1           3           3           5   0.0000000000000000     
           6           4           1           3           3           6   0.0000000000000000     
           6           4           1           3           4           4   0.0000000000000000     
           6           4           1           3           4           5   0.0000000000000000     
           6           4           1           3           4           6   0.0000000000000000     
           6           4           1           3           5           5   0.0000000000000000     
           6           4           1           3           5           6   0.0000000000000000     
           6           4           1           3           6           6   0.0000000000000000     
           6           4           1           4           4           4   0.0000000000000000     
           6           4           1           4           4           5   0.0000000000000000     
           6           4           1           4           4           6   0.0000000000000000     
           6           4           1           4           5           5   0.0000000000000000     
           6           4           1           4           5           6   0.0000000000000000     
           6           4           1           4           6           6   0.0000000000000000     
           6           4           1           5           5           5   0.0000000000000000     
           6           4           1           5           5           6   0.0000000000000000     
           6           4           1           5           6           6   0.0000000000000000     
           6           4           1           6           6           6   0.0000000000000000     
           6           4           2           2           2           2   0.0000000000000000     
           6           4           2           2           2           3   0.0000000000000000     
           6           4           2           2           2           4   0.0000000000000000     
           6           4           2           2           2           5   0.0000000000000000     
           6           4           2           2           2           6   0.0000000000000000     
           6           4           2           2           3           3   0.0000000000000000     
           6           4           2           2           3           4   0.0000000000000000     
           6           4           2           2           3           5   0.0000000000000000     
           6           4           2           2           3           6   0.0000000000000000     
           6           4           2           2           4           4   0.0000000000000000     
           6           4           2           2           4           5   0.0000000000000000     
           6           4           2           2           4           6   0.0000000000000000     
           6           4           2           2           5           5   0.0000000000000000     
           6           4           2           2           5           6   0.0000000000000000     
           6           4           2           2           6           6   0.0000000000000000     
           6           4           2           3           3           3   0.0000000000000000     
           6           4           2           3           3           4   0.0000000000000000     
           6           4           2           3           3           5   0.0000000000000000     
           6           4           2           3           3           6   0.0000000000000000     
           6           4           2           3           4           4   0.0000000000000000     
           6           4           2           3           4           5   0.0000000000000000     
           6           4           2           3           4           6   0.0000000000000000     
           6           4           2           3           5           5   0.0000000000000000     
           6           4           2           3           5           6   0.0000000000000000     
           6           4           2           3           6           6   0.0000000000000000     
           6           4           2           4           4           4   0.0000000000000000     
           6           4           2           4           4           5   0.0000000000000000     
           6           4           2           4           4           6   0.0000000000000000     
           6           4           2           4           5           5   0.0000000000000000     
           6           4           2           4           5           6   0.0000000000000000     
           6           4           2           4           6           6   0.0000000000000000     
           6           4           2           5           5           5   0.0000000000000000     
           6           4           2           5           5           6   0.0000000000000000     
           6           4           2           5           6           6   0.0000000000000000     
           6           4           2           6           6           6   0.0000000000000000     
           6           4           3           3           3           3   0.0000000000000000     
           6           4           3           3           3           4   0.0000000000000000     
           6           4           3           3           3           5   0.0000000000000000     
           6           4           3           3           3           6   0.0000000000000000     
           6           4           3           3           4           4   0.0000000000000000     
           6           4           3           3           4           5   0.0000000000000000     
           6           4           3           3           4           6   0.0000000000000000     
           6           4           3           3           5           5   0.0000000000000000     
           6           4           3           3           5           6   0.0000000000000000     
           6           4           3           3           6           6   0.0000000000000000     
           6           4           3           4           4           4   0.0000000000000000     
           6           4           3           4           4           5   0.0000000000000000     
           6           4           3           4           4           6   0.0000000000000000     
           6           4           3           4           5           5   0.0000000000000000     
           6           4           3           4           5           6   0.0000000000000000     
           6           4           3           4           6           6   0.0000000000000000     
           6           4           3           5           5           5   0.0000000000000000     
           6           4           3           5           5           6   0.0000000000000000     
           6           4           3           5           6           6   0.0000000000000000     
           6           4           3           6           6           6   0.0000000000000000     
           6           4           4           4           4           4   0.0000000000000000     
           6           4           4           4           4           5   0.0000000000000000     
           6           4           4           4           4           6   0.0000000000000000     
           6           4           4           4           5           5   0.0000000000000000     
           6           4           4           4           5           6   0.0000000000000000     
           6           4           4           4           6           6   0.0000000000000000     
           6           4           4           5           5           5   0.0000000000000000     
           6           4           4           5           5           6   0.0000000000000000     
           6           4           4           5           6           6   0.0000000000000000     
           6           4           4           6           6           6   0.0000000000000000     
           6           4           5           5           5           5   0.0000000000000000     
           6           4           5           5           5           6   0.0000000000000000     
           6           4           5           5           6           6   0.0000000000000000     
           6           4           5           6           6           6   0.0000000000000000     
           6           4           6           6           6           6   0.0000000000000000     
 #           1           1           1           2
           1           2           1           1   0.0000000000000000     
           1           2           1           2   0.0000000000000000     
           1           2           1           3   3.7252902984619141E-009
           1           2           1           4   0.0000000000000000     
           1           2           1           5   0.0000000000000000     
           1           2           1           6   0.0000000000000000     
           1           2           2           2  -28101128.091686118     
           1           2           2           3   28101128.091686115     
           1           2           2           4   0.0000000000000000     
           1           2           2           5   0.0000000000000000     
           1           2           2           6   0.0000000000000000     
           1           2           3           3  -28101128.091686115     
           1           2           3           4   0.0000000000000000     
           1           2           3           5   0.0000000000000000     
           1           2           3           6   0.0000000000000000     
           1           2           4           4  -28101128.091686103     
           1           2           4           5   0.0000000000000000     
           1           2           4           6   0.0000000000000000     
           1           2           5           5  -28101128.091686103     
           1           2           5           6   0.0000000000000000     
           1           2           6           6  -28101128.091686103     
           1           3           1           1           1   0.0000000000000000     
           1           3           1           1           2  -1.9073486328125000E-005
           1           3           1           1           3   3.8146972656250000E-006
           1           3           1           1           4   0.0000000000000000     
           1           3           1           1           5   0.0000000000000000     
           1           3           1           1           6   0.0000000000000000     
           1           3           1           2           2   26762979134.939178     
           1           3           1           2           3  -26762979134.939167     
           1           3           1           2           4   0.0000000000000000     
           1           3           1           2           5   0.0000000000000000     
           1           3           1           2           6   0.0000000000000000     
           1           3           1           3           3   26762979134.939167     
           1           3           1           3           4   0.0000000000000000     
           1           3           1           3           5   0.0000000000000000     
           1           3           1           3           6   0.0000000000000000     
           1           3           1           4           4   26762979134.939152     
           1           3           1           4           5   0.0000000000000000     
           1           3           1           4           6   0.0000000000000000     
           1           3           1           5           5   26762979134.939152     
           1           3           1           5           6   0.0000000000000000     
           1           3           1           6           6   26762979134.939152     
           1           3           2           2           2  -40144468702.408737     
           1           3           2           2           3   13381489567.469570     
           1           3           2           2           4   0.0000000000000000     
           1           3           2           2           5   0.0000000000000000     
           1           3           2           2           6   0.0000000000000000     
           1           3           2           3           3   13381489567.469585     
           1           3           2           3           4   0.0000000000000000     
           1           3           2           3           5   0.0000000000000000     
           1           3           2           3           6   0.0000000000000000     
           1           3           2           4           4  -13381489567.469574     
           1           3           2           4           5   0.0000000000000000     
           1           3           2           4           6   0.0000000000000000     
           1           3           2           5           5  -13381489567.469574     
           1           3           2           5           6   0.0000000000000000     
           1           3           2           6           6  -13381489567.469574     
           1           3           3           3           3  -40144468702.408745     
           1           3           3           3           4   0.0000000000000000     
           1           3           3           3           5   0.0000000000000000     
           1           3           3           3           6   0.0000000000000000     
           1           3           3           4           4  -13381489567.469578     
           1           3           3           4           5   0.0000000000000000     
           1           3           3           4           6   0.0000000000000000     
           1           3           3           5           5  -13381489567.469578     
           1           3           3           5           6   0.0000000000000000     
           1           3           3           6           6  -13381489567.469578     
           1           3           4           4           4   0.0000000000000000     
           1           3           4           4           5   0.0000000000000000     
           1           3           4           4           6   0.0000000000000000     
           1           3           4           5           5   0.0000000000000000     
           1           3           4           5           6   0.0000000000000000     
           1           3           4           6           6   0.0000000000000000     
           1           3           5           5           5   0.0000000000000000     
           1           3           5           5           6   0.0000000000000000     
           1           3           5           6           6   0.0000000000000000     
           1           3           6           6           6   0.0000000000000000     
           1           4           1           1           1           1   0.0000000000000000     
           1           4           1           1           1           2   8.7890625000000000E-003
           1           4           1           1           1           3   5.5664062500000000E-002
           1           4           1           1           1           4   0.0000000000000000     
           1           4           1           1           1           5   0.0000000000000000     
           1           4           1           1           1           6   0.0000000000000000     
           1           4           1           1           2           2  -38232827335627.383     
           1           4           1           1           2           3   38232827335627.359     
           1           4           1           1           2           4   0.0000000000000000     
           1           4           1           1           2           5   0.0000000000000000     
           1           4           1           1           2           6   0.0000000000000000     
           1           4           1           1           3           3  -38232827335627.406     
           1           4           1           1           3           4   0.0000000000000000     
           1           4           1           1           3           5   0.0000000000000000     
           1           4           1           1           3           6   0.0000000000000000     
           1           4           1           1           4           4  -38232827335627.359     
           1           4           1           1           4           5   0.0000000000000000     
           1           4           1           1           4           6   0.0000000000000000     
           1           4           1           1           5           5  -38232827335627.359     
           1           4           1           1           5           6   0.0000000000000000     
           1           4           1           1           6           6  -38232827335627.359     
           1           4           1           2           2           2   57349241003441.047     
           1           4           1           2           2           3  -19116413667813.660     
           1           4           1           2           2           4   0.0000000000000000     
           1           4           1           2           2           5   0.0000000000000000     
           1           4           1           2           2           6   0.0000000000000000     
           1           4           1           2           3           3  -19116413667813.680     
           1           4           1           2           3           4   0.0000000000000000     
           1           4           1           2           3           5   0.0000000000000000     
           1           4           1           2           3           6   0.0000000000000000     
           1           4           1           2           4           4   19116413667813.664     
           1           4           1           2           4           5   0.0000000000000000     
           1           4           1           2           4           6   0.0000000000000000     
           1           4           1           2           5           5   19116413667813.664     
           1           4           1           2           5           6   0.0000000000000000     
           1           4           1           2           6           6   19116413667813.664     
           1           4           1           3           3           3   57349241003441.086     
           1           4           1           3           3           4   0.0000000000000000     
           1           4           1           3           3           5   0.0000000000000000     
           1           4           1           3           3           6   0.0000000000000000     
           1           4           1           3           4           4   19116413667813.680     
           1           4           1           3           4           5   0.0000000000000000     
           1           4           1           3           4           6   0.0000000000000000     
           1           4           1           3           5           5   19116413667813.680     
           1           4           1           3           5           6   0.0000000000000000     
           1           4           1           3           6           6   19116413667813.680     
           1           4           1           4           4           4   0.0000000000000000     
           1           4           1           4           4           5   0.0000000000000000     
           1           4           1           4           4           6   0.0000000000000000     
           1           4           1           4           5           5   0.0000000000000000     
           1           4           1           4           5           6   0.0000000000000000     
           1           4           1           4           6           6   0.0000000000000000     
           1           4           1           5           5           5   0.0000000000000000     
           1           4           1           5           5           6   0.0000000000000000     
           1           4           1           5           6           6   0.0000000000000000     
           1           4           1           6           6           6   0.0000000000000000     
           1           4           2           2           2           2  -14337310250860.242     
           1           4           2           2           2           3  -43011930752580.820     
           1           4           2           2           2           4   0.0000000000000000     
           1           4           2           2           2           5   0.0000000000000000     
           1           4           2           2           2           6   0.0000000000000000     
           1           4           2           2           3           3   62128344420394.484     
           1           4           2           2           3           4   0.0000000000000000     
           1           4           2           2           3           5   0.0000000000000000     
           1           4           2           2           3           6   0.0000000000000000     
           1           4           2           2           4           4   4779103416953.4307     
           1           4           2           2           4           5   0.0000000000000000     
           1           4           2           2           4           6   0.0000000000000000     
           1           4           2           2           5           5   4779103416953.4307     
           1           4           2           2           5           6   0.0000000000000000     
           1           4           2           2           6           6   4779103416953.4307     
           1           4           2           3           3           3  -43011930752580.820     
           1           4           2           3           3           4   0.0000000000000000     
           1           4           2           3           3           5   0.0000000000000000     
           1           4           2           3           3           6   0.0000000000000000     
           1           4           2           3           4           4  -23895517084767.102     
           1           4           2           3           4           5   0.0000000000000000     
           1           4           2           3           4           6   0.0000000000000000     
           1           4           2           3           5           5  -23895517084767.102     
           1           4           2           3           5           6   0.0000000000000000     
           1           4           2           3           6           6  -23895517084767.102     
           1           4           2           4           4           4   0.0000000000000000     
           1           4           2           4           4           5   0.0000000000000000     
           1           4           2           4           4           6   0.0000000000000000     
           1           4           2           4           5           5   0.0000000000000000     
           1           4           2           4           5           6   0.0000000000000000     
           1           4           2           4           6           6   0.0000000000000000     
           1           4           2           5           5           5   0.0000000000000000     
           1           4           2           5           5           6   0.0000000000000000     
           1           4           2           5           6           6   0.0000000000000000     
           1           4           2           6           6           6   0.0000000000000000     
           1           4           3           3           3           3  -14337310250860.266     
           1           4           3           3           3           4   0.0000000000000000     
           1           4           3           3           3           5   0.0000000000000000     
           1           4           3           3           3           6   0.0000000000000000     
           1           4           3           3           4           4   4779103416953.4219     
           1           4           3           3           4           5   0.0000000000000000     
           1           4           3           3           4           6   0.0000000000000000     
           1           4           3           3           5           5   4779103416953.4219     
           1           4           3           3           5           6   0.0000000000000000     
           1           4           3           3           6           6   4779103416953.4219     
           1           4           3           4           4           4   0.0000000000000000     
           1           4           3           4           4           5   0.0000000000000000     
           1           4           3           4           4           6   0.0000000000000000     
           1           4           3           4           5           5   0.0000000000000000     
           1           4           3           4           5           6   0.0000000000000000     
           1           4           3           4           6           6   0.0000000000000000     
           1           4           3           5           5           5   0.0000000000000000     
           1           4           3           5           5           6   0.0000000000000000     
           1           4           3           5           6           6   0.0000000000000000     
           1           4           3           6           6           6   0.0000000000000000     
           1           4           4           4           4           4   43011930752580.773     
           1           4           4           4           4           5   0.0000000000000000     
           1           4           4           4           4           6   0.0000000000000000     
           1           4           4           4           5           5   14337310250860.258     
           1           4           4           4           5           6   0.0000000000000000     
           1           4           4           4           6           6   14337310250860.258     
           1           4           4           5           5           5   0.0000000000000000     
           1           4           4           5           5           6   0.0000000000000000     
           1           4           4           5           6           6   0.0000000000000000     
           1           4           4           6           6           6   0.0000000000000000     
           1           4           5           5           5           5   43011930752580.773     
           1           4           5           5           5           6   0.0000000000000000     
           1           4           5           5           6           6   14337310250860.258     
           1           4           5           6           6           6   0.0000000000000000     
           1           4           6           6           6           6   43011930752580.773     
           2           2           1           1  -1.4901161193847656E-008
           2           2           1           2  -28101128.091686118     
           2           2           1           3   28101128.091686122     
           2           2           1           4   0.0000000000000000     
           2           2           1           5   0.0000000000000000     
           2           2           1           6   0.0000000000000000     
           2           2           2           2   42151692.137529165     
           2           2           2           3  -14050564.045843054     
           2           2           2           4   0.0000000000000000     
           2           2           2           5   0.0000000000000000     
           2           2           2           6   0.0000000000000000     
           2           2           3           3  -14050564.045843057     
           2           2           3           4   0.0000000000000000     
           2           2           3           5   0.0000000000000000     
           2           2           3           6   0.0000000000000000     
           2           2           4           4   14050564.045843055     
           2           2           4           5   0.0000000000000000     
           2           2           4           6   0.0000000000000000     
           2           2           5           5   14050564.045843055     
           2           2           5           6   0.0000000000000000     
           2           2           6           6   14050564.045843055     
           2           3           1           1           1   2.2888183593750000E-005
           2           3           1           1           2   26762979134.939171     
           2           3           1           1           3  -26762979134.939182     
           2           3           1           1           4   0.0000000000000000     
           2           3           1           1           5   0.0000000000000000     
           2           3           1           1           6   0.0000000000000000     
           2           3           1           2           2  -40144468702.408760     
           2           3           1           2           3   13381489567.469582     
           2           3           1           2           4   0.0000000000000000     
           2           3           1           2           5   0.0000000000000000     
           2           3           1           2           6   0.0000000000000000     
           2           3           1           3           3   13381489567.469578     
           2           3           1           3           4   0.0000000000000000     
           2           3           1           3           5   0.0000000000000000     
           2           3           1           3           6   0.0000000000000000     
           2           3           1           4           4  -13381489567.469582     
           2           3           1           4           5   0.0000000000000000     
           2           3           1           4           6   0.0000000000000000     
           2           3           1           5           5  -13381489567.469582     
           2           3           1           5           6   0.0000000000000000     
           2           3           1           6           6  -13381489567.469582     
           2           3           2           2           2   10036117175.602173     
           2           3           2           2           3   30108351526.806576     
           2           3           2           2           4   0.0000000000000000     
           2           3           2           2           5   0.0000000000000000     
           2           3           2           2           6   0.0000000000000000     
           2           3           2           3           3  -43489841094.276138     
           2           3           2           3           4   0.0000000000000000     
           2           3           2           3           5   0.0000000000000000     
           2           3           2           3           6   0.0000000000000000     
           2           3           2           4           4  -3345372391.8673935     
           2           3           2           4           5   0.0000000000000000     
           2           3           2           4           6   0.0000000000000000     
           2           3           2           5           5  -3345372391.8673935     
           2           3           2           5           6   0.0000000000000000     
           2           3           2           6           6  -3345372391.8673935     
           2           3           3           3           3   30108351526.806564     
           2           3           3           3           4   0.0000000000000000     
           2           3           3           3           5   0.0000000000000000     
           2           3           3           3           6   0.0000000000000000     
           2           3           3           4           4   16726861959.336971     
           2           3           3           4           5   0.0000000000000000     
           2           3           3           4           6   0.0000000000000000     
           2           3           3           5           5   16726861959.336971     
           2           3           3           5           6   0.0000000000000000     
           2           3           3           6           6   16726861959.336971     
           2           3           4           4           4   0.0000000000000000     
           2           3           4           4           5   0.0000000000000000     
           2           3           4           4           6   0.0000000000000000     
           2           3           4           5           5   0.0000000000000000     
           2           3           4           5           6   0.0000000000000000     
           2           3           4           6           6   0.0000000000000000     
           2           3           5           5           5   0.0000000000000000     
           2           3           5           5           6   0.0000000000000000     
           2           3           5           6           6   0.0000000000000000     
           2           3           6           6           6   0.0000000000000000     
           2           4           1           1           1           1  -5.8593750000000000E-002
           2           4           1           1           1           2  -38232827335627.391     
           2           4           1           1           1           3   38232827335627.391     
           2           4           1           1           1           4   0.0000000000000000     
           2           4           1           1           1           5   0.0000000000000000     
           2           4           1           1           1           6   0.0000000000000000     
           2           4           1           1           2           2   57349241003441.078     
           2           4           1           1           2           3  -19116413667813.695     
           2           4           1           1           2           4   0.0000000000000000     
           2           4           1           1           2           5   0.0000000000000000     
           2           4           1           1           2           6   0.0000000000000000     
           2           4           1           1           3           3  -19116413667813.680     
           2           4           1           1           3           4   0.0000000000000000     
           2           4           1           1           3           5   0.0000000000000000     
           2           4           1           1           3           6   0.0000000000000000     
           2           4           1           1           4           4   19116413667813.691     
           2           4           1           1           4           5   0.0000000000000000     
           2           4           1           1           4           6   0.0000000000000000     
           2           4           1           1           5           5   19116413667813.691     
           2           4           1           1           5           6   0.0000000000000000     
           2           4           1           1           6           6   19116413667813.691     
           2           4           1           2           2           2  -14337310250860.230     
           2           4           1           2           2           3  -43011930752580.836     
           2           4           1           2           2           4   0.0000000000000000     
           2           4           1           2           2           5   0.0000000000000000     
           2           4           1           2           2           6   0.0000000000000000     
           2           4           1           2           3           3   62128344420394.500     
           2           4           1           2           3           4   0.0000000000000000     
           2           4           1           2           3           5   0.0000000000000000     
           2           4           1           2           3           6   0.0000000000000000     
           2           4           1           2           4           4   4779103416953.4238     
           2           4           1           2           4           5   0.0000000000000000     
           2           4           1           2           4           6   0.0000000000000000     
           2           4           1           2           5           5   4779103416953.4238     
           2           4           1           2           5           6   0.0000000000000000     
           2           4           1           2           6           6   4779103416953.4238     
           2           4           1           3           3           3  -43011930752580.828     
           2           4           1           3           3           4   0.0000000000000000     
           2           4           1           3           3           5   0.0000000000000000     
           2           4           1           3           3           6   0.0000000000000000     
           2           4           1           3           4           4  -23895517084767.109     
           2           4           1           3           4           5   0.0000000000000000     
           2           4           1           3           4           6   0.0000000000000000     
           2           4           1           3           5           5  -23895517084767.109     
           2           4           1           3           5           6   0.0000000000000000     
           2           4           1           3           6           6  -23895517084767.109     
           2           4           1           4           4           4   0.0000000000000000     
           2           4           1           4           4           5   0.0000000000000000     
           2           4           1           4           4           6   0.0000000000000000     
           2           4           1           4           5           5   0.0000000000000000     
           2           4           1           4           5           6   0.0000000000000000     
           2           4           1           4           6           6   0.0000000000000000     
           2           4           1           5           5           5   0.0000000000000000     
           2           4           1           5           5           6   0.0000000000000000     
           2           4           1           5           6           6   0.0000000000000000     
           2           4           1           6           6           6   0.0000000000000000     
           2           4           2           2           2           2  -59738792711917.812     
           2           4           2           2           2           3   74076102962778.062     
           2           4           2           2           2           4   0.0000000000000000     
           2           4           2           2           2           5   0.0000000000000000     
           2           4           2           2           2           6   0.0000000000000000     
           2           4           2           2           3           3  -31064172210197.234     
           2           4           2           2           3           4   0.0000000000000000     
           2           4           2           2           3           5   0.0000000000000000     
           2           4           2           2           3           6   0.0000000000000000     
           2           4           2           2           4           4  -16726861959336.979     
           2           4           2           2           4           5   0.0000000000000000     
           2           4           2           2           4           6   0.0000000000000000     
           2           4           2           2           5           5  -16726861959336.979     
           2           4           2           2           5           6   0.0000000000000000     
           2           4           2           2           6           6  -16726861959336.979     
           2           4           2           3           3           3  -31064172210197.238     
           2           4           2           3           3           4   0.0000000000000000     
           2           4           2           3           3           5   0.0000000000000000     
           2           4           2           3           3           6   0.0000000000000000     
           2           4           2           3           4           4   11947758542383.551     
           2           4           2           3           4           5   0.0000000000000000     
           2           4           2           3           4           6   0.0000000000000000     
           2           4           2           3           5           5   11947758542383.551     
           2           4           2           3           5           6   0.0000000000000000     
           2           4           2           3           6           6   11947758542383.551     
           2           4           2           4           4           4   0.0000000000000000     
           2           4           2           4           4           5   0.0000000000000000     
           2           4           2           4           4           6   0.0000000000000000     
           2           4           2           4           5           5   0.0000000000000000     
           2           4           2           4           5           6   0.0000000000000000     
           2           4           2           4           6           6   0.0000000000000000     
           2           4           2           5           5           5   0.0000000000000000     
           2           4           2           5           5           6   0.0000000000000000     
           2           4           2           5           6           6   0.0000000000000000     
           2           4           2           6           6           6   0.0000000000000000     
           2           4           3           3           3           3   74076102962778.062     
           2           4           3           3           3           4   0.0000000000000000     
           2           4           3           3           3           5   0.0000000000000000     
           2           4           3           3           3           6   0.0000000000000000     
           2           4           3           3           4           4   11947758542383.553     
           2           4           3           3           4           5   0.0000000000000000     
           2           4           3           3           4           6   0.0000000000000000     
           2           4           3           3           5           5   11947758542383.553     
           2           4           3           3           5           6   0.0000000000000000     
           2           4           3           3           6           6   11947758542383.553     
           2           4           3           4           4           4   0.0000000000000000     
           2           4           3           4           4           5   0.0000000000000000     
           2           4           3           4           4           6   0.0000000000000000     
           2           4           3           4           5           5   0.0000000000000000     
           2           4           3           4           5           6   0.0000000000000000     
           2           4           3           4           6           6   0.0000000000000000     
           2           4           3           5           5           5   0.0000000000000000     
           2           4           3           5           5           6   0.0000000000000000     
           2           4           3           5           6           6   0.0000000000000000     
           2           4           3           6           6           6   0.0000000000000000     
           2           4           4           4           4           4  -21505965376290.391     
           2           4           4           4           4           5   0.0000000000000000     
           2           4           4           4           4           6   0.0000000000000000     
           2           4           4           4           5           5  -7168655125430.1309     
           2           4           4           4           5           6   0.0000000000000000     
           2           4           4           4           6           6  -7168655125430.1309     
           2           4           4           5           5           5   0.0000000000000000     
           2           4           4           5           5           6   0.0000000000000000     
           2           4           4           5           6           6   0.0000000000000000     
           2           4           4           6           6           6   0.0000000000000000     
           2           4           5           5           5           5  -21505965376290.391     
           2           4           5           5           5           6   0.0000000000000000     
           2           4           5           5           6           6  -7168655125430.1309     
           2           4           5           6           6           6   0.0000000000000000     
           2           4           6           6           6           6  -21505965376290.391     
           3           2           1           1  -1.4901161193847656E-008
           3           2           1           2   28101128.091686122     
           3           2           1           3  -28101128.091686115     
           3           2           1           4   0.0000000000000000     
           3           2           1           5   0.0000000000000000     
           3           2           1           6   0.0000000000000000     
           3           2           2           2  -14050564.045843039     
           3           2           2           3  -14050564.045843069     
           3           2           2           4   0.0000000000000000     
           3           2           2           5   0.0000000000000000     
           3           2           2           6   0.0000000000000000     
           3           2           3           3   42151692.137529179     
           3           2           3           4   0.0000000000000000     
           3           2           3           5   0.0000000000000000     
           3           2           3           6   0.0000000000000000     
           3           2           4           4   14050564.045843055     
           3           2           4           5   0.0000000000000000     
           3           2           4           6   0.0000000000000000     
           3           2           5           5   14050564.045843055     
           3           2           5           6   0.0000000000000000     
           3           2           6           6   14050564.045843055     
           3           3           1           1           1   2.2888183593750000E-005
           3           3           1           1           2  -26762979134.939175     
           3           3           1           1           3   26762979134.939163     
           3           3           1           1           4   0.0000000000000000     
           3           3           1           1           5   0.0000000000000000     
           3           3           1           1           6   0.0000000000000000     
           3           3           1           2           2   13381489567.469561     
           3           3           1           2           3   13381489567.469589     
           3           3           1           2           4   0.0000000000000000     
           3           3           1           2           5   0.0000000000000000     
           3           3           1           2           6   0.0000000000000000     
           3           3           1           3           3  -40144468702.408760     
           3           3           1           3           4   0.0000000000000000     
           3           3           1           3           5   0.0000000000000000     
           3           3           1           3           6   0.0000000000000000     
           3           3           1           4           4  -13381489567.469582     
           3           3           1           4           5   0.0000000000000000     
           3           3           1           4           6   0.0000000000000000     
           3           3           1           5           5  -13381489567.469582     
           3           3           1           5           6   0.0000000000000000     
           3           3           1           6           6  -13381489567.469582     
           3           3           2           2           2   30108351526.806576     
           3           3           2           2           3  -43489841094.276138     
           3           3           2           2           4   0.0000000000000000     
           3           3           2           2           5   0.0000000000000000     
           3           3           2           2           6   0.0000000000000000     
           3           3           2           3           3   30108351526.806561     
           3           3           2           3           4   0.0000000000000000     
           3           3           2           3           5   0.0000000000000000     
           3           3           2           3           6   0.0000000000000000     
           3           3           2           4           4   16726861959.336971     
           3           3           2           4           5   0.0000000000000000     
           3           3           2           4           6   0.0000000000000000     
           3           3           2           5           5   16726861959.336971     
           3           3           2           5           6   0.0000000000000000     
           3           3           2           6           6   16726861959.336971     
           3           3           3           3           3   10036117175.602196     
           3           3           3           3           4   0.0000000000000000     
           3           3           3           3           5   0.0000000000000000     
           3           3           3           3           6   0.0000000000000000     
           3           3           3           4           4  -3345372391.8673935     
           3           3           3           4           5   0.0000000000000000     
           3           3           3           4           6   0.0000000000000000     
           3           3           3           5           5  -3345372391.8673935     
           3           3           3           5           6   0.0000000000000000     
           3           3           3           6           6  -3345372391.8673935     
           3           3           4           4           4   0.0000000000000000     
           3           3           4           4           5   0.0000000000000000     
           3           3           4           4           6   0.0000000000000000     
           3           3           4           5           5   0.0000000000000000     
           3           3           4           5           6   0.0000000000000000     
           3           3           4           6           6   0.0000000000000000     
           3           3           5           5           5   0.0000000000000000     
           3           3           5           5           6   0.0000000000000000     
           3           3           5           6           6   0.0000000000000000     
           3           3           6           6           6   0.0000000000000000     
           3           4           1           1           1           1  -5.8593750000000000E-002
           3           4           1           1           1           2   38232827335627.422     
           3           4           1           1           1           3  -38232827335627.422     
           3           4           1           1           1           4   0.0000000000000000     
           3           4           1           1           1           5   0.0000000000000000     
           3           4           1           1           1           6   0.0000000000000000     
           3           4           1           1           2           2  -19116413667813.672     
           3           4           1           1           2           3  -19116413667813.715     
           3           4           1           1           2           4   0.0000000000000000     
           3           4           1           1           2           5   0.0000000000000000     
           3           4           1           1           2           6   0.0000000000000000     
           3           4           1           1           3           3   57349241003441.109     
           3           4           1           1           3           4   0.0000000000000000     
           3           4           1           1           3           5   0.0000000000000000     
           3           4           1           1           3           6   0.0000000000000000     
           3           4           1           1           4           4   19116413667813.691     
           3           4           1           1           4           5   0.0000000000000000     
           3           4           1           1           4           6   0.0000000000000000     
           3           4           1           1           5           5   19116413667813.691     
           3           4           1           1           5           6   0.0000000000000000     
           3           4           1           1           6           6   19116413667813.691     
           3           4           1           2           2           2  -43011930752580.828     
           3           4           1           2           2           3   62128344420394.500     
           3           4           1           2           2           4   0.0000000000000000     
           3           4           1           2           2           5   0.0000000000000000     
           3           4           1           2           2           6   0.0000000000000000     
           3           4           1           2           3           3  -43011930752580.820     
           3           4           1           2           3           4   0.0000000000000000     
           3           4           1           2           3           5   0.0000000000000000     
           3           4           1           2           3           6   0.0000000000000000     
           3           4           1           2           4           4  -23895517084767.105     
           3           4           1           2           4           5   0.0000000000000000     
           3           4           1           2           4           6   0.0000000000000000     
           3           4           1           2           5           5  -23895517084767.105     
           3           4           1           2           5           6   0.0000000000000000     
           3           4           1           2           6           6  -23895517084767.105     
           3           4           1           3           3           3  -14337310250860.281     
           3           4           1           3           3           4   0.0000000000000000     
           3           4           1           3           3           5   0.0000000000000000     
           3           4           1           3           3           6   0.0000000000000000     
           3           4           1           3           4           4   4779103416953.4219     
           3           4           1           3           4           5   0.0000000000000000     
           3           4           1           3           4           6   0.0000000000000000     
           3           4           1           3           5           5   4779103416953.4219     
           3           4           1           3           5           6   0.0000000000000000     
           3           4           1           3           6           6   4779103416953.4219     
           3           4           1           4           4           4   0.0000000000000000     
           3           4           1           4           4           5   0.0000000000000000     
           3           4           1           4           4           6   0.0000000000000000     
           3           4           1           4           5           5   0.0000000000000000     
           3           4           1           4           5           6   0.0000000000000000     
           3           4           1           4           6           6   0.0000000000000000     
           3           4           1           5           5           5   0.0000000000000000     
           3           4           1           5           5           6   0.0000000000000000     
           3           4           1           5           6           6   0.0000000000000000     
           3           4           1           6           6           6   0.0000000000000000     
           3           4           2           2           2           2   74076102962778.047     
           3           4           2           2           2           3  -31064172210197.215     
           3           4           2           2           2           4   0.0000000000000000     
           3           4           2           2           2           5   0.0000000000000000     
           3           4           2           2           2           6   0.0000000000000000     
           3           4           2           2           3           3  -31064172210197.266     
           3           4           2           2           3           4   0.0000000000000000     
           3           4           2           2           3           5   0.0000000000000000     
           3           4           2           2           3           6   0.0000000000000000     
           3           4           2           2           4           4   11947758542383.545     
           3           4           2           2           4           5   0.0000000000000000     
           3           4           2           2           4           6   0.0000000000000000     
           3           4           2           2           5           5   11947758542383.545     
           3           4           2           2           5           6   0.0000000000000000     
           3           4           2           2           6           6   11947758542383.545     
           3           4           2           3           3           3   74076102962778.078     
           3           4           2           3           3           4   0.0000000000000000     
           3           4           2           3           3           5   0.0000000000000000     
           3           4           2           3           3           6   0.0000000000000000     
           3           4           2           3           4           4   11947758542383.553     
           3           4           2           3           4           5   0.0000000000000000     
           3           4           2           3           4           6   0.0000000000000000     
           3           4           2           3           5           5   11947758542383.553     
           3           4           2           3           5           6   0.0000000000000000     
           3           4           2           3           6           6   11947758542383.553     
           3           4           2           4           4           4   0.0000000000000000     
           3           4           2           4           4           5   0.0000000000000000     
           3           4           2           4           4           6   0.0000000000000000     
           3           4           2           4           5           5   0.0000000000000000     
           3           4           2           4           5           6   0.0000000000000000     
           3           4           2           4           6           6   0.0000000000000000     
           3           4           2           5           5           5   0.0000000000000000     
           3           4           2           5           5           6   0.0000000000000000     
           3           4           2           5           6           6   0.0000000000000000     
           3           4           2           6           6           6   0.0000000000000000     
           3           4           3           3           3           3  -59738792711917.805     
           3           4           3           3           3           4   0.0000000000000000     
           3           4           3           3           3           5   0.0000000000000000     
           3           4           3           3           3           6   0.0000000000000000     
           3           4           3           3           4           4  -16726861959336.977     
           3           4           3           3           4           5   0.0000000000000000     
           3           4           3           3           4           6   0.0000000000000000     
           3           4           3           3           5           5  -16726861959336.977     
           3           4           3           3           5           6   0.0000000000000000     
           3           4           3           3           6           6  -16726861959336.977     
           3           4           3           4           4           4   0.0000000000000000     
           3           4           3           4           4           5   0.0000000000000000     
           3           4           3           4           4           6   0.0000000000000000     
           3           4           3           4           5           5   0.0000000000000000     
           3           4           3           4           5           6   0.0000000000000000     
           3           4           3           4           6           6   0.0000000000000000     
           3           4           3           5           5           5   0.0000000000000000     
           3           4           3           5           5           6   0.0000000000000000     
           3           4           3           5           6           6   0.0000000000000000     
           3           4           3           6           6           6   0.0000000000000000     
           3           4           4           4           4           4  -21505965376290.391     
           3           4           4           4           4           5   0.0000000000000000     
           3           4           4           4           4           6   0.0000000000000000     
           3           4           4           4           5           5  -7168655125430.1309     
           3           4           4           4           5           6   0.0000000000000000     
           3           4           4           4           6           6  -7168655125430.1309     
           3           4           4           5           5           5   0.0000000000000000     
           3           4           4           5           5           6   0.0000000000000000     
           3           4           4           5           6           6   0.0000000000000000     
           3           4           4           6           6           6   0.0000000000000000     
           3           4           5           5           5           5  -21505965376290.391     
           3           4           5           5           5           6   0.0000000000000000     
           3           4           5           5           6           6  -7168655125430.1309     
           3           4           5           6           6           6   0.0000000000000000     
           3           4           6           6           6           6  -21505965376290.391     
           4           2           1           1   0.0000000000000000     
           4           2           1           2   0.0000000000000000     
           4           2           1           3   0.0000000000000000     
           4           2           1           4  -28101128.091686115     
           4           2           1           5   0.0000000000000000     
           4           2           1           6   0.0000000000000000     
           4           2           2           2   0.0000000000000000     
           4           2           2           3   0.0000000000000000     
           4           2           2           4   14050564.045843050     
           4           2           2           5   0.0000000000000000     
           4           2           2           6   0.0000000000000000     
           4           2           3           3   0.0000000000000000     
           4           2           3           4   14050564.045843057     
           4           2           3           5   0.0000000000000000     
           4           2           3           6   0.0000000000000000     
           4           2           4           4   0.0000000000000000     
           4           2           4           5   0.0000000000000000     
           4           2           4           6   0.0000000000000000     
           4           2           5           5   0.0000000000000000     
           4           2           5           6   0.0000000000000000     
           4           2           6           6   0.0000000000000000     
           4           3           1           1           1   0.0000000000000000     
           4           3           1           1           2   0.0000000000000000     
           4           3           1           1           3   0.0000000000000000     
           4           3           1           1           4   26762979134.939167     
           4           3           1           1           5   0.0000000000000000     
           4           3           1           1           6   0.0000000000000000     
           4           3           1           2           2   0.0000000000000000     
           4           3           1           2           3   0.0000000000000000     
           4           3           1           2           4  -13381489567.469578     
           4           3           1           2           5   0.0000000000000000     
           4           3           1           2           6   0.0000000000000000     
           4           3           1           3           3   0.0000000000000000     
           4           3           1           3           4  -13381489567.469582     
           4           3           1           3           5   0.0000000000000000     
           4           3           1           3           6   0.0000000000000000     
           4           3           1           4           4   0.0000000000000000     
           4           3           1           4           5   0.0000000000000000     
           4           3           1           4           6   0.0000000000000000     
           4           3           1           5           5   0.0000000000000000     
           4           3           1           5           6   0.0000000000000000     
           4           3           1           6           6   0.0000000000000000     
           4           3           2           2           2   0.0000000000000000     
           4           3           2           2           3   0.0000000000000000     
           4           3           2           2           4  -3345372391.8673997     
           4           3           2           2           5   0.0000000000000000     
           4           3           2           2           6   0.0000000000000000     
           4           3           2           3           3   0.0000000000000000     
           4           3           2           3           4   16726861959.336975     
           4           3           2           3           5   0.0000000000000000     
           4           3           2           3           6   0.0000000000000000     
           4           3           2           4           4   0.0000000000000000     
           4           3           2           4           5   0.0000000000000000     
           4           3           2           4           6   0.0000000000000000     
           4           3           2           5           5   0.0000000000000000     
           4           3           2           5           6   0.0000000000000000     
           4           3           2           6           6   0.0000000000000000     
           4           3           3           3           3   0.0000000000000000     
           4           3           3           3           4  -3345372391.8673944     
           4           3           3           3           5   0.0000000000000000     
           4           3           3           3           6   0.0000000000000000     
           4           3           3           4           4   0.0000000000000000     
           4           3           3           4           5   0.0000000000000000     
           4           3           3           4           6   0.0000000000000000     
           4           3           3           5           5   0.0000000000000000     
           4           3           3           5           6   0.0000000000000000     
           4           3           3           6           6   0.0000000000000000     
           4           3           4           4           4  -30108351526.806541     
           4           3           4           4           5   0.0000000000000000     
           4           3           4           4           6   0.0000000000000000     
           4           3           4           5           5  -10036117175.602180     
           4           3           4           5           6   0.0000000000000000     
           4           3           4           6           6  -10036117175.602180     
           4           3           5           5           5   0.0000000000000000     
           4           3           5           5           6   0.0000000000000000     
           4           3           5           6           6   0.0000000000000000     
           4           3           6           6           6   0.0000000000000000     
           4           4           1           1           1           1   0.0000000000000000     
           4           4           1           1           1           2   0.0000000000000000     
           4           4           1           1           1           3   0.0000000000000000     
           4           4           1           1           1           4  -38232827335627.391     
           4           4           1           1           1           5   0.0000000000000000     
           4           4           1           1           1           6   0.0000000000000000     
           4           4           1           1           2           2   0.0000000000000000     
           4           4           1           1           2           3   0.0000000000000000     
           4           4           1           1           2           4   19116413667813.684     
           4           4           1           1           2           5   0.0000000000000000     
           4           4           1           1           2           6   0.0000000000000000     
           4           4           1           1           3           3   0.0000000000000000     
           4           4           1           1           3           4   19116413667813.695     
           4           4           1           1           3           5   0.0000000000000000     
           4           4           1           1           3           6   0.0000000000000000     
           4           4           1           1           4           4   0.0000000000000000     
           4           4           1           1           4           5   0.0000000000000000     
           4           4           1           1           4           6   0.0000000000000000     
           4           4           1           1           5           5   0.0000000000000000     
           4           4           1           1           5           6   0.0000000000000000     
           4           4           1           1           6           6   0.0000000000000000     
           4           4           1           2           2           2   0.0000000000000000     
           4           4           1           2           2           3   0.0000000000000000     
           4           4           1           2           2           4   4779103416953.4326     
           4           4           1           2           2           5   0.0000000000000000     
           4           4           1           2           2           6   0.0000000000000000     
           4           4           1           2           3           3   0.0000000000000000     
           4           4           1           2           3           4  -23895517084767.113     
           4           4           1           2           3           5   0.0000000000000000     
           4           4           1           2           3           6   0.0000000000000000     
           4           4           1           2           4           4   0.0000000000000000     
           4           4           1           2           4           5   0.0000000000000000     
           4           4           1           2           4           6   0.0000000000000000     
           4           4           1           2           5           5   0.0000000000000000     
           4           4           1           2           5           6   0.0000000000000000     
           4           4           1           2           6           6   0.0000000000000000     
           4           4           1           3           3           3   0.0000000000000000     
           4           4           1           3           3           4   4779103416953.4238     
           4           4           1           3           3           5   0.0000000000000000     
           4           4           1           3           3           6   0.0000000000000000     
           4           4           1           3           4           4   0.0000000000000000     
           4           4           1           3           4           5   0.0000000000000000     
           4           4           1           3           4           6   0.0000000000000000     
           4           4           1           3           5           5   0.0000000000000000     
           4           4           1           3           5           6   0.0000000000000000     
           4           4           1           3           6           6   0.0000000000000000     
           4           4           1           4           4           4   43011930752580.781     
           4           4           1           4           4           5   0.0000000000000000     
           4           4           1           4           4           6   0.0000000000000000     
           4           4           1           4           5           5   14337310250860.262     
           4           4           1           4           5           6   0.0000000000000000     
           4           4           1           4           6           6   14337310250860.262     
           4           4           1           5           5           5   0.0000000000000000     
           4           4           1           5           5           6   0.0000000000000000     
           4           4           1           5           6           6   0.0000000000000000     
           4           4           1           6           6           6   0.0000000000000000     
           4           4           2           2           2           2   0.0000000000000000     
           4           4           2           2           2           3   0.0000000000000000     
           4           4           2           2           2           4  -16726861959336.979     
           4           4           2           2           2           5   0.0000000000000000     
           4           4           2           2           2           6   0.0000000000000000     
           4           4           2           2           3           3   0.0000000000000000     
           4           4           2           2           3           4   11947758542383.549     
           4           4           2           2           3           5   0.0000000000000000     
           4           4           2           2           3           6   0.0000000000000000     
           4           4           2           2           4           4   0.0000000000000000     
           4           4           2           2           4           5   0.0000000000000000     
           4           4           2           2           4           6   0.0000000000000000     
           4           4           2           2           5           5   0.0000000000000000     
           4           4           2           2           5           6   0.0000000000000000     
           4           4           2           2           6           6   0.0000000000000000     
           4           4           2           3           3           3   0.0000000000000000     
           4           4           2           3           3           4   11947758542383.557     
           4           4           2           3           3           5   0.0000000000000000     
           4           4           2           3           3           6   0.0000000000000000     
           4           4           2           3           4           4   0.0000000000000000     
           4           4           2           3           4           5   0.0000000000000000     
           4           4           2           3           4           6   0.0000000000000000     
           4           4           2           3           5           5   0.0000000000000000     
           4           4           2           3           5           6   0.0000000000000000     
           4           4           2           3           6           6   0.0000000000000000     
           4           4           2           4           4           4  -21505965376290.391     
           4           4           2           4           4           5   0.0000000000000000     
           4           4           2           4           4           6   0.0000000000000000     
           4           4           2           4           5           5  -7168655125430.1299     
           4           4           2           4           5           6   0.0000000000000000     
           4           4           2           4           6           6  -7168655125430.1299     
           4           4           2           5           5           5   0.0000000000000000     
           4           4           2           5           5           6   0.0000000000000000     
           4           4           2           5           6           6   0.0000000000000000     
           4           4           2           6           6           6   0.0000000000000000     
           4           4           3           3           3           3   0.0000000000000000     
           4           4           3           3           3           4  -16726861959336.979     
           4           4           3           3           3           5   0.0000000000000000     
           4           4           3           3           3           6   0.0000000000000000     
           4           4           3           3           4           4   0.0000000000000000     
           4           4           3           3           4           5   0.0000000000000000     
           4           4           3           3           4           6   0.0000000000000000     
           4           4           3           3           5           5   0.0000000000000000     
           4           4           3           3           5           6   0.0000000000000000     
           4           4           3           3           6           6   0.0000000000000000     
           4           4           3           4           4           4  -21505965376290.391     
           4           4           3           4           4           5   0.0000000000000000     
           4           4           3           4           4           6   0.0000000000000000     
           4           4           3           4           5           5  -7168655125430.1309     
           4           4           3           4           5           6   0.0000000000000000     
           4           4           3           4           6           6  -7168655125430.1309     
           4           4           3           5           5           5   0.0000000000000000     
           4           4           3           5           5           6   0.0000000000000000     
           4           4           3           5           6           6   0.0000000000000000     
           4           4           3           6           6           6   0.0000000000000000     
           4           4           4           4           4           4   0.0000000000000000     
           4           4           4           4           4           5   0.0000000000000000     
           4           4           4           4           4           6   0.0000000000000000     
           4           4           4           4           5           5   0.0000000000000000     
           4           4           4           4           5           6   0.0000000000000000     
           4           4           4           4           6           6   0.0000000000000000     
           4           4           4           5           5           5   0.0000000000000000     
           4           4           4           5           5           6   0.0000000000000000     
           4           4           4           5           6           6   0.0000000000000000     
           4           4           4           6           6           6   0.0000000000000000     
           4           4           5           5           5           5   0.0000000000000000     
           4           4           5           5           5           6   0.0000000000000000     
           4           4           5           5           6           6   0.0000000000000000     
           4           4           5           6           6           6   0.0000000000000000     
           4           4           6           6           6           6   0.0000000000000000     
           5           2           1           1   0.0000000000000000     
           5           2           1           2   0.0000000000000000     
           5           2           1           3   0.0000000000000000     
           5           2           1           4   0.0000000000000000     
           5           2           1           5  -28101128.091686115     
           5           2           1           6   0.0000000000000000     
           5           2           2           2   0.0000000000000000     
           5           2           2           3   0.0000000000000000     
           5           2           2           4   0.0000000000000000     
           5           2           2           5   14050564.045843050     
           5           2           2           6   0.0000000000000000     
           5           2           3           3   0.0000000000000000     
           5           2           3           4   0.0000000000000000     
           5           2           3           5   14050564.045843057     
           5           2           3           6   0.0000000000000000     
           5           2           4           4   0.0000000000000000     
           5           2           4           5   0.0000000000000000     
           5           2           4           6   0.0000000000000000     
           5           2           5           5   0.0000000000000000     
           5           2           5           6   0.0000000000000000     
           5           2           6           6   0.0000000000000000     
           5           3           1           1           1   0.0000000000000000     
           5           3           1           1           2   0.0000000000000000     
           5           3           1           1           3   0.0000000000000000     
           5           3           1           1           4   0.0000000000000000     
           5           3           1           1           5   26762979134.939167     
           5           3           1           1           6   0.0000000000000000     
           5           3           1           2           2   0.0000000000000000     
           5           3           1           2           3   0.0000000000000000     
           5           3           1           2           4   0.0000000000000000     
           5           3           1           2           5  -13381489567.469578     
           5           3           1           2           6   0.0000000000000000     
           5           3           1           3           3   0.0000000000000000     
           5           3           1           3           4   0.0000000000000000     
           5           3           1           3           5  -13381489567.469582     
           5           3           1           3           6   0.0000000000000000     
           5           3           1           4           4   0.0000000000000000     
           5           3           1           4           5   0.0000000000000000     
           5           3           1           4           6   0.0000000000000000     
           5           3           1           5           5   0.0000000000000000     
           5           3           1           5           6   0.0000000000000000     
           5           3           1           6           6   0.0000000000000000     
           5           3           2           2           2   0.0000000000000000     
           5           3           2           2           3   0.0000000000000000     
           5           3           2           2           4   0.0000000000000000     
           5           3           2           2           5  -3345372391.8673997     
           5           3           2           2           6   0.0000000000000000     
           5           3           2           3           3   0.0000000000000000     
           5           3           2           3           4   0.0000000000000000     
           5           3           2           3           5   16726861959.336975     
           5           3           2           3           6   0.0000000000000000     
           5           3           2           4           4   0.0000000000000000     
           5           3           2           4           5   0.0000000000000000     
           5           3           2           4           6   0.0000000000000000     
           5           3           2           5           5   0.0000000000000000     
           5           3           2           5           6   0.0000000000000000     
           5           3           2           6           6   0.0000000000000000     
           5           3           3           3           3   0.0000000000000000     
           5           3           3           3           4   0.0000000000000000     
           5           3           3           3           5  -3345372391.8673944     
           5           3           3           3           6   0.0000000000000000     
           5           3           3           4           4   0.0000000000000000     
           5           3           3           4           5   0.0000000000000000     
           5           3           3           4           6   0.0000000000000000     
           5           3           3           5           5   0.0000000000000000     
           5           3           3           5           6   0.0000000000000000     
           5           3           3           6           6   0.0000000000000000     
           5           3           4           4           4   0.0000000000000000     
           5           3           4           4           5  -10036117175.602180     
           5           3           4           4           6   0.0000000000000000     
           5           3           4           5           5   0.0000000000000000     
           5           3           4           5           6   0.0000000000000000     
           5           3           4           6           6   0.0000000000000000     
           5           3           5           5           5  -30108351526.806541     
           5           3           5           5           6   0.0000000000000000     
           5           3           5           6           6  -10036117175.602180     
           5           3           6           6           6   0.0000000000000000     
           5           4           1           1           1           1   0.0000000000000000     
           5           4           1           1           1           2   0.0000000000000000     
           5           4           1           1           1           3   0.0000000000000000     
           5           4           1           1           1           4   0.0000000000000000     
           5           4           1           1           1           5  -38232827335627.391     
           5           4           1           1           1           6   0.0000000000000000     
           5           4           1           1           2           2   0.0000000000000000     
           5           4           1           1           2           3   0.0000000000000000     
           5           4           1           1           2           4   0.0000000000000000     
           5           4           1           1           2           5   19116413667813.684     
           5           4           1           1           2           6   0.0000000000000000     
           5           4           1           1           3           3   0.0000000000000000     
           5           4           1           1           3           4   0.0000000000000000     
           5           4           1           1           3           5   19116413667813.695     
           5           4           1           1           3           6   0.0000000000000000     
           5           4           1           1           4           4   0.0000000000000000     
           5           4           1           1           4           5   0.0000000000000000     
           5           4           1           1           4           6   0.0000000000000000     
           5           4           1           1           5           5   0.0000000000000000     
           5           4           1           1           5           6   0.0000000000000000     
           5           4           1           1           6           6   0.0000000000000000     
           5           4           1           2           2           2   0.0000000000000000     
           5           4           1           2           2           3   0.0000000000000000     
           5           4           1           2           2           4   0.0000000000000000     
           5           4           1           2           2           5   4779103416953.4326     
           5           4           1           2           2           6   0.0000000000000000     
           5           4           1           2           3           3   0.0000000000000000     
           5           4           1           2           3           4   0.0000000000000000     
           5           4           1           2           3           5  -23895517084767.113     
           5           4           1           2           3           6   0.0000000000000000     
           5           4           1           2           4           4   0.0000000000000000     
           5           4           1           2           4           5   0.0000000000000000     
           5           4           1           2           4           6   0.0000000000000000     
           5           4           1           2           5           5   0.0000000000000000     
           5           4           1           2           5           6   0.0000000000000000     
           5           4           1           2           6           6   0.0000000000000000     
           5           4           1           3           3           3   0.0000000000000000     
           5           4           1           3           3           4   0.0000000000000000     
           5           4           1           3           3           5   4779103416953.4238     
           5           4           1           3           3           6   0.0000000000000000     
           5           4           1           3           4           4   0.0000000000000000     
           5           4           1           3           4           5   0.0000000000000000     
           5           4           1           3           4           6   0.0000000000000000     
           5           4           1           3           5           5   0.0000000000000000     
           5           4           1           3           5           6   0.0000000000000000     
           5           4           1           3           6           6   0.0000000000000000     
           5           4           1           4           4           4   0.0000000000000000     
           5           4           1           4           4           5   14337310250860.262     
           5           4           1           4           4           6   0.0000000000000000     
           5           4           1           4           5           5   0.0000000000000000     
           5           4           1           4           5           6   0.0000000000000000     
           5           4           1           4           6           6   0.0000000000000000     
           5           4           1           5           5           5   43011930752580.781     
           5           4           1           5           5           6   0.0000000000000000     
           5           4           1           5           6           6   14337310250860.262     
           5           4           1           6           6           6   0.0000000000000000     
           5           4           2           2           2           2   0.0000000000000000     
           5           4           2           2           2           3   0.0000000000000000     
           5           4           2           2           2           4   0.0000000000000000     
           5           4           2           2           2           5  -16726861959336.979     
           5           4           2           2           2           6   0.0000000000000000     
           5           4           2           2           3           3   0.0000000000000000     
           5           4           2           2           3           4   0.0000000000000000     
           5           4           2           2           3           5   11947758542383.549     
           5           4           2           2           3           6   0.0000000000000000     
           5           4           2           2           4           4   0.0000000000000000     
           5           4           2           2           4           5   0.0000000000000000     
           5           4           2           2           4           6   0.0000000000000000     
           5           4           2           2           5           5   0.0000000000000000     
           5           4           2           2           5           6   0.0000000000000000     
           5           4           2           2           6           6   0.0000000000000000     
           5           4           2           3           3           3   0.0000000000000000     
           5           4           2           3           3           4   0.0000000000000000     
           5           4           2           3           3           5   11947758542383.557     
           5           4           2           3           3           6   0.0000000000000000     
           5           4           2           3           4           4   0.0000000000000000     
           5           4           2           3           4           5   0.0000000000000000     
           5           4           2           3           4           6   0.0000000000000000     
           5           4           2           3           5           5   0.0000000000000000     
           5           4           2           3           5           6   0.0000000000000000     
           5           4           2           3           6           6   0.0000000000000000     
           5           4           2           4           4           4   0.0000000000000000     
           5           4           2           4           4           5  -7168655125430.1299     
           5           4           2           4           4           6   0.0000000000000000     
           5           4           2           4           5           5   0.0000000000000000     
           5           4           2           4           5           6   0.0000000000000000     
           5           4           2           4           6           6   0.0000000000000000     
           5           4           2           5           5           5  -21505965376290.391     
           5           4           2           5           5           6   0.0000000000000000     
           5           4           2           5           6           6  -7168655125430.1299     
           5           4           2           6           6           6   0.0000000000000000     
           5           4           3           3           3           3   0.0000000000000000     
           5           4           3           3           3           4   0.0000000000000000     
           5           4           3           3           3           5  -16726861959336.979     
           5           4           3           3           3           6   0.0000000000000000     
           5           4           3           3           4           4   0.0000000000000000     
           5           4           3           3           4           5   0.0000000000000000     
           5           4           3           3           4           6   0.0000000000000000     
           5           4           3           3           5           5   0.0000000000000000     
           5           4           3           3           5           6   0.0000000000000000     
           5           4           3           3           6           6   0.0000000000000000     
           5           4           3           4           4           4   0.0000000000000000     
           5           4           3           4           4           5  -7168655125430.1309     
           5           4           3           4           4           6   0.0000000000000000     
           5           4           3           4           5           5   0.0000000000000000     
           5           4           3           4           5           6   0.0000000000000000     
           5           4           3           4           6           6   0.0000000000000000     
           5           4           3           5           5           5  -21505965376290.391     
           5           4           3           5           5           6   0.0000000000000000     
           5           4           3           5           6           6  -7168655125430.1309     
           5           4           3           6           6           6   0.0000000000000000     
           5           4           4           4           4           4   0.0000000000000000     
           5           4           4           4           4           5   0.0000000000000000     
           5           4           4           4           4           6   0.0000000000000000     
           5           4           4           4           5           5   0.0000000000000000     
           5           4           4           4           5           6   0.0000000000000000     
           5           4           4           4           6           6   0.0000000000000000     
           5           4           4           5           5           5   0.0000000000000000     
           5           4           4           5           5           6   0.0000000000000000     
           5           4           4           5           6           6   0.0000000000000000     
           5           4           4           6           6           6   0.0000000000000000     
           5           4           5           5           5           5   0.0000000000000000     
           5           4           5           5           5           6   0.0000000000000000     
           5           4           5           5           6           6   0.0000000000000000     
           5           4           5           6           6           6   0.0000000000000000     
           5           4           6           6           6           6   0.0000000000000000     
           6           2           1           1   0.0000000000000000     
           6           2           1           2   0.0000000000000000     
           6           2           1           3   0.0000000000000000     
           6           2           1           4   0.0000000000000000     
           6           2           1           5   0.0000000000000000     
           6           2           1           6  -28101128.091686115     
           6           2           2           2   0.0000000000000000     
           6           2           2           3   0.0000000000000000     
           6           2           2           4   0.0000000000000000     
           6           2           2           5   0.0000000000000000     
           6           2           2           6   14050564.045843050     
           6           2           3           3   0.0000000000000000     
           6           2           3           4   0.0000000000000000     
           6           2           3           5   0.0000000000000000     
           6           2           3           6   14050564.045843057     
           6           2           4           4   0.0000000000000000     
           6           2           4           5   0.0000000000000000     
           6           2           4           6   0.0000000000000000     
           6           2           5           5   0.0000000000000000     
           6           2           5           6   0.0000000000000000     
           6           2           6           6   0.0000000000000000     
           6           3           1           1           1   0.0000000000000000     
           6           3           1           1           2   0.0000000000000000     
           6           3           1           1           3   0.0000000000000000     
           6           3           1           1           4   0.0000000000000000     
           6           3           1           1           5   0.0000000000000000     
           6           3           1           1           6   26762979134.939167     
           6           3           1           2           2   0.0000000000000000     
           6           3           1           2           3   0.0000000000000000     
           6           3           1           2           4   0.0000000000000000     
           6           3           1           2           5   0.0000000000000000     
           6           3           1           2           6  -13381489567.469578     
           6           3           1           3           3   0.0000000000000000     
           6           3           1           3           4   0.0000000000000000     
           6           3           1           3           5   0.0000000000000000     
           6           3           1           3           6  -13381489567.469582     
           6           3           1           4           4   0.0000000000000000     
           6           3           1           4           5   0.0000000000000000     
           6           3           1           4           6   0.0000000000000000     
           6           3           1           5           5   0.0000000000000000     
           6           3           1           5           6   0.0000000000000000     
           6           3           1           6           6   0.0000000000000000     
           6           3           2           2           2   0.0000000000000000     
           6           3           2           2           3   0.0000000000000000     
           6           3           2           2           4   0.0000000000000000     
           6           3           2           2           5   0.0000000000000000     
           6           3           2           2           6  -3345372391.8673997     
           6           3           2           3           3   0.0000000000000000     
           6           3           2           3           4   0.0000000000000000     
           6           3           2           3           5   0.0000000000000000     
           6           3           2           3           6   16726861959.336975     
           6           3           2           4           4   0.0000000000000000     
           6           3           2           4           5   0.0000000000000000     
           6           3           2           4           6   0.0000000000000000     
           6           3           2           5           5   0.0000000000000000     
           6           3           2           5           6   0.0000000000000000     
           6           3           2           6           6   0.0000000000000000     
           6           3           3           3           3   0.0000000000000000     
           6           3           3           3           4   0.0000000000000000     
           6           3           3           3           5   0.0000000000000000     
           6           3           3           3           6  -3345372391.8673944     
           6           3           3           4           4   0.0000000000000000     
           6           3           3           4           5   0.0000000000000000     
           6           3           3           4           6   0.0000000000000000     
           6           3           3           5           5   0.0000000000000000     
           6           3           3           5           6   0.0000000000000000     
           6           3           3           6           6   0.0000000000000000     
           6           3           4           4           4   0.0000000000000000     
           6           3           4           4           5   0.0000000000000000     
           6           3           4           4           6  -10036117175.602180     
           6           3           4           5           5   0.0000000000000000     
           6           3           4           5           6   0.0000000000000000     
           6           3           4           6           6   0.0000000000000000     
           6           3           5           5           5   0.0000000000000000     
           6           3           5           5           6  -10036117175.602180     
           6           3           5           6           6   0.0000000000000000     
           6           3           6           6           6  -30108351526.806541     
           6           4           1           1           1           1   0.0000000000000000     
           6           4           1           1           1           2   0.0000000000000000     
           6           4           1           1           1           3   0.0000000000000000     
           6           4           1           1           1           4   0.0000000000000000     
           6           4           1           1           1           5   0.0000000000000000     
           6           4           1           1           1           6  -38232827335627.391     
           6           4           1           1           2           2   0.0000000000000000     
           6           4           1           1           2           3   0.0000000000000000     
           6           4           1           1           2           4   0.0000000000000000     
           6           4           1           1           2           5   0.0000000000000000     
           6           4           1           1           2           6   19116413667813.684     
           6           4           1           1           3           3   0.0000000000000000     
           6           4           1           1           3           4   0.0000000000000000     
           6           4           1           1           3           5   0.0000000000000000     
           6           4           1           1           3           6   19116413667813.695     
           6           4           1           1           4           4   0.0000000000000000     
           6           4           1           1           4           5   0.0000000000000000     
           6           4           1           1           4           6   0.0000000000000000     
           6           4           1           1           5           5   0.0000000000000000     
           6           4           1           1           5           6   0.0000000000000000     
           6           4           1           1           6           6   0.0000000000000000     
           6           4           1           2           2           2   0.0000000000000000     
           6           4           1           2           2           3   0.0000000000000000     
           6           4           1           2           2           4   0.0000000000000000     
           6           4           1           2           2           5   0.0000000000000000     
           6           4           1           2           2           6   4779103416953.4326     
           6           4           1           2           3           3   0.0000000000000000     
           6           4           1           2           3           4   0.0000000000000000     
           6           4           1           2           3           5   0.0000000000000000     
           6           4           1           2           3           6  -23895517084767.113     
           6           4           1           2           4           4   0.0000000000000000     
           6           4           1           2           4           5   0.0000000000000000     
           6           4           1           2           4           6   0.0000000000000000     
           6           4           1           2           5           5   0.0000000000000000     
           6           4           1           2           5           6   0.0000000000000000     
           6           4           1           2           6           6   0.0000000000000000     
           6           4           1           3           3           3   0.0000000000000000     
           6           4           1           3           3           4   0.0000000000000000     
           6           4           1           3           3           5   0.0000000000000000     
           6           4           1           3           3           6   4779103416953.4238     
           6           4           1           3           4           4   0.0000000000000000     
           6           4           1           3           4           5   0.0000000000000000     
           6           4           1           3           4           6   0.0000000000000000     
           6           4           1           3           5           5   0.0000000000000000     
           6           4           1           3           5           6   0.0000000000000000     
           6           4           1           3           6           6   0.0000000000000000     
           6           4           1           4           4           4   0.0000000000000000     
           6           4           1           4           4           5   0.0000000000000000     
           6           4           1           4           4           6   14337310250860.262     
           6           4           1           4           5           5   0.0000000000000000     
           6           4           1           4           5           6   0.0000000000000000     
           6           4           1           4           6           6   0.0000000000000000     
           6           4           1           5           5           5   0.0000000000000000     
           6           4           1           5           5           6   14337310250860.262     
           6           4           1           5           6           6   0.0000000000000000     
           6           4           1           6           6           6   43011930752580.781     
           6           4           2           2           2           2   0.0000000000000000     
           6           4           2           2           2           3   0.0000000000000000     
           6           4           2           2           2           4   0.0000000000000000     
           6           4           2           2           2           5   0.0000000000000000     
           6           4           2           2           2           6  -16726861959336.979     
           6           4           2           2           3           3   0.0000000000000000     
           6           4           2           2           3           4   0.0000000000000000     
           6           4           2           2           3           5   0.0000000000000000     
           6           4           2           2           3           6   11947758542383.549     
           6           4           2           2           4           4   0.0000000000000000     
           6           4           2           2           4           5   0.0000000000000000     
           6           4           2           2           4           6   0.0000000000000000     
           6           4           2           2           5           5   0.0000000000000000     
           6           4           2           2           5           6   0.0000000000000000     
           6           4           2           2           6           6   0.0000000000000000     
           6           4           2           3           3           3   0.0000000000000000     
           6           4           2           3           3           4   0.0000000000000000     
           6           4           2           3           3           5   0.0000000000000000     
           6           4           2           3           3           6   11947758542383.557     
           6           4           2           3           4           4   0.0000000000000000     
           6           4           2           3           4           5   0.0000000000000000     
           6           4           2           3           4           6   0.0000000000000000     
           6           4           2           3           5           5   0.0000000000000000     
           6           4           2           3           5           6   0.0000000000000000     
           6           4           2           3           6           6   0.0000000000000000     
           6           4           2           4           4           4   0.0000000000000000     
           6           4           2           4           4           5   0.0000000000000000     
           6           4           2           4           4           6  -7168655125430.1299     
           6           4           2           4           5           5   0.0000000000000000     
           6           4           2           4           5           6   0.0000000000000000     
           6           4           2           4           6           6   0.0000000000000000     
           6           4           2           5           5           5   0.0000000000000000     
           6           4           2           5           5           6  -7168655125430.1299     
           6           4           2           5           6           6   0.0000000000000000     
           6           4           2           6           6           6  -21505965376290.391     
           6           4           3           3           3           3   0.0000000000000000     
           6           4           3           3           3           4   0.0000000000000000     
           6           4           3           3           3           5   0.0000000000000000     
           6           4           3           3           3           6  -16726861959336.979     
           6           4           3           3           4           4   0.0000000000000000     
           6           4           3           3           4           5   0.0000000000000000     
           6           4           3           3           4           6   0.0000000000000000     
           6           4           3           3           5           5   0.0000000000000000     
           6           4           3           3           5           6   0.0000000000000000     
           6           4           3           3           6           6   0.0000000000000000     
           6           4           3           4           4           4   0.0000000000000000     
           6           4           3           4           4           5   0.0000000000000000     
           6           4           3           4           4           6  -7168655125430.1309     
           6           4           3           4           5           5   0.0000000000000000     
           6           4           3           4           5           6   0.0000000000000000     
           6           4           3           4           6           6   0.0000000000000000     
           6           4           3           5           5           5   0.0000000000000000     
           6           4           3           5           5           6  -7168655125430.1309     
           6           4           3           5           6           6   0.0000000000000000     
           6           4           3           6           6           6  -21505965376290.391     
           6           4           4           4           4           4   0.0000000000000000     
           6           4           4           4           4           5   0.0000000000000000     
           6           4           4           4           4           6   0.0000000000000000     
           6           4           4           4           5           5   0.0000000000000000     
           6           4           4           4           5           6   0.0000000000000000     
           6           4           4           4           6           6   0.0000000000000000     
           6           4           4           5           5           5   0.0000000000000000     
           6           4           4           5           5           6   0.0000000000000000     
           6           4           4           5           6           6   0.0000000000000000     
           6           4           4           6           6           6   0.0000000000000000     
           6           4           5           5           5           5   0.0000000000000000     
           6           4           5           5           5           6   0.0000000000000000     
           6           4           5           5           6           6   0.0000000000000000     
           6           4           5           6           6           6   0.0000000000000000     
           6           4           6           6           6           6   0.0000000000000000     
 #           1           1           1           3
           1           2           1           1  -1186158.7412411869     
           1           2           1           2  -2521943.0295576788     
           1           2           1           3   3708101.7707988843     
           1           2           1           4   6230044.8003565725     
           1           2           1           5   0.0000000000000000     
           1           2           1           6   0.0000000000000000     
           1           2           2           2  -28272815.837251175     
           1           2           2           3   30794758.866808861     
           1           2           2           4  -3470870.0225506574     
           1           2           2           5   0.0000000000000000     
           1           2           2           6   0.0000000000000000     
           1           2           3           3  -34502860.637607753     
           1           2           3           4  -2759174.7778059160     
           1           2           3           5   0.0000000000000000     
           1           2           3           6   0.0000000000000000     
           1           2           4           4  -30557527.118560590     
           1           2           4           5   0.0000000000000000     
           1           2           4           6   0.0000000000000000     
           1           2           5           5  -31269222.363305334     
           1           2           5           6   0.0000000000000000     
           1           2           6           6  -31269222.363305334     
           1           3           1           1           1   2368973255.4912872     
           1           3           1           1           2   3447659725.9679756     
           1           3           1           1           3  -5816632981.4592628     
           1           3           1           1           4  -9264292707.4272385     
           1           3           1           1           5   0.0000000000000000     
           1           3           1           1           6   0.0000000000000000     
           1           3           1           2           2   26754974973.618389     
           1           3           1           2           3  -30202634699.586365     
           1           3           1           2           4   5342838330.3610048     
           1           3           1           2           5   0.0000000000000000     
           1           3           1           2           6   0.0000000000000000     
           1           3           1           3           3   36019267681.045624     
           1           3           1           3           4   3921454377.0662346     
           1           3           1           3           5   0.0000000000000000     
           1           3           1           3           6   0.0000000000000000     
           1           3           1           4           4   29728840048.488087     
           1           3           1           4           5   0.0000000000000000     
           1           3           1           4           6   0.0000000000000000     
           1           3           1           5           5   31150224001.782860     
           1           3           1           5           6   0.0000000000000000     
           1           3           1           6           6   31150224001.782860     
           1           3           2           2           2  -48335169955.737846     
           1           3           2           2           3   21580194982.119446     
           1           3           2           2           4   497964486.84412074     
           1           3           2           2           5   0.0000000000000000     
           1           3           2           2           6   0.0000000000000000     
           1           3           2           3           3   8622439717.4669113     
           1           3           2           3           4  -5840802817.2051249     
           1           3           2           3           5   0.0000000000000000     
           1           3           2           3           6   0.0000000000000000     
           1           3           2           4           4  -16576164969.355099     
           1           3           2           4           5   0.0000000000000000     
           1           3           2           4           6   0.0000000000000000     
           1           3           2           5           5  -17354350112.753281     
           1           3           2           5           6   0.0000000000000000     
           1           3           2           6           6  -17354350112.753281     
           1           3           3           3           3  -44641707398.512535     
           1           3           3           3           4   1919348440.1388927     
           1           3           3           3           5   0.0000000000000000     
           1           3           3           3           6   0.0000000000000000     
           1           3           3           4           4  -13152675079.132992     
           1           3           3           4           5   0.0000000000000000     
           1           3           3           4           6   0.0000000000000000     
           1           3           3           5           5  -13795873889.029575     
           1           3           3           5           6   0.0000000000000000     
           1           3           3           6           6  -13795873889.029575     
           1           3           4           4           4   10540442337.669540     
           1           3           4           4           5   0.0000000000000000     
           1           3           4           4           6   0.0000000000000000     
           1           3           4           5           5   3558476223.7237163     
           1           3           4           5           6   0.0000000000000000     
           1           3           4           6           6   3558476223.7237163     
           1           3           5           5           5   0.0000000000000000     
           1           3           5           5           6   0.0000000000000000     
           1           3           5           6           6   0.0000000000000000     
           1           3           6           6           6   0.0000000000000000     
           1           4           1           1           1           1  -5899826597029.5000     
           1           4           1           1           1           2  -6188720097573.4570     
           1           4           1           1           1           3   12088546694603.039     
           1           4           1           1           1           4   18277266792176.547     
           1           4           1           1           1           5   0.0000000000000000     
           1           4           1           1           1           6   0.0000000000000000     
           1           4           1           1           2           2  -37772812800750.906     
           1           4           1           1           2           3   43961532898324.375     
           1           4           1           1           2           4  -10908581375197.164     
           1           4           1           1           2           5   0.0000000000000000     
           1           4           1           1           2           6   0.0000000000000000     
           1           4           1           1           3           3  -56050079592927.406     
           1           4           1           1           3           4  -7368685416979.3701     
           1           4           1           1           3           5   0.0000000000000000     
           1           4           1           1           3           6   0.0000000000000000     
           1           4           1           1           4           4  -42781567578918.383     
           1           4           1           1           4           5   0.0000000000000000     
           1           4           1           1           4           6   0.0000000000000000     
           1           4           1           1           5           5  -46321463537136.156     
           1           4           1           1           5           6   0.0000000000000000     
           1           4           1           1           6           6  -46321463537136.156     
           1           4           1           2           2           2   72648028304764.375     
           1           4           1           2           2           3  -34875215504013.480     
           1           4           1           2           2           4  -666477201557.77832     
           1           4           1           2           2           5   0.0000000000000000     
           1           4           1           2           2           6   0.0000000000000000     
           1           4           1           2           3           3  -9086317394310.8672     
           1           4           1           2           3           4   11575058576754.930     
           1           4           1           2           3           5   0.0000000000000000     
           1           4           1           2           3           6   0.0000000000000000     
           1           4           1           2           4           4   24741887897169.984     
           1           4           1           2           4           5   0.0000000000000000     
           1           4           1           2           4           6   0.0000000000000000     
           1           4           1           2           5           5   26714191651805.004     
           1           4           1           2           5           6   0.0000000000000000     
           1           4           1           2           6           6   26714191651805.004     
           1           4           1           3           3           3   65136396987238.242     
           1           4           1           3           3           4  -4206373159775.5635     
           1           4           1           3           3           5   0.0000000000000000     
           1           4           1           3           3           6   0.0000000000000000     
           1           4           1           3           4           4   18039679681748.391     
           1           4           1           3           4           5   0.0000000000000000     
           1           4           1           3           4           6   0.0000000000000000     
           1           4           1           3           5           5   19607271885331.160     
           1           4           1           3           5           6   0.0000000000000000     
           1           4           1           3           6           6   19607271885331.160     
           1           4           1           4           4           4  -20916047748369.320     
           1           4           1           4           4           5   0.0000000000000000     
           1           4           1           4           4           6   0.0000000000000000     
           1           4           1           4           5           5  -7106919766473.8672     
           1           4           1           4           5           6   0.0000000000000000     
           1           4           1           4           6           6  -7106919766473.8672     
           1           4           1           5           5           5   0.0000000000000000     
           1           4           1           5           5           6   0.0000000000000000     
           1           4           1           5           6           6   0.0000000000000000     
           1           4           1           6           6           6   0.0000000000000000     
           1           4           2           2           2           2  -32806752107639.191     
           1           4           2           2           2           3  -39841276197125.219     
           1           4           2           2           2           4   7904410515837.6309     
           1           4           2           2           2           5   0.0000000000000000     
           1           4           2           2           2           6   0.0000000000000000     
           1           4           2           2           3           3   74716491701138.688     
           1           4           2           2           3           4  -7237933314279.8564     
           1           4           2           2           3           5   0.0000000000000000     
           1           4           2           2           3           6   0.0000000000000000     
           1           4           2           2           4           4   2911181472066.9160     
           1           4           2           2           4           5   0.0000000000000000     
           1           4           2           2           4           6   0.0000000000000000     
           1           4           2           2           5           5   2489822434220.6074     
           1           4           2           2           5           6   0.0000000000000000     
           1           4           2           2           6           6   2489822434220.6074     
           1           4           2           3           3           3  -65630174306827.828     
           1           4           2           3           3           4  -4337125262475.0796     
           1           4           2           3           3           5   0.0000000000000000     
           1           4           2           3           3           6   0.0000000000000000     
           1           4           2           3           4           4  -27653069369236.898     
           1           4           2           3           4           5   0.0000000000000000     
           1           4           2           3           4           6   0.0000000000000000     
           1           4           2           3           5           5  -29204014086025.617     
           1           4           2           3           5           6   0.0000000000000000     
           1           4           2           3           6           6  -29204014086025.617     
           1           4           2           4           4           4   11452499494899.193     
           1           4           2           4           4           5   0.0000000000000000     
           1           4           2           4           4           6   0.0000000000000000     
           1           4           2           4           5           5   3890925716990.9463     
           1           4           2           4           5           6   0.0000000000000000     
           1           4           2           4           6           6   3890925716990.9463     
           1           4           2           5           5           5   0.0000000000000000     
           1           4           2           5           5           6   0.0000000000000000     
           1           4           2           5           6           6   0.0000000000000000     
           1           4           2           6           6           6   0.0000000000000000     
           1           4           3           3           3           3   493777319589.59766     
           1           4           3           3           3           4   8543498422250.6426     
           1           4           3           3           3           5   0.0000000000000000     
           1           4           3           3           3           6   0.0000000000000000     
           1           4           3           3           4           4   9613389687488.4980     
           1           4           3           3           4           5   0.0000000000000000     
           1           4           3           3           4           6   0.0000000000000000     
           1           4           3           3           5           5   9596742200694.4648     
           1           4           3           3           5           6   0.0000000000000000     
           1           4           3           3           6           6   9596742200694.4648     
           1           4           3           4           4           4   9463548253470.1289     
           1           4           3           4           4           5   0.0000000000000000     
           1           4           3           4           4           6   0.0000000000000000     
           1           4           3           4           5           5   3215994049482.9189     
           1           4           3           4           5           6   0.0000000000000000     
           1           4           3           4           6           6   3215994049482.9189     
           1           4           3           5           5           5   0.0000000000000000     
           1           4           3           5           5           6   0.0000000000000000     
           1           4           3           5           6           6   0.0000000000000000     
           1           4           3           6           6           6   0.0000000000000000     
           1           4           4           4           4           4   49363397111902.578     
           1           4           4           4           4           5   0.0000000000000000     
           1           4           4           4           4           6   0.0000000000000000     
           1           4           4           4           5           5   17117449451110.547     
           1           4           4           4           5           6   0.0000000000000000     
           1           4           4           4           6           6   17117449451110.547     
           1           4           4           5           5           5   0.0000000000000000     
           1           4           4           5           5           6   0.0000000000000000     
           1           4           4           5           6           6   0.0000000000000000     
           1           4           4           6           6           6   0.0000000000000000     
           1           4           5           5           5           5   53377143355855.719     
           1           4           5           5           5           6   0.0000000000000000     
           1           4           5           5           6           6   17792381118618.574     
           1           4           5           6           6           6   0.0000000000000000     
           1           4           6           6           6           6   53377143355855.719     
           2           2           1           1  -2521943.0295576826     
           2           2           1           2  -28272815.837251183     
           2           2           1           3   30794758.866808847     
           2           2           1           4  -3470870.0225506565     
           2           2           1           5   0.0000000000000000     
           2           2           1           6   0.0000000000000000     
           2           2           2           2   47997178.405408487     
           2           2           2           3  -19724362.568157304     
           2           2           2           4  -443135.97821424110     
           2           2           2           5   0.0000000000000000     
           2           2           2           6   0.0000000000000000     
           2           2           3           3  -11070396.298651535     
           2           2           3           4   3914006.0007648962     
           2           2           3           5   0.0000000000000000     
           2           2           3           6   0.0000000000000000     
           2           2           4           4   16436782.959076125     
           2           2           4           5   0.0000000000000000     
           2           2           4           6   0.0000000000000000     
           2           2           5           5   16819601.248837885     
           2           2           5           6   0.0000000000000000     
           2           2           6           6   16819601.248837885     
           2           3           1           1           1   3447659725.9679718     
           2           3           1           1           2   26754974973.618404     
           2           3           1           1           3  -30202634699.586349     
           2           3           1           1           4   5342838330.3610039     
           2           3           1           1           5   0.0000000000000000     
           2           3           1           1           6   0.0000000000000000     
           2           3           1           2           2  -48335169955.737831     
           2           3           1           2           3   21580194982.119438     
           2           3           1           2           4   497964486.84412193     
           2           3           1           2           5   0.0000000000000000     
           2           3           1           2           6   0.0000000000000000     
           2           3           1           3           3   8622439717.4668941     
           2           3           1           3           4  -5840802817.2051239     
           2           3           1           3           5   0.0000000000000000     
           2           3           1           3           6   0.0000000000000000     
           2           3           1           4           4  -16576164969.355091     
           2           3           1           4           5   0.0000000000000000     
           2           3           1           4           6   0.0000000000000000     
           2           3           1           5           5  -17354350112.753284     
           2           3           1           5           6   0.0000000000000000     
           2           3           1           6           6  -17354350112.753284     
           2           3           2           2           2   19520205318.349754     
           2           3           2           2           3   28814964637.388084     
           2           3           2           2           4  -3999320027.3888907     
           2           3           2           2           5   0.0000000000000000     
           2           3           2           2           6   0.0000000000000000     
           2           3           2           3           3  -50395159619.507515     
           2           3           2           3           4   3501355540.5447664     
           2           3           2           3           5   0.0000000000000000     
           2           3           2           3           6   0.0000000000000000     
           2           3           2           4           4  -2371370118.3727093     
           2           3           2           4           5   0.0000000000000000     
           2           3           2           4           6   0.0000000000000000     
           2           3           2           5           5  -2215679891.0712070     
           2           3           2           5           6   0.0000000000000000     
           2           3           2           6           6  -2215679891.0712070     
           2           3           3           3           3   41772719902.040619     
           2           3           3           3           4   2339447276.6603551     
           2           3           3           3           5   0.0000000000000000     
           2           3           3           3           6   0.0000000000000000     
           2           3           3           4           4   18947535087.727798     
           2           3           3           4           5   0.0000000000000000     
           2           3           3           4           6   0.0000000000000000     
           2           3           3           5           5   19570030003.824478     
           2           3           3           5           6   0.0000000000000000     
           2           3           3           6           6   19570030003.824478     
           2           3           4           4           4  -5669665687.4338140     
           2           3           4           4           5   0.0000000000000000     
           2           3           4           4           6   0.0000000000000000     
           2           3           4           5           5  -1914091448.8087902     
           2           3           4           5           6   0.0000000000000000     
           2           3           4           6           6  -1914091448.8087902     
           2           3           5           5           5   0.0000000000000000     
           2           3           5           5           6   0.0000000000000000     
           2           3           5           6           6   0.0000000000000000     
           2           3           6           6           6   0.0000000000000000     
           2           4           1           1           1           1  -6188720097573.5156     
           2           4           1           1           1           2  -37772812800750.922     
           2           4           1           1           1           3   43961532898324.352     
           2           4           1           1           1           4  -10908581375197.164     
           2           4           1           1           1           5   0.0000000000000000     
           2           4           1           1           1           6   0.0000000000000000     
           2           4           1           1           2           2   72648028304764.406     
           2           4           1           1           2           3  -34875215504013.488     
           2           4           1           1           2           4  -666477201557.77734     
           2           4           1           1           2           5   0.0000000000000000     
           2           4           1           1           2           6   0.0000000000000000     
           2           4           1           1           3           3  -9086317394310.8457     
           2           4           1           1           3           4   11575058576754.926     
           2           4           1           1           3           5   0.0000000000000000     
           2           4           1           1           3           6   0.0000000000000000     
           2           4           1           1           4           4   24741887897169.973     
           2           4           1           1           4           5   0.0000000000000000     
           2           4           1           1           4           6   0.0000000000000000     
           2           4           1           1           5           5   26714191651805.000     
           2           4           1           1           5           6   0.0000000000000000     
           2           4           1           1           6           6   26714191651805.000     
           2           4           1           2           2           2  -32806752107639.156     
           2           4           1           2           2           3  -39841276197125.211     
           2           4           1           2           2           4   7904410515837.6328     
           2           4           1           2           2           5   0.0000000000000000     
           2           4           1           2           2           6   0.0000000000000000     
           2           4           1           2           3           3   74716491701138.688     
           2           4           1           2           3           4  -7237933314279.8477     
           2           4           1           2           3           5   0.0000000000000000     
           2           4           1           2           3           6   0.0000000000000000     
           2           4           1           2           4           4   2911181472066.9258     
           2           4           1           2           4           5   0.0000000000000000     
           2           4           1           2           4           6   0.0000000000000000     
           2           4           1           2           5           5   2489822434220.6172     
           2           4           1           2           5           6   0.0000000000000000     
           2           4           1           2           6           6   2489822434220.6172     
           2           4           1           3           3           3  -65630174306827.828     
           2           4           1           3           3           4  -4337125262475.0776     
           2           4           1           3           3           5   0.0000000000000000     
           2           4           1           3           3           6   0.0000000000000000     
           2           4           1           3           4           4  -27653069369236.883     
           2           4           1           3           4           5   0.0000000000000000     
           2           4           1           3           4           6   0.0000000000000000     
           2           4           1           3           5           5  -29204014086025.613     
           2           4           1           3           5           6   0.0000000000000000     
           2           4           1           3           6           6  -29204014086025.613     
           2           4           1           4           4           4   11452499494899.191     
           2           4           1           4           4           5   0.0000000000000000     
           2           4           1           4           4           6   0.0000000000000000     
           2           4           1           4           5           5   3890925716990.9453     
           2           4           1           4           5           6   0.0000000000000000     
           2           4           1           4           6           6   3890925716990.9453     
           2           4           1           5           5           5   0.0000000000000000     
           2           4           1           5           5           6   0.0000000000000000     
           2           4           1           5           6           6   0.0000000000000000     
           2           4           1           6           6           6   0.0000000000000000     
           2           4           2           2           2           2  -60318971395003.969     
           2           4           2           2           2           3   93125723502643.125     
           2           4           2           2           2           4  -6528106197908.5615     
           2           4           2           2           2           5   0.0000000000000000     
           2           4           2           2           2           6   0.0000000000000000     
           2           4           2           2           3           3  -53284447305517.898     
           2           4           2           2           3           4  -1376304317929.0708     
           2           4           2           2           3           5   0.0000000000000000     
           2           4           2           2           3           6   0.0000000000000000     
           2           4           2           2           4           4  -19515505076010.160     
           2           4           2           2           4           5   0.0000000000000000     
           2           4           2           2           4           6   0.0000000000000000     
           2           4           2           2           5           5  -19996600136944.449     
           2           4           2           2           5           6   0.0000000000000000     
           2           4           2           2           6           6  -19996600136944.449     
           2           4           2           3           3           3  -21432044395620.766     
           2           4           2           3           3           4   8614237632208.9180     
           2           4           2           3           3           5   0.0000000000000000     
           2           4           2           3           3           6   0.0000000000000000     
           2           4           2           3           4           4   16604323603943.234     
           2           4           2           3           4           5   0.0000000000000000     
           2           4           2           3           4           6   0.0000000000000000     
           2           4           2           3           5           5   17506777702723.832     
           2           4           2           3           5           6   0.0000000000000000     
           2           4           2           3           6           6   17506777702723.832     
           2           4           2           4           4           4  -2266729389386.3569     
           2           4           2           4           4           5   0.0000000000000000     
           2           4           2           4           4           6   0.0000000000000000     
           2           4           2           4           5           5  -778451136507.53271     
           2           4           2           4           5           6   0.0000000000000000     
           2           4           2           4           6           6  -778451136507.53271     
           2           4           2           5           5           5   0.0000000000000000     
           2           4           2           5           5           6   0.0000000000000000     
           2           4           2           5           6           6   0.0000000000000000     
           2           4           2           6           6           6   0.0000000000000000     
           2           4           3           3           3           3   87062218702448.578     
           2           4           3           3           3           4  -4277112369733.8428     
           2           4           3           3           3           5   0.0000000000000000     
           2           4           3           3           3           6   0.0000000000000000     
           2           4           3           3           4           4   11048745765293.646     
           2           4           3           3           4           5   0.0000000000000000     
           2           4           3           3           4           6   0.0000000000000000     
           2           4           3           3           5           5   11697236383301.771     
           2           4           3           3           5           6   0.0000000000000000     
           2           4           3           3           6           6   11697236383301.771     
           2           4           3           4           4           4  -9185770105512.8320     
           2           4           3           4           4           5   0.0000000000000000     
           2           4           3           4           4           6   0.0000000000000000     
           2           4           3           4           5           5  -3112474580483.4121     
           2           4           3           4           5           6   0.0000000000000000     
           2           4           3           4           6           6  -3112474580483.4121     
           2           4           3           5           5           5   0.0000000000000000     
           2           4           3           5           5           6   0.0000000000000000     
           2           4           3           5           6           6   0.0000000000000000     
           2           4           3           6           6           6   0.0000000000000000     
           2           4           4           4           4           4  -26552392191389.074     
           2           4           4           4           4           5   0.0000000000000000     
           2           4           4           4           4           6   0.0000000000000000     
           2           4           4           4           5           5  -9207413949081.1680     
           2           4           4           4           5           6   0.0000000000000000     
           2           4           4           4           6           6  -9207413949081.1680     
           2           4           4           5           5           5   0.0000000000000000     
           2           4           4           5           5           6   0.0000000000000000     
           2           4           4           5           6           6   0.0000000000000000     
           2           4           4           6           6           6   0.0000000000000000     
           2           4           5           5           5           5  -28711371732131.844     
           2           4           5           5           5           6   0.0000000000000000     
           2           4           5           5           6           6  -9570457244043.9492     
           2           4           5           6           6           6   0.0000000000000000     
           2           4           6           6           6           6  -28711371732131.844     
           3           2           1           1   3708101.7707988769     
           3           2           1           2   30794758.866808843     
           3           2           1           3  -34502860.637607738     
           3           2           1           4  -2759174.7778059142     
           3           2           1           5   0.0000000000000000     
           3           2           1           6   0.0000000000000000     
           3           2           2           2  -19724362.568157308     
           3           2           2           3  -11070396.298651535     
           3           2           2           4   3914006.0007648962     
           3           2           2           5   0.0000000000000000     
           3           2           2           6   0.0000000000000000     
           3           2           3           3   45573256.936259285     
           3           2           3           4  -1154831.2229589829     
           3           2           3           5   0.0000000000000000     
           3           2           3           6   0.0000000000000000     
           3           2           4           4   14120744.159484455     
           3           2           4           5   0.0000000000000000     
           3           2           4           6   0.0000000000000000     
           3           2           5           5   14449621.114467442     
           3           2           5           6   0.0000000000000000     
           3           2           6           6   14449621.114467442     
           3           3           1           1           1  -5816632981.4592476     
           3           3           1           1           2  -30202634699.586353     
           3           3           1           1           3   36019267681.045624     
           3           3           1           1           4   3921454377.0662327     
           3           3           1           1           5   0.0000000000000000     
           3           3           1           1           6   0.0000000000000000     
           3           3           1           2           2   21580194982.119434     
           3           3           1           2           3   8622439717.4669037     
           3           3           1           2           4  -5840802817.2051229     
           3           3           1           2           5   0.0000000000000000     
           3           3           1           2           6   0.0000000000000000     
           3           3           1           3           3  -44641707398.512527     
           3           3           1           3           4   1919348440.1388931     
           3           3           1           3           5   0.0000000000000000     
           3           3           1           3           6   0.0000000000000000     
           3           3           1           4           4  -13152675079.132988     
           3           3           1           4           5   0.0000000000000000     
           3           3           1           4           6   0.0000000000000000     
           3           3           1           5           5  -13795873889.029572     
           3           3           1           5           6   0.0000000000000000     
           3           3           1           6           6  -13795873889.029572     
           3           3           2           2           2   28814964637.388069     
           3           3           2           2           3  -50395159619.507507     
           3           3           2           2           4   3501355540.5447674     
           3           3           2           2           5   0.0000000000000000     
           3           3           2           2           6   0.0000000000000000     
           3           3           2           3           3   41772719902.040619     
           3           3           2           3           4   2339447276.6603546     
           3           3           2           3           5   0.0000000000000000     
           3           3           2           3           6   0.0000000000000000     
           3           3           2           4           4   18947535087.727798     
           3           3           2           4           5   0.0000000000000000     
           3           3           2           4           6   0.0000000000000000     
           3           3           2           5           5   19570030003.824478     
           3           3           2           5           6   0.0000000000000000     
           3           3           2           6           6   19570030003.824478     
           3           3           3           3           3   2868987496.4718904     
           3           3           3           3           4  -4258795716.7992487     
           3           3           3           3           5   0.0000000000000000     
           3           3           3           3           6   0.0000000000000000     
           3           3           3           4           4  -5794860008.5948143     
           3           3           3           4           5   0.0000000000000000     
           3           3           3           4           6   0.0000000000000000     
           3           3           3           5           5  -5774156114.7949142     
           3           3           3           5           6   0.0000000000000000     
           3           3           3           6           6  -5774156114.7949142     
           3           3           4           4           4  -4870776650.2357244     
           3           3           4           4           5   0.0000000000000000     
           3           3           4           4           6   0.0000000000000000     
           3           3           4           5           5  -1644384774.9149249     
           3           3           4           5           6   0.0000000000000000     
           3           3           4           6           6  -1644384774.9149249     
           3           3           5           5           5   0.0000000000000000     
           3           3           5           5           6   0.0000000000000000     
           3           3           5           6           6   0.0000000000000000     
           3           3           6           6           6   0.0000000000000000     
           3           4           1           1           1           1   12088546694602.992     
           3           4           1           1           1           2   43961532898324.344     
           3           4           1           1           1           3  -56050079592927.422     
           3           4           1           1           1           4  -7368685416979.3770     
           3           4           1           1           1           5   0.0000000000000000     
           3           4           1           1           1           6   0.0000000000000000     
           3           4           1           1           2           2  -34875215504013.480     
           3           4           1           1           2           3  -9086317394310.8594     
           3           4           1           1           2           4   11575058576754.932     
           3           4           1           1           2           5   0.0000000000000000     
           3           4           1           1           2           6   0.0000000000000000     
           3           4           1           1           3           3   65136396987238.250     
           3           4           1           1           3           4  -4206373159775.5664     
           3           4           1           1           3           5   0.0000000000000000     
           3           4           1           1           3           6   0.0000000000000000     
           3           4           1           1           4           4   18039679681748.395     
           3           4           1           1           4           5   0.0000000000000000     
           3           4           1           1           4           6   0.0000000000000000     
           3           4           1           1           5           5   19607271885331.148     
           3           4           1           1           5           6   0.0000000000000000     
           3           4           1           1           6           6   19607271885331.148     
           3           4           1           2           2           2  -39841276197125.188     
           3           4           1           2           2           3   74716491701138.672     
           3           4           1           2           2           4  -7237933314279.8506     
           3           4           1           2           2           5   0.0000000000000000     
           3           4           1           2           2           6   0.0000000000000000     
           3           4           1           2           3           3  -65630174306827.844     
           3           4           1           2           3           4  -4337125262475.0762     
           3           4           1           2           3           5   0.0000000000000000     
           3           4           1           2           3           6   0.0000000000000000     
           3           4           1           2           4           4  -27653069369236.891     
           3           4           1           2           4           5   0.0000000000000000     
           3           4           1           2           4           6   0.0000000000000000     
           3           4           1           2           5           5  -29204014086025.609     
           3           4           1           2           5           6   0.0000000000000000     
           3           4           1           2           6           6  -29204014086025.609     
           3           4           1           3           3           3   493777319589.62695     
           3           4           1           3           3           4   8543498422250.6436     
           3           4           1           3           3           5   0.0000000000000000     
           3           4           1           3           3           6   0.0000000000000000     
           3           4           1           3           4           4   9613389687488.5039     
           3           4           1           3           4           5   0.0000000000000000     
           3           4           1           3           4           6   0.0000000000000000     
           3           4           1           3           5           5   9596742200694.4688     
           3           4           1           3           5           6   0.0000000000000000     
           3           4           1           3           6           6   9596742200694.4688     
           3           4           1           4           4           4   9463548253470.1250     
           3           4           1           4           4           5   0.0000000000000000     
           3           4           1           4           4           6   0.0000000000000000     
           3           4           1           4           5           5   3215994049482.9189     
           3           4           1           4           5           6   0.0000000000000000     
           3           4           1           4           6           6   3215994049482.9189     
           3           4           1           5           5           5   0.0000000000000000     
           3           4           1           5           5           6   0.0000000000000000     
           3           4           1           5           6           6   0.0000000000000000     
           3           4           1           6           6           6   0.0000000000000000     
           3           4           2           2           2           2   93125723502643.109     
           3           4           2           2           2           3  -53284447305517.922     
           3           4           2           2           2           4  -1376304317929.0698     
           3           4           2           2           2           5   0.0000000000000000     
           3           4           2           2           2           6   0.0000000000000000     
           3           4           2           2           3           3  -21432044395620.734     
           3           4           2           2           3           4   8614237632208.9180     
           3           4           2           2           3           5   0.0000000000000000     
           3           4           2           2           3           6   0.0000000000000000     
           3           4           2           2           4           4   16604323603943.238     
           3           4           2           2           4           5   0.0000000000000000     
           3           4           2           2           4           6   0.0000000000000000     
           3           4           2           2           5           5   17506777702723.830     
           3           4           2           2           5           6   0.0000000000000000     
           3           4           2           2           6           6   17506777702723.830     
           3           4           2           3           3           3   87062218702448.578     
           3           4           2           3           3           4  -4277112369733.8442     
           3           4           2           3           3           5   0.0000000000000000     
           3           4           2           3           3           6   0.0000000000000000     
           3           4           2           3           4           4   11048745765293.645     
           3           4           2           3           4           5   0.0000000000000000     
           3           4           2           3           4           6   0.0000000000000000     
           3           4           2           3           5           5   11697236383301.771     
           3           4           2           3           5           6   0.0000000000000000     
           3           4           2           3           6           6   11697236383301.771     
           3           4           2           4           4           4  -9185770105512.8320     
           3           4           2           4           4           5   0.0000000000000000     
           3           4           2           4           4           6   0.0000000000000000     
           3           4           2           4           5           5  -3112474580483.4121     
           3           4           2           4           5           6   0.0000000000000000     
           3           4           2           4           6           6  -3112474580483.4121     
           3           4           2           5           5           5   0.0000000000000000     
           3           4           2           5           5           6   0.0000000000000000     
           3           4           2           5           6           6   0.0000000000000000     
           3           4           2           6           6           6   0.0000000000000000     
           3           4           3           3           3           3  -87555996022038.219     
           3           4           3           3           3           4  -4266386052516.7979     
           3           4           3           3           3           5   0.0000000000000000     
           3           4           3           3           3           6   0.0000000000000000     
           3           4           3           3           4           4  -20662135452782.152     
           3           4           3           3           4           5   0.0000000000000000     
           3           4           3           3           4           6   0.0000000000000000     
           3           4           3           3           5           5  -21293978583996.238     
           3           4           3           3           5           6   0.0000000000000000     
           3           4           3           3           6           6  -21293978583996.238     
           3           4           3           4           4           4  -277778147957.29321     
           3           4           3           4           4           5   0.0000000000000000     
           3           4           3           4           4           6   0.0000000000000000     
           3           4           3           4           5           5  -103519468999.50610     
           3           4           3           4           5           6   0.0000000000000000     
           3           4           3           4           6           6  -103519468999.50610     
           3           4           3           5           5           5   0.0000000000000000     
           3           4           3           5           5           6   0.0000000000000000     
           3           4           3           5           6           6   0.0000000000000000     
           3           4           3           6           6           6   0.0000000000000000     
           3           4           4           4           4           4  -22811004920513.500     
           3           4           4           4           4           5   0.0000000000000000     
           3           4           4           4           4           6   0.0000000000000000     
           3           4           4           4           5           5  -7910035502029.3750     
           3           4           4           4           5           6   0.0000000000000000     
           3           4           4           4           6           6  -7910035502029.3750     
           3           4           4           5           5           5   0.0000000000000000     
           3           4           4           5           5           6   0.0000000000000000     
           3           4           4           5           6           6   0.0000000000000000     
           3           4           4           6           6           6   0.0000000000000000     
           3           4           5           5           5           5  -24665771623723.859     
           3           4           5           5           5           6   0.0000000000000000     
           3           4           5           5           6           6  -8221923874574.6221     
           3           4           5           6           6           6   0.0000000000000000     
           3           4           6           6           6           6  -24665771623723.859     
           4           2           1           1   6230044.8003565744     
           4           2           1           2  -3470870.0225506569     
           4           2           1           3  -2759174.7778059156     
           4           2           1           4  -30557527.118560590     
           4           2           1           5   0.0000000000000000     
           4           2           1           6   0.0000000000000000     
           4           2           2           2  -443135.97821423993     
           4           2           2           3   3914006.0007648976     
           4           2           2           4   16436782.959076131     
           4           2           2           5   0.0000000000000000     
           4           2           2           6   0.0000000000000000     
           4           2           3           3  -1154831.2229589827     
           4           2           3           4   14120744.159484463     
           4           2           3           5   0.0000000000000000     
           4           2           3           6   0.0000000000000000     
           4           2           4           4  -7055999.0683325659     
           4           2           4           5   0.0000000000000000     
           4           2           4           6   0.0000000000000000     
           4           2           5           5  -2369980.1343704467     
           4           2           5           6   0.0000000000000000     
           4           2           6           6  -2369980.1343704467     
           4           3           1           1           1  -9264292707.4272385     
           4           3           1           1           2   5342838330.3610039     
           4           3           1           1           3   3921454377.0662322     
           4           3           1           1           4   29728840048.488098     
           4           3           1           1           5   0.0000000000000000     
           4           3           1           1           6   0.0000000000000000     
           4           3           1           2           2   497964486.84412146     
           4           3           1           2           3  -5840802817.2051249     
           4           3           1           2           4  -16576164969.355095     
           4           3           1           2           5   0.0000000000000000     
           4           3           1           2           6   0.0000000000000000     
           4           3           1           3           3   1919348440.1388941     
           4           3           1           3           4  -13152675079.132994     
           4           3           1           3           5   0.0000000000000000     
           4           3           1           3           6   0.0000000000000000     
           4           3           1           4           4   10540442337.669542     
           4           3           1           4           5   0.0000000000000000     
           4           3           1           4           6   0.0000000000000000     
           4           3           1           5           5   3558476223.7237163     
           4           3           1           5           6   0.0000000000000000     
           4           3           1           6           6   3558476223.7237163     
           4           3           2           2           2  -3999320027.3888903     
           4           3           2           2           3   3501355540.5447688     
           4           3           2           2           4  -2371370118.3727064     
           4           3           2           2           5   0.0000000000000000     
           4           3           2           2           6   0.0000000000000000     
           4           3           2           3           3   2339447276.6603556     
           4           3           2           3           4   18947535087.727802     
           4           3           2           3           5   0.0000000000000000     
           4           3           2           3           6   0.0000000000000000     
           4           3           2           4           4  -5669665687.4338160     
           4           3           2           4           5   0.0000000000000000     
           4           3           2           4           6   0.0000000000000000     
           4           3           2           5           5  -1914091448.8087902     
           4           3           2           5           6   0.0000000000000000     
           4           3           2           6           6  -1914091448.8087902     
           4           3           3           3           3  -4258795716.7992487     
           4           3           3           3           4  -5794860008.5948133     
           4           3           3           3           5   0.0000000000000000     
           4           3           3           3           6   0.0000000000000000     
           4           3           3           4           4  -4870776650.2357264     
           4           3           3           4           5   0.0000000000000000     
           4           3           3           4           6   0.0000000000000000     
           4           3           3           5           5  -1644384774.9149249     
           4           3           3           5           6   0.0000000000000000     
           4           3           3           6           6  -1644384774.9149249     
           4           3           4           4           4  -33941692956.677010     
           4           3           4           4           5   0.0000000000000000     
           4           3           4           4           6   0.0000000000000000     
           4           3           4           5           5  -11580193997.958368     
           4           3           4           5           6   0.0000000000000000     
           4           3           4           6           6  -11580193997.958368     
           4           3           5           5           5   0.0000000000000000     
           4           3           5           5           6   0.0000000000000000     
           4           3           5           6           6   0.0000000000000000     
           4           3           6           6           6   0.0000000000000000     
           4           4           1           1           1           1   18277266792176.543     
           4           4           1           1           1           2  -10908581375197.158     
           4           4           1           1           1           3  -7368685416979.3730     
           4           4           1           1           1           4  -42781567578918.406     
           4           4           1           1           1           5   0.0000000000000000     
           4           4           1           1           1           6   0.0000000000000000     
           4           4           1           1           2           2  -666477201557.77734     
           4           4           1           1           2           3   11575058576754.936     
           4           4           1           1           2           4   24741887897169.984     
           4           4           1           1           2           5   0.0000000000000000     
           4           4           1           1           2           6   0.0000000000000000     
           4           4           1           1           3           3  -4206373159775.5645     
           4           4           1           1           3           4   18039679681748.402     
           4           4           1           1           3           5   0.0000000000000000     
           4           4           1           1           3           6   0.0000000000000000     
           4           4           1           1           4           4  -20916047748369.328     
           4           4           1           1           4           5   0.0000000000000000     
           4           4           1           1           4           6   0.0000000000000000     
           4           4           1           1           5           5  -7106919766473.8672     
           4           4           1           1           5           6   0.0000000000000000     
           4           4           1           1           6           6  -7106919766473.8672     
           4           4           1           2           2           2   7904410515837.6289     
           4           4           1           2           2           3  -7237933314279.8516     
           4           4           1           2           2           4   2911181472066.9185     
           4           4           1           2           2           5   0.0000000000000000     
           4           4           1           2           2           6   0.0000000000000000     
           4           4           1           2           3           3  -4337125262475.0791     
           4           4           1           2           3           4  -27653069369236.898     
           4           4           1           2           3           5   0.0000000000000000     
           4           4           1           2           3           6   0.0000000000000000     
           4           4           1           2           4           4   11452499494899.195     
           4           4           1           2           4           5   0.0000000000000000     
           4           4           1           2           4           6   0.0000000000000000     
           4           4           1           2           5           5   3890925716990.9463     
           4           4           1           2           5           6   0.0000000000000000     
           4           4           1           2           6           6   3890925716990.9463     
           4           4           1           3           3           3   8543498422250.6406     
           4           4           1           3           3           4   9613389687488.5059     
           4           4           1           3           3           5   0.0000000000000000     
           4           4           1           3           3           6   0.0000000000000000     
           4           4           1           3           4           4   9463548253470.1309     
           4           4           1           3           4           5   0.0000000000000000     
           4           4           1           3           4           6   0.0000000000000000     
           4           4           1           3           5           5   3215994049482.9199     
           4           4           1           3           5           6   0.0000000000000000     
           4           4           1           3           6           6   3215994049482.9199     
           4           4           1           4           4           4   49363397111902.578     
           4           4           1           4           4           5   0.0000000000000000     
           4           4           1           4           4           6   0.0000000000000000     
           4           4           1           4           5           5   17117449451110.551     
           4           4           1           4           5           6   0.0000000000000000     
           4           4           1           4           6           6   17117449451110.551     
           4           4           1           5           5           5   0.0000000000000000     
           4           4           1           5           5           6   0.0000000000000000     
           4           4           1           5           6           6   0.0000000000000000     
           4           4           1           6           6           6   0.0000000000000000     
           4           4           2           2           2           2  -6528106197908.5615     
           4           4           2           2           2           3  -1376304317929.0703     
           4           4           2           2           2           4  -19515505076010.164     
           4           4           2           2           2           5   0.0000000000000000     
           4           4           2           2           2           6   0.0000000000000000     
           4           4           2           2           3           3   8614237632208.9209     
           4           4           2           2           3           4   16604323603943.244     
           4           4           2           2           3           5   0.0000000000000000     
           4           4           2           2           3           6   0.0000000000000000     
           4           4           2           2           4           4  -2266729389386.3594     
           4           4           2           2           4           5   0.0000000000000000     
           4           4           2           2           4           6   0.0000000000000000     
           4           4           2           2           5           5  -778451136507.53357     
           4           4           2           2           5           6   0.0000000000000000     
           4           4           2           2           6           6  -778451136507.53357     
           4           4           2           3           3           3  -4277112369733.8438     
           4           4           2           3           3           4   11048745765293.654     
           4           4           2           3           3           5   0.0000000000000000     
           4           4           2           3           3           6   0.0000000000000000     
           4           4           2           3           4           4  -9185770105512.8359     
           4           4           2           3           4           5   0.0000000000000000     
           4           4           2           3           4           6   0.0000000000000000     
           4           4           2           3           5           5  -3112474580483.4126     
           4           4           2           3           5           6   0.0000000000000000     
           4           4           2           3           6           6  -3112474580483.4126     
           4           4           2           4           4           4  -26552392191389.074     
           4           4           2           4           4           5   0.0000000000000000     
           4           4           2           4           4           6   0.0000000000000000     
           4           4           2           4           5           5  -9207413949081.1699     
           4           4           2           4           5           6   0.0000000000000000     
           4           4           2           4           6           6  -9207413949081.1699     
           4           4           2           5           5           5   0.0000000000000000     
           4           4           2           5           5           6   0.0000000000000000     
           4           4           2           5           6           6   0.0000000000000000     
           4           4           2           6           6           6   0.0000000000000000     
           4           4           3           3           3           3  -4266386052516.7969     
           4           4           3           3           3           4  -20662135452782.156     
           4           4           3           3           3           5   0.0000000000000000     
           4           4           3           3           3           6   0.0000000000000000     
           4           4           3           3           4           4  -277778147957.29395     
           4           4           3           3           4           5   0.0000000000000000     
           4           4           3           3           4           6   0.0000000000000000     
           4           4           3           3           5           5  -103519468999.50667     
           4           4           3           3           5           6   0.0000000000000000     
           4           4           3           3           6           6  -103519468999.50667     
           4           4           3           4           4           4  -22811004920513.504     
           4           4           3           4           4           5   0.0000000000000000     
           4           4           3           4           4           6   0.0000000000000000     
           4           4           3           4           5           5  -7910035502029.3779     
           4           4           3           4           5           6   0.0000000000000000     
           4           4           3           4           6           6  -7910035502029.3779     
           4           4           3           5           5           5   0.0000000000000000     
           4           4           3           5           5           6   0.0000000000000000     
           4           4           3           5           6           6   0.0000000000000000     
           4           4           3           6           6           6   0.0000000000000000     
           4           4           4           4           4           4   19719168014837.395     
           4           4           4           4           4           5   0.0000000000000000     
           4           4           4           4           4           6   0.0000000000000000     
           4           4           4           4           5           5   3994445185990.4531     
           4           4           4           4           5           6   0.0000000000000000     
           4           4           4           4           6           6   3994445185990.4531     
           4           4           4           5           5           5   0.0000000000000000     
           4           4           4           5           5           6   0.0000000000000000     
           4           4           4           5           6           6   0.0000000000000000     
           4           4           4           6           6           6   0.0000000000000000     
           4           4           5           5           5           5   4045600108407.9873     
           4           4           5           5           5           6   0.0000000000000000     
           4           4           5           5           6           6   1348533369469.3293     
           4           4           5           6           6           6   0.0000000000000000     
           4           4           6           6           6           6   4045600108407.9873     
           5           2           1           1   0.0000000000000000     
           5           2           1           2   0.0000000000000000     
           5           2           1           3   0.0000000000000000     
           5           2           1           4   0.0000000000000000     
           5           2           1           5  -31269222.363305334     
           5           2           1           6   0.0000000000000000     
           5           2           2           2   0.0000000000000000     
           5           2           2           3   0.0000000000000000     
           5           2           2           4   0.0000000000000000     
           5           2           2           5   16819601.248837888     
           5           2           2           6   0.0000000000000000     
           5           2           3           3   0.0000000000000000     
           5           2           3           4   0.0000000000000000     
           5           2           3           5   14449621.114467448     
           5           2           3           6   0.0000000000000000     
           5           2           4           4   0.0000000000000000     
           5           2           4           5  -2369980.1343704467     
           5           2           4           6   0.0000000000000000     
           5           2           5           5   0.0000000000000000     
           5           2           5           6   0.0000000000000000     
           5           2           6           6   0.0000000000000000     
           5           3           1           1           1   0.0000000000000000     
           5           3           1           1           2   0.0000000000000000     
           5           3           1           1           3   0.0000000000000000     
           5           3           1           1           4   0.0000000000000000     
           5           3           1           1           5   31150224001.782871     
           5           3           1           1           6   0.0000000000000000     
           5           3           1           2           2   0.0000000000000000     
           5           3           1           2           3   0.0000000000000000     
           5           3           1           2           4   0.0000000000000000     
           5           3           1           2           5  -17354350112.753284     
           5           3           1           2           6   0.0000000000000000     
           5           3           1           3           3   0.0000000000000000     
           5           3           1           3           4   0.0000000000000000     
           5           3           1           3           5  -13795873889.029577     
           5           3           1           3           6   0.0000000000000000     
           5           3           1           4           4   0.0000000000000000     
           5           3           1           4           5   3558476223.7237163     
           5           3           1           4           6   0.0000000000000000     
           5           3           1           5           5   0.0000000000000000     
           5           3           1           5           6   0.0000000000000000     
           5           3           1           6           6   0.0000000000000000     
           5           3           2           2           2   0.0000000000000000     
           5           3           2           2           3   0.0000000000000000     
           5           3           2           2           4   0.0000000000000000     
           5           3           2           2           5  -2215679891.0711994     
           5           3           2           2           6   0.0000000000000000     
           5           3           2           3           3   0.0000000000000000     
           5           3           2           3           4   0.0000000000000000     
           5           3           2           3           5   19570030003.824486     
           5           3           2           3           6   0.0000000000000000     
           5           3           2           4           4   0.0000000000000000     
           5           3           2           4           5  -1914091448.8087907     
           5           3           2           4           6   0.0000000000000000     
           5           3           2           5           5   0.0000000000000000     
           5           3           2           5           6   0.0000000000000000     
           5           3           2           6           6   0.0000000000000000     
           5           3           3           3           3   0.0000000000000000     
           5           3           3           3           4   0.0000000000000000     
           5           3           3           3           5  -5774156114.7949123     
           5           3           3           3           6   0.0000000000000000     
           5           3           3           4           4   0.0000000000000000     
           5           3           3           4           5  -1644384774.9149253     
           5           3           3           4           6   0.0000000000000000     
           5           3           3           5           5   0.0000000000000000     
           5           3           3           5           6   0.0000000000000000     
           5           3           3           6           6   0.0000000000000000     
           5           3           4           4           4   0.0000000000000000     
           5           3           4           4           5  -11580193997.958366     
           5           3           4           4           6   0.0000000000000000     
           5           3           4           5           5   0.0000000000000000     
           5           3           4           5           6   0.0000000000000000     
           5           3           4           6           6   0.0000000000000000     
           5           3           5           5           5  -35549702015.556702     
           5           3           5           5           6   0.0000000000000000     
           5           3           5           6           6  -11849900671.852234     
           5           3           6           6           6   0.0000000000000000     
           5           4           1           1           1           1   0.0000000000000000     
           5           4           1           1           1           2   0.0000000000000000     
           5           4           1           1           1           3   0.0000000000000000     
           5           4           1           1           1           4   0.0000000000000000     
           5           4           1           1           1           5  -46321463537136.203     
           5           4           1           1           1           6   0.0000000000000000     
           5           4           1           1           2           2   0.0000000000000000     
           5           4           1           1           2           3   0.0000000000000000     
           5           4           1           1           2           4   0.0000000000000000     
           5           4           1           1           2           5   26714191651805.020     
           5           4           1           1           2           6   0.0000000000000000     
           5           4           1           1           3           3   0.0000000000000000     
           5           4           1           1           3           4   0.0000000000000000     
           5           4           1           1           3           5   19607271885331.160     
           5           4           1           1           3           6   0.0000000000000000     
           5           4           1           1           4           4   0.0000000000000000     
           5           4           1           1           4           5  -7106919766473.8682     
           5           4           1           1           4           6   0.0000000000000000     
           5           4           1           1           5           5   0.0000000000000000     
           5           4           1           1           5           6   0.0000000000000000     
           5           4           1           1           6           6   0.0000000000000000     
           5           4           1           2           2           2   0.0000000000000000     
           5           4           1           2           2           3   0.0000000000000000     
           5           4           1           2           2           4   0.0000000000000000     
           5           4           1           2           2           5   2489822434220.6069     
           5           4           1           2           2           6   0.0000000000000000     
           5           4           1           2           3           3   0.0000000000000000     
           5           4           1           2           3           4   0.0000000000000000     
           5           4           1           2           3           5  -29204014086025.621     
           5           4           1           2           3           6   0.0000000000000000     
           5           4           1           2           4           4   0.0000000000000000     
           5           4           1           2           4           5   3890925716990.9478     
           5           4           1           2           4           6   0.0000000000000000     
           5           4           1           2           5           5   0.0000000000000000     
           5           4           1           2           5           6   0.0000000000000000     
           5           4           1           2           6           6   0.0000000000000000     
           5           4           1           3           3           3   0.0000000000000000     
           5           4           1           3           3           4   0.0000000000000000     
           5           4           1           3           3           5   9596742200694.4707     
           5           4           1           3           3           6   0.0000000000000000     
           5           4           1           3           4           4   0.0000000000000000     
           5           4           1           3           4           5   3215994049482.9209     
           5           4           1           3           4           6   0.0000000000000000     
           5           4           1           3           5           5   0.0000000000000000     
           5           4           1           3           5           6   0.0000000000000000     
           5           4           1           3           6           6   0.0000000000000000     
           5           4           1           4           4           4   0.0000000000000000     
           5           4           1           4           4           5   17117449451110.551     
           5           4           1           4           4           6   0.0000000000000000     
           5           4           1           4           5           5   0.0000000000000000     
           5           4           1           4           5           6   0.0000000000000000     
           5           4           1           4           6           6   0.0000000000000000     
           5           4           1           5           5           5   53377143355855.734     
           5           4           1           5           5           6   0.0000000000000000     
           5           4           1           5           6           6   17792381118618.578     
           5           4           1           6           6           6   0.0000000000000000     
           5           4           2           2           2           2   0.0000000000000000     
           5           4           2           2           2           3   0.0000000000000000     
           5           4           2           2           2           4   0.0000000000000000     
           5           4           2           2           2           5  -19996600136944.449     
           5           4           2           2           2           6   0.0000000000000000     
           5           4           2           2           3           3   0.0000000000000000     
           5           4           2           2           3           4   0.0000000000000000     
           5           4           2           2           3           5   17506777702723.842     
           5           4           2           2           3           6   0.0000000000000000     
           5           4           2           2           4           4   0.0000000000000000     
           5           4           2           2           4           5  -778451136507.53406     
           5           4           2           2           4           6   0.0000000000000000     
           5           4           2           2           5           5   0.0000000000000000     
           5           4           2           2           5           6   0.0000000000000000     
           5           4           2           2           6           6   0.0000000000000000     
           5           4           2           3           3           3   0.0000000000000000     
           5           4           2           3           3           4   0.0000000000000000     
           5           4           2           3           3           5   11697236383301.777     
           5           4           2           3           3           6   0.0000000000000000     
           5           4           2           3           4           4   0.0000000000000000     
           5           4           2           3           4           5  -3112474580483.4131     
           5           4           2           3           4           6   0.0000000000000000     
           5           4           2           3           5           5   0.0000000000000000     
           5           4           2           3           5           6   0.0000000000000000     
           5           4           2           3           6           6   0.0000000000000000     
           5           4           2           4           4           4   0.0000000000000000     
           5           4           2           4           4           5  -9207413949081.1699     
           5           4           2           4           4           6   0.0000000000000000     
           5           4           2           4           5           5   0.0000000000000000     
           5           4           2           4           5           6   0.0000000000000000     
           5           4           2           4           6           6   0.0000000000000000     
           5           4           2           5           5           5  -28711371732131.852     
           5           4           2           5           5           6   0.0000000000000000     
           5           4           2           5           6           6  -9570457244043.9512     
           5           4           2           6           6           6   0.0000000000000000     
           5           4           3           3           3           3   0.0000000000000000     
           5           4           3           3           3           4   0.0000000000000000     
           5           4           3           3           3           5  -21293978583996.246     
           5           4           3           3           3           6   0.0000000000000000     
           5           4           3           3           4           4   0.0000000000000000     
           5           4           3           3           4           5  -103519468999.50705     
           5           4           3           3           4           6   0.0000000000000000     
           5           4           3           3           5           5   0.0000000000000000     
           5           4           3           3           5           6   0.0000000000000000     
           5           4           3           3           6           6   0.0000000000000000     
           5           4           3           4           4           4   0.0000000000000000     
           5           4           3           4           4           5  -7910035502029.3789     
           5           4           3           4           4           6   0.0000000000000000     
           5           4           3           4           5           5   0.0000000000000000     
           5           4           3           4           5           6   0.0000000000000000     
           5           4           3           4           6           6   0.0000000000000000     
           5           4           3           5           5           5  -24665771623723.871     
           5           4           3           5           5           6   0.0000000000000000     
           5           4           3           5           6           6  -8221923874574.6240     
           5           4           3           6           6           6   0.0000000000000000     
           5           4           4           4           4           4   0.0000000000000000     
           5           4           4           4           4           5   3994445185990.4531     
           5           4           4           4           4           6   0.0000000000000000     
           5           4           4           4           5           5   0.0000000000000000     
           5           4           4           4           5           6   0.0000000000000000     
           5           4           4           4           6           6   0.0000000000000000     
           5           4           4           5           5           5   4045600108407.9888     
           5           4           4           5           5           6   0.0000000000000000     
           5           4           4           5           6           6   1348533369469.3296     
           5           4           4           6           6           6   0.0000000000000000     
           5           4           5           5           5           5   0.0000000000000000     
           5           4           5           5           5           6   0.0000000000000000     
           5           4           5           5           6           6   0.0000000000000000     
           5           4           5           6           6           6   0.0000000000000000     
           5           4           6           6           6           6   0.0000000000000000     
           6           2           1           1   0.0000000000000000     
           6           2           1           2   0.0000000000000000     
           6           2           1           3   0.0000000000000000     
           6           2           1           4   0.0000000000000000     
           6           2           1           5   0.0000000000000000     
           6           2           1           6  -31269222.363305334     
           6           2           2           2   0.0000000000000000     
           6           2           2           3   0.0000000000000000     
           6           2           2           4   0.0000000000000000     
           6           2           2           5   0.0000000000000000     
           6           2           2           6   16819601.248837888     
           6           2           3           3   0.0000000000000000     
           6           2           3           4   0.0000000000000000     
           6           2           3           5   0.0000000000000000     
           6           2           3           6   14449621.114467448     
           6           2           4           4   0.0000000000000000     
           6           2           4           5   0.0000000000000000     
           6           2           4           6  -2369980.1343704467     
           6           2           5           5   0.0000000000000000     
           6           2           5           6   0.0000000000000000     
           6           2           6           6   0.0000000000000000     
           6           3           1           1           1   0.0000000000000000     
           6           3           1           1           2   0.0000000000000000     
           6           3           1           1           3   0.0000000000000000     
           6           3           1           1           4   0.0000000000000000     
           6           3           1           1           5   0.0000000000000000     
           6           3           1           1           6   31150224001.782871     
           6           3           1           2           2   0.0000000000000000     
           6           3           1           2           3   0.0000000000000000     
           6           3           1           2           4   0.0000000000000000     
           6           3           1           2           5   0.0000000000000000     
           6           3           1           2           6  -17354350112.753284     
           6           3           1           3           3   0.0000000000000000     
           6           3           1           3           4   0.0000000000000000     
           6           3           1           3           5   0.0000000000000000     
           6           3           1           3           6  -13795873889.029577     
           6           3           1           4           4   0.0000000000000000     
           6           3           1           4           5   0.0000000000000000     
           6           3           1           4           6   3558476223.7237163     
           6           3           1           5           5   0.0000000000000000     
           6           3           1           5           6   0.0000000000000000     
           6           3           1           6           6   0.0000000000000000     
           6           3           2           2           2   0.0000000000000000     
           6           3           2           2           3   0.0000000000000000     
           6           3           2           2           4   0.0000000000000000     
           6           3           2           2           5   0.0000000000000000     
           6           3           2           2           6  -2215679891.0711994     
           6           3           2           3           3   0.0000000000000000     
           6           3           2           3           4   0.0000000000000000     
           6           3           2           3           5   0.0000000000000000     
           6           3           2           3           6   19570030003.824486     
           6           3           2           4           4   0.0000000000000000     
           6           3           2           4           5   0.0000000000000000     
           6           3           2           4           6  -1914091448.8087907     
           6           3           2           5           5   0.0000000000000000     
           6           3           2           5           6   0.0000000000000000     
           6           3           2           6           6   0.0000000000000000     
           6           3           3           3           3   0.0000000000000000     
           6           3           3           3           4   0.0000000000000000     
           6           3           3           3           5   0.0000000000000000     
           6           3           3           3           6  -5774156114.7949123     
           6           3           3           4           4   0.0000000000000000     
           6           3           3           4           5   0.0000000000000000     
           6           3           3           4           6  -1644384774.9149253     
           6           3           3           5           5   0.0000000000000000     
           6           3           3           5           6   0.0000000000000000     
           6           3           3           6           6   0.0000000000000000     
           6           3           4           4           4   0.0000000000000000     
           6           3           4           4           5   0.0000000000000000     
           6           3           4           4           6  -11580193997.958366     
           6           3           4           5           5   0.0000000000000000     
           6           3           4           5           6   0.0000000000000000     
           6           3           4           6           6   0.0000000000000000     
           6           3           5           5           5   0.0000000000000000     
           6           3           5           5           6  -11849900671.852234     
           6           3           5           6           6   0.0000000000000000     
           6           3           6           6           6  -35549702015.556702     
           6           4           1           1           1           1   0.0000000000000000     
           6           4           1           1           1           2   0.0000000000000000     
           6           4           1           1           1           3   0.0000000000000000     
           6           4           1           1           1           4   0.0000000000000000     
           6           4           1           1           1           5   0.0000000000000000     
           6           4           1           1           1           6  -46321463537136.203     
           6           4           1           1           2           2   0.0000000000000000     
           6           4           1           1           2           3   0.0000000000000000     
           6           4           1           1           2           4   0.0000000000000000     
           6           4           1           1           2           5   0.0000000000000000     
           6           4           1           1           2           6   26714191651805.020     
           6           4           1           1           3           3   0.0000000000000000     
           6           4           1           1           3           4   0.0000000000000000     
           6           4           1           1           3           5   0.0000000000000000     
           6           4           1           1           3           6   19607271885331.160     
           6           4           1           1           4           4   0.0000000000000000     
           6           4           1           1           4           5   0.0000000000000000     
           6           4           1           1           4           6  -7106919766473.8682     
           6           4           1           1           5           5   0.0000000000000000     
           6           4           1           1           5           6   0.0000000000000000     
           6           4           1           1           6           6   0.0000000000000000     
           6           4           1           2           2           2   0.0000000000000000     
           6           4           1           2           2           3   0.0000000000000000     
           6           4           1           2           2           4   0.0000000000000000     
           6           4           1           2           2           5   0.0000000000000000     
           6           4           1           2           2           6   2489822434220.6069     
           6           4           1           2           3           3   0.0000000000000000     
           6           4           1           2           3           4   0.0000000000000000     
           6           4           1           2           3           5   0.0000000000000000     
           6           4           1           2           3           6  -29204014086025.621     
           6           4           1           2           4           4   0.0000000000000000     
           6           4           1           2           4           5   0.0000000000000000     
           6           4           1           2           4           6   3890925716990.9478     
           6           4           1           2           5           5   0.0000000000000000     
           6           4           1           2           5           6   0.0000000000000000     
           6           4           1           2           6           6   0.0000000000000000     
           6           4           1           3           3           3   0.0000000000000000     
           6           4           1           3           3           4   0.0000000000000000     
           6           4           1           3           3           5   0.0000000000000000     
           6           4           1           3           3           6   9596742200694.4707     
           6           4           1           3           4           4   0.0000000000000000     
           6           4           1           3           4           5   0.0000000000000000     
           6           4           1           3           4           6   3215994049482.9209     
           6           4           1           3           5           5   0.0000000000000000     
           6           4           1           3           5           6   0.0000000000000000     
           6           4           1           3           6           6   0.0000000000000000     
           6           4           1           4           4           4   0.0000000000000000     
           6           4           1           4           4           5   0.0000000000000000     
           6           4           1           4           4           6   17117449451110.551     
           6           4           1           4           5           5   0.0000000000000000     
           6           4           1           4           5           6   0.0000000000000000     
           6           4           1           4           6           6   0.0000000000000000     
           6           4           1           5           5           5   0.0000000000000000     
           6           4           1           5           5           6   17792381118618.578     
           6           4           1           5           6           6   0.0000000000000000     
           6           4           1           6           6           6   53377143355855.734     
           6           4           2           2           2           2   0.0000000000000000     
           6           4           2           2           2           3   0.0000000000000000     
           6           4           2           2           2           4   0.0000000000000000     
           6           4           2           2           2           5   0.0000000000000000     
           6           4           2           2           2           6  -19996600136944.449     
           6           4           2           2           3           3   0.0000000000000000     
           6           4           2           2           3           4   0.0000000000000000     
           6           4           2           2           3           5   0.0000000000000000     
           6           4           2           2           3           6   17506777702723.842     
           6           4           2           2           4           4   0.0000000000000000     
           6           4           2           2           4           5   0.0000000000000000     
           6           4           2           2           4           6  -778451136507.53406     
           6           4           2           2           5           5   0.0000000000000000     
           6           4           2           2           5           6   0.0000000000000000     
           6           4           2           2           6           6   0.0000000000000000     
           6           4           2           3           3           3   0.0000000000000000     
           6           4           2           3           3           4   0.0000000000000000     
           6           4           2           3           3           5   0.0000000000000000     
           6           4           2           3           3           6   11697236383301.777     
           6           4           2           3           4           4   0.0000000000000000     
           6           4           2           3           4           5   0.0000000000000000     
           6           4           2           3           4           6  -3112474580483.4131     
           6           4           2           3           5           5   0.0000000000000000     
           6           4           2           3           5           6   0.0000000000000000     
           6           4           2           3           6           6   0.0000000000000000     
           6           4           2           4           4           4   0.0000000000000000     
           6           4           2           4           4           5   0.0000000000000000     
           6           4           2           4           4           6  -9207413949081.1699     
           6           4           2           4           5           5   0.0000000000000000     
           6           4           2           4           5           6   0.0000000000000000     
           6           4           2           4           6           6   0.0000000000000000     
           6           4           2           5           5           5   0.0000000000000000     
           6           4           2           5           5           6  -9570457244043.9512     
           6           4           2           5           6           6   0.0000000000000000     
           6           4           2           6           6           6  -28711371732131.852     
           6           4           3           3           3           3   0.0000000000000000     
           6           4           3           3           3           4   0.0000000000000000     
           6           4           3           3           3           5   0.0000000000000000     
           6           4           3           3           3           6  -21293978583996.246     
           6           4           3           3           4           4   0.0000000000000000     
           6           4           3           3           4           5   0.0000000000000000     
           6           4           3           3           4           6  -103519468999.50705     
           6           4           3           3           5           5   0.0000000000000000     
           6           4           3           3           5           6   0.0000000000000000     
           6           4           3           3           6           6   0.0000000000000000     
           6           4           3           4           4           4   0.0000000000000000     
           6           4           3           4           4           5   0.0000000000000000     
           6           4           3           4           4           6  -7910035502029.3789     
           6           4           3           4           5           5   0.0000000000000000     
           6           4           3           4           5           6   0.0000000000000000     
           6           4           3           4           6           6   0.0000000000000000     
           6           4           3           5           5           5   0.0000000000000000     
           6           4           3           5           5           6  -8221923874574.6240     
           6           4           3           5           6           6   0.0000000000000000     
           6           4           3           6           6           6  -24665771623723.871     
           6           4           4           4           4           4   0.0000000000000000     
           6           4           4           4           4           5   0.0000000000000000     
           6           4           4           4           4           6   3994445185990.4531     
           6           4           4           4           5           5   0.0000000000000000     
           6           4           4           4           5           6   0.0000000000000000     
           6           4           4           4           6           6   0.0000000000000000     
           6           4           4           5           5           5   0.0000000000000000     
           6           4           4           5           5           6   1348533369469.3296     
           6           4           4           5           6           6   0.0000000000000000     
           6           4           4           6           6           6   4045600108407.9888     
           6           4           5           5           5           5   0.0000000000000000     
           6           4           5           5           5           6   0.0000000000000000     
           6           4           5           5           6           6   0.0000000000000000     
           6           4           5           6           6           6   0.0000000000000000     
           6           4           6           6           6           6   0.0000000000000000     
