increment,branch,stress_component,order,directions,direction_pattern,step_factor,step,fd_value,fd_value_normalized,invariant_across_stencil,oti_derivative,reference_classification,nominal_branch,node_branches,branch_consistent,min_branch_margin,min_branch_margin_unavailable_reason,admissible,rejection_reason
1,elastic,1,2,1|1,repeated,16.0,0.00064,-7385727.48843937,-0.030773864535164043,False,0.0,expected_zero_independently_supported,elastic,elastic|inelastic,False,,"UMAT_PCLK does not store a signed yield-function value in STATEV, so no distance to the branch surface is available",False,"stencil left the nominal 'elastic' branch (nodes reached 'inelastic'), so the difference spans a non-smooth branch boundary"
1,elastic,1,2,1|1,repeated,8.0,0.00032,8888856.730335709,0.03703690304306546,False,0.0,expected_zero_independently_supported,elastic,elastic|inelastic,False,,"UMAT_PCLK does not store a signed yield-function value in STATEV, so no distance to the branch surface is available",False,"stencil left the nominal 'elastic' branch (nodes reached 'inelastic'), so the difference spans a non-smooth branch boundary"
1,elastic,1,2,1|1,repeated,4.0,0.00016,640108.6634831177,0.002667119431179657,False,0.0,expected_zero_independently_supported,elastic,elastic|inelastic,False,,"UMAT_PCLK does not store a signed yield-function value in STATEV, so no distance to the branch surface is available",False,"stencil left the nominal 'elastic' branch (nodes reached 'inelastic'), so the difference spans a non-smooth branch boundary"
1,elastic,1,2,1|1,repeated,2.0,8e-05,-3.725290298461914e-09,-1.5522042910257976e-17,False,0.0,expected_zero_independently_supported,elastic,elastic,True,,"UMAT_PCLK does not store a signed yield-function value in STATEV, so no distance to the branch surface is available",True,
1,elastic,1,2,1|1,repeated,1.0,4e-05,-3.102421760559082e-05,-1.2926757335662843e-13,False,0.0,expected_zero_independently_supported,elastic,elastic,True,,"UMAT_PCLK does not store a signed yield-function value in STATEV, so no distance to the branch surface is available",True,
1,elastic,1,2,1|1,repeated,0.5,2e-05,1.5139579772949219e-05,6.308158238728841e-14,False,0.0,expected_zero_independently_supported,elastic,elastic,True,,"UMAT_PCLK does not store a signed yield-function value in STATEV, so no distance to the branch surface is available",True,
1,elastic,1,2,1|1,repeated,0.25,1e-05,0.0,0.0,False,0.0,expected_zero_independently_supported,elastic,elastic,True,,"UMAT_PCLK does not store a signed yield-function value in STATEV, so no distance to the branch surface is available",True,
1,elastic,1,2,1|1,repeated,0.125,5e-06,-1.9073486328125e-06,-7.947285970052083e-15,False,0.0,expected_zero_independently_supported,elastic,elastic,True,,"UMAT_PCLK does not store a signed yield-function value in STATEV, so no distance to the branch surface is available",True,
1,elastic,1,2,1|1,repeated,0.0625,2.5e-06,-7.62939453125e-06,-3.1789143880208334e-14,False,0.0,expected_zero_independently_supported,elastic,elastic,True,,"UMAT_PCLK does not store a signed yield-function value in STATEV, so no distance to the branch surface is available",True,
1,elastic,2,2,1|1,repeated,16.0,0.00064,5932148.065005944,0.024717283604191433,False,0.0,expected_zero_independently_supported,elastic,elastic|inelastic,False,,"UMAT_PCLK does not store a signed yield-function value in STATEV, so no distance to the branch surface is available",False,"stencil left the nominal 'elastic' branch (nodes reached 'inelastic'), so the difference spans a non-smooth branch boundary"
1,elastic,2,2,1|1,repeated,8.0,0.00032,-6042084.084216738,-0.025175350350903073,False,0.0,expected_zero_independently_supported,elastic,elastic|inelastic,False,,"UMAT_PCLK does not store a signed yield-function value in STATEV, so no distance to the branch surface is available",False,"stencil left the nominal 'elastic' branch (nodes reached 'inelastic'), so the difference spans a non-smooth branch boundary"
1,elastic,2,2,1|1,repeated,4.0,0.00016,-419564.94186508877,-0.001748187257771203,False,0.0,expected_zero_independently_supported,elastic,elastic|inelastic,False,,"UMAT_PCLK does not store a signed yield-function value in STATEV, so no distance to the branch surface is available",False,"stencil left the nominal 'elastic' branch (nodes reached 'inelastic'), so the difference spans a non-smooth branch boundary"
1,elastic,2,2,1|1,repeated,2.0,8e-05,3.507593646645546e-07,1.4614973527689776e-15,False,0.0,expected_zero_independently_supported,elastic,elastic,True,,"UMAT_PCLK does not store a signed yield-function value in STATEV, so no distance to the branch surface is available",True,
1,elastic,2,2,1|1,repeated,1.0,4e-05,1.4381948858499527e-05,5.99247869104147e-14,False,0.0,expected_zero_independently_supported,elastic,elastic,True,,"UMAT_PCLK does not store a signed yield-function value in STATEV, so no distance to the branch surface is available",True,
1,elastic,2,2,1|1,repeated,0.5,2e-05,-7.210299372673035e-06,-3.004291405280431e-14,False,0.0,expected_zero_independently_supported,elastic,elastic,True,,"UMAT_PCLK does not store a signed yield-function value in STATEV, so no distance to the branch surface is available",True,
1,elastic,2,2,1|1,repeated,0.25,1e-05,3.1962990760803223e-06,1.3317912817001341e-14,False,0.0,expected_zero_independently_supported,elastic,elastic,True,,"UMAT_PCLK does not store a signed yield-function value in STATEV, so no distance to the branch surface is available",True,
1,elastic,2,2,1|1,repeated,0.125,5e-06,0.0009071826934814453,3.779927889506022e-12,False,0.0,expected_zero_independently_supported,elastic,elastic,True,,"UMAT_PCLK does not store a signed yield-function value in STATEV, so no distance to the branch surface is available",True,
1,elastic,2,2,1|1,repeated,0.0625,2.5e-06,-0.00039905309677124023,-1.6627212365468342e-12,False,0.0,expected_zero_independently_supported,elastic,elastic,True,,"UMAT_PCLK does not store a signed yield-function value in STATEV, so no distance to the branch surface is available",True,
1,elastic,3,2,1|1,repeated,16.0,0.00064,1453579.423433904,0.006056580930974599,False,0.0,expected_zero_independently_supported,elastic,elastic|inelastic,False,,"UMAT_PCLK does not store a signed yield-function value in STATEV, so no distance to the branch surface is available",False,"stencil left the nominal 'elastic' branch (nodes reached 'inelastic'), so the difference spans a non-smooth branch boundary"
1,elastic,3,2,1|1,repeated,8.0,0.00032,-2846772.6461191326,-0.011861552692163052,False,0.0,expected_zero_independently_supported,elastic,elastic|inelastic,False,,"UMAT_PCLK does not store a signed yield-function value in STATEV, so no distance to the branch surface is available",False,"stencil left the nominal 'elastic' branch (nodes reached 'inelastic'), so the difference spans a non-smooth branch boundary"
1,elastic,3,2,1|1,repeated,4.0,0.00016,-220543.72161864513,-0.0009189321734110212,False,0.0,expected_zero_independently_supported,elastic,elastic|inelastic,False,,"UMAT_PCLK does not store a signed yield-function value in STATEV, so no distance to the branch surface is available",False,"stencil left the nominal 'elastic' branch (nodes reached 'inelastic'), so the difference spans a non-smooth branch boundary"
1,elastic,3,2,1|1,repeated,2.0,8e-05,3.422144800424576e-06,1.425893666843573e-14,False,0.0,expected_zero_independently_supported,elastic,elastic,True,,"UMAT_PCLK does not store a signed yield-function value in STATEV, so no distance to the branch surface is available",True,
1,elastic,3,2,1|1,repeated,1.0,4e-05,1.1101365089416504e-05,4.625568787256877e-14,False,0.0,expected_zero_independently_supported,elastic,elastic,True,,"UMAT_PCLK does not store a signed yield-function value in STATEV, so no distance to the branch surface is available",True,
1,elastic,3,2,1|1,repeated,0.5,2e-05,1.33514404296875e-05,5.563100179036458e-14,False,0.0,expected_zero_independently_supported,elastic,elastic,True,,"UMAT_PCLK does not store a signed yield-function value in STATEV, so no distance to the branch surface is available",True,
1,elastic,3,2,1|1,repeated,0.25,1e-05,7.224082946777344e-05,3.0100345611572265e-13,False,0.0,expected_zero_independently_supported,elastic,elastic,True,,"UMAT_PCLK does not store a signed yield-function value in STATEV, so no distance to the branch surface is available",True,
1,elastic,3,2,1|1,repeated,0.125,5e-06,0.000762939453125,3.178914388020833e-12,False,0.0,expected_zero_independently_supported,elastic,elastic,True,,"UMAT_PCLK does not store a signed yield-function value in STATEV, so no distance to the branch surface is available",True,
1,elastic,3,2,1|1,repeated,0.0625,2.5e-06,0.0029010772705078125,1.2087821960449219e-11,False,0.0,expected_zero_independently_supported,elastic,elastic,True,,"UMAT_PCLK does not store a signed yield-function value in STATEV, so no distance to the branch surface is available",True,
1,elastic,4,2,1|1,repeated,16.0,0.00064,0.0,0.0,True,0.0,expected_zero_independently_supported,elastic,elastic|inelastic,False,,"UMAT_PCLK does not store a signed yield-function value in STATEV, so no distance to the branch surface is available",False,"stencil left the nominal 'elastic' branch (nodes reached 'inelastic'), so the difference spans a non-smooth branch boundary"
1,elastic,4,2,1|1,repeated,8.0,0.00032,0.0,0.0,True,0.0,expected_zero_independently_supported,elastic,elastic|inelastic,False,,"UMAT_PCLK does not store a signed yield-function value in STATEV, so no distance to the branch surface is available",False,"stencil left the nominal 'elastic' branch (nodes reached 'inelastic'), so the difference spans a non-smooth branch boundary"
1,elastic,4,2,1|1,repeated,4.0,0.00016,0.0,0.0,True,0.0,expected_zero_independently_supported,elastic,elastic|inelastic,False,,"UMAT_PCLK does not store a signed yield-function value in STATEV, so no distance to the branch surface is available",False,"stencil left the nominal 'elastic' branch (nodes reached 'inelastic'), so the difference spans a non-smooth branch boundary"
1,elastic,4,2,1|1,repeated,2.0,8e-05,0.0,0.0,True,0.0,expected_zero_independently_supported,elastic,elastic,True,,"UMAT_PCLK does not store a signed yield-function value in STATEV, so no distance to the branch surface is available",True,
1,elastic,4,2,1|1,repeated,1.0,4e-05,0.0,0.0,True,0.0,expected_zero_independently_supported,elastic,elastic,True,,"UMAT_PCLK does not store a signed yield-function value in STATEV, so no distance to the branch surface is available",True,
1,elastic,4,2,1|1,repeated,0.5,2e-05,0.0,0.0,True,0.0,expected_zero_independently_supported,elastic,elastic,True,,"UMAT_PCLK does not store a signed yield-function value in STATEV, so no distance to the branch surface is available",True,
1,elastic,4,2,1|1,repeated,0.25,1e-05,0.0,0.0,True,0.0,expected_zero_independently_supported,elastic,elastic,True,,"UMAT_PCLK does not store a signed yield-function value in STATEV, so no distance to the branch surface is available",True,
1,elastic,4,2,1|1,repeated,0.125,5e-06,0.0,0.0,True,0.0,expected_zero_independently_supported,elastic,elastic,True,,"UMAT_PCLK does not store a signed yield-function value in STATEV, so no distance to the branch surface is available",True,
1,elastic,4,2,1|1,repeated,0.0625,2.5e-06,0.0,0.0,True,0.0,expected_zero_independently_supported,elastic,elastic,True,,"UMAT_PCLK does not store a signed yield-function value in STATEV, so no distance to the branch surface is available",True,
1,elastic,1,3,1|1|1,repeated,16.0,0.00064,-193177683622.7238,-0.8049070150946825,False,0.0,expected_zero_independently_supported,elastic,elastic|inelastic,False,,"UMAT_PCLK does not store a signed yield-function value in STATEV, so no distance to the branch surface is available",False,"stencil left the nominal 'elastic' branch (nodes reached 'inelastic'), so the difference spans a non-smooth branch boundary"
1,elastic,1,3,1|1|1,repeated,8.0,0.00032,-79252652101.48923,-0.33021938375620513,False,0.0,expected_zero_independently_supported,elastic,elastic|inelastic,False,,"UMAT_PCLK does not store a signed yield-function value in STATEV, so no distance to the branch surface is available",False,"stencil left the nominal 'elastic' branch (nodes reached 'inelastic'), so the difference spans a non-smooth branch boundary"
1,elastic,1,3,1|1|1,repeated,4.0,0.00016,-65344426063.85707,-0.2722684419327378,False,0.0,expected_zero_independently_supported,elastic,elastic|inelastic,False,,"UMAT_PCLK does not store a signed yield-function value in STATEV, so no distance to the branch surface is available",False,"stencil left the nominal 'elastic' branch (nodes reached 'inelastic'), so the difference spans a non-smooth branch boundary"
1,elastic,1,3,1|1|1,repeated,2.0,8e-05,0.12109375,5.045572916666666e-13,False,0.0,expected_zero_independently_supported,elastic,elastic,True,,"UMAT_PCLK does not store a signed yield-function value in STATEV, so no distance to the branch surface is available",True,
1,elastic,1,3,1|1|1,repeated,1.0,4e-05,0.421875,1.7578125e-12,False,0.0,expected_zero_independently_supported,elastic,elastic,True,,"UMAT_PCLK does not store a signed yield-function value in STATEV, so no distance to the branch surface is available",True,
1,elastic,1,3,1|1|1,repeated,0.5,2e-05,-3.875,-1.6145833333333333e-11,False,0.0,expected_zero_independently_supported,elastic,elastic,True,,"UMAT_PCLK does not store a signed yield-function value in STATEV, so no distance to the branch surface is available",True,
1,elastic,1,3,1|1|1,repeated,0.25,1e-05,-40.0,-1.6666666666666666e-10,False,0.0,expected_zero_independently_supported,elastic,elastic,True,,"UMAT_PCLK does not store a signed yield-function value in STATEV, so no distance to the branch surface is available",True,
1,elastic,1,3,1|1|1,repeated,0.125,5e-06,-344.0,-1.4333333333333333e-09,False,0.0,expected_zero_independently_supported,elastic,elastic,True,,"UMAT_PCLK does not store a signed yield-function value in STATEV, so no distance to the branch surface is available",True,
1,elastic,1,3,1|1|1,repeated,0.0625,2.5e-06,3520.0,1.4666666666666667e-08,False,0.0,expected_zero_independently_supported,elastic,elastic,True,,"UMAT_PCLK does not store a signed yield-function value in STATEV, so no distance to the branch surface is available",True,
1,elastic,2,3,1|1|1,repeated,16.0,0.00064,117133823135.50302,0.4880575963979293,False,0.0,expected_zero_independently_supported,elastic,elastic|inelastic,False,,"UMAT_PCLK does not store a signed yield-function value in STATEV, so no distance to the branch surface is available",False,"stencil left the nominal 'elastic' branch (nodes reached 'inelastic'), so the difference spans a non-smooth branch boundary"
1,elastic,2,3,1|1|1,repeated,8.0,0.00032,59080073349.48694,0.24616697228952894,False,0.0,expected_zero_independently_supported,elastic,elastic|inelastic,False,,"UMAT_PCLK does not store a signed yield-function value in STATEV, so no distance to the branch surface is available",False,"stencil left the nominal 'elastic' branch (nodes reached 'inelastic'), so the difference spans a non-smooth branch boundary"
1,elastic,2,3,1|1|1,repeated,4.0,0.00016,42830587815.371826,0.1784607825640493,False,0.0,expected_zero_independently_supported,elastic,elastic|inelastic,False,,"UMAT_PCLK does not store a signed yield-function value in STATEV, so no distance to the branch surface is available",False,"stencil left the nominal 'elastic' branch (nodes reached 'inelastic'), so the difference spans a non-smooth branch boundary"
1,elastic,2,3,1|1|1,repeated,2.0,8e-05,0.00048828125,2.0345052083333334e-15,False,0.0,expected_zero_independently_supported,elastic,elastic,True,,"UMAT_PCLK does not store a signed yield-function value in STATEV, so no distance to the branch surface is available",True,
1,elastic,2,3,1|1|1,repeated,1.0,4e-05,-0.015625,-6.510416666666667e-14,False,0.0,expected_zero_independently_supported,elastic,elastic,True,,"UMAT_PCLK does not store a signed yield-function value in STATEV, so no distance to the branch surface is available",True,
1,elastic,2,3,1|1|1,repeated,0.5,2e-05,-5.6875,-2.369791666666667e-11,False,0.0,expected_zero_independently_supported,elastic,elastic,True,,"UMAT_PCLK does not store a signed yield-function value in STATEV, so no distance to the branch surface is available",True,
1,elastic,2,3,1|1|1,repeated,0.25,1e-05,11.46875,4.778645833333334e-11,False,0.0,expected_zero_independently_supported,elastic,elastic,True,,"UMAT_PCLK does not store a signed yield-function value in STATEV, so no distance to the branch surface is available",True,
1,elastic,2,3,1|1|1,repeated,0.125,5e-06,33.5,1.3958333333333334e-10,False,0.0,expected_zero_independently_supported,elastic,elastic,True,,"UMAT_PCLK does not store a signed yield-function value in STATEV, so no distance to the branch surface is available",True,
1,elastic,2,3,1|1|1,repeated,0.0625,2.5e-06,1062.0,4.425000000000001e-09,False,0.0,expected_zero_independently_supported,elastic,elastic,True,,"UMAT_PCLK does not store a signed yield-function value in STATEV, so no distance to the branch surface is available",True,
1,elastic,3,3,1|1|1,repeated,16.0,0.00064,76043860487.21991,0.31684941869674965,False,0.0,expected_zero_independently_supported,elastic,elastic|inelastic,False,,"UMAT_PCLK does not store a signed yield-function value in STATEV, so no distance to the branch surface is available",False,"stencil left the nominal 'elastic' branch (nodes reached 'inelastic'), so the difference spans a non-smooth branch boundary"
1,elastic,3,3,1|1|1,repeated,8.0,0.00032,20172578752.0054,0.08405241146668918,False,0.0,expected_zero_independently_supported,elastic,elastic|inelastic,False,,"UMAT_PCLK does not store a signed yield-function value in STATEV, so no distance to the branch surface is available",False,"stencil left the nominal 'elastic' branch (nodes reached 'inelastic'), so the difference spans a non-smooth branch boundary"
1,elastic,3,3,1|1|1,repeated,4.0,0.00016,22513838248.521484,0.09380765936883952,False,0.0,expected_zero_independently_supported,elastic,elastic|inelastic,False,,"UMAT_PCLK does not store a signed yield-function value in STATEV, so no distance to the branch surface is available",False,"stencil left the nominal 'elastic' branch (nodes reached 'inelastic'), so the difference spans a non-smooth branch boundary"
1,elastic,3,3,1|1|1,repeated,2.0,8e-05,0.014404296875,6.001790364583334e-14,False,0.0,expected_zero_independently_supported,elastic,elastic,True,,"UMAT_PCLK does not store a signed yield-function value in STATEV, so no distance to the branch surface is available",True,
1,elastic,3,3,1|1|1,repeated,1.0,4e-05,0.103515625,4.313151041666667e-13,False,0.0,expected_zero_independently_supported,elastic,elastic,True,,"UMAT_PCLK does not store a signed yield-function value in STATEV, so no distance to the branch surface is available",True,
1,elastic,3,3,1|1|1,repeated,0.5,2e-05,-6.0625,-2.526041666666667e-11,False,0.0,expected_zero_independently_supported,elastic,elastic,True,,"UMAT_PCLK does not store a signed yield-function value in STATEV, so no distance to the branch surface is available",True,
1,elastic,3,3,1|1|1,repeated,0.25,1e-05,7.5,3.125e-11,False,0.0,expected_zero_independently_supported,elastic,elastic,True,,"UMAT_PCLK does not store a signed yield-function value in STATEV, so no distance to the branch surface is available",True,
1,elastic,3,3,1|1|1,repeated,0.125,5e-06,84.0,3.5000000000000003e-10,False,0.0,expected_zero_independently_supported,elastic,elastic,True,,"UMAT_PCLK does not store a signed yield-function value in STATEV, so no distance to the branch surface is available",True,
1,elastic,3,3,1|1|1,repeated,0.0625,2.5e-06,1104.0,4.600000000000001e-09,False,0.0,expected_zero_independently_supported,elastic,elastic,True,,"UMAT_PCLK does not store a signed yield-function value in STATEV, so no distance to the branch surface is available",True,
1,elastic,4,3,1|1|1,repeated,16.0,0.00064,0.0,0.0,True,0.0,expected_zero_independently_supported,elastic,elastic|inelastic,False,,"UMAT_PCLK does not store a signed yield-function value in STATEV, so no distance to the branch surface is available",False,"stencil left the nominal 'elastic' branch (nodes reached 'inelastic'), so the difference spans a non-smooth branch boundary"
1,elastic,4,3,1|1|1,repeated,8.0,0.00032,0.0,0.0,True,0.0,expected_zero_independently_supported,elastic,elastic|inelastic,False,,"UMAT_PCLK does not store a signed yield-function value in STATEV, so no distance to the branch surface is available",False,"stencil left the nominal 'elastic' branch (nodes reached 'inelastic'), so the difference spans a non-smooth branch boundary"
1,elastic,4,3,1|1|1,repeated,4.0,0.00016,0.0,0.0,True,0.0,expected_zero_independently_supported,elastic,elastic|inelastic,False,,"UMAT_PCLK does not store a signed yield-function value in STATEV, so no distance to the branch surface is available",False,"stencil left the nominal 'elastic' branch (nodes reached 'inelastic'), so the difference spans a non-smooth branch boundary"
1,elastic,4,3,1|1|1,repeated,2.0,8e-05,0.0,0.0,True,0.0,expected_zero_independently_supported,elastic,elastic,True,,"UMAT_PCLK does not store a signed yield-function value in STATEV, so no distance to the branch surface is available",True,
1,elastic,4,3,1|1|1,repeated,1.0,4e-05,0.0,0.0,True,0.0,expected_zero_independently_supported,elastic,elastic,True,,"UMAT_PCLK does not store a signed yield-function value in STATEV, so no distance to the branch surface is available",True,
1,elastic,4,3,1|1|1,repeated,0.5,2e-05,0.0,0.0,True,0.0,expected_zero_independently_supported,elastic,elastic,True,,"UMAT_PCLK does not store a signed yield-function value in STATEV, so no distance to the branch surface is available",True,
1,elastic,4,3,1|1|1,repeated,0.25,1e-05,0.0,0.0,True,0.0,expected_zero_independently_supported,elastic,elastic,True,,"UMAT_PCLK does not store a signed yield-function value in STATEV, so no distance to the branch surface is available",True,
1,elastic,4,3,1|1|1,repeated,0.125,5e-06,0.0,0.0,True,0.0,expected_zero_independently_supported,elastic,elastic,True,,"UMAT_PCLK does not store a signed yield-function value in STATEV, so no distance to the branch surface is available",True,
1,elastic,4,3,1|1|1,repeated,0.0625,2.5e-06,0.0,0.0,True,0.0,expected_zero_independently_supported,elastic,elastic,True,,"UMAT_PCLK does not store a signed yield-function value in STATEV, so no distance to the branch surface is available",True,
1,elastic,1,4,1|1|1|1,repeated,16.0,0.00064,-502748983659231.6,-2.0947874319134656,False,0.0,expected_zero_independently_supported,elastic,elastic|inelastic,False,,"UMAT_PCLK does not store a signed yield-function value in STATEV, so no distance to the branch surface is available",False,"stencil left the nominal 'elastic' branch (nodes reached 'inelastic'), so the difference spans a non-smooth branch boundary"
1,elastic,1,4,1|1|1|1,repeated,8.0,0.00032,-1082861876927071.2,-4.511924487196131,False,0.0,expected_zero_independently_supported,elastic,elastic|inelastic,False,,"UMAT_PCLK does not store a signed yield-function value in STATEV, so no distance to the branch surface is available",False,"stencil left the nominal 'elastic' branch (nodes reached 'inelastic'), so the difference spans a non-smooth branch boundary"
1,elastic,1,4,1|1|1|1,repeated,4.0,0.00016,-408402662899601.25,-1.701677762081672,False,0.0,expected_zero_independently_supported,elastic,elastic|inelastic,False,,"UMAT_PCLK does not store a signed yield-function value in STATEV, so no distance to the branch surface is available",False,"stencil left the nominal 'elastic' branch (nodes reached 'inelastic'), so the difference spans a non-smooth branch boundary"
1,elastic,1,4,1|1|1|1,repeated,2.0,8e-05,560.0,2.3333333333333338e-12,False,0.0,expected_zero_independently_supported,elastic,elastic,True,,"UMAT_PCLK does not store a signed yield-function value in STATEV, so no distance to the branch surface is available",True,
1,elastic,1,4,1|1|1|1,repeated,1.0,4e-05,95232.0,3.9680000000000007e-10,False,0.0,expected_zero_independently_supported,elastic,elastic,True,,"UMAT_PCLK does not store a signed yield-function value in STATEV, so no distance to the branch surface is available",True,
1,elastic,1,4,1|1|1|1,repeated,0.5,2e-05,-1163264.0,-4.8469333333333345e-09,False,0.0,expected_zero_independently_supported,elastic,elastic,True,,"UMAT_PCLK does not store a signed yield-function value in STATEV, so no distance to the branch surface is available",True,
1,elastic,1,4,1|1|1|1,repeated,0.25,1e-05,6553600.0,2.730666666666667e-08,False,0.0,expected_zero_independently_supported,elastic,elastic,True,,"UMAT_PCLK does not store a signed yield-function value in STATEV, so no distance to the branch surface is available",True,
1,elastic,1,4,1|1|1|1,repeated,0.125,5e-06,-279969792.0,-1.1665408000000002e-06,False,0.0,expected_zero_independently_supported,elastic,elastic,True,,"UMAT_PCLK does not store a signed yield-function value in STATEV, so no distance to the branch surface is available",True,
1,elastic,1,4,1|1|1|1,repeated,0.0625,2.5e-06,-5016387584.0,-2.0901614933333338e-05,False,0.0,expected_zero_independently_supported,elastic,elastic,True,,"UMAT_PCLK does not store a signed yield-function value in STATEV, so no distance to the branch surface is available",True,
1,elastic,2,4,1|1|1|1,repeated,16.0,0.00064,294218882299326.0,1.2259120095805252,False,0.0,expected_zero_independently_supported,elastic,elastic|inelastic,False,,"UMAT_PCLK does not store a signed yield-function value in STATEV, so no distance to the branch surface is available",False,"stencil left the nominal 'elastic' branch (nodes reached 'inelastic'), so the difference spans a non-smooth branch boundary"
1,elastic,2,4,1|1|1|1,repeated,8.0,0.00032,742628053511099.4,3.094283556296248,False,0.0,expected_zero_independently_supported,elastic,elastic|inelastic,False,,"UMAT_PCLK does not store a signed yield-function value in STATEV, so no distance to the branch surface is available",False,"stencil left the nominal 'elastic' branch (nodes reached 'inelastic'), so the difference spans a non-smooth branch boundary"
1,elastic,2,4,1|1|1|1,repeated,4.0,0.00016,267691173846082.66,1.1153798910253445,False,0.0,expected_zero_independently_supported,elastic,elastic|inelastic,False,,"UMAT_PCLK does not store a signed yield-function value in STATEV, so no distance to the branch surface is available",False,"stencil left the nominal 'elastic' branch (nodes reached 'inelastic'), so the difference spans a non-smooth branch boundary"
1,elastic,2,4,1|1|1|1,repeated,2.0,8e-05,118.5,4.937500000000001e-13,False,0.0,expected_zero_independently_supported,elastic,elastic,True,,"UMAT_PCLK does not store a signed yield-function value in STATEV, so no distance to the branch surface is available",True,
1,elastic,2,4,1|1|1|1,repeated,1.0,4e-05,-44568.0,-1.8570000000000002e-10,False,0.0,expected_zero_independently_supported,elastic,elastic,True,,"UMAT_PCLK does not store a signed yield-function value in STATEV, so no distance to the branch surface is available",True,
1,elastic,2,4,1|1|1|1,repeated,0.5,2e-05,255360.0,1.064e-09,False,0.0,expected_zero_independently_supported,elastic,elastic,True,,"UMAT_PCLK does not store a signed yield-function value in STATEV, so no distance to the branch surface is available",True,
1,elastic,2,4,1|1|1|1,repeated,0.25,1e-05,-493568.0,-2.056533333333334e-09,False,0.0,expected_zero_independently_supported,elastic,elastic,True,,"UMAT_PCLK does not store a signed yield-function value in STATEV, so no distance to the branch surface is available",True,
1,elastic,2,4,1|1|1|1,repeated,0.125,5e-06,-185221120.0,-7.717546666666669e-07,False,0.0,expected_zero_independently_supported,elastic,elastic,True,,"UMAT_PCLK does not store a signed yield-function value in STATEV, so no distance to the branch surface is available",True,
1,elastic,2,4,1|1|1|1,repeated,0.0625,2.5e-06,876216320.0,3.6509013333333343e-06,False,0.0,expected_zero_independently_supported,elastic,elastic,True,,"UMAT_PCLK does not store a signed yield-function value in STATEV, so no distance to the branch surface is available",True,
1,elastic,3,4,1|1|1|1,repeated,16.0,0.00064,208530101359902.06,0.8688754223329254,False,0.0,expected_zero_independently_supported,elastic,elastic|inelastic,False,,"UMAT_PCLK does not store a signed yield-function value in STATEV, so no distance to the branch surface is available",False,"stencil left the nominal 'elastic' branch (nodes reached 'inelastic'), so the difference spans a non-smooth branch boundary"
1,elastic,3,4,1|1|1|1,repeated,8.0,0.00032,340233823415972.06,1.4176409308998836,False,0.0,expected_zero_independently_supported,elastic,elastic|inelastic,False,,"UMAT_PCLK does not store a signed yield-function value in STATEV, so no distance to the branch surface is available",False,"stencil left the nominal 'elastic' branch (nodes reached 'inelastic'), so the difference spans a non-smooth branch boundary"
1,elastic,3,4,1|1|1|1,repeated,4.0,0.00016,140711489053259.75,0.5862978710552491,False,0.0,expected_zero_independently_supported,elastic,elastic|inelastic,False,,"UMAT_PCLK does not store a signed yield-function value in STATEV, so no distance to the branch surface is available",False,"stencil left the nominal 'elastic' branch (nodes reached 'inelastic'), so the difference spans a non-smooth branch boundary"
1,elastic,3,4,1|1|1|1,repeated,2.0,8e-05,-2568.0,-1.0700000000000002e-11,False,0.0,expected_zero_independently_supported,elastic,elastic,True,,"UMAT_PCLK does not store a signed yield-function value in STATEV, so no distance to the branch surface is available",True,
1,elastic,3,4,1|1|1|1,repeated,1.0,4e-05,-60352.0,-2.514666666666667e-10,False,0.0,expected_zero_independently_supported,elastic,elastic,True,,"UMAT_PCLK does not store a signed yield-function value in STATEV, so no distance to the branch surface is available",True,
1,elastic,3,4,1|1|1|1,repeated,0.5,2e-05,-179200.0,-7.466666666666669e-10,False,0.0,expected_zero_independently_supported,elastic,elastic,True,,"UMAT_PCLK does not store a signed yield-function value in STATEV, so no distance to the branch surface is available",True,
1,elastic,3,4,1|1|1|1,repeated,0.25,1e-05,-7536640.0,-3.140266666666667e-08,False,0.0,expected_zero_independently_supported,elastic,elastic,True,,"UMAT_PCLK does not store a signed yield-function value in STATEV, so no distance to the branch surface is available",True,
1,elastic,3,4,1|1|1|1,repeated,0.125,5e-06,-242745344.0,-1.0114389333333336e-06,False,0.0,expected_zero_independently_supported,elastic,elastic,True,,"UMAT_PCLK does not store a signed yield-function value in STATEV, so no distance to the branch surface is available",True,
1,elastic,3,4,1|1|1|1,repeated,0.0625,2.5e-06,-796917760.0,-3.3204906666666675e-06,False,0.0,expected_zero_independently_supported,elastic,elastic,True,,"UMAT_PCLK does not store a signed yield-function value in STATEV, so no distance to the branch surface is available",True,
1,elastic,4,4,1|1|1|1,repeated,16.0,0.00064,0.0,0.0,True,0.0,expected_zero_independently_supported,elastic,elastic|inelastic,False,,"UMAT_PCLK does not store a signed yield-function value in STATEV, so no distance to the branch surface is available",False,"stencil left the nominal 'elastic' branch (nodes reached 'inelastic'), so the difference spans a non-smooth branch boundary"
1,elastic,4,4,1|1|1|1,repeated,8.0,0.00032,0.0,0.0,True,0.0,expected_zero_independently_supported,elastic,elastic|inelastic,False,,"UMAT_PCLK does not store a signed yield-function value in STATEV, so no distance to the branch surface is available",False,"stencil left the nominal 'elastic' branch (nodes reached 'inelastic'), so the difference spans a non-smooth branch boundary"
1,elastic,4,4,1|1|1|1,repeated,4.0,0.00016,0.0,0.0,True,0.0,expected_zero_independently_supported,elastic,elastic|inelastic,False,,"UMAT_PCLK does not store a signed yield-function value in STATEV, so no distance to the branch surface is available",False,"stencil left the nominal 'elastic' branch (nodes reached 'inelastic'), so the difference spans a non-smooth branch boundary"
1,elastic,4,4,1|1|1|1,repeated,2.0,8e-05,0.0,0.0,True,0.0,expected_zero_independently_supported,elastic,elastic,True,,"UMAT_PCLK does not store a signed yield-function value in STATEV, so no distance to the branch surface is available",True,
1,elastic,4,4,1|1|1|1,repeated,1.0,4e-05,0.0,0.0,True,0.0,expected_zero_independently_supported,elastic,elastic,True,,"UMAT_PCLK does not store a signed yield-function value in STATEV, so no distance to the branch surface is available",True,
1,elastic,4,4,1|1|1|1,repeated,0.5,2e-05,0.0,0.0,True,0.0,expected_zero_independently_supported,elastic,elastic,True,,"UMAT_PCLK does not store a signed yield-function value in STATEV, so no distance to the branch surface is available",True,
1,elastic,4,4,1|1|1|1,repeated,0.25,1e-05,0.0,0.0,True,0.0,expected_zero_independently_supported,elastic,elastic,True,,"UMAT_PCLK does not store a signed yield-function value in STATEV, so no distance to the branch surface is available",True,
1,elastic,4,4,1|1|1|1,repeated,0.125,5e-06,0.0,0.0,True,0.0,expected_zero_independently_supported,elastic,elastic,True,,"UMAT_PCLK does not store a signed yield-function value in STATEV, so no distance to the branch surface is available",True,
1,elastic,4,4,1|1|1|1,repeated,0.0625,2.5e-06,0.0,0.0,True,0.0,expected_zero_independently_supported,elastic,elastic,True,,"UMAT_PCLK does not store a signed yield-function value in STATEV, so no distance to the branch surface is available",True,
1,elastic,1,3,1|1|2,mixed,16.0,0.00064,208447470401.16757,0.8685311266715315,False,0.0,expected_zero_independently_supported,elastic,elastic|inelastic,False,,"UMAT_PCLK does not store a signed yield-function value in STATEV, so no distance to the branch surface is available",False,"stencil left the nominal 'elastic' branch (nodes reached 'inelastic'), so the difference spans a non-smooth branch boundary"
1,elastic,1,3,1|1|2,mixed,8.0,0.00032,-271168922383.3339,-1.129870509930558,False,0.0,expected_zero_independently_supported,elastic,elastic|inelastic,False,,"UMAT_PCLK does not store a signed yield-function value in STATEV, so no distance to the branch surface is available",False,"stencil left the nominal 'elastic' branch (nodes reached 'inelastic'), so the difference spans a non-smooth branch boundary"
1,elastic,1,3,1|1|2,mixed,4.0,0.00016,-23322317870.794754,-0.09717632446164481,False,0.0,expected_zero_independently_supported,elastic,elastic|inelastic,False,,"UMAT_PCLK does not store a signed yield-function value in STATEV, so no distance to the branch surface is available",False,"stencil left the nominal 'elastic' branch (nodes reached 'inelastic'), so the difference spans a non-smooth branch boundary"
1,elastic,1,3,1|1|2,mixed,2.0,8e-05,14218766.88720572,5.924486203002384e-05,False,0.0,expected_zero_independently_supported,elastic,elastic|inelastic,False,,"UMAT_PCLK does not store a signed yield-function value in STATEV, so no distance to the branch surface is available",False,"stencil left the nominal 'elastic' branch (nodes reached 'inelastic'), so the difference spans a non-smooth branch boundary"
1,elastic,1,3,1|1|2,mixed,1.0,4e-05,-1.0555648803710938,-4.398187001546224e-12,False,0.0,expected_zero_independently_supported,elastic,elastic,True,,"UMAT_PCLK does not store a signed yield-function value in STATEV, so no distance to the branch surface is available",True,
1,elastic,1,3,1|1|2,mixed,0.5,2e-05,7.9999237060546875,3.333301544189454e-11,False,0.0,expected_zero_independently_supported,elastic,elastic,True,,"UMAT_PCLK does not store a signed yield-function value in STATEV, so no distance to the branch surface is available",True,
1,elastic,1,3,1|1|2,mixed,0.25,1e-05,-6.4212646484375,-2.6755269368489585e-11,False,0.0,expected_zero_independently_supported,elastic,elastic,True,,"UMAT_PCLK does not store a signed yield-function value in STATEV, so no distance to the branch surface is available",True,
1,elastic,1,3,1|1|2,mixed,0.125,5e-06,-17.5791015625,-7.324625651041667e-11,False,0.0,expected_zero_independently_supported,elastic,elastic,True,,"UMAT_PCLK does not store a signed yield-function value in STATEV, so no distance to the branch surface is available",True,
1,elastic,1,3,1|1|2,mixed,0.0625,2.5e-06,2080.5859375,8.669108072916669e-09,False,0.0,expected_zero_independently_supported,elastic,elastic,True,,"UMAT_PCLK does not store a signed yield-function value in STATEV, so no distance to the branch surface is available",True,
1,elastic,2,3,1|1|2,mixed,16.0,0.00064,-190860027685.52493,-0.7952501153563539,False,0.0,expected_zero_independently_supported,elastic,elastic|inelastic,False,,"UMAT_PCLK does not store a signed yield-function value in STATEV, so no distance to the branch surface is available",False,"stencil left the nominal 'elastic' branch (nodes reached 'inelastic'), so the difference spans a non-smooth branch boundary"
1,elastic,2,3,1|1|2,mixed,8.0,0.00032,251443139743.41473,1.0476797489308949,False,0.0,expected_zero_independently_supported,elastic,elastic|inelastic,False,,"UMAT_PCLK does not store a signed yield-function value in STATEV, so no distance to the branch surface is available",False,"stencil left the nominal 'elastic' branch (nodes reached 'inelastic'), so the difference spans a non-smooth branch boundary"
1,elastic,2,3,1|1|2,mixed,4.0,0.00016,24297085669.462803,0.10123785695609502,False,0.0,expected_zero_independently_supported,elastic,elastic|inelastic,False,,"UMAT_PCLK does not store a signed yield-function value in STATEV, so no distance to the branch surface is available",False,"stencil left the nominal 'elastic' branch (nodes reached 'inelastic'), so the difference spans a non-smooth branch boundary"
1,elastic,2,3,1|1|2,mixed,2.0,8e-05,-12027901.918317199,-5.011625799298833e-05,False,0.0,expected_zero_independently_supported,elastic,elastic|inelastic,False,,"UMAT_PCLK does not store a signed yield-function value in STATEV, so no distance to the branch surface is available",False,"stencil left the nominal 'elastic' branch (nodes reached 'inelastic'), so the difference spans a non-smooth branch boundary"
1,elastic,2,3,1|1|2,mixed,1.0,4e-05,0.03040027618408203,1.2666781743367512e-13,False,0.0,expected_zero_independently_supported,elastic,elastic,True,,"UMAT_PCLK does not store a signed yield-function value in STATEV, so no distance to the branch surface is available",True,
1,elastic,2,3,1|1|2,mixed,0.5,2e-05,0.2884845733642578,1.2020190556844076e-12,False,0.0,expected_zero_independently_supported,elastic,elastic,True,,"UMAT_PCLK does not store a signed yield-function value in STATEV, so no distance to the branch surface is available",True,
1,elastic,2,3,1|1|2,mixed,0.25,1e-05,0.172882080078125,7.203420003255208e-13,False,0.0,expected_zero_independently_supported,elastic,elastic,True,,"UMAT_PCLK does not store a signed yield-function value in STATEV, so no distance to the branch surface is available",True,
1,elastic,2,3,1|1|2,mixed,0.125,5e-06,3.98736572265625,1.661402384440104e-11,False,0.0,expected_zero_independently_supported,elastic,elastic,True,,"UMAT_PCLK does not store a signed yield-function value in STATEV, so no distance to the branch surface is available",True,
1,elastic,2,3,1|1|2,mixed,0.0625,2.5e-06,2.6676025390625,1.1115010579427084e-11,False,0.0,expected_zero_independently_supported,elastic,elastic,True,,"UMAT_PCLK does not store a signed yield-function value in STATEV, so no distance to the branch surface is available",True,
1,elastic,3,3,1|1|2,mixed,16.0,0.00064,-17587442715.642487,-0.07328101131517703,False,0.0,expected_zero_independently_supported,elastic,elastic|inelastic,False,,"UMAT_PCLK does not store a signed yield-function value in STATEV, so no distance to the branch surface is available",False,"stencil left the nominal 'elastic' branch (nodes reached 'inelastic'), so the difference spans a non-smooth branch boundary"
1,elastic,3,3,1|1|2,mixed,8.0,0.00032,19725782639.922012,0.08219076099967505,False,0.0,expected_zero_independently_supported,elastic,elastic|inelastic,False,,"UMAT_PCLK does not store a signed yield-function value in STATEV, so no distance to the branch surface is available",False,"stencil left the nominal 'elastic' branch (nodes reached 'inelastic'), so the difference spans a non-smooth branch boundary"
1,elastic,3,3,1|1|2,mixed,4.0,0.00016,-974767798.6788659,-0.004061532494495275,False,0.0,expected_zero_independently_supported,elastic,elastic|inelastic,False,,"UMAT_PCLK does not store a signed yield-function value in STATEV, so no distance to the branch surface is available",False,"stencil left the nominal 'elastic' branch (nodes reached 'inelastic'), so the difference spans a non-smooth branch boundary"
1,elastic,3,3,1|1|2,mixed,2.0,8e-05,-2190864.6548918486,-9.128602728716037e-06,False,0.0,expected_zero_independently_supported,elastic,elastic|inelastic,False,,"UMAT_PCLK does not store a signed yield-function value in STATEV, so no distance to the branch surface is available",False,"stencil left the nominal 'elastic' branch (nodes reached 'inelastic'), so the difference spans a non-smooth branch boundary"
1,elastic,3,3,1|1|2,mixed,1.0,4e-05,0.12374544143676758,5.156060059865315e-13,False,0.0,expected_zero_independently_supported,elastic,elastic,True,,"UMAT_PCLK does not store a signed yield-function value in STATEV, so no distance to the branch surface is available",True,
1,elastic,3,3,1|1|2,mixed,0.5,2e-05,-0.13235855102539062,-5.514939626057944e-13,False,0.0,expected_zero_independently_supported,elastic,elastic,True,,"UMAT_PCLK does not store a signed yield-function value in STATEV, so no distance to the branch surface is available",True,
1,elastic,3,3,1|1|2,mixed,0.25,1e-05,12.124114990234375,5.051714579264323e-11,False,0.0,expected_zero_independently_supported,elastic,elastic,True,,"UMAT_PCLK does not store a signed yield-function value in STATEV, so no distance to the branch surface is available",True,
1,elastic,3,3,1|1|2,mixed,0.125,5e-06,8.73291015625,3.638712565104167e-11,False,0.0,expected_zero_independently_supported,elastic,elastic,True,,"UMAT_PCLK does not store a signed yield-function value in STATEV, so no distance to the branch surface is available",True,
1,elastic,3,3,1|1|2,mixed,0.0625,2.5e-06,-259.328125,-1.0805338541666667e-09,False,0.0,expected_zero_independently_supported,elastic,elastic,True,,"UMAT_PCLK does not store a signed yield-function value in STATEV, so no distance to the branch surface is available",True,
1,elastic,4,3,1|1|2,mixed,16.0,0.00064,0.0,0.0,True,0.0,expected_zero_independently_supported,elastic,elastic|inelastic,False,,"UMAT_PCLK does not store a signed yield-function value in STATEV, so no distance to the branch surface is available",False,"stencil left the nominal 'elastic' branch (nodes reached 'inelastic'), so the difference spans a non-smooth branch boundary"
1,elastic,4,3,1|1|2,mixed,8.0,0.00032,0.0,0.0,True,0.0,expected_zero_independently_supported,elastic,elastic|inelastic,False,,"UMAT_PCLK does not store a signed yield-function value in STATEV, so no distance to the branch surface is available",False,"stencil left the nominal 'elastic' branch (nodes reached 'inelastic'), so the difference spans a non-smooth branch boundary"
1,elastic,4,3,1|1|2,mixed,4.0,0.00016,0.0,0.0,True,0.0,expected_zero_independently_supported,elastic,elastic|inelastic,False,,"UMAT_PCLK does not store a signed yield-function value in STATEV, so no distance to the branch surface is available",False,"stencil left the nominal 'elastic' branch (nodes reached 'inelastic'), so the difference spans a non-smooth branch boundary"
1,elastic,4,3,1|1|2,mixed,2.0,8e-05,0.0,0.0,True,0.0,expected_zero_independently_supported,elastic,elastic|inelastic,False,,"UMAT_PCLK does not store a signed yield-function value in STATEV, so no distance to the branch surface is available",False,"stencil left the nominal 'elastic' branch (nodes reached 'inelastic'), so the difference spans a non-smooth branch boundary"
1,elastic,4,3,1|1|2,mixed,1.0,4e-05,0.0,0.0,True,0.0,expected_zero_independently_supported,elastic,elastic,True,,"UMAT_PCLK does not store a signed yield-function value in STATEV, so no distance to the branch surface is available",True,
1,elastic,4,3,1|1|2,mixed,0.5,2e-05,0.0,0.0,True,0.0,expected_zero_independently_supported,elastic,elastic,True,,"UMAT_PCLK does not store a signed yield-function value in STATEV, so no distance to the branch surface is available",True,
1,elastic,4,3,1|1|2,mixed,0.25,1e-05,0.0,0.0,True,0.0,expected_zero_independently_supported,elastic,elastic,True,,"UMAT_PCLK does not store a signed yield-function value in STATEV, so no distance to the branch surface is available",True,
1,elastic,4,3,1|1|2,mixed,0.125,5e-06,0.0,0.0,True,0.0,expected_zero_independently_supported,elastic,elastic,True,,"UMAT_PCLK does not store a signed yield-function value in STATEV, so no distance to the branch surface is available",True,
1,elastic,4,3,1|1|2,mixed,0.0625,2.5e-06,0.0,0.0,True,0.0,expected_zero_independently_supported,elastic,elastic,True,,"UMAT_PCLK does not store a signed yield-function value in STATEV, so no distance to the branch surface is available",True,
1,elastic,1,4,1|1|2|2,mixed,16.0,0.00064,-516146161892497.3,-2.150609007885406,False,0.0,expected_zero_independently_supported,elastic,elastic|inelastic,False,,"UMAT_PCLK does not store a signed yield-function value in STATEV, so no distance to the branch surface is available",False,"stencil left the nominal 'elastic' branch (nodes reached 'inelastic'), so the difference spans a non-smooth branch boundary"
1,elastic,1,4,1|1|2|2,mixed,8.0,0.00032,721703936072969.2,3.0070997336373724,False,0.0,expected_zero_independently_supported,elastic,elastic|inelastic,False,,"UMAT_PCLK does not store a signed yield-function value in STATEV, so no distance to the branch surface is available",False,"stencil left the nominal 'elastic' branch (nodes reached 'inelastic'), so the difference spans a non-smooth branch boundary"
1,elastic,1,4,1|1|2|2,mixed,4.0,0.00016,-95431501914093.44,-0.3976312579753894,False,0.0,expected_zero_independently_supported,elastic,elastic|inelastic,False,,"UMAT_PCLK does not store a signed yield-function value in STATEV, so no distance to the branch surface is available",False,"stencil left the nominal 'elastic' branch (nodes reached 'inelastic'), so the difference spans a non-smooth branch boundary"
1,elastic,1,4,1|1|2|2,mixed,2.0,8e-05,-88867298690.67236,-0.0003702804112111349,False,0.0,expected_zero_independently_supported,elastic,elastic|inelastic,False,,"UMAT_PCLK does not store a signed yield-function value in STATEV, so no distance to the branch surface is available",False,"stencil left the nominal 'elastic' branch (nodes reached 'inelastic'), so the difference spans a non-smooth branch boundary"
1,elastic,1,4,1|1|2|2,mixed,1.0,4e-05,-2919.359375,-1.2163997395833335e-11,False,0.0,expected_zero_independently_supported,elastic,elastic,True,,"UMAT_PCLK does not store a signed yield-function value in STATEV, so no distance to the branch surface is available",True,
1,elastic,1,4,1|1|2|2,mixed,0.5,2e-05,216049.5,9.002062500000002e-10,False,0.0,expected_zero_independently_supported,elastic,elastic,True,,"UMAT_PCLK does not store a signed yield-function value in STATEV, so no distance to the branch surface is available",True,
1,elastic,1,4,1|1|2|2,mixed,0.25,1e-05,-9652472.0,-4.0218633333333335e-08,False,0.0,expected_zero_independently_supported,elastic,elastic,True,,"UMAT_PCLK does not store a signed yield-function value in STATEV, so no distance to the branch surface is available",True,
1,elastic,1,4,1|1|2|2,mixed,0.125,5e-06,-187708800.0,-7.821200000000001e-07,False,0.0,expected_zero_independently_supported,elastic,elastic,True,,"UMAT_PCLK does not store a signed yield-function value in STATEV, so no distance to the branch surface is available",True,
1,elastic,1,4,1|1|2|2,mixed,0.0625,2.5e-06,6653945856.0,2.7724774400000005e-05,False,0.0,expected_zero_independently_supported,elastic,elastic,True,,"UMAT_PCLK does not store a signed yield-function value in STATEV, so no distance to the branch surface is available",True,
1,elastic,2,4,1|1|2|2,mixed,16.0,0.00064,516261838471248.56,2.151090993630203,False,0.0,expected_zero_independently_supported,elastic,elastic|inelastic,False,,"UMAT_PCLK does not store a signed yield-function value in STATEV, so no distance to the branch surface is available",False,"stencil left the nominal 'elastic' branch (nodes reached 'inelastic'), so the difference spans a non-smooth branch boundary"
1,elastic,2,4,1|1|2|2,mixed,8.0,0.00032,-731517218720134.2,-3.047988411333893,False,0.0,expected_zero_independently_supported,elastic,elastic|inelastic,False,,"UMAT_PCLK does not store a signed yield-function value in STATEV, so no distance to the branch surface is available",False,"stencil left the nominal 'elastic' branch (nodes reached 'inelastic'), so the difference spans a non-smooth branch boundary"
1,elastic,2,4,1|1|2|2,mixed,4.0,0.00016,41134199728041.22,0.17139249886683844,False,0.0,expected_zero_independently_supported,elastic,elastic|inelastic,False,,"UMAT_PCLK does not store a signed yield-function value in STATEV, so no distance to the branch surface is available",False,"stencil left the nominal 'elastic' branch (nodes reached 'inelastic'), so the difference spans a non-smooth branch boundary"
1,elastic,2,4,1|1|2|2,mixed,2.0,8e-05,75174387030.59619,0.00031322661262748417,False,0.0,expected_zero_independently_supported,elastic,elastic|inelastic,False,,"UMAT_PCLK does not store a signed yield-function value in STATEV, so no distance to the branch surface is available",False,"stencil left the nominal 'elastic' branch (nodes reached 'inelastic'), so the difference spans a non-smooth branch boundary"
1,elastic,2,4,1|1|2|2,mixed,1.0,4e-05,270.47265625,1.126969401041667e-12,False,0.0,expected_zero_independently_supported,elastic,elastic,True,,"UMAT_PCLK does not store a signed yield-function value in STATEV, so no distance to the branch surface is available",True,
1,elastic,2,4,1|1|2|2,mixed,0.5,2e-05,-631.78125,-2.6324218750000005e-12,False,0.0,expected_zero_independently_supported,elastic,elastic,True,,"UMAT_PCLK does not store a signed yield-function value in STATEV, so no distance to the branch surface is available",True,
1,elastic,2,4,1|1|2|2,mixed,0.25,1e-05,157291.75,6.553822916666668e-10,False,0.0,expected_zero_independently_supported,elastic,elastic,True,,"UMAT_PCLK does not store a signed yield-function value in STATEV, so no distance to the branch surface is available",True,
1,elastic,2,4,1|1|2|2,mixed,0.125,5e-06,-1656434.0,-6.901808333333334e-09,False,0.0,expected_zero_independently_supported,elastic,elastic,True,,"UMAT_PCLK does not store a signed yield-function value in STATEV, so no distance to the branch surface is available",True,
1,elastic,2,4,1|1|2|2,mixed,0.0625,2.5e-06,-1126128.0,-4.692200000000001e-09,False,0.0,expected_zero_independently_supported,elastic,elastic,True,,"UMAT_PCLK does not store a signed yield-function value in STATEV, so no distance to the branch surface is available",True,
1,elastic,3,4,1|1|2|2,mixed,16.0,0.00064,-115676578754.29158,-0.00048198574480954833,False,0.0,expected_zero_independently_supported,elastic,elastic|inelastic,False,,"UMAT_PCLK does not store a signed yield-function value in STATEV, so no distance to the branch surface is available",False,"stencil left the nominal 'elastic' branch (nodes reached 'inelastic'), so the difference spans a non-smooth branch boundary"
1,elastic,3,4,1|1|2|2,mixed,8.0,0.00032,9813282647159.229,0.040888677696496796,False,0.0,expected_zero_independently_supported,elastic,elastic|inelastic,False,,"UMAT_PCLK does not store a signed yield-function value in STATEV, so no distance to the branch surface is available",False,"stencil left the nominal 'elastic' branch (nodes reached 'inelastic'), so the difference spans a non-smooth branch boundary"
1,elastic,3,4,1|1|2|2,mixed,4.0,0.00016,54297302185891.95,0.22623875910788319,False,0.0,expected_zero_independently_supported,elastic,elastic|inelastic,False,,"UMAT_PCLK does not store a signed yield-function value in STATEV, so no distance to the branch surface is available",False,"stencil left the nominal 'elastic' branch (nodes reached 'inelastic'), so the difference spans a non-smooth branch boundary"
1,elastic,3,4,1|1|2|2,mixed,2.0,8e-05,13692902923.491455,5.70537621812144e-05,False,0.0,expected_zero_independently_supported,elastic,elastic|inelastic,False,,"UMAT_PCLK does not store a signed yield-function value in STATEV, so no distance to the branch surface is available",False,"stencil left the nominal 'elastic' branch (nodes reached 'inelastic'), so the difference spans a non-smooth branch boundary"
1,elastic,3,4,1|1|2|2,mixed,1.0,4e-05,-5538.0859375,-2.307535807291667e-11,False,0.0,expected_zero_independently_supported,elastic,elastic,True,,"UMAT_PCLK does not store a signed yield-function value in STATEV, so no distance to the branch surface is available",True,
1,elastic,3,4,1|1|2|2,mixed,0.5,2e-05,-116507.25,-4.854468750000001e-10,False,0.0,expected_zero_independently_supported,elastic,elastic,True,,"UMAT_PCLK does not store a signed yield-function value in STATEV, so no distance to the branch surface is available",True,
1,elastic,3,4,1|1|2|2,mixed,0.25,1e-05,-8132754.0,-3.3886475000000006e-08,False,0.0,expected_zero_independently_supported,elastic,elastic,True,,"UMAT_PCLK does not store a signed yield-function value in STATEV, so no distance to the branch surface is available",True,
1,elastic,3,4,1|1|2|2,mixed,0.125,5e-06,-27942272.0,-1.1642613333333336e-07,False,0.0,expected_zero_independently_supported,elastic,elastic,True,,"UMAT_PCLK does not store a signed yield-function value in STATEV, so no distance to the branch surface is available",True,
1,elastic,3,4,1|1|2|2,mixed,0.0625,2.5e-06,-315119104.0,-1.312996266666667e-06,False,0.0,expected_zero_independently_supported,elastic,elastic,True,,"UMAT_PCLK does not store a signed yield-function value in STATEV, so no distance to the branch surface is available",True,
1,elastic,4,4,1|1|2|2,mixed,16.0,0.00064,0.0,0.0,True,0.0,expected_zero_independently_supported,elastic,elastic|inelastic,False,,"UMAT_PCLK does not store a signed yield-function value in STATEV, so no distance to the branch surface is available",False,"stencil left the nominal 'elastic' branch (nodes reached 'inelastic'), so the difference spans a non-smooth branch boundary"
1,elastic,4,4,1|1|2|2,mixed,8.0,0.00032,0.0,0.0,True,0.0,expected_zero_independently_supported,elastic,elastic|inelastic,False,,"UMAT_PCLK does not store a signed yield-function value in STATEV, so no distance to the branch surface is available",False,"stencil left the nominal 'elastic' branch (nodes reached 'inelastic'), so the difference spans a non-smooth branch boundary"
1,elastic,4,4,1|1|2|2,mixed,4.0,0.00016,0.0,0.0,True,0.0,expected_zero_independently_supported,elastic,elastic|inelastic,False,,"UMAT_PCLK does not store a signed yield-function value in STATEV, so no distance to the branch surface is available",False,"stencil left the nominal 'elastic' branch (nodes reached 'inelastic'), so the difference spans a non-smooth branch boundary"
1,elastic,4,4,1|1|2|2,mixed,2.0,8e-05,0.0,0.0,True,0.0,expected_zero_independently_supported,elastic,elastic|inelastic,False,,"UMAT_PCLK does not store a signed yield-function value in STATEV, so no distance to the branch surface is available",False,"stencil left the nominal 'elastic' branch (nodes reached 'inelastic'), so the difference spans a non-smooth branch boundary"
1,elastic,4,4,1|1|2|2,mixed,1.0,4e-05,0.0,0.0,True,0.0,expected_zero_independently_supported,elastic,elastic,True,,"UMAT_PCLK does not store a signed yield-function value in STATEV, so no distance to the branch surface is available",True,
1,elastic,4,4,1|1|2|2,mixed,0.5,2e-05,0.0,0.0,True,0.0,expected_zero_independently_supported,elastic,elastic,True,,"UMAT_PCLK does not store a signed yield-function value in STATEV, so no distance to the branch surface is available",True,
1,elastic,4,4,1|1|2|2,mixed,0.25,1e-05,0.0,0.0,True,0.0,expected_zero_independently_supported,elastic,elastic,True,,"UMAT_PCLK does not store a signed yield-function value in STATEV, so no distance to the branch surface is available",True,
1,elastic,4,4,1|1|2|2,mixed,0.125,5e-06,0.0,0.0,True,0.0,expected_zero_independently_supported,elastic,elastic,True,,"UMAT_PCLK does not store a signed yield-function value in STATEV, so no distance to the branch surface is available",True,
1,elastic,4,4,1|1|2|2,mixed,0.0625,2.5e-06,0.0,0.0,True,0.0,expected_zero_independently_supported,elastic,elastic,True,,"UMAT_PCLK does not store a signed yield-function value in STATEV, so no distance to the branch surface is available",True,
1,elastic,1,2,1|2,mixed,16.0,0.00064,41364475.02272335,0.1723519792613473,False,0.0,expected_zero_independently_supported,elastic,elastic|inelastic,False,,"UMAT_PCLK does not store a signed yield-function value in STATEV, so no distance to the branch surface is available",False,"stencil left the nominal 'elastic' branch (nodes reached 'inelastic'), so the difference spans a non-smooth branch boundary"
1,elastic,1,2,1|2,mixed,8.0,0.00032,-46033440.558996074,-0.1918060023291503,False,0.0,expected_zero_independently_supported,elastic,elastic|inelastic,False,,"UMAT_PCLK does not store a signed yield-function value in STATEV, so no distance to the branch surface is available",False,"stencil left the nominal 'elastic' branch (nodes reached 'inelastic'), so the difference spans a non-smooth branch boundary"
1,elastic,1,2,1|2,mixed,4.0,0.00016,-2584644.1910807714,-0.01076935079616988,False,0.0,expected_zero_independently_supported,elastic,elastic|inelastic,False,,"UMAT_PCLK does not store a signed yield-function value in STATEV, so no distance to the branch surface is available",False,"stencil left the nominal 'elastic' branch (nodes reached 'inelastic'), so the difference spans a non-smooth branch boundary"
1,elastic,1,2,1|2,mixed,2.0,8e-05,2275.002665915905,9.479177774649604e-06,False,0.0,expected_zero_independently_supported,elastic,elastic|inelastic,False,,"UMAT_PCLK does not store a signed yield-function value in STATEV, so no distance to the branch surface is available",False,"stencil left the nominal 'elastic' branch (nodes reached 'inelastic'), so the difference spans a non-smooth branch boundary"
1,elastic,1,2,1|2,mixed,1.0,4e-05,-1.6121193766593933e-05,-6.717164069414138e-14,False,0.0,expected_zero_independently_supported,elastic,elastic,True,,"UMAT_PCLK does not store a signed yield-function value in STATEV, so no distance to the branch surface is available",True,
1,elastic,1,2,1|2,mixed,0.5,2e-05,5.804933607578278e-06,2.418722336490949e-14,False,0.0,expected_zero_independently_supported,elastic,elastic,True,,"UMAT_PCLK does not store a signed yield-function value in STATEV, so no distance to the branch surface is available",True,
1,elastic,1,2,1|2,mixed,0.25,1e-05,-9.155645966529846e-05,-3.8148524860541025e-13,False,0.0,expected_zero_independently_supported,elastic,elastic,True,,"UMAT_PCLK does not store a signed yield-function value in STATEV, so no distance to the branch surface is available",True,
1,elastic,1,2,1|2,mixed,0.125,5e-06,-0.0011330991983413696,-4.721246659755707e-12,False,0.0,expected_zero_independently_supported,elastic,elastic,True,,"UMAT_PCLK does not store a signed yield-function value in STATEV, so no distance to the branch surface is available",True,
1,elastic,1,2,1|2,mixed,0.0625,2.5e-06,0.0032086968421936035,1.3369570175806682e-11,False,0.0,expected_zero_independently_supported,elastic,elastic,True,,"UMAT_PCLK does not store a signed yield-function value in STATEV, so no distance to the branch surface is available",True,
1,elastic,2,2,1|2,mixed,16.0,0.00064,-32938046.05342284,-0.1372418585559285,False,0.0,expected_zero_independently_supported,elastic,elastic|inelastic,False,,"UMAT_PCLK does not store a signed yield-function value in STATEV, so no distance to the branch surface is available",False,"stencil left the nominal 'elastic' branch (nodes reached 'inelastic'), so the difference spans a non-smooth branch boundary"
1,elastic,2,2,1|2,mixed,8.0,0.00032,37886014.376823515,0.15785839323676462,False,0.0,expected_zero_independently_supported,elastic,elastic|inelastic,False,,"UMAT_PCLK does not store a signed yield-function value in STATEV, so no distance to the branch surface is available",False,"stencil left the nominal 'elastic' branch (nodes reached 'inelastic'), so the difference spans a non-smooth branch boundary"
1,elastic,2,2,1|2,mixed,4.0,0.00016,2683709.012877687,0.011182120886990362,False,0.0,expected_zero_independently_supported,elastic,elastic|inelastic,False,,"UMAT_PCLK does not store a signed yield-function value in STATEV, so no distance to the branch surface is available",False,"stencil left the nominal 'elastic' branch (nodes reached 'inelastic'), so the difference spans a non-smooth branch boundary"
1,elastic,2,2,1|2,mixed,2.0,8e-05,-1924.4643099782843,-8.018601291576183e-06,False,0.0,expected_zero_independently_supported,elastic,elastic|inelastic,False,,"UMAT_PCLK does not store a signed yield-function value in STATEV, so no distance to the branch surface is available",False,"stencil left the nominal 'elastic' branch (nodes reached 'inelastic'), so the difference spans a non-smooth branch boundary"
1,elastic,2,2,1|2,mixed,1.0,4e-05,6.979098543524742e-08,2.9079577264686424e-16,False,0.0,expected_zero_independently_supported,elastic,elastic,True,,"UMAT_PCLK does not store a signed yield-function value in STATEV, so no distance to the branch surface is available",True,
1,elastic,2,2,1|2,mixed,0.5,2e-05,9.867362678050995e-07,4.1114011158545804e-15,False,0.0,expected_zero_independently_supported,elastic,elastic,True,,"UMAT_PCLK does not store a signed yield-function value in STATEV, so no distance to the branch surface is available",True,
1,elastic,2,2,1|2,mixed,0.25,1e-05,-3.5320408642292023e-07,-1.4716836934288342e-15,False,0.0,expected_zero_independently_supported,elastic,elastic,True,,"UMAT_PCLK does not store a signed yield-function value in STATEV, so no distance to the branch surface is available",True,
1,elastic,2,2,1|2,mixed,0.125,5e-06,-5.380716174840927e-07,-2.241965072850386e-15,False,0.0,expected_zero_independently_supported,elastic,elastic,True,,"UMAT_PCLK does not store a signed yield-function value in STATEV, so no distance to the branch surface is available",True,
1,elastic,2,2,1|2,mixed,0.0625,2.5e-06,-5.808193236589432e-06,-2.4200805152455966e-14,False,0.0,expected_zero_independently_supported,elastic,elastic,True,,"UMAT_PCLK does not store a signed yield-function value in STATEV, so no distance to the branch surface is available",True,
1,elastic,3,2,1|2,mixed,16.0,0.00064,-8426428.969300343,-0.035110120705418094,False,0.0,expected_zero_independently_supported,elastic,elastic|inelastic,False,,"UMAT_PCLK does not store a signed yield-function value in STATEV, so no distance to the branch surface is available",False,"stencil left the nominal 'elastic' branch (nodes reached 'inelastic'), so the difference spans a non-smooth branch boundary"
1,elastic,3,2,1|2,mixed,8.0,0.00032,8147426.182172611,0.03394760909238588,False,0.0,expected_zero_independently_supported,elastic,elastic|inelastic,False,,"UMAT_PCLK does not store a signed yield-function value in STATEV, so no distance to the branch surface is available",False,"stencil left the nominal 'elastic' branch (nodes reached 'inelastic'), so the difference spans a non-smooth branch boundary"
1,elastic,3,2,1|2,mixed,4.0,0.00016,-99064.82179624811,-0.00041277009081770044,False,0.0,expected_zero_independently_supported,elastic,elastic|inelastic,False,,"UMAT_PCLK does not store a signed yield-function value in STATEV, so no distance to the branch surface is available",False,"stencil left the nominal 'elastic' branch (nodes reached 'inelastic'), so the difference spans a non-smooth branch boundary"
1,elastic,3,2,1|2,mixed,2.0,8e-05,-350.53835336775956,-1.4605764723656648e-06,False,0.0,expected_zero_independently_supported,elastic,elastic|inelastic,False,,"UMAT_PCLK does not store a signed yield-function value in STATEV, so no distance to the branch surface is available",False,"stencil left the nominal 'elastic' branch (nodes reached 'inelastic'), so the difference spans a non-smooth branch boundary"
1,elastic,3,2,1|2,mixed,1.0,4e-05,-1.3278186088427901e-06,-5.532577536844959e-15,False,0.0,expected_zero_independently_supported,elastic,elastic,True,,"UMAT_PCLK does not store a signed yield-function value in STATEV, so no distance to the branch surface is available",True,
1,elastic,3,2,1|2,mixed,0.5,2e-05,-7.778056897222996e-06,-3.240857040509582e-14,False,0.0,expected_zero_independently_supported,elastic,elastic,True,,"UMAT_PCLK does not store a signed yield-function value in STATEV, so no distance to the branch surface is available",True,
1,elastic,3,2,1|2,mixed,0.25,1e-05,-1.4295801520347595e-06,-5.956583966811498e-15,False,0.0,expected_zero_independently_supported,elastic,elastic,True,,"UMAT_PCLK does not store a signed yield-function value in STATEV, so no distance to the branch surface is available",True,
1,elastic,3,2,1|2,mixed,0.125,5e-06,-4.317611455917358e-06,-1.799004773298899e-14,False,0.0,expected_zero_independently_supported,elastic,elastic,True,,"UMAT_PCLK does not store a signed yield-function value in STATEV, so no distance to the branch surface is available",True,
1,elastic,3,2,1|2,mixed,0.0625,2.5e-06,-0.0002515166997909546,-1.0479862491289773e-12,False,0.0,expected_zero_independently_supported,elastic,elastic,True,,"UMAT_PCLK does not store a signed yield-function value in STATEV, so no distance to the branch surface is available",True,
1,elastic,4,2,1|2,mixed,16.0,0.00064,0.0,0.0,True,0.0,expected_zero_independently_supported,elastic,elastic|inelastic,False,,"UMAT_PCLK does not store a signed yield-function value in STATEV, so no distance to the branch surface is available",False,"stencil left the nominal 'elastic' branch (nodes reached 'inelastic'), so the difference spans a non-smooth branch boundary"
1,elastic,4,2,1|2,mixed,8.0,0.00032,0.0,0.0,True,0.0,expected_zero_independently_supported,elastic,elastic|inelastic,False,,"UMAT_PCLK does not store a signed yield-function value in STATEV, so no distance to the branch surface is available",False,"stencil left the nominal 'elastic' branch (nodes reached 'inelastic'), so the difference spans a non-smooth branch boundary"
1,elastic,4,2,1|2,mixed,4.0,0.00016,0.0,0.0,True,0.0,expected_zero_independently_supported,elastic,elastic|inelastic,False,,"UMAT_PCLK does not store a signed yield-function value in STATEV, so no distance to the branch surface is available",False,"stencil left the nominal 'elastic' branch (nodes reached 'inelastic'), so the difference spans a non-smooth branch boundary"
1,elastic,4,2,1|2,mixed,2.0,8e-05,0.0,0.0,True,0.0,expected_zero_independently_supported,elastic,elastic|inelastic,False,,"UMAT_PCLK does not store a signed yield-function value in STATEV, so no distance to the branch surface is available",False,"stencil left the nominal 'elastic' branch (nodes reached 'inelastic'), so the difference spans a non-smooth branch boundary"
1,elastic,4,2,1|2,mixed,1.0,4e-05,0.0,0.0,True,0.0,expected_zero_independently_supported,elastic,elastic,True,,"UMAT_PCLK does not store a signed yield-function value in STATEV, so no distance to the branch surface is available",True,
1,elastic,4,2,1|2,mixed,0.5,2e-05,0.0,0.0,True,0.0,expected_zero_independently_supported,elastic,elastic,True,,"UMAT_PCLK does not store a signed yield-function value in STATEV, so no distance to the branch surface is available",True,
1,elastic,4,2,1|2,mixed,0.25,1e-05,0.0,0.0,True,0.0,expected_zero_independently_supported,elastic,elastic,True,,"UMAT_PCLK does not store a signed yield-function value in STATEV, so no distance to the branch surface is available",True,
1,elastic,4,2,1|2,mixed,0.125,5e-06,0.0,0.0,True,0.0,expected_zero_independently_supported,elastic,elastic,True,,"UMAT_PCLK does not store a signed yield-function value in STATEV, so no distance to the branch surface is available",True,
1,elastic,4,2,1|2,mixed,0.0625,2.5e-06,0.0,0.0,True,0.0,expected_zero_independently_supported,elastic,elastic,True,,"UMAT_PCLK does not store a signed yield-function value in STATEV, so no distance to the branch surface is available",True,
2,inelastic,1,2,1|1,repeated,16.0,0.00064,-11024666.881533735,-0.04593611200639056,False,-12632571.032442875,resolved,inelastic,elastic|inelastic,False,,"UMAT_PCLK does not store a signed yield-function value in STATEV, so no distance to the branch surface is available",False,"stencil left the nominal 'inelastic' branch (nodes reached 'elastic'), so the difference spans a non-smooth branch boundary"
2,inelastic,1,2,1|1,repeated,8.0,0.00032,-10218825.773415152,-0.04257844072256313,False,-12632571.032442875,resolved,inelastic,elastic|inelastic,False,,"UMAT_PCLK does not store a signed yield-function value in STATEV, so no distance to the branch surface is available",False,"stencil left the nominal 'inelastic' branch (nodes reached 'elastic'), so the difference spans a non-smooth branch boundary"
2,inelastic,1,2,1|1,repeated,4.0,0.00016,-12336363.356218122,-0.05140151398424218,False,-12632571.032442875,resolved,inelastic,elastic|inelastic,False,,"UMAT_PCLK does not store a signed yield-function value in STATEV, so no distance to the branch surface is available",False,"stencil left the nominal 'inelastic' branch (nodes reached 'elastic'), so the difference spans a non-smooth branch boundary"
2,inelastic,1,2,1|1,repeated,2.0,8e-05,-12632571.027756885,-0.05263571261565368,False,-12632571.032442875,resolved,inelastic,inelastic,True,,"UMAT_PCLK does not store a signed yield-function value in STATEV, so no distance to the branch surface is available",True,
2,inelastic,1,2,1|1,repeated,1.0,4e-05,-12632571.032419562,-0.05263571263508151,False,-12632571.032442875,resolved,inelastic,inelastic,True,,"UMAT_PCLK does not store a signed yield-function value in STATEV, so no distance to the branch surface is available",True,
2,inelastic,1,2,1|1,repeated,0.5,2e-05,-12632571.032044888,-0.05263571263352036,False,-12632571.032442875,resolved,inelastic,inelastic,True,,"UMAT_PCLK does not store a signed yield-function value in STATEV, so no distance to the branch surface is available",True,
2,inelastic,1,2,1|1,repeated,0.25,1e-05,-12632571.030735016,-0.05263571262806256,False,-12632571.032442875,resolved,inelastic,inelastic,True,,"UMAT_PCLK does not store a signed yield-function value in STATEV, so no distance to the branch surface is available",True,
2,inelastic,1,2,1|1,repeated,0.125,5e-06,-12632571.028259277,-0.05263571261774699,False,-12632571.032442875,resolved,inelastic,inelastic,True,,"UMAT_PCLK does not store a signed yield-function value in STATEV, so no distance to the branch surface is available",True,
2,inelastic,1,2,1|1,repeated,0.0625,2.5e-06,-12632571.038619995,-0.05263571266091664,False,-12632571.032442875,resolved,inelastic,inelastic,True,,"UMAT_PCLK does not store a signed yield-function value in STATEV, so no distance to the branch surface is available",True,
2,inelastic,2,2,1|1,repeated,16.0,0.00064,-17714104.872133903,-0.07380877030055792,False,-12022165.687480252,resolved,inelastic,elastic|inelastic,False,,"UMAT_PCLK does not store a signed yield-function value in STATEV, so no distance to the branch surface is available",False,"stencil left the nominal 'inelastic' branch (nodes reached 'elastic'), so the difference spans a non-smooth branch boundary"
2,inelastic,2,2,1|1,repeated,8.0,0.00032,-13647948.73401073,-0.056866453058378036,False,-12022165.687480252,resolved,inelastic,elastic|inelastic,False,,"UMAT_PCLK does not store a signed yield-function value in STATEV, so no distance to the branch surface is available",False,"stencil left the nominal 'inelastic' branch (nodes reached 'elastic'), so the difference spans a non-smooth branch boundary"
2,inelastic,2,2,1|1,repeated,4.0,0.00016,-12311111.957196578,-0.05129629982165241,False,-12022165.687480252,resolved,inelastic,elastic|inelastic,False,,"UMAT_PCLK does not store a signed yield-function value in STATEV, so no distance to the branch surface is available",False,"stencil left the nominal 'inelastic' branch (nodes reached 'elastic'), so the difference spans a non-smooth branch boundary"
2,inelastic,2,2,1|1,repeated,2.0,8e-05,-12022165.722068403,-0.05009235717528501,False,-12022165.687480252,resolved,inelastic,inelastic,True,,"UMAT_PCLK does not store a signed yield-function value in STATEV, so no distance to the branch surface is available",True,
2,inelastic,2,2,1|1,repeated,1.0,4e-05,-12022165.687621895,-0.05009235703175789,False,-12022165.687480252,resolved,inelastic,inelastic,True,,"UMAT_PCLK does not store a signed yield-function value in STATEV, so no distance to the branch surface is available",True,
2,inelastic,2,2,1|1,repeated,0.5,2e-05,-12022165.687590718,-0.05009235703162799,False,-12022165.687480252,resolved,inelastic,inelastic,True,,"UMAT_PCLK does not store a signed yield-function value in STATEV, so no distance to the branch surface is available",True,
2,inelastic,2,2,1|1,repeated,0.25,1e-05,-12022165.6875097,-0.05009235703129042,False,-12022165.687480252,resolved,inelastic,inelastic,True,,"UMAT_PCLK does not store a signed yield-function value in STATEV, so no distance to the branch surface is available",True,
2,inelastic,2,2,1|1,repeated,0.125,5e-06,-12022165.68386525,-0.0500923570161052,False,-12022165.687480252,resolved,inelastic,inelastic,True,,"UMAT_PCLK does not store a signed yield-function value in STATEV, so no distance to the branch surface is available",True,
2,inelastic,2,2,1|1,repeated,0.0625,2.5e-06,-12022165.681642383,-0.05009235700684326,False,-12022165.687480252,resolved,inelastic,inelastic,True,,"UMAT_PCLK does not store a signed yield-function value in STATEV, so no distance to the branch surface is available",True,
2,inelastic,3,2,1|1,repeated,16.0,0.00064,28738771.753668163,0.11974488230695067,False,24654736.719923124,resolved,inelastic,elastic|inelastic,False,,"UMAT_PCLK does not store a signed yield-function value in STATEV, so no distance to the branch surface is available",False,"stencil left the nominal 'inelastic' branch (nodes reached 'elastic'), so the difference spans a non-smooth branch boundary"
2,inelastic,3,2,1|1,repeated,8.0,0.00032,23866774.507426865,0.09944489378094527,False,24654736.719923124,resolved,inelastic,elastic|inelastic,False,,"UMAT_PCLK does not store a signed yield-function value in STATEV, so no distance to the branch surface is available",False,"stencil left the nominal 'inelastic' branch (nodes reached 'elastic'), so the difference spans a non-smooth branch boundary"
2,inelastic,3,2,1|1,repeated,4.0,0.00016,24647475.313413937,0.1026978138058914,False,24654736.719923124,resolved,inelastic,elastic|inelastic,False,,"UMAT_PCLK does not store a signed yield-function value in STATEV, so no distance to the branch surface is available",False,"stencil left the nominal 'inelastic' branch (nodes reached 'elastic'), so the difference spans a non-smooth branch boundary"
2,inelastic,3,2,1|1,repeated,2.0,8e-05,24654736.749837246,0.10272806979098852,False,24654736.719923124,resolved,inelastic,inelastic,True,,"UMAT_PCLK does not store a signed yield-function value in STATEV, so no distance to the branch surface is available",True,
2,inelastic,3,2,1|1,repeated,1.0,4e-05,24654736.719962716,0.10272806966651132,False,24654736.719923124,resolved,inelastic,inelastic,True,,"UMAT_PCLK does not store a signed yield-function value in STATEV, so no distance to the branch surface is available",True,
2,inelastic,3,2,1|1,repeated,0.5,2e-05,24654736.71972531,0.10272806966552213,False,24654736.719923124,resolved,inelastic,inelastic,True,,"UMAT_PCLK does not store a signed yield-function value in STATEV, so no distance to the branch surface is available",True,
2,inelastic,3,2,1|1,repeated,0.25,1e-05,24654736.718994856,0.10272806966247856,False,24654736.719923124,resolved,inelastic,inelastic,True,,"UMAT_PCLK does not store a signed yield-function value in STATEV, so no distance to the branch surface is available",True,
2,inelastic,3,2,1|1,repeated,0.125,5e-06,24654736.71814251,0.10272806965892713,False,24654736.719923124,resolved,inelastic,inelastic,True,,"UMAT_PCLK does not store a signed yield-function value in STATEV, so no distance to the branch surface is available",True,
2,inelastic,3,2,1|1,repeated,0.0625,2.5e-06,24654736.707740784,0.10272806961558659,False,24654736.719923124,resolved,inelastic,inelastic,True,,"UMAT_PCLK does not store a signed yield-function value in STATEV, so no distance to the branch surface is available",True,
2,inelastic,4,2,1|1,repeated,16.0,0.00064,2909888.411643997,0.012124535048516653,False,2297504.504403923,resolved,inelastic,elastic|inelastic,False,,"UMAT_PCLK does not store a signed yield-function value in STATEV, so no distance to the branch surface is available",False,"stencil left the nominal 'inelastic' branch (nodes reached 'elastic'), so the difference spans a non-smooth branch boundary"
2,inelastic,4,2,1|1,repeated,8.0,0.00032,2349987.0482865786,0.009791612701194077,False,2297504.504403923,resolved,inelastic,elastic|inelastic,False,,"UMAT_PCLK does not store a signed yield-function value in STATEV, so no distance to the branch surface is available",False,"stencil left the nominal 'inelastic' branch (nodes reached 'elastic'), so the difference spans a non-smooth branch boundary"
2,inelastic,4,2,1|1,repeated,4.0,0.00016,2315149.730679161,0.00964645721116317,False,2297504.504403923,resolved,inelastic,elastic|inelastic,False,,"UMAT_PCLK does not store a signed yield-function value in STATEV, so no distance to the branch surface is available",False,"stencil left the nominal 'inelastic' branch (nodes reached 'elastic'), so the difference spans a non-smooth branch boundary"
2,inelastic,4,2,1|1,repeated,2.0,8e-05,2297504.508445369,0.009572935451855703,False,2297504.504403923,resolved,inelastic,inelastic,True,,"UMAT_PCLK does not store a signed yield-function value in STATEV, so no distance to the branch surface is available",True,
2,inelastic,4,2,1|1,repeated,1.0,4e-05,2297504.5044177864,0.00957293543507411,False,2297504.504403923,resolved,inelastic,inelastic,True,,"UMAT_PCLK does not store a signed yield-function value in STATEV, so no distance to the branch surface is available",True,
2,inelastic,4,2,1|1,repeated,0.5,2e-05,2297504.504408788,0.009572935435036616,False,2297504.504403923,resolved,inelastic,inelastic,True,,"UMAT_PCLK does not store a signed yield-function value in STATEV, so no distance to the branch surface is available",True,
2,inelastic,4,2,1|1,repeated,0.25,1e-05,2297504.504415065,0.00957293543506277,False,2297504.504403923,resolved,inelastic,inelastic,True,,"UMAT_PCLK does not store a signed yield-function value in STATEV, so no distance to the branch surface is available",True,
2,inelastic,4,2,1|1,repeated,0.125,5e-06,2297504.504449427,0.009572935435205947,False,2297504.504403923,resolved,inelastic,inelastic,True,,"UMAT_PCLK does not store a signed yield-function value in STATEV, so no distance to the branch surface is available",True,
2,inelastic,4,2,1|1,repeated,0.0625,2.5e-06,2297504.5037059784,0.009572935432108243,False,2297504.504403923,resolved,inelastic,inelastic,True,,"UMAT_PCLK does not store a signed yield-function value in STATEV, so no distance to the branch surface is available",True,
2,inelastic,1,3,1|1|1,repeated,16.0,0.00064,172757552865.76047,0.7198231369406687,False,22587327245.69626,resolved,inelastic,elastic|inelastic,False,,"UMAT_PCLK does not store a signed yield-function value in STATEV, so no distance to the branch surface is available",False,"stencil left the nominal 'inelastic' branch (nodes reached 'elastic'), so the difference spans a non-smooth branch boundary"
2,inelastic,1,3,1|1|1,repeated,8.0,0.00032,-2507740667.930008,-0.010448919449708367,False,22587327245.69626,resolved,inelastic,elastic|inelastic,False,,"UMAT_PCLK does not store a signed yield-function value in STATEV, so no distance to the branch surface is available",False,"stencil left the nominal 'inelastic' branch (nodes reached 'elastic'), so the difference spans a non-smooth branch boundary"
2,inelastic,1,3,1|1|1,repeated,4.0,0.00016,52826674762.64844,0.2201111448443685,False,22587327245.69626,resolved,inelastic,elastic|inelastic,False,,"UMAT_PCLK does not store a signed yield-function value in STATEV, so no distance to the branch surface is available",False,"stencil left the nominal 'inelastic' branch (nodes reached 'elastic'), so the difference spans a non-smooth branch boundary"
2,inelastic,1,3,1|1|1,repeated,2.0,8e-05,22587353223.029297,0.09411397176262207,False,22587327245.69626,resolved,inelastic,inelastic,True,,"UMAT_PCLK does not store a signed yield-function value in STATEV, so no distance to the branch surface is available",True,
2,inelastic,1,3,1|1|1,repeated,1.0,4e-05,22587327660.390625,0.09411386525162761,False,22587327245.69626,resolved,inelastic,inelastic,True,,"UMAT_PCLK does not store a signed yield-function value in STATEV, so no distance to the branch surface is available",True,
2,inelastic,1,3,1|1|1,repeated,0.5,2e-05,22587327246.125,0.09411386352552083,False,22587327245.69626,resolved,inelastic,inelastic,True,,"UMAT_PCLK does not store a signed yield-function value in STATEV, so no distance to the branch surface is available",True,
2,inelastic,1,3,1|1|1,repeated,0.25,1e-05,22587327361.0,0.09411386400416667,False,22587327245.69626,resolved,inelastic,inelastic,True,,"UMAT_PCLK does not store a signed yield-function value in STATEV, so no distance to the branch surface is available",True,
2,inelastic,1,3,1|1|1,repeated,0.125,5e-06,22587326120.0,0.09411385883333333,False,22587327245.69626,resolved,inelastic,inelastic,True,,"UMAT_PCLK does not store a signed yield-function value in STATEV, so no distance to the branch surface is available",True,
2,inelastic,1,3,1|1|1,repeated,0.0625,2.5e-06,22587329536.0,0.09411387306666667,False,22587327245.69626,resolved,inelastic,inelastic,True,,"UMAT_PCLK does not store a signed yield-function value in STATEV, so no distance to the branch surface is available",True,
2,inelastic,2,3,1|1|1,repeated,16.0,0.00064,-154237189532.11063,-0.6426549563837943,False,10555490611.365192,resolved,inelastic,elastic|inelastic,False,,"UMAT_PCLK does not store a signed yield-function value in STATEV, so no distance to the branch surface is available",False,"stencil left the nominal 'inelastic' branch (nodes reached 'elastic'), so the difference spans a non-smooth branch boundary"
2,inelastic,2,3,1|1|1,repeated,8.0,0.00032,57149479070.05786,0.23812282945857444,False,10555490611.365192,resolved,inelastic,elastic|inelastic,False,,"UMAT_PCLK does not store a signed yield-function value in STATEV, so no distance to the branch surface is available",False,"stencil left the nominal 'inelastic' branch (nodes reached 'elastic'), so the difference spans a non-smooth branch boundary"
2,inelastic,2,3,1|1|1,repeated,4.0,0.00016,-18943796636.013794,-0.07893248598339081,False,10555490611.365192,resolved,inelastic,elastic|inelastic,False,,"UMAT_PCLK does not store a signed yield-function value in STATEV, so no distance to the branch surface is available",False,"stencil left the nominal 'inelastic' branch (nodes reached 'elastic'), so the difference spans a non-smooth branch boundary"
2,inelastic,2,3,1|1|1,repeated,2.0,8e-05,10555438651.753906,0.043980994382307945,False,10555490611.365192,resolved,inelastic,inelastic,True,,"UMAT_PCLK does not store a signed yield-function value in STATEV, so no distance to the branch surface is available",True,
2,inelastic,2,3,1|1|1,repeated,1.0,4e-05,10555489821.146484,0.04398120758811035,False,10555490611.365192,resolved,inelastic,inelastic,True,,"UMAT_PCLK does not store a signed yield-function value in STATEV, so no distance to the branch surface is available",True,
2,inelastic,2,3,1|1|1,repeated,0.5,2e-05,10555490568.320312,0.043981210701334636,False,10555490611.365192,resolved,inelastic,inelastic,True,,"UMAT_PCLK does not store a signed yield-function value in STATEV, so no distance to the branch surface is available",True,
2,inelastic,2,3,1|1|1,repeated,0.25,1e-05,10555490670.125,0.04398121112552084,False,10555490611.365192,resolved,inelastic,inelastic,True,,"UMAT_PCLK does not store a signed yield-function value in STATEV, so no distance to the branch surface is available",True,
2,inelastic,2,3,1|1|1,repeated,0.125,5e-06,10555491784.25,0.04398121576770833,False,10555490611.365192,resolved,inelastic,inelastic,True,,"UMAT_PCLK does not store a signed yield-function value in STATEV, so no distance to the branch surface is available",True,
2,inelastic,2,3,1|1|1,repeated,0.0625,2.5e-06,10555489348.5,0.04398120561875,False,10555490611.365192,resolved,inelastic,inelastic,True,,"UMAT_PCLK does not store a signed yield-function value in STATEV, so no distance to the branch surface is available",True,
2,inelastic,3,3,1|1|1,repeated,16.0,0.00064,-18520363333.65039,-0.07716818055687663,False,-33142817857.061428,resolved,inelastic,elastic|inelastic,False,,"UMAT_PCLK does not store a signed yield-function value in STATEV, so no distance to the branch surface is available",False,"stencil left the nominal 'inelastic' branch (nodes reached 'elastic'), so the difference spans a non-smooth branch boundary"
2,inelastic,3,3,1|1|1,repeated,8.0,0.00032,-54641738402.12469,-0.22767391000885287,False,-33142817857.061428,resolved,inelastic,elastic|inelastic,False,,"UMAT_PCLK does not store a signed yield-function value in STATEV, so no distance to the branch surface is available",False,"stencil left the nominal 'inelastic' branch (nodes reached 'elastic'), so the difference spans a non-smooth branch boundary"
2,inelastic,3,3,1|1|1,repeated,4.0,0.00016,-33882878126.579575,-0.14117865886074824,False,-33142817857.061428,resolved,inelastic,elastic|inelastic,False,,"UMAT_PCLK does not store a signed yield-function value in STATEV, so no distance to the branch surface is available",False,"stencil left the nominal 'inelastic' branch (nodes reached 'elastic'), so the difference spans a non-smooth branch boundary"
2,inelastic,3,3,1|1|1,repeated,2.0,8e-05,-33142791875.09424,-0.138094966146226,False,-33142817857.061428,resolved,inelastic,inelastic,True,,"UMAT_PCLK does not store a signed yield-function value in STATEV, so no distance to the branch surface is available",True,
2,inelastic,3,3,1|1|1,repeated,1.0,4e-05,-33142817475.539062,-0.1380950728147461,False,-33142817857.061428,resolved,inelastic,inelastic,True,,"UMAT_PCLK does not store a signed yield-function value in STATEV, so no distance to the branch surface is available",True,
2,inelastic,3,3,1|1|1,repeated,0.5,2e-05,-33142817858.875,-0.13809507441197916,False,-33142817857.061428,resolved,inelastic,inelastic,True,,"UMAT_PCLK does not store a signed yield-function value in STATEV, so no distance to the branch surface is available",True,
2,inelastic,3,3,1|1|1,repeated,0.25,1e-05,-33142817865.5,-0.13809507443958333,False,-33142817857.061428,resolved,inelastic,inelastic,True,,"UMAT_PCLK does not store a signed yield-function value in STATEV, so no distance to the branch surface is available",True,
2,inelastic,3,3,1|1|1,repeated,0.125,5e-06,-33142817744.0,-0.13809507393333337,False,-33142817857.061428,resolved,inelastic,inelastic,True,,"UMAT_PCLK does not store a signed yield-function value in STATEV, so no distance to the branch surface is available",True,
2,inelastic,3,3,1|1|1,repeated,0.0625,2.5e-06,-33142814464.0,-0.13809506026666668,False,-33142817857.061428,resolved,inelastic,inelastic,True,,"UMAT_PCLK does not store a signed yield-function value in STATEV, so no distance to the branch surface is available",True,
2,inelastic,4,3,1|1|1,repeated,16.0,0.00064,8501536363.426008,0.0354230681809417,False,-2737337505.3825912,resolved,inelastic,elastic|inelastic,False,,"UMAT_PCLK does not store a signed yield-function value in STATEV, so no distance to the branch surface is available",False,"stencil left the nominal 'inelastic' branch (nodes reached 'elastic'), so the difference spans a non-smooth branch boundary"
2,inelastic,4,3,1|1|1,repeated,8.0,0.00032,-7002794915.5078945,-0.029178312147949564,False,-2737337505.3825912,resolved,inelastic,elastic|inelastic,False,,"UMAT_PCLK does not store a signed yield-function value in STATEV, so no distance to the branch surface is available",False,"stencil left the nominal 'inelastic' branch (nodes reached 'elastic'), so the difference spans a non-smooth branch boundary"
2,inelastic,4,3,1|1|1,repeated,4.0,0.00016,-935809862.9722519,-0.0038992077623843835,False,-2737337505.3825912,resolved,inelastic,elastic|inelastic,False,,"UMAT_PCLK does not store a signed yield-function value in STATEV, so no distance to the branch surface is available",False,"stencil left the nominal 'inelastic' branch (nodes reached 'elastic'), so the difference spans a non-smooth branch boundary"
2,inelastic,4,3,1|1|1,repeated,2.0,8e-05,-2737332622.9995117,-0.011405552595831299,False,-2737337505.3825912,resolved,inelastic,inelastic,True,,"UMAT_PCLK does not store a signed yield-function value in STATEV, so no distance to the branch surface is available",True,
2,inelastic,4,3,1|1|1,repeated,1.0,4e-05,-2737337431.9501953,-0.011405572633125813,False,-2737337505.3825912,resolved,inelastic,inelastic,True,,"UMAT_PCLK does not store a signed yield-function value in STATEV, so no distance to the branch surface is available",True,
2,inelastic,4,3,1|1|1,repeated,0.5,2e-05,-2737337503.953125,-0.011405572933138021,False,-2737337505.3825912,resolved,inelastic,inelastic,True,,"UMAT_PCLK does not store a signed yield-function value in STATEV, so no distance to the branch surface is available",True,
2,inelastic,4,3,1|1|1,repeated,0.25,1e-05,-2737337502.28125,-0.011405572926171875,False,-2737337505.3825912,resolved,inelastic,inelastic,True,,"UMAT_PCLK does not store a signed yield-function value in STATEV, so no distance to the branch surface is available",True,
2,inelastic,4,3,1|1|1,repeated,0.125,5e-06,-2737337549.75,-0.011405573123958335,False,-2737337505.3825912,resolved,inelastic,inelastic,True,,"UMAT_PCLK does not store a signed yield-function value in STATEV, so no distance to the branch surface is available",True,
2,inelastic,4,3,1|1|1,repeated,0.0625,2.5e-06,-2737337470.0,-0.011405572791666669,False,-2737337505.3825912,resolved,inelastic,inelastic,True,,"UMAT_PCLK does not store a signed yield-function value in STATEV, so no distance to the branch surface is available",True,
2,inelastic,1,4,1|1|1|1,repeated,16.0,0.00064,-463378919731492.9,-1.9307454988812205,False,-48764580016206.625,resolved,inelastic,elastic|inelastic,False,,"UMAT_PCLK does not store a signed yield-function value in STATEV, so no distance to the branch surface is available",False,"stencil left the nominal 'inelastic' branch (nodes reached 'elastic'), so the difference spans a non-smooth branch boundary"
2,inelastic,1,4,1|1|1|1,repeated,8.0,0.00032,-288810553813488.56,-1.2033773075562026,False,-48764580016206.625,resolved,inelastic,elastic|inelastic,False,,"UMAT_PCLK does not store a signed yield-function value in STATEV, so no distance to the branch surface is available",False,"stencil left the nominal 'inelastic' branch (nodes reached 'elastic'), so the difference spans a non-smooth branch boundary"
2,inelastic,1,4,1|1|1|1,repeated,4.0,0.00016,-237751276593685.0,-0.9906303191403544,False,-48764580016206.625,resolved,inelastic,elastic|inelastic,False,,"UMAT_PCLK does not store a signed yield-function value in STATEV, so no distance to the branch surface is available",False,"stencil left the nominal 'inelastic' branch (nodes reached 'elastic'), so the difference spans a non-smooth branch boundary"
2,inelastic,1,4,1|1|1|1,repeated,2.0,8e-05,-48764592542816.0,-0.20318580226173338,False,-48764580016206.625,resolved,inelastic,inelastic,True,,"UMAT_PCLK does not store a signed yield-function value in STATEV, so no distance to the branch surface is available",True,
2,inelastic,1,4,1|1|1|1,repeated,1.0,4e-05,-48764580146176.0,-0.2031857506090667,False,-48764580016206.625,resolved,inelastic,inelastic,True,,"UMAT_PCLK does not store a signed yield-function value in STATEV, so no distance to the branch surface is available",True,
2,inelastic,1,4,1|1|1|1,repeated,0.5,2e-05,-48764586065920.0,-0.2031857752746667,False,-48764580016206.625,resolved,inelastic,inelastic,True,,"UMAT_PCLK does not store a signed yield-function value in STATEV, so no distance to the branch surface is available",True,
2,inelastic,1,4,1|1|1|1,repeated,0.25,1e-05,-48764718022656.0,-0.20318632509440004,False,-48764580016206.625,resolved,inelastic,inelastic,True,,"UMAT_PCLK does not store a signed yield-function value in STATEV, so no distance to the branch surface is available",True,
2,inelastic,1,4,1|1|1|1,repeated,0.125,5e-06,-48765457137664.0,-0.2031894047402667,False,-48764580016206.625,resolved,inelastic,inelastic,True,,"UMAT_PCLK does not store a signed yield-function value in STATEV, so no distance to the branch surface is available",True,
2,inelastic,1,4,1|1|1|1,repeated,0.0625,2.5e-06,-48774890127360.0,-0.20322870886400005,False,-48764580016206.625,resolved,inelastic,inelastic,True,,"UMAT_PCLK does not store a signed yield-function value in STATEV, so no distance to the branch surface is available",True,
2,inelastic,2,4,1|1|1|1,repeated,16.0,0.00064,520686043687128.0,2.1695251820297003,False,-6266027661366.242,resolved,inelastic,elastic|inelastic,False,,"UMAT_PCLK does not store a signed yield-function value in STATEV, so no distance to the branch surface is available",False,"stencil left the nominal 'inelastic' branch (nodes reached 'elastic'), so the difference spans a non-smooth branch boundary"
2,inelastic,2,4,1|1|1|1,repeated,8.0,0.00032,117714583190450.38,0.49047742996021,False,-6266027661366.242,resolved,inelastic,elastic|inelastic,False,,"UMAT_PCLK does not store a signed yield-function value in STATEV, so no distance to the branch surface is available",False,"stencil left the nominal 'inelastic' branch (nodes reached 'elastic'), so the difference spans a non-smooth branch boundary"
2,inelastic,2,4,1|1|1|1,repeated,4.0,0.00016,178087976603034.0,0.7420332358459751,False,-6266027661366.242,resolved,inelastic,elastic|inelastic,False,,"UMAT_PCLK does not store a signed yield-function value in STATEV, so no distance to the branch surface is available",False,"stencil left the nominal 'inelastic' branch (nodes reached 'elastic'), so the difference spans a non-smooth branch boundary"
2,inelastic,2,4,1|1|1|1,repeated,2.0,8e-05,-6265935392376.0,-0.026108064134900005,False,-6266027661366.242,resolved,inelastic,inelastic,True,,"UMAT_PCLK does not store a signed yield-function value in STATEV, so no distance to the branch surface is available",True,
2,inelastic,2,4,1|1|1|1,repeated,1.0,4e-05,-6266026235328.0,-0.026108442647200004,False,-6266027661366.242,resolved,inelastic,inelastic,True,,"UMAT_PCLK does not store a signed yield-function value in STATEV, so no distance to the branch surface is available",True,
2,inelastic,2,4,1|1|1|1,repeated,0.5,2e-05,-6266026446336.0,-0.026108443526400005,False,-6266027661366.242,resolved,inelastic,inelastic,True,,"UMAT_PCLK does not store a signed yield-function value in STATEV, so no distance to the branch surface is available",True,
2,inelastic,2,4,1|1|1|1,repeated,0.25,1e-05,-6266030260224.0,-0.026108459417600004,False,-6266027661366.242,resolved,inelastic,inelastic,True,,"UMAT_PCLK does not store a signed yield-function value in STATEV, so no distance to the branch surface is available",True,
2,inelastic,2,4,1|1|1|1,repeated,0.125,5e-06,-6266772848640.0,-0.026111553536000007,False,-6266027661366.242,resolved,inelastic,inelastic,True,,"UMAT_PCLK does not store a signed yield-function value in STATEV, so no distance to the branch surface is available",True,
2,inelastic,2,4,1|1|1|1,repeated,0.0625,2.5e-06,-6268153757696.0,-0.026117307323733338,False,-6266027661366.242,resolved,inelastic,inelastic,True,,"UMAT_PCLK does not store a signed yield-function value in STATEV, so no distance to the branch surface is available",True,
2,inelastic,3,4,1|1|1|1,repeated,16.0,0.00064,-57307123955642.52,-0.23877968314851056,False,55030607677572.83,resolved,inelastic,elastic|inelastic,False,,"UMAT_PCLK does not store a signed yield-function value in STATEV, so no distance to the branch surface is available",False,"stencil left the nominal 'inelastic' branch (nodes reached 'elastic'), so the difference spans a non-smooth branch boundary"
2,inelastic,3,4,1|1|1|1,repeated,8.0,0.00032,171095970622969.5,0.7128998775957064,False,55030607677572.83,resolved,inelastic,elastic|inelastic,False,,"UMAT_PCLK does not store a signed yield-function value in STATEV, so no distance to the branch surface is available",False,"stencil left the nominal 'inelastic' branch (nodes reached 'elastic'), so the difference spans a non-smooth branch boundary"
2,inelastic,3,4,1|1|1|1,repeated,4.0,0.00016,59663299989803.69,0.24859708329084873,False,55030607677572.83,resolved,inelastic,elastic|inelastic,False,,"UMAT_PCLK does not store a signed yield-function value in STATEV, so no distance to the branch surface is available",False,"stencil left the nominal 'inelastic' branch (nodes reached 'elastic'), so the difference spans a non-smooth branch boundary"
2,inelastic,3,4,1|1|1|1,repeated,2.0,8e-05,55030527906296.0,0.22929386627623335,False,55030607677572.83,resolved,inelastic,inelastic,True,,"UMAT_PCLK does not store a signed yield-function value in STATEV, so no distance to the branch surface is available",True,
2,inelastic,3,4,1|1|1|1,repeated,1.0,4e-05,55030606572544.0,0.2292941940522667,False,55030607677572.83,resolved,inelastic,inelastic,True,,"UMAT_PCLK does not store a signed yield-function value in STATEV, so no distance to the branch surface is available",True,
2,inelastic,3,4,1|1|1|1,repeated,0.5,2e-05,55030607261696.0,0.22929419692373337,False,55030607677572.83,resolved,inelastic,inelastic,True,,"UMAT_PCLK does not store a signed yield-function value in STATEV, so no distance to the branch surface is available",True,
2,inelastic,3,4,1|1|1|1,repeated,0.25,1e-05,55030630744064.0,0.2292942947669334,False,55030607677572.83,resolved,inelastic,inelastic,True,,"UMAT_PCLK does not store a signed yield-function value in STATEV, so no distance to the branch surface is available",True,
2,inelastic,3,4,1|1|1|1,repeated,0.125,5e-06,55030460710912.0,0.2292935862954667,False,55030607677572.83,resolved,inelastic,inelastic,True,,"UMAT_PCLK does not store a signed yield-function value in STATEV, so no distance to the branch surface is available",True,
2,inelastic,3,4,1|1|1|1,repeated,0.0625,2.5e-06,55032028332032.0,0.2293001180501334,False,55030607677572.83,resolved,inelastic,inelastic,True,,"UMAT_PCLK does not store a signed yield-function value in STATEV, so no distance to the branch surface is available",True,
2,inelastic,4,4,1|1|1|1,repeated,16.0,0.00064,-36206490161664.16,-0.1508603756736007,False,3839727091227.5933,resolved,inelastic,elastic|inelastic,False,,"UMAT_PCLK does not store a signed yield-function value in STATEV, so no distance to the branch surface is available",False,"stencil left the nominal 'inelastic' branch (nodes reached 'elastic'), so the difference spans a non-smooth branch boundary"
2,inelastic,4,4,1|1|1|1,repeated,8.0,0.00032,3343902293474.1543,0.013932926222808978,False,3839727091227.5933,resolved,inelastic,elastic|inelastic,False,,"UMAT_PCLK does not store a signed yield-function value in STATEV, so no distance to the branch surface is available",False,"stencil left the nominal 'inelastic' branch (nodes reached 'elastic'), so the difference spans a non-smooth branch boundary"
2,inelastic,4,4,1|1|1|1,repeated,4.0,0.00016,-7418326251500.719,-0.030909692714586334,False,3839727091227.5933,resolved,inelastic,elastic|inelastic,False,,"UMAT_PCLK does not store a signed yield-function value in STATEV, so no distance to the branch surface is available",False,"stencil left the nominal 'inelastic' branch (nodes reached 'elastic'), so the difference spans a non-smooth branch boundary"
2,inelastic,4,4,1|1|1|1,repeated,2.0,8e-05,3839716313967.0,0.0159988179748625,False,3839727091227.5933,resolved,inelastic,inelastic,True,,"UMAT_PCLK does not store a signed yield-function value in STATEV, so no distance to the branch surface is available",True,
2,inelastic,4,4,1|1|1|1,repeated,1.0,4e-05,3839726933536.0,0.01599886222306667,False,3839727091227.5933,resolved,inelastic,inelastic,True,,"UMAT_PCLK does not store a signed yield-function value in STATEV, so no distance to the branch surface is available",True,
2,inelastic,4,4,1|1|1|1,repeated,0.5,2e-05,3839726987904.0,0.015998862449600002,False,3839727091227.5933,resolved,inelastic,inelastic,True,,"UMAT_PCLK does not store a signed yield-function value in STATEV, so no distance to the branch surface is available",True,
2,inelastic,4,4,1|1|1|1,repeated,0.25,1e-05,3839726972928.0,0.015998862387200004,False,3839727091227.5933,resolved,inelastic,inelastic,True,,"UMAT_PCLK does not store a signed yield-function value in STATEV, so no distance to the branch surface is available",True,
2,inelastic,4,4,1|1|1|1,repeated,0.125,5e-06,3839714918400.0,0.015998812160000004,False,3839727091227.5933,resolved,inelastic,inelastic,True,,"UMAT_PCLK does not store a signed yield-function value in STATEV, so no distance to the branch surface is available",True,
2,inelastic,4,4,1|1|1|1,repeated,0.0625,2.5e-06,3839934595072.0,0.01599972747946667,False,3839727091227.5933,resolved,inelastic,inelastic,True,,"UMAT_PCLK does not store a signed yield-function value in STATEV, so no distance to the branch surface is available",True,
2,inelastic,1,3,1|1|2,mixed,16.0,0.00064,-156672913703.34995,-0.6528038070972915,False,10555490611.365208,resolved,inelastic,elastic|inelastic,False,,"UMAT_PCLK does not store a signed yield-function value in STATEV, so no distance to the branch surface is available",False,"stencil left the nominal 'inelastic' branch (nodes reached 'elastic'), so the difference spans a non-smooth branch boundary"
2,inelastic,1,3,1|1|2,mixed,8.0,0.00032,232438527070.072,0.9684938627919667,False,10555490611.365208,resolved,inelastic,elastic|inelastic,False,,"UMAT_PCLK does not store a signed yield-function value in STATEV, so no distance to the branch surface is available",False,"stencil left the nominal 'inelastic' branch (nodes reached 'elastic'), so the difference spans a non-smooth branch boundary"
2,inelastic,1,3,1|1|2,mixed,4.0,0.00016,33192241013.802647,0.1383010042241777,False,10555490611.365208,resolved,inelastic,elastic|inelastic,False,,"UMAT_PCLK does not store a signed yield-function value in STATEV, so no distance to the branch surface is available",False,"stencil left the nominal 'inelastic' branch (nodes reached 'elastic'), so the difference spans a non-smooth branch boundary"
2,inelastic,1,3,1|1|2,mixed,2.0,8e-05,10549424264.654865,0.04395593443606194,False,10555490611.365208,resolved,inelastic,elastic|inelastic,False,,"UMAT_PCLK does not store a signed yield-function value in STATEV, so no distance to the branch surface is available",False,"stencil left the nominal 'inelastic' branch (nodes reached 'elastic'), so the difference spans a non-smooth branch boundary"
2,inelastic,1,3,1|1|2,mixed,1.0,4e-05,10555490613.29699,0.04398121088873746,False,10555490611.365208,resolved,inelastic,inelastic,True,,"UMAT_PCLK does not store a signed yield-function value in STATEV, so no distance to the branch surface is available",True,
2,inelastic,1,3,1|1|2,mixed,0.5,2e-05,10555490594.427277,0.043981210810113656,False,10555490611.365208,resolved,inelastic,inelastic,True,,"UMAT_PCLK does not store a signed yield-function value in STATEV, so no distance to the branch surface is available",True,
2,inelastic,1,3,1|1|2,mixed,0.25,1e-05,10555490275.887451,0.04398120948286439,False,10555490611.365208,resolved,inelastic,inelastic,True,,"UMAT_PCLK does not store a signed yield-function value in STATEV, so no distance to the branch surface is available",True,
2,inelastic,1,3,1|1|2,mixed,0.125,5e-06,10555490713.830078,0.04398121130762533,False,10555490611.365208,resolved,inelastic,inelastic,True,,"UMAT_PCLK does not store a signed yield-function value in STATEV, so no distance to the branch surface is available",True,
2,inelastic,1,3,1|1|2,mixed,0.0625,2.5e-06,10555492847.515625,0.04398122019798177,False,10555490611.365208,resolved,inelastic,inelastic,True,,"UMAT_PCLK does not store a signed yield-function value in STATEV, so no distance to the branch surface is available",True,
2,inelastic,2,3,1|1|2,mixed,16.0,0.00064,106588447460.16655,0.4441185310840273,False,-9907493251.520851,resolved,inelastic,elastic|inelastic,False,,"UMAT_PCLK does not store a signed yield-function value in STATEV, so no distance to the branch surface is available",False,"stencil left the nominal 'inelastic' branch (nodes reached 'elastic'), so the difference spans a non-smooth branch boundary"
2,inelastic,2,3,1|1|2,mixed,8.0,0.00032,-167819288918.2271,-0.6992470371592797,False,-9907493251.520851,resolved,inelastic,elastic|inelastic,False,,"UMAT_PCLK does not store a signed yield-function value in STATEV, so no distance to the branch surface is available",False,"stencil left the nominal 'inelastic' branch (nodes reached 'elastic'), so the difference spans a non-smooth branch boundary"
2,inelastic,2,3,1|1|2,mixed,4.0,0.00016,-24352148587.61758,-0.10146728578173993,False,-9907493251.520851,resolved,inelastic,elastic|inelastic,False,,"UMAT_PCLK does not store a signed yield-function value in STATEV, so no distance to the branch surface is available",False,"stencil left the nominal 'inelastic' branch (nodes reached 'elastic'), so the difference spans a non-smooth branch boundary"
2,inelastic,2,3,1|1|2,mixed,2.0,8e-05,-9902926648.983648,-0.0412621943707652,False,-9907493251.520851,resolved,inelastic,elastic|inelastic,False,,"UMAT_PCLK does not store a signed yield-function value in STATEV, so no distance to the branch surface is available",False,"stencil left the nominal 'inelastic' branch (nodes reached 'elastic'), so the difference spans a non-smooth branch boundary"
2,inelastic,2,3,1|1|2,mixed,1.0,4e-05,-9907493247.605906,-0.04128122186502461,False,-9907493251.520851,resolved,inelastic,inelastic,True,,"UMAT_PCLK does not store a signed yield-function value in STATEV, so no distance to the branch surface is available",True,
2,inelastic,2,3,1|1|2,mixed,0.5,2e-05,-9907493259.54816,-0.041281221914784005,False,-9907493251.520851,resolved,inelastic,inelastic,True,,"UMAT_PCLK does not store a signed yield-function value in STATEV, so no distance to the branch surface is available",True,
2,inelastic,2,3,1|1|2,mixed,0.25,1e-05,-9907493193.516148,-0.04128122163965062,False,-9907493251.520851,resolved,inelastic,inelastic,True,,"UMAT_PCLK does not store a signed yield-function value in STATEV, so no distance to the branch surface is available",True,
2,inelastic,2,3,1|1|2,mixed,0.125,5e-06,-9907492183.61834,-0.04128121743174308,False,-9907493251.520851,resolved,inelastic,inelastic,True,,"UMAT_PCLK does not store a signed yield-function value in STATEV, so no distance to the branch surface is available",True,
2,inelastic,2,3,1|1|2,mixed,0.0625,2.5e-06,-9907499512.57129,-0.041281247969047044,False,-9907493251.520851,resolved,inelastic,inelastic,True,,"UMAT_PCLK does not store a signed yield-function value in STATEV, so no distance to the branch surface is available",True,
2,inelastic,3,3,1|1|2,mixed,16.0,0.00064,50084466243.18245,0.20868527601326023,False,-647997359.8443569,resolved,inelastic,elastic|inelastic,False,,"UMAT_PCLK does not store a signed yield-function value in STATEV, so no distance to the branch surface is available",False,"stencil left the nominal 'inelastic' branch (nodes reached 'elastic'), so the difference spans a non-smooth branch boundary"
2,inelastic,3,3,1|1|2,mixed,8.0,0.00032,-64619238151.851715,-0.2692468256327155,False,-647997359.8443569,resolved,inelastic,elastic|inelastic,False,,"UMAT_PCLK does not store a signed yield-function value in STATEV, so no distance to the branch surface is available",False,"stencil left the nominal 'inelastic' branch (nodes reached 'elastic'), so the difference spans a non-smooth branch boundary"
2,inelastic,3,3,1|1|2,mixed,4.0,0.00016,-8840092426.151583,-0.03683371844229826,False,-647997359.8443569,resolved,inelastic,elastic|inelastic,False,,"UMAT_PCLK does not store a signed yield-function value in STATEV, so no distance to the branch surface is available",False,"stencil left the nominal 'inelastic' branch (nodes reached 'elastic'), so the difference spans a non-smooth branch boundary"
2,inelastic,3,3,1|1|2,mixed,2.0,8e-05,-646497614.7855712,-0.0026937400616065467,False,-647997359.8443569,resolved,inelastic,elastic|inelastic,False,,"UMAT_PCLK does not store a signed yield-function value in STATEV, so no distance to the branch surface is available",False,"stencil left the nominal 'inelastic' branch (nodes reached 'elastic'), so the difference spans a non-smooth branch boundary"
2,inelastic,3,3,1|1|2,mixed,1.0,4e-05,-647997359.5408707,-0.002699988998086961,False,-647997359.8443569,resolved,inelastic,inelastic,True,,"UMAT_PCLK does not store a signed yield-function value in STATEV, so no distance to the branch surface is available",True,
2,inelastic,3,3,1|1|2,mixed,0.5,2e-05,-647997356.4242096,-0.0026999889851008737,False,-647997359.8443569,resolved,inelastic,inelastic,True,,"UMAT_PCLK does not store a signed yield-function value in STATEV, so no distance to the branch surface is available",True,
2,inelastic,3,3,1|1|2,mixed,0.25,1e-05,-647997339.2574463,-0.0026999889135726927,False,-647997359.8443569,resolved,inelastic,inelastic,True,,"UMAT_PCLK does not store a signed yield-function value in STATEV, so no distance to the branch surface is available",True,
2,inelastic,3,3,1|1|2,mixed,0.125,5e-06,-647997160.9589844,-0.002699988170662435,False,-647997359.8443569,resolved,inelastic,inelastic,True,,"UMAT_PCLK does not store a signed yield-function value in STATEV, so no distance to the branch surface is available",True,
2,inelastic,3,3,1|1|2,mixed,0.0625,2.5e-06,-647995250.71875,-0.0026999802113281254,False,-647997359.8443569,resolved,inelastic,inelastic,True,,"UMAT_PCLK does not store a signed yield-function value in STATEV, so no distance to the branch surface is available",True,
2,inelastic,4,3,1|1|2,mixed,16.0,0.00064,-5705825919.491229,-0.02377427466454679,False,3458423807.5993776,resolved,inelastic,elastic|inelastic,False,,"UMAT_PCLK does not store a signed yield-function value in STATEV, so no distance to the branch surface is available",False,"stencil left the nominal 'inelastic' branch (nodes reached 'elastic'), so the difference spans a non-smooth branch boundary"
2,inelastic,4,3,1|1|2,mixed,8.0,0.00032,16081027204.517532,0.06700428001882305,False,3458423807.5993776,resolved,inelastic,elastic|inelastic,False,,"UMAT_PCLK does not store a signed yield-function value in STATEV, so no distance to the branch surface is available",False,"stencil left the nominal 'inelastic' branch (nodes reached 'elastic'), so the difference spans a non-smooth branch boundary"
2,inelastic,4,3,1|1|2,mixed,4.0,0.00016,4754498047.977271,0.01981040853323863,False,3458423807.5993776,resolved,inelastic,elastic|inelastic,False,,"UMAT_PCLK does not store a signed yield-function value in STATEV, so no distance to the branch surface is available",False,"stencil left the nominal 'inelastic' branch (nodes reached 'elastic'), so the difference spans a non-smooth branch boundary"
2,inelastic,4,3,1|1|2,mixed,2.0,8e-05,3458103211.9831314,0.014408763383263048,False,3458423807.5993776,resolved,inelastic,elastic|inelastic,False,,"UMAT_PCLK does not store a signed yield-function value in STATEV, so no distance to the branch surface is available",False,"stencil left the nominal 'inelastic' branch (nodes reached 'elastic'), so the difference spans a non-smooth branch boundary"
2,inelastic,4,3,1|1|2,mixed,1.0,4e-05,3458423807.648508,0.014410099198535451,False,3458423807.5993776,resolved,inelastic,inelastic,True,,"UMAT_PCLK does not store a signed yield-function value in STATEV, so no distance to the branch surface is available",True,
2,inelastic,4,3,1|1|2,mixed,0.5,2e-05,3458423807.2415714,0.014410099196839882,False,3458423807.5993776,resolved,inelastic,inelastic,True,,"UMAT_PCLK does not store a signed yield-function value in STATEV, so no distance to the branch surface is available",True,
2,inelastic,4,3,1|1|2,mixed,0.25,1e-05,3458423800.09536,0.014410099167064,False,3458423807.5993776,resolved,inelastic,inelastic,True,,"UMAT_PCLK does not store a signed yield-function value in STATEV, so no distance to the branch surface is available",True,
2,inelastic,4,3,1|1|2,mixed,0.125,5e-06,3458423798.8634644,0.014410099161931101,False,3458423807.5993776,resolved,inelastic,inelastic,True,,"UMAT_PCLK does not store a signed yield-function value in STATEV, so no distance to the branch surface is available",True,
2,inelastic,4,3,1|1|2,mixed,0.0625,2.5e-06,3458424038.506836,0.01441010016044515,False,3458423807.5993776,resolved,inelastic,inelastic,True,,"UMAT_PCLK does not store a signed yield-function value in STATEV, so no distance to the branch surface is available",True,
2,inelastic,1,4,1|1|2|2,mixed,16.0,0.00064,-572293836224008.9,-2.384557650933371,False,27094651796747.535,resolved,inelastic,elastic|inelastic,False,,"UMAT_PCLK does not store a signed yield-function value in STATEV, so no distance to the branch surface is available",False,"stencil left the nominal 'inelastic' branch (nodes reached 'elastic'), so the difference spans a non-smooth branch boundary"
2,inelastic,1,4,1|1|2|2,mixed,8.0,0.00032,988300107216600.9,4.1179171134025045,False,27094651796747.535,resolved,inelastic,elastic|inelastic,False,,"UMAT_PCLK does not store a signed yield-function value in STATEV, so no distance to the branch surface is available",False,"stencil left the nominal 'inelastic' branch (nodes reached 'elastic'), so the difference spans a non-smooth branch boundary"
2,inelastic,1,4,1|1|2|2,mixed,4.0,0.00016,20593447604193.758,0.08580603168414068,False,27094651796747.535,resolved,inelastic,elastic|inelastic,False,,"UMAT_PCLK does not store a signed yield-function value in STATEV, so no distance to the branch surface is available",False,"stencil left the nominal 'inelastic' branch (nodes reached 'elastic'), so the difference spans a non-smooth branch boundary"
2,inelastic,1,4,1|1|2|2,mixed,2.0,8e-05,27056742007344.836,0.11273642503060351,False,27094651796747.535,resolved,inelastic,elastic|inelastic,False,,"UMAT_PCLK does not store a signed yield-function value in STATEV, so no distance to the branch surface is available",False,"stencil left the nominal 'inelastic' branch (nodes reached 'elastic'), so the difference spans a non-smooth branch boundary"
2,inelastic,1,4,1|1|2|2,mixed,1.0,4e-05,27094652016844.344,0.11289438340351812,False,27094651796747.535,resolved,inelastic,inelastic,True,,"UMAT_PCLK does not store a signed yield-function value in STATEV, so no distance to the branch surface is available",True,
2,inelastic,1,4,1|1|2|2,mixed,0.5,2e-05,27094648831748.0,0.11289437013228334,False,27094651796747.535,resolved,inelastic,inelastic,True,,"UMAT_PCLK does not store a signed yield-function value in STATEV, so no distance to the branch surface is available",True,
2,inelastic,1,4,1|1|2|2,mixed,0.25,1e-05,27094589135888.0,0.11289412139953335,False,27094651796747.535,resolved,inelastic,inelastic,True,,"UMAT_PCLK does not store a signed yield-function value in STATEV, so no distance to the branch surface is available",True,
2,inelastic,1,4,1|1|2|2,mixed,0.125,5e-06,27094588490752.0,0.11289411871146669,False,27094651796747.535,resolved,inelastic,inelastic,True,,"UMAT_PCLK does not store a signed yield-function value in STATEV, so no distance to the branch surface is available",True,
2,inelastic,1,4,1|1|2|2,mixed,0.0625,2.5e-06,27096591732736.0,0.11290246555306668,False,27094651796747.535,resolved,inelastic,inelastic,True,,"UMAT_PCLK does not store a signed yield-function value in STATEV, so no distance to the branch surface is available",True,
2,inelastic,2,4,1|1|2|2,mixed,16.0,0.00064,446973383065255.56,1.8623890961052318,False,14331361290971.115,resolved,inelastic,elastic|inelastic,False,,"UMAT_PCLK does not store a signed yield-function value in STATEV, so no distance to the branch surface is available",False,"stencil left the nominal 'inelastic' branch (nodes reached 'elastic'), so the difference spans a non-smooth branch boundary"
2,inelastic,2,4,1|1|2|2,mixed,8.0,0.00032,-690725030639533.2,-2.878020960998056,False,14331361290971.115,resolved,inelastic,elastic|inelastic,False,,"UMAT_PCLK does not store a signed yield-function value in STATEV, so no distance to the branch surface is available",False,"stencil left the nominal 'inelastic' branch (nodes reached 'elastic'), so the difference spans a non-smooth branch boundary"
2,inelastic,2,4,1|1|2|2,mixed,4.0,0.00016,42299582356264.64,0.17624825981776937,False,14331361290971.115,resolved,inelastic,elastic|inelastic,False,,"UMAT_PCLK does not store a signed yield-function value in STATEV, so no distance to the branch surface is available",False,"stencil left the nominal 'inelastic' branch (nodes reached 'elastic'), so the difference spans a non-smooth branch boundary"
2,inelastic,2,4,1|1|2|2,mixed,2.0,8e-05,14359896940604.418,0.05983290391918508,False,14331361290971.115,resolved,inelastic,elastic|inelastic,False,,"UMAT_PCLK does not store a signed yield-function value in STATEV, so no distance to the branch surface is available",False,"stencil left the nominal 'inelastic' branch (nodes reached 'elastic'), so the difference spans a non-smooth branch boundary"
2,inelastic,2,4,1|1|2|2,mixed,1.0,4e-05,14331361214652.172,0.05971400506105073,False,14331361290971.115,resolved,inelastic,inelastic,True,,"UMAT_PCLK does not store a signed yield-function value in STATEV, so no distance to the branch surface is available",True,
2,inelastic,2,4,1|1|2|2,mixed,0.5,2e-05,14331362201808.38,0.059714009174201596,False,14331361290971.115,resolved,inelastic,inelastic,True,,"UMAT_PCLK does not store a signed yield-function value in STATEV, so no distance to the branch surface is available",True,
2,inelastic,2,4,1|1|2|2,mixed,0.25,1e-05,14331345684948.266,0.05971394035395112,False,14331361290971.115,resolved,inelastic,inelastic,True,,"UMAT_PCLK does not store a signed yield-function value in STATEV, so no distance to the branch surface is available",True,
2,inelastic,2,4,1|1|2|2,mixed,0.125,5e-06,14330771529406.0,0.059711548039191674,False,14331361290971.115,resolved,inelastic,inelastic,True,,"UMAT_PCLK does not store a signed yield-function value in STATEV, so no distance to the branch surface is available",True,
2,inelastic,2,4,1|1|2|2,mixed,0.0625,2.5e-06,14319000927552.0,0.05966250386480001,False,14331361290971.115,resolved,inelastic,inelastic,True,,"UMAT_PCLK does not store a signed yield-function value in STATEV, so no distance to the branch surface is available",True,
2,inelastic,3,4,1|1|2|2,mixed,16.0,0.00064,125320453158749.94,0.5221685548281249,False,-41426013087718.67,resolved,inelastic,elastic|inelastic,False,,"UMAT_PCLK does not store a signed yield-function value in STATEV, so no distance to the branch surface is available",False,"stencil left the nominal 'inelastic' branch (nodes reached 'elastic'), so the difference spans a non-smooth branch boundary"
2,inelastic,3,4,1|1|2|2,mixed,8.0,0.00032,-297575076577103.25,-1.239896152404597,False,-41426013087718.67,resolved,inelastic,elastic|inelastic,False,,"UMAT_PCLK does not store a signed yield-function value in STATEV, so no distance to the branch surface is available",False,"stencil left the nominal 'inelastic' branch (nodes reached 'elastic'), so the difference spans a non-smooth branch boundary"
2,inelastic,3,4,1|1|2|2,mixed,4.0,0.00016,-62893029961625.45,-0.2620542915067728,False,-41426013087718.67,resolved,inelastic,elastic|inelastic,False,,"UMAT_PCLK does not store a signed yield-function value in STATEV, so no distance to the branch surface is available",False,"stencil left the nominal 'inelastic' branch (nodes reached 'elastic'), so the difference spans a non-smooth branch boundary"
2,inelastic,3,4,1|1|2|2,mixed,2.0,8e-05,-41416638945076.11,-0.17256932893781715,False,-41426013087718.67,resolved,inelastic,elastic|inelastic,False,,"UMAT_PCLK does not store a signed yield-function value in STATEV, so no distance to the branch surface is available",False,"stencil left the nominal 'inelastic' branch (nodes reached 'elastic'), so the difference spans a non-smooth branch boundary"
2,inelastic,3,4,1|1|2|2,mixed,1.0,4e-05,-41426013031874.24,-0.17260838763280936,False,-41426013087718.67,resolved,inelastic,inelastic,True,,"UMAT_PCLK does not store a signed yield-function value in STATEV, so no distance to the branch surface is available",True,
2,inelastic,3,4,1|1|2|2,mixed,0.5,2e-05,-41426012097686.5,-0.17260838374036044,False,-41426013087718.67,resolved,inelastic,inelastic,True,,"UMAT_PCLK does not store a signed yield-function value in STATEV, so no distance to the branch surface is available",True,
2,inelastic,3,4,1|1|2|2,mixed,0.25,1e-05,-41426008174276.0,-0.17260836739281668,False,-41426013087718.67,resolved,inelastic,inelastic,True,,"UMAT_PCLK does not store a signed yield-function value in STATEV, so no distance to the branch surface is available",True,
2,inelastic,3,4,1|1|2|2,mixed,0.125,5e-06,-41425902615360.0,-0.17260792756400004,False,-41426013087718.67,resolved,inelastic,inelastic,True,,"UMAT_PCLK does not store a signed yield-function value in STATEV, so no distance to the branch surface is available",True,
2,inelastic,3,4,1|1|2|2,mixed,0.0625,2.5e-06,-41428142899200.0,-0.17261726208000003,False,-41426013087718.67,resolved,inelastic,inelastic,True,,"UMAT_PCLK does not store a signed yield-function value in STATEV, so no distance to the branch surface is available",True,
2,inelastic,4,4,1|1|2|2,mixed,16.0,0.00064,-34445806555215.9,-0.14352419398006627,False,5172927368501.566,resolved,inelastic,elastic|inelastic,False,,"UMAT_PCLK does not store a signed yield-function value in STATEV, so no distance to the branch surface is available",False,"stencil left the nominal 'inelastic' branch (nodes reached 'elastic'), so the difference spans a non-smooth branch boundary"
2,inelastic,4,4,1|1|2|2,mixed,8.0,0.00032,64921324637189.03,0.27050551932162104,False,5172927368501.566,resolved,inelastic,elastic|inelastic,False,,"UMAT_PCLK does not store a signed yield-function value in STATEV, so no distance to the branch surface is available",False,"stencil left the nominal 'inelastic' branch (nodes reached 'elastic'), so the difference spans a non-smooth branch boundary"
2,inelastic,4,4,1|1|2|2,mixed,4.0,0.00016,5323751838601.06,0.02218229932750442,False,5172927368501.566,resolved,inelastic,elastic|inelastic,False,,"UMAT_PCLK does not store a signed yield-function value in STATEV, so no distance to the branch surface is available",False,"stencil left the nominal 'inelastic' branch (nodes reached 'elastic'), so the difference spans a non-smooth branch boundary"
2,inelastic,4,4,1|1|2|2,mixed,2.0,8e-05,5170923752207.102,0.02154551563419626,False,5172927368501.566,resolved,inelastic,elastic|inelastic,False,,"UMAT_PCLK does not store a signed yield-function value in STATEV, so no distance to the branch surface is available",False,"stencil left the nominal 'inelastic' branch (nodes reached 'elastic'), so the difference spans a non-smooth branch boundary"
2,inelastic,4,4,1|1|2|2,mixed,1.0,4e-05,5172927373531.12,0.02155386405637967,False,5172927368501.566,resolved,inelastic,inelastic,True,,"UMAT_PCLK does not store a signed yield-function value in STATEV, so no distance to the branch surface is available",True,
2,inelastic,4,4,1|1|2|2,mixed,0.5,2e-05,5172927293307.891,0.021553863722116214,False,5172927368501.566,resolved,inelastic,inelastic,True,,"UMAT_PCLK does not store a signed yield-function value in STATEV, so no distance to the branch surface is available",True,
2,inelastic,4,4,1|1|2|2,mixed,0.25,1e-05,5172928296180.0,0.021553867900750003,False,5172927368501.566,resolved,inelastic,inelastic,True,,"UMAT_PCLK does not store a signed yield-function value in STATEV, so no distance to the branch surface is available",True,
2,inelastic,4,4,1|1|2|2,mixed,0.125,5e-06,5172940937720.0,0.021553920573833336,False,5172927368501.566,resolved,inelastic,inelastic,True,,"UMAT_PCLK does not store a signed yield-function value in STATEV, so no distance to the branch surface is available",True,
2,inelastic,4,4,1|1|2|2,mixed,0.0625,2.5e-06,5173269165504.0,0.021555288189600005,False,5172927368501.566,resolved,inelastic,inelastic,True,,"UMAT_PCLK does not store a signed yield-function value in STATEV, so no distance to the branch surface is available",True,
2,inelastic,1,2,1|2,mixed,16.0,0.00064,20216110.12433567,0.08423379218473195,False,-12022165.687480256,resolved,inelastic,elastic|inelastic,False,,"UMAT_PCLK does not store a signed yield-function value in STATEV, so no distance to the branch surface is available",False,"stencil left the nominal 'inelastic' branch (nodes reached 'elastic'), so the difference spans a non-smooth branch boundary"
2,inelastic,1,2,1|2,mixed,8.0,0.00032,-53624839.27660031,-0.22343683031916795,False,-12022165.687480256,resolved,inelastic,elastic|inelastic,False,,"UMAT_PCLK does not store a signed yield-function value in STATEV, so no distance to the branch surface is available",False,"stencil left the nominal 'inelastic' branch (nodes reached 'elastic'), so the difference spans a non-smooth branch boundary"
2,inelastic,1,2,1|2,mixed,4.0,0.00016,-15389551.628272979,-0.06412313178447074,False,-12022165.687480256,resolved,inelastic,elastic|inelastic,False,,"UMAT_PCLK does not store a signed yield-function value in STATEV, so no distance to the branch surface is available",False,"stencil left the nominal 'inelastic' branch (nodes reached 'elastic'), so the difference spans a non-smooth branch boundary"
2,inelastic,1,2,1|2,mixed,2.0,8e-05,-12021195.146441873,-0.05008831311017447,False,-12022165.687480256,resolved,inelastic,elastic|inelastic,False,,"UMAT_PCLK does not store a signed yield-function value in STATEV, so no distance to the branch surface is available",False,"stencil left the nominal 'inelastic' branch (nodes reached 'elastic'), so the difference spans a non-smooth branch boundary"
2,inelastic,1,2,1|2,mixed,1.0,4e-05,-12022165.687248426,-0.05009235703020177,False,-12022165.687480256,resolved,inelastic,inelastic,True,,"UMAT_PCLK does not store a signed yield-function value in STATEV, so no distance to the branch surface is available",True,
2,inelastic,1,2,1|2,mixed,0.5,2e-05,-12022165.687477186,-0.05009235703115494,False,-12022165.687480256,resolved,inelastic,inelastic,True,,"UMAT_PCLK does not store a signed yield-function value in STATEV, so no distance to the branch surface is available",True,
2,inelastic,1,2,1|2,mixed,0.25,1e-05,-12022165.687962629,-0.05009235703317762,False,-12022165.687480256,resolved,inelastic,inelastic,True,,"UMAT_PCLK does not store a signed yield-function value in STATEV, so no distance to the branch surface is available",True,
2,inelastic,1,2,1|2,mixed,0.125,5e-06,-12022165.68833971,-0.05009235703474879,False,-12022165.687480256,resolved,inelastic,inelastic,True,,"UMAT_PCLK does not store a signed yield-function value in STATEV, so no distance to the branch surface is available",True,
2,inelastic,1,2,1|2,mixed,0.0625,2.5e-06,-12022165.697861075,-0.05009235707442115,False,-12022165.687480256,resolved,inelastic,inelastic,True,,"UMAT_PCLK does not store a signed yield-function value in STATEV, so no distance to the branch surface is available",True,
2,inelastic,2,2,1|2,mixed,16.0,0.00064,-25255340.880505778,-0.1052305870021074,False,-2074061.1509076182,resolved,inelastic,elastic|inelastic,False,,"UMAT_PCLK does not store a signed yield-function value in STATEV, so no distance to the branch surface is available",False,"stencil left the nominal 'inelastic' branch (nodes reached 'elastic'), so the difference spans a non-smooth branch boundary"
2,inelastic,2,2,1|2,mixed,8.0,0.00032,28967785.794678163,0.12069910747782567,False,-2074061.1509076182,resolved,inelastic,elastic|inelastic,False,,"UMAT_PCLK does not store a signed yield-function value in STATEV, so no distance to the branch surface is available",False,"stencil left the nominal 'inelastic' branch (nodes reached 'elastic'), so the difference spans a non-smooth branch boundary"
2,inelastic,2,2,1|2,mixed,4.0,0.00016,199530.0595247982,0.0008313752480199925,False,-2074061.1509076182,resolved,inelastic,elastic|inelastic,False,,"UMAT_PCLK does not store a signed yield-function value in STATEV, so no distance to the branch surface is available",False,"stencil left the nominal 'inelastic' branch (nodes reached 'elastic'), so the difference spans a non-smooth branch boundary"
2,inelastic,2,2,1|2,mixed,2.0,8e-05,-2074791.7075971537,-0.008644965448321473,False,-2074061.1509076182,resolved,inelastic,elastic|inelastic,False,,"UMAT_PCLK does not store a signed yield-function value in STATEV, so no distance to the branch surface is available",False,"stencil left the nominal 'inelastic' branch (nodes reached 'elastic'), so the difference spans a non-smooth branch boundary"
2,inelastic,2,2,1|2,mixed,1.0,4e-05,-2074061.1511551128,-0.008641921463146303,False,-2074061.1509076182,resolved,inelastic,inelastic,True,,"UMAT_PCLK does not store a signed yield-function value in STATEV, so no distance to the branch surface is available",True,
2,inelastic,2,2,1|2,mixed,0.5,2e-05,-2074061.1508811598,-0.008641921462004832,False,-2074061.1509076182,resolved,inelastic,inelastic,True,,"UMAT_PCLK does not store a signed yield-function value in STATEV, so no distance to the branch surface is available",True,
2,inelastic,2,2,1|2,mixed,0.25,1e-05,-2074061.1509635642,-0.008641921462348184,False,-2074061.1509076182,resolved,inelastic,inelastic,True,,"UMAT_PCLK does not store a signed yield-function value in STATEV, so no distance to the branch surface is available",True,
2,inelastic,2,2,1|2,mixed,0.125,5e-06,-2074061.1504587033,-0.008641921460244596,False,-2074061.1509076182,resolved,inelastic,inelastic,True,,"UMAT_PCLK does not store a signed yield-function value in STATEV, so no distance to the branch surface is available",True,
2,inelastic,2,2,1|2,mixed,0.0625,2.5e-06,-2074061.1389744848,-0.008641921412393687,False,-2074061.1509076182,resolved,inelastic,inelastic,True,,"UMAT_PCLK does not store a signed yield-function value in STATEV, so no distance to the branch surface is available",True,
2,inelastic,3,2,1|2,mixed,16.0,0.00064,5039230.756169828,0.02099679481737428,False,14096226.838387888,resolved,inelastic,elastic|inelastic,False,,"UMAT_PCLK does not store a signed yield-function value in STATEV, so no distance to the branch surface is available",False,"stencil left the nominal 'inelastic' branch (nodes reached 'elastic'), so the difference spans a non-smooth branch boundary"
2,inelastic,3,2,1|2,mixed,8.0,0.00032,24657053.481922276,0.10273772284134282,False,14096226.838387888,resolved,inelastic,elastic|inelastic,False,,"UMAT_PCLK does not store a signed yield-function value in STATEV, so no distance to the branch surface is available",False,"stencil left the nominal 'inelastic' branch (nodes reached 'elastic'), so the difference spans a non-smooth branch boundary"
2,inelastic,3,2,1|2,mixed,4.0,0.00016,15190021.568747347,0.06329175653644728,False,14096226.838387888,resolved,inelastic,elastic|inelastic,False,,"UMAT_PCLK does not store a signed yield-function value in STATEV, so no distance to the branch surface is available",False,"stencil left the nominal 'inelastic' branch (nodes reached 'elastic'), so the difference spans a non-smooth branch boundary"
2,inelastic,3,2,1|2,mixed,2.0,8e-05,14095986.854053602,0.05873327855855667,False,14096226.838387888,resolved,inelastic,elastic|inelastic,False,,"UMAT_PCLK does not store a signed yield-function value in STATEV, so no distance to the branch surface is available",False,"stencil left the nominal 'inelastic' branch (nodes reached 'elastic'), so the difference spans a non-smooth branch boundary"
2,inelastic,3,2,1|2,mixed,1.0,4e-05,14096226.838408709,0.05873427849336962,False,14096226.838387888,resolved,inelastic,inelastic,True,,"UMAT_PCLK does not store a signed yield-function value in STATEV, so no distance to the branch surface is available",True,
2,inelastic,3,2,1|2,mixed,0.5,2e-05,14096226.838412818,0.058734278493386735,False,14096226.838387888,resolved,inelastic,inelastic,True,,"UMAT_PCLK does not store a signed yield-function value in STATEV, so no distance to the branch surface is available",True,
2,inelastic,3,2,1|2,mixed,0.25,1e-05,14096226.83864123,0.05873427849433845,False,14096226.838387888,resolved,inelastic,inelastic,True,,"UMAT_PCLK does not store a signed yield-function value in STATEV, so no distance to the branch surface is available",True,
2,inelastic,3,2,1|2,mixed,0.125,5e-06,14096226.837694615,0.058734278490394226,False,14096226.838387888,resolved,inelastic,inelastic,True,,"UMAT_PCLK does not store a signed yield-function value in STATEV, so no distance to the branch surface is available",True,
2,inelastic,3,2,1|2,mixed,0.0625,2.5e-06,14096226.840053111,0.058734278500221296,False,14096226.838387888,resolved,inelastic,inelastic,True,,"UMAT_PCLK does not store a signed yield-function value in STATEV, so no distance to the branch surface is available",True,
2,inelastic,4,2,1|2,mixed,16.0,0.00064,-889565.059044923,-0.003706521079353846,False,-2313730.6564192944,resolved,inelastic,elastic|inelastic,False,,"UMAT_PCLK does not store a signed yield-function value in STATEV, so no distance to the branch surface is available",False,"stencil left the nominal 'inelastic' branch (nodes reached 'elastic'), so the difference spans a non-smooth branch boundary"
2,inelastic,4,2,1|2,mixed,8.0,0.00032,-4634326.272839873,-0.01930969280349947,False,-2313730.6564192944,resolved,inelastic,elastic|inelastic,False,,"UMAT_PCLK does not store a signed yield-function value in STATEV, so no distance to the branch surface is available",False,"stencil left the nominal 'inelastic' branch (nodes reached 'elastic'), so the difference spans a non-smooth branch boundary"
2,inelastic,4,2,1|2,mixed,4.0,0.00016,-2515065.199983991,-0.010479438333266628,False,-2313730.6564192944,resolved,inelastic,elastic|inelastic,False,,"UMAT_PCLK does not store a signed yield-function value in STATEV, so no distance to the branch surface is available",False,"stencil left the nominal 'inelastic' branch (nodes reached 'elastic'), so the difference spans a non-smooth branch boundary"
2,inelastic,4,2,1|2,mixed,2.0,8e-05,-2313679.3620099644,-0.009640330675041518,False,-2313730.6564192944,resolved,inelastic,elastic|inelastic,False,,"UMAT_PCLK does not store a signed yield-function value in STATEV, so no distance to the branch surface is available",False,"stencil left the nominal 'inelastic' branch (nodes reached 'elastic'), so the difference spans a non-smooth branch boundary"
2,inelastic,4,2,1|2,mixed,1.0,4e-05,-2313730.6564030703,-0.00964054440167946,False,-2313730.6564192944,resolved,inelastic,inelastic,True,,"UMAT_PCLK does not store a signed yield-function value in STATEV, so no distance to the branch surface is available",True,
2,inelastic,4,2,1|2,mixed,0.5,2e-05,-2313730.65641889,-0.009640544401745376,False,-2313730.6564192944,resolved,inelastic,inelastic,True,,"UMAT_PCLK does not store a signed yield-function value in STATEV, so no distance to the branch surface is available",True,
2,inelastic,4,2,1|2,mixed,0.25,1e-05,-2313730.656435899,-0.009640544401816246,False,-2313730.6564192944,resolved,inelastic,inelastic,True,,"UMAT_PCLK does not store a signed yield-function value in STATEV, so no distance to the branch surface is available",True,
2,inelastic,4,2,1|2,mixed,0.125,5e-06,-2313730.6564544747,-0.009640544401893643,False,-2313730.6564192944,resolved,inelastic,inelastic,True,,"UMAT_PCLK does not store a signed yield-function value in STATEV, so no distance to the branch surface is available",True,
2,inelastic,4,2,1|2,mixed,0.0625,2.5e-06,-2313730.6564286184,-0.00964054440178591,False,-2313730.6564192944,resolved,inelastic,inelastic,True,,"UMAT_PCLK does not store a signed yield-function value in STATEV, so no distance to the branch surface is available",True,
3,inelastic,1,2,1|1,repeated,16.0,0.00064,-6796571.310532545,-0.028319047127218937,False,-6789513.585034737,resolved,inelastic,inelastic,True,,"UMAT_PCLK does not store a signed yield-function value in STATEV, so no distance to the branch surface is available",True,
3,inelastic,1,2,1|1,repeated,8.0,0.00032,-6789530.121064981,-0.028289708837770756,False,-6789513.585034737,resolved,inelastic,inelastic,True,,"UMAT_PCLK does not store a signed yield-function value in STATEV, so no distance to the branch surface is available",True,
3,inelastic,1,2,1|1,repeated,4.0,0.00016,-6789513.6364973765,-0.0282896401520724,False,-6789513.585034737,resolved,inelastic,inelastic,True,,"UMAT_PCLK does not store a signed yield-function value in STATEV, so no distance to the branch surface is available",True,
3,inelastic,1,2,1|1,repeated,2.0,8e-05,-6789513.58522708,-0.028289639938446166,False,-6789513.585034737,resolved,inelastic,inelastic,True,,"UMAT_PCLK does not store a signed yield-function value in STATEV, so no distance to the branch surface is available",True,
3,inelastic,1,2,1|1,repeated,1.0,4e-05,-6789513.584959745,-0.02828963993733227,False,-6789513.585034737,resolved,inelastic,inelastic,True,,"UMAT_PCLK does not store a signed yield-function value in STATEV, so no distance to the branch surface is available",True,
3,inelastic,1,2,1|1,repeated,0.5,2e-05,-6789513.585082531,-0.028289639937843877,False,-6789513.585034737,resolved,inelastic,inelastic,True,,"UMAT_PCLK does not store a signed yield-function value in STATEV, so no distance to the branch surface is available",True,
3,inelastic,1,2,1|1,repeated,0.25,1e-05,-6789513.584086418,-0.02828963993369341,False,-6789513.585034737,resolved,inelastic,inelastic,True,,"UMAT_PCLK does not store a signed yield-function value in STATEV, so no distance to the branch surface is available",True,
3,inelastic,1,2,1|1,repeated,0.125,5e-06,-6789513.585319519,-0.028289639938831327,False,-6789513.585034737,resolved,inelastic,inelastic,True,,"UMAT_PCLK does not store a signed yield-function value in STATEV, so no distance to the branch surface is available",True,
3,inelastic,1,2,1|1,repeated,0.0625,2.5e-06,-6789513.558227539,-0.028289639825948076,False,-6789513.585034737,resolved,inelastic,inelastic,True,,"UMAT_PCLK does not store a signed yield-function value in STATEV, so no distance to the branch surface is available",True,
3,inelastic,2,2,1|1,repeated,16.0,0.00064,-3819747.49563919,-0.01591561456516329,False,-3823866.538705902,resolved,inelastic,inelastic,True,,"UMAT_PCLK does not store a signed yield-function value in STATEV, so no distance to the branch surface is available",True,
3,inelastic,2,2,1|1,repeated,8.0,0.00032,-3823867.918598852,-0.015932782994161884,False,-3823866.538705902,resolved,inelastic,inelastic,True,,"UMAT_PCLK does not store a signed yield-function value in STATEV, so no distance to the branch surface is available",True,
3,inelastic,2,2,1|1,repeated,4.0,0.00016,-3823866.552994985,-0.01593277730414577,False,-3823866.538705902,resolved,inelastic,inelastic,True,,"UMAT_PCLK does not store a signed yield-function value in STATEV, so no distance to the branch surface is available",True,
3,inelastic,2,2,1|1,repeated,2.0,8e-05,-3823866.5388032943,-0.015932777245013727,False,-3823866.538705902,resolved,inelastic,inelastic,True,,"UMAT_PCLK does not store a signed yield-function value in STATEV, so no distance to the branch surface is available",True,
3,inelastic,2,2,1|1,repeated,1.0,4e-05,-3823866.5387548953,-0.01593277724481206,False,-3823866.538705902,resolved,inelastic,inelastic,True,,"UMAT_PCLK does not store a signed yield-function value in STATEV, so no distance to the branch surface is available",True,
3,inelastic,2,2,1|1,repeated,0.5,2e-05,-3823866.5386357903,-0.015932777244315792,False,-3823866.538705902,resolved,inelastic,inelastic,True,,"UMAT_PCLK does not store a signed yield-function value in STATEV, so no distance to the branch surface is available",True,
3,inelastic,2,2,1|1,repeated,0.25,1e-05,-3823866.53938365,-0.015932777247431872,False,-3823866.538705902,resolved,inelastic,inelastic,True,,"UMAT_PCLK does not store a signed yield-function value in STATEV, so no distance to the branch surface is available",True,
3,inelastic,2,2,1|1,repeated,0.125,5e-06,-3823866.5388776064,-0.01593277724532336,False,-3823866.538705902,resolved,inelastic,inelastic,True,,"UMAT_PCLK does not store a signed yield-function value in STATEV, so no distance to the branch surface is available",True,
3,inelastic,2,2,1|1,repeated,0.0625,2.5e-06,-3823866.5357801914,-0.015932777232417462,False,-3823866.538705902,resolved,inelastic,inelastic,True,,"UMAT_PCLK does not store a signed yield-function value in STATEV, so no distance to the branch surface is available",True,
3,inelastic,3,2,1|1,repeated,16.0,0.00064,10616318.806172613,0.044234661692385886,False,10613380.123740641,resolved,inelastic,inelastic,True,,"UMAT_PCLK does not store a signed yield-function value in STATEV, so no distance to the branch surface is available",True,
3,inelastic,3,2,1|1,repeated,8.0,0.00032,10613398.039666379,0.044222491831943246,False,10613380.123740641,resolved,inelastic,inelastic,True,,"UMAT_PCLK does not store a signed yield-function value in STATEV, so no distance to the branch surface is available",True,
3,inelastic,3,2,1|1,repeated,4.0,0.00016,10613380.18950413,0.044222417456267205,False,10613380.123740641,resolved,inelastic,inelastic,True,,"UMAT_PCLK does not store a signed yield-function value in STATEV, so no distance to the branch surface is available",True,
3,inelastic,3,2,1|1,repeated,2.0,8e-05,10613380.123984072,0.044222417183266964,False,10613380.123740641,resolved,inelastic,inelastic,True,,"UMAT_PCLK does not store a signed yield-function value in STATEV, so no distance to the branch surface is available",True,
3,inelastic,3,2,1|1,repeated,1.0,4e-05,10613380.123766318,0.044222417182359655,False,10613380.123740641,resolved,inelastic,inelastic,True,,"UMAT_PCLK does not store a signed yield-function value in STATEV, so no distance to the branch surface is available",True,
3,inelastic,3,2,1|1,repeated,0.5,2e-05,10613380.12404865,0.04422241718353604,False,10613380.123740641,resolved,inelastic,inelastic,True,,"UMAT_PCLK does not store a signed yield-function value in STATEV, so no distance to the branch surface is available",True,
3,inelastic,3,2,1|1,repeated,0.25,1e-05,10613380.124294758,0.044222417184561484,False,10613380.123740641,resolved,inelastic,inelastic,True,,"UMAT_PCLK does not store a signed yield-function value in STATEV, so no distance to the branch surface is available",True,
3,inelastic,3,2,1|1,repeated,0.125,5e-06,10613380.12434864,0.044222417184786,False,10613380.123740641,resolved,inelastic,inelastic,True,,"UMAT_PCLK does not store a signed yield-function value in STATEV, so no distance to the branch surface is available",True,
3,inelastic,3,2,1|1,repeated,0.0625,2.5e-06,10613380.136249542,0.0442224172343731,False,10613380.123740641,resolved,inelastic,inelastic,True,,"UMAT_PCLK does not store a signed yield-function value in STATEV, so no distance to the branch surface is available",True,
3,inelastic,4,2,1|1,repeated,16.0,0.00064,1294518.148692075,0.005393825619550313,False,1294436.2739758953,resolved,inelastic,inelastic,True,,"UMAT_PCLK does not store a signed yield-function value in STATEV, so no distance to the branch surface is available",True,
3,inelastic,4,2,1|1,repeated,8.0,0.00032,1294438.1880069843,0.0053934924500291005,False,1294436.2739758953,resolved,inelastic,inelastic,True,,"UMAT_PCLK does not store a signed yield-function value in STATEV, so no distance to the branch surface is available",True,
3,inelastic,4,2,1|1,repeated,4.0,0.00016,1294436.28149391,0.005393484506224624,False,1294436.2739758953,resolved,inelastic,inelastic,True,,"UMAT_PCLK does not store a signed yield-function value in STATEV, so no distance to the branch surface is available",True,
3,inelastic,4,2,1|1,repeated,2.0,8e-05,1294436.2740061968,0.0053934844750258195,False,1294436.2739758953,resolved,inelastic,inelastic,True,,"UMAT_PCLK does not store a signed yield-function value in STATEV, so no distance to the branch surface is available",True,
3,inelastic,4,2,1|1,repeated,1.0,4e-05,1294436.2739773449,0.005393484474905603,False,1294436.2739758953,resolved,inelastic,inelastic,True,,"UMAT_PCLK does not store a signed yield-function value in STATEV, so no distance to the branch surface is available",True,
3,inelastic,4,2,1|1,repeated,0.5,2e-05,1294436.2739735246,0.005393484474889685,False,1294436.2739758953,resolved,inelastic,inelastic,True,,"UMAT_PCLK does not store a signed yield-function value in STATEV, so no distance to the branch surface is available",True,
3,inelastic,4,2,1|1,repeated,0.25,1e-05,1294436.2739824653,0.0053934844749269385,False,1294436.2739758953,resolved,inelastic,inelastic,True,,"UMAT_PCLK does not store a signed yield-function value in STATEV, so no distance to the branch surface is available",True,
3,inelastic,4,2,1|1,repeated,0.125,5e-06,1294436.2740770578,0.005393484475321075,False,1294436.2739758953,resolved,inelastic,inelastic,True,,"UMAT_PCLK does not store a signed yield-function value in STATEV, so no distance to the branch surface is available",True,
3,inelastic,4,2,1|1,repeated,0.0625,2.5e-06,1294436.2741231918,0.005393484475513299,False,1294436.2739758953,resolved,inelastic,inelastic,True,,"UMAT_PCLK does not store a signed yield-function value in STATEV, so no distance to the branch surface is available",True,
3,inelastic,1,3,1|1|1,repeated,16.0,0.00064,6547025709.79026,0.027279273790792754,False,6799981984.708042,resolved,inelastic,inelastic,True,,"UMAT_PCLK does not store a signed yield-function value in STATEV, so no distance to the branch surface is available",True,
3,inelastic,1,3,1|1|1,repeated,8.0,0.00032,6798430291.22364,0.0283267928800985,False,6799981984.708042,resolved,inelastic,inelastic,True,,"UMAT_PCLK does not store a signed yield-function value in STATEV, so no distance to the branch surface is available",True,
3,inelastic,1,3,1|1|1,repeated,4.0,0.00016,6799965543.07666,0.028333189762819417,False,6799981984.708042,resolved,inelastic,inelastic,True,,"UMAT_PCLK does not store a signed yield-function value in STATEV, so no distance to the branch surface is available",True,
3,inelastic,1,3,1|1|1,repeated,2.0,8e-05,6799981755.173828,0.028333257313224284,False,6799981984.708042,resolved,inelastic,inelastic,True,,"UMAT_PCLK does not store a signed yield-function value in STATEV, so no distance to the branch surface is available",True,
3,inelastic,1,3,1|1|1,repeated,1.0,4e-05,6799981977.671875,0.028333258240299482,False,6799981984.708042,resolved,inelastic,inelastic,True,,"UMAT_PCLK does not store a signed yield-function value in STATEV, so no distance to the branch surface is available",True,
3,inelastic,1,3,1|1|1,repeated,0.5,2e-05,6799981997.25,0.028333258321875002,False,6799981984.708042,resolved,inelastic,inelastic,True,,"UMAT_PCLK does not store a signed yield-function value in STATEV, so no distance to the branch surface is available",True,
3,inelastic,1,3,1|1|1,repeated,0.25,1e-05,6799981724.0,0.028333257183333335,False,6799981984.708042,resolved,inelastic,inelastic,True,,"UMAT_PCLK does not store a signed yield-function value in STATEV, so no distance to the branch surface is available",True,
3,inelastic,1,3,1|1|1,repeated,0.125,5e-06,6799982904.0,0.0283332621,False,6799981984.708042,resolved,inelastic,inelastic,True,,"UMAT_PCLK does not store a signed yield-function value in STATEV, so no distance to the branch surface is available",True,
3,inelastic,1,3,1|1|1,repeated,0.0625,2.5e-06,6799977280.0,0.028333238666666666,False,6799981984.708042,resolved,inelastic,inelastic,True,,"UMAT_PCLK does not store a signed yield-function value in STATEV, so no distance to the branch surface is available",True,
3,inelastic,2,3,1|1|1,repeated,16.0,0.00064,948182916.9525528,0.00395076215396897,False,897117644.087549,resolved,inelastic,inelastic,True,,"UMAT_PCLK does not store a signed yield-function value in STATEV, so no distance to the branch surface is available",True,
3,inelastic,2,3,1|1|1,repeated,8.0,0.00032,895802433.0640564,0.003732510137766902,False,897117644.087549,resolved,inelastic,inelastic,True,,"UMAT_PCLK does not store a signed yield-function value in STATEV, so no distance to the branch surface is available",True,
3,inelastic,2,3,1|1|1,repeated,4.0,0.00016,897094698.2713623,0.0037378945761306764,False,897117644.087549,resolved,inelastic,inelastic,True,,"UMAT_PCLK does not store a signed yield-function value in STATEV, so no distance to the branch surface is available",True,
3,inelastic,2,3,1|1|1,repeated,2.0,8e-05,897117280.7480469,0.0037379886697835292,False,897117644.087549,resolved,inelastic,inelastic,True,,"UMAT_PCLK does not store a signed yield-function value in STATEV, so no distance to the branch surface is available",True,
3,inelastic,2,3,1|1|1,repeated,1.0,4e-05,897117635.4726562,0.0037379901478027345,False,897117644.087549,resolved,inelastic,inelastic,True,,"UMAT_PCLK does not store a signed yield-function value in STATEV, so no distance to the branch surface is available",True,
3,inelastic,2,3,1|1|1,repeated,0.5,2e-05,897117646.25,0.0037379901927083333,False,897117644.087549,resolved,inelastic,inelastic,True,,"UMAT_PCLK does not store a signed yield-function value in STATEV, so no distance to the branch surface is available",True,
3,inelastic,2,3,1|1|1,repeated,0.25,1e-05,897117639.5859375,0.0037379901649414065,False,897117644.087549,resolved,inelastic,inelastic,True,,"UMAT_PCLK does not store a signed yield-function value in STATEV, so no distance to the branch surface is available",True,
3,inelastic,2,3,1|1|1,repeated,0.125,5e-06,897118291.0,0.003737992879166667,False,897117644.087549,resolved,inelastic,inelastic,True,,"UMAT_PCLK does not store a signed yield-function value in STATEV, so no distance to the branch surface is available",True,
3,inelastic,2,3,1|1|1,repeated,0.0625,2.5e-06,897119188.0,0.003737996616666667,False,897117644.087549,resolved,inelastic,inelastic,True,,"UMAT_PCLK does not store a signed yield-function value in STATEV, so no distance to the branch surface is available",True,
3,inelastic,3,3,1|1|1,repeated,16.0,0.00064,-7495208626.74218,-0.031230035944759087,False,-7697099628.795591,resolved,inelastic,inelastic,True,,"UMAT_PCLK does not store a signed yield-function value in STATEV, so no distance to the branch surface is available",True,
3,inelastic,3,3,1|1|1,repeated,8.0,0.00032,-7694232724.288956,-0.032059303017870654,False,-7697099628.795591,resolved,inelastic,inelastic,True,,"UMAT_PCLK does not store a signed yield-function value in STATEV, so no distance to the branch surface is available",True,
3,inelastic,3,3,1|1|1,repeated,4.0,0.00016,-7697060241.459564,-0.03207108433941485,False,-7697099628.795591,resolved,inelastic,inelastic,True,,"UMAT_PCLK does not store a signed yield-function value in STATEV, so no distance to the branch surface is available",True,
3,inelastic,3,3,1|1|1,repeated,2.0,8e-05,-7697099034.868164,-0.03207124597861735,False,-7697099628.795591,resolved,inelastic,inelastic,True,,"UMAT_PCLK does not store a signed yield-function value in STATEV, so no distance to the branch surface is available",True,
3,inelastic,3,3,1|1|1,repeated,1.0,4e-05,-7697099621.96875,-0.032071248424869796,False,-7697099628.795591,resolved,inelastic,inelastic,True,,"UMAT_PCLK does not store a signed yield-function value in STATEV, so no distance to the branch surface is available",True,
3,inelastic,3,3,1|1|1,repeated,0.5,2e-05,-7697099620.125,-0.0320712484171875,False,-7697099628.795591,resolved,inelastic,inelastic,True,,"UMAT_PCLK does not store a signed yield-function value in STATEV, so no distance to the branch surface is available",True,
3,inelastic,3,3,1|1|1,repeated,0.25,1e-05,-7697099607.0,-0.0320712483625,False,-7697099628.795591,resolved,inelastic,inelastic,True,,"UMAT_PCLK does not store a signed yield-function value in STATEV, so no distance to the branch surface is available",True,
3,inelastic,3,3,1|1|1,repeated,0.125,5e-06,-7697099608.0,-0.032071248366666666,False,-7697099628.795591,resolved,inelastic,inelastic,True,,"UMAT_PCLK does not store a signed yield-function value in STATEV, so no distance to the branch surface is available",True,
3,inelastic,3,3,1|1|1,repeated,0.0625,2.5e-06,-7697095392.0,-0.0320712308,False,-7697099628.795591,resolved,inelastic,inelastic,True,,"UMAT_PCLK does not store a signed yield-function value in STATEV, so no distance to the branch surface is available",True,
3,inelastic,4,3,1|1|1,repeated,16.0,0.00064,-820552377.6332957,-0.003418968240138732,False,-838563461.1777644,resolved,inelastic,inelastic,True,,"UMAT_PCLK does not store a signed yield-function value in STATEV, so no distance to the branch surface is available",True,
3,inelastic,4,3,1|1|1,repeated,8.0,0.00032,-838198728.7561259,-0.003492494703150525,False,-838563461.1777644,resolved,inelastic,inelastic,True,,"UMAT_PCLK does not store a signed yield-function value in STATEV, so no distance to the branch surface is available",True,
3,inelastic,4,3,1|1|1,repeated,4.0,0.00016,-838558189.8028297,-0.003493992457511791,False,-838563461.1777644,resolved,inelastic,inelastic,True,,"UMAT_PCLK does not store a signed yield-function value in STATEV, so no distance to the branch surface is available",True,
3,inelastic,4,3,1|1|1,repeated,2.0,8e-05,-838563380.7704468,-0.003494014086543528,False,-838563461.1777644,resolved,inelastic,inelastic,True,,"UMAT_PCLK does not store a signed yield-function value in STATEV, so no distance to the branch surface is available",True,
3,inelastic,4,3,1|1|1,repeated,1.0,4e-05,-838563459.9121094,-0.003494014416300456,False,-838563461.1777644,resolved,inelastic,inelastic,True,,"UMAT_PCLK does not store a signed yield-function value in STATEV, so no distance to the branch surface is available",True,
3,inelastic,4,3,1|1|1,repeated,0.5,2e-05,-838563460.9765625,-0.0034940144207356773,False,-838563461.1777644,resolved,inelastic,inelastic,True,,"UMAT_PCLK does not store a signed yield-function value in STATEV, so no distance to the branch surface is available",True,
3,inelastic,4,3,1|1|1,repeated,0.25,1e-05,-838563464.6875,-0.003494014436197917,False,-838563461.1777644,resolved,inelastic,inelastic,True,,"UMAT_PCLK does not store a signed yield-function value in STATEV, so no distance to the branch surface is available",True,
3,inelastic,4,3,1|1|1,repeated,0.125,5e-06,-838563465.25,-0.0034940144385416667,False,-838563461.1777644,resolved,inelastic,inelastic,True,,"UMAT_PCLK does not store a signed yield-function value in STATEV, so no distance to the branch surface is available",True,
3,inelastic,4,3,1|1|1,repeated,0.0625,2.5e-06,-838563250.0,-0.003494013541666667,False,-838563461.1777644,resolved,inelastic,inelastic,True,,"UMAT_PCLK does not store a signed yield-function value in STATEV, so no distance to the branch surface is available",True,
3,inelastic,1,4,1|1|1|1,repeated,16.0,0.00064,-7693906377595.977,-0.03205794323998324,False,-7985001830277.361,resolved,inelastic,inelastic,True,,"UMAT_PCLK does not store a signed yield-function value in STATEV, so no distance to the branch surface is available",True,
3,inelastic,1,4,1|1|1|1,repeated,8.0,0.00032,-7982260844923.344,-0.03325942018718061,False,-7985001830277.361,resolved,inelastic,inelastic,True,,"UMAT_PCLK does not store a signed yield-function value in STATEV, so no distance to the branch surface is available",True,
3,inelastic,1,4,1|1|1|1,repeated,4.0,0.00016,-7984967548991.0,-0.03327069812079584,False,-7985001830277.361,resolved,inelastic,inelastic,True,,"UMAT_PCLK does not store a signed yield-function value in STATEV, so no distance to the branch surface is available",True,
3,inelastic,1,4,1|1|1|1,repeated,2.0,8e-05,-7985001327712.0,-0.033270838865466675,False,-7985001830277.361,resolved,inelastic,inelastic,True,,"UMAT_PCLK does not store a signed yield-function value in STATEV, so no distance to the branch surface is available",True,
3,inelastic,1,4,1|1|1|1,repeated,1.0,4e-05,-7985001930240.0,-0.033270841376000004,False,-7985001830277.361,resolved,inelastic,inelastic,True,,"UMAT_PCLK does not store a signed yield-function value in STATEV, so no distance to the branch surface is available",True,
3,inelastic,1,4,1|1|1|1,repeated,0.5,2e-05,-7985000693760.0,-0.033270836224000004,False,-7985001830277.361,resolved,inelastic,inelastic,True,,"UMAT_PCLK does not store a signed yield-function value in STATEV, so no distance to the branch surface is available",True,
3,inelastic,1,4,1|1|1|1,repeated,0.25,1e-05,-7985040195584.0,-0.03327100081493334,False,-7985001830277.361,resolved,inelastic,inelastic,True,,"UMAT_PCLK does not store a signed yield-function value in STATEV, so no distance to the branch surface is available",True,
3,inelastic,1,4,1|1|1|1,repeated,0.125,5e-06,-7985034166272.0,-0.033270975692800006,False,-7985001830277.361,resolved,inelastic,inelastic,True,,"UMAT_PCLK does not store a signed yield-function value in STATEV, so no distance to the branch surface is available",True,
3,inelastic,1,4,1|1|1|1,repeated,0.0625,2.5e-06,-7998537728000.0,-0.03332724053333334,False,-7985001830277.361,resolved,inelastic,inelastic,True,,"UMAT_PCLK does not store a signed yield-function value in STATEV, so no distance to the branch surface is available",True,
3,inelastic,2,4,1|1|1|1,repeated,16.0,0.00064,1467879853336.7188,0.006116166055569663,False,1633366353721.6074,resolved,inelastic,inelastic,True,,"UMAT_PCLK does not store a signed yield-function value in STATEV, so no distance to the branch surface is available",True,
3,inelastic,2,4,1|1|1|1,repeated,8.0,0.00032,1633608983263.0,0.006806704096929168,False,1633366353721.6074,resolved,inelastic,inelastic,True,,"UMAT_PCLK does not store a signed yield-function value in STATEV, so no distance to the branch surface is available",True,
3,inelastic,2,4,1|1|1|1,repeated,4.0,0.00016,1633375925904.0,0.006805733024600001,False,1633366353721.6074,resolved,inelastic,inelastic,True,,"UMAT_PCLK does not store a signed yield-function value in STATEV, so no distance to the branch surface is available",True,
3,inelastic,2,4,1|1|1|1,repeated,2.0,8e-05,1633366549624.0,0.006805693956766668,False,1633366353721.6074,resolved,inelastic,inelastic,True,,"UMAT_PCLK does not store a signed yield-function value in STATEV, so no distance to the branch surface is available",True,
3,inelastic,2,4,1|1|1|1,repeated,1.0,4e-05,1633366414144.0,0.006805693392266668,False,1633366353721.6074,resolved,inelastic,inelastic,True,,"UMAT_PCLK does not store a signed yield-function value in STATEV, so no distance to the branch surface is available",True,
3,inelastic,2,4,1|1|1|1,repeated,0.5,2e-05,1633364820480.0,0.0068056867520000005,False,1633366353721.6074,resolved,inelastic,inelastic,True,,"UMAT_PCLK does not store a signed yield-function value in STATEV, so no distance to the branch surface is available",True,
3,inelastic,2,4,1|1|1|1,repeated,0.25,1e-05,1633401333248.0,0.006805838888533334,False,1633366353721.6074,resolved,inelastic,inelastic,True,,"UMAT_PCLK does not store a signed yield-function value in STATEV, so no distance to the branch surface is available",True,
3,inelastic,2,4,1|1|1|1,repeated,0.125,5e-06,1633260322816.0,0.006805251345066668,False,1633366353721.6074,resolved,inelastic,inelastic,True,,"UMAT_PCLK does not store a signed yield-function value in STATEV, so no distance to the branch surface is available",True,
3,inelastic,2,4,1|1|1|1,repeated,0.0625,2.5e-06,1630627430400.0,0.006794280960000001,False,1633366353721.6074,resolved,inelastic,inelastic,True,,"UMAT_PCLK does not store a signed yield-function value in STATEV, so no distance to the branch surface is available",True,
3,inelastic,3,4,1|1|1|1,repeated,16.0,0.00064,6226026524253.5,0.02594177718438959,False,6351635476555.756,resolved,inelastic,inelastic,True,,"UMAT_PCLK does not store a signed yield-function value in STATEV, so no distance to the branch surface is available",True,
3,inelastic,3,4,1|1|1|1,repeated,8.0,0.00032,6348651861556.406,0.026452716089818366,False,6351635476555.756,resolved,inelastic,inelastic,True,,"UMAT_PCLK does not store a signed yield-function value in STATEV, so no distance to the branch surface is available",True,
3,inelastic,3,4,1|1|1|1,repeated,4.0,0.00016,6351591621400.75,0.026464965089169797,False,6351635476555.756,resolved,inelastic,inelastic,True,,"UMAT_PCLK does not store a signed yield-function value in STATEV, so no distance to the branch surface is available",True,
3,inelastic,3,4,1|1|1|1,repeated,2.0,8e-05,6351634810056.0,0.026465145041900003,False,6351635476555.756,resolved,inelastic,inelastic,True,,"UMAT_PCLK does not store a signed yield-function value in STATEV, so no distance to the branch surface is available",True,
3,inelastic,3,4,1|1|1|1,repeated,1.0,4e-05,6351635317120.0,0.026465147154666673,False,6351635476555.756,resolved,inelastic,inelastic,True,,"UMAT_PCLK does not store a signed yield-function value in STATEV, so no distance to the branch surface is available",True,
3,inelastic,3,4,1|1|1|1,repeated,0.5,2e-05,6351631118336.0,0.026465129659733338,False,6351635476555.756,resolved,inelastic,inelastic,True,,"UMAT_PCLK does not store a signed yield-function value in STATEV, so no distance to the branch surface is available",True,
3,inelastic,3,4,1|1|1|1,repeated,0.25,1e-05,6351611887616.0,0.02646504953173334,False,6351635476555.756,resolved,inelastic,inelastic,True,,"UMAT_PCLK does not store a signed yield-function value in STATEV, so no distance to the branch surface is available",True,
3,inelastic,3,4,1|1|1|1,repeated,0.125,5e-06,6351263629312.0,0.026463598455466673,False,6351635476555.756,resolved,inelastic,inelastic,True,,"UMAT_PCLK does not store a signed yield-function value in STATEV, so no distance to the branch surface is available",True,
3,inelastic,3,4,1|1|1|1,repeated,0.0625,2.5e-06,6339371728896.0,0.026414048870400005,False,6351635476555.756,resolved,inelastic,inelastic,True,,"UMAT_PCLK does not store a signed yield-function value in STATEV, so no distance to the branch surface is available",True,
3,inelastic,4,4,1|1|1|1,repeated,16.0,0.00064,561145010131.2483,0.0023381042088802015,False,565209387947.4725,resolved,inelastic,inelastic,True,,"UMAT_PCLK does not store a signed yield-function value in STATEV, so no distance to the branch surface is available",True,
3,inelastic,4,4,1|1|1|1,repeated,8.0,0.00032,564889951019.2109,0.0023537081292467127,False,565209387947.4725,resolved,inelastic,inelastic,True,,"UMAT_PCLK does not store a signed yield-function value in STATEV, so no distance to the branch surface is available",True,
3,inelastic,4,4,1|1|1|1,repeated,4.0,0.00016,565204371974.8438,0.0023550182165618496,False,565209387947.4725,resolved,inelastic,inelastic,True,,"UMAT_PCLK does not store a signed yield-function value in STATEV, so no distance to the branch surface is available",True,
3,inelastic,4,4,1|1|1|1,repeated,2.0,8e-05,565209308946.5,0.0023550387872770836,False,565209387947.4725,resolved,inelastic,inelastic,True,,"UMAT_PCLK does not store a signed yield-function value in STATEV, so no distance to the branch surface is available",True,
3,inelastic,4,4,1|1|1|1,repeated,1.0,4e-05,565209385120.0,0.002355039104666667,False,565209387947.4725,resolved,inelastic,inelastic,True,,"UMAT_PCLK does not store a signed yield-function value in STATEV, so no distance to the branch surface is available",True,
3,inelastic,4,4,1|1|1|1,repeated,0.5,2e-05,565209376384.0,0.0023550390682666672,False,565209387947.4725,resolved,inelastic,inelastic,True,,"UMAT_PCLK does not store a signed yield-function value in STATEV, so no distance to the branch surface is available",True,
3,inelastic,4,4,1|1|1|1,repeated,0.25,1e-05,565207937024.0,0.0023550330709333337,False,565209387947.4725,resolved,inelastic,inelastic,True,,"UMAT_PCLK does not store a signed yield-function value in STATEV, so no distance to the branch surface is available",True,
3,inelastic,4,4,1|1|1|1,repeated,0.125,5e-06,565198880768.0,0.0023549953365333337,False,565209387947.4725,resolved,inelastic,inelastic,True,,"UMAT_PCLK does not store a signed yield-function value in STATEV, so no distance to the branch surface is available",True,
3,inelastic,4,4,1|1|1|1,repeated,0.0625,2.5e-06,564936572928.0,0.0023539023872000005,False,565209387947.4725,resolved,inelastic,inelastic,True,,"UMAT_PCLK does not store a signed yield-function value in STATEV, so no distance to the branch surface is available",True,
3,inelastic,1,3,1|1|2,mixed,16.0,0.00064,-2226394914.4543014,-0.009276645476892923,False,912020702.744385,resolved,inelastic,elastic|inelastic,False,,"UMAT_PCLK does not store a signed yield-function value in STATEV, so no distance to the branch surface is available",False,"stencil left the nominal 'inelastic' branch (nodes reached 'elastic'), so the difference spans a non-smooth branch boundary"
3,inelastic,1,3,1|1|2,mixed,8.0,0.00032,915601788.3780799,0.003815007451575333,False,912020702.744385,resolved,inelastic,elastic|inelastic,False,,"UMAT_PCLK does not store a signed yield-function value in STATEV, so no distance to the branch surface is available",False,"stencil left the nominal 'inelastic' branch (nodes reached 'elastic'), so the difference spans a non-smooth branch boundary"
3,inelastic,1,3,1|1|2,mixed,4.0,0.00016,912020649.2544433,0.003800086038560181,False,912020702.744385,resolved,inelastic,inelastic,True,,"UMAT_PCLK does not store a signed yield-function value in STATEV, so no distance to the branch surface is available",True,
3,inelastic,1,3,1|1|2,mixed,2.0,8e-05,912020703.0423529,0.0038000862626764707,False,912020702.744385,resolved,inelastic,inelastic,True,,"UMAT_PCLK does not store a signed yield-function value in STATEV, so no distance to the branch surface is available",True,
3,inelastic,1,3,1|1|2,mixed,1.0,4e-05,912020699.5627785,0.003800086248178244,False,912020702.744385,resolved,inelastic,inelastic,True,,"UMAT_PCLK does not store a signed yield-function value in STATEV, so no distance to the branch surface is available",True,
3,inelastic,1,3,1|1|2,mixed,0.5,2e-05,912020708.45578,0.003800086285232417,False,912020702.744385,resolved,inelastic,inelastic,True,,"UMAT_PCLK does not store a signed yield-function value in STATEV, so no distance to the branch surface is available",True,
3,inelastic,1,3,1|1|2,mixed,0.25,1e-05,912020574.9316406,0.0038000857288818363,False,912020702.744385,resolved,inelastic,inelastic,True,,"UMAT_PCLK does not store a signed yield-function value in STATEV, so no distance to the branch surface is available",True,
3,inelastic,1,3,1|1|2,mixed,0.125,5e-06,912022445.1855469,0.0038000935216064456,False,912020702.744385,resolved,inelastic,inelastic,True,,"UMAT_PCLK does not store a signed yield-function value in STATEV, so no distance to the branch surface is available",True,
3,inelastic,1,3,1|1|2,mixed,0.0625,2.5e-06,912032477.796875,0.003800135324153646,False,912020702.744385,resolved,inelastic,inelastic,True,,"UMAT_PCLK does not store a signed yield-function value in STATEV, so no distance to the branch surface is available",True,
3,inelastic,2,3,1|1|2,mixed,16.0,0.00064,190198181.45802727,0.0007924924227417803,False,-3249984612.810498,resolved,inelastic,elastic|inelastic,False,,"UMAT_PCLK does not store a signed yield-function value in STATEV, so no distance to the branch surface is available",False,"stencil left the nominal 'inelastic' branch (nodes reached 'elastic'), so the difference spans a non-smooth branch boundary"
3,inelastic,2,3,1|1|2,mixed,8.0,0.00032,-3253908430.127237,-0.01355795179219682,False,-3249984612.810498,resolved,inelastic,elastic|inelastic,False,,"UMAT_PCLK does not store a signed yield-function value in STATEV, so no distance to the branch surface is available",False,"stencil left the nominal 'inelastic' branch (nodes reached 'elastic'), so the difference spans a non-smooth branch boundary"
3,inelastic,2,3,1|1|2,mixed,4.0,0.00016,-3249983827.5658374,-0.013541599281524323,False,-3249984612.810498,resolved,inelastic,inelastic,True,,"UMAT_PCLK does not store a signed yield-function value in STATEV, so no distance to the branch surface is available",True,
3,inelastic,2,3,1|1|2,mixed,2.0,8e-05,-3249984609.732458,-0.01354160254055191,False,-3249984612.810498,resolved,inelastic,inelastic,True,,"UMAT_PCLK does not store a signed yield-function value in STATEV, so no distance to the branch surface is available",True,
3,inelastic,2,3,1|1|2,mixed,1.0,4e-05,-3249984612.338291,-0.013541602551409546,False,-3249984612.810498,resolved,inelastic,inelastic,True,,"UMAT_PCLK does not store a signed yield-function value in STATEV, so no distance to the branch surface is available",True,
3,inelastic,2,3,1|1|2,mixed,0.5,2e-05,-3249984618.5347757,-0.013541602577228232,False,-3249984612.810498,resolved,inelastic,inelastic,True,,"UMAT_PCLK does not store a signed yield-function value in STATEV, so no distance to the branch surface is available",True,
3,inelastic,2,3,1|1|2,mixed,0.25,1e-05,-3249984814.4036255,-0.013541603393348442,False,-3249984612.810498,resolved,inelastic,inelastic,True,,"UMAT_PCLK does not store a signed yield-function value in STATEV, so no distance to the branch surface is available",True,
3,inelastic,2,3,1|1|2,mixed,0.125,5e-06,-3249984626.1321487,-0.013541602608883953,False,-3249984612.810498,resolved,inelastic,inelastic,True,,"UMAT_PCLK does not store a signed yield-function value in STATEV, so no distance to the branch surface is available",True,
3,inelastic,2,3,1|1|2,mixed,0.0625,2.5e-06,-3249986920.0737305,-0.013541612166973879,False,-3249984612.810498,resolved,inelastic,inelastic,True,,"UMAT_PCLK does not store a signed yield-function value in STATEV, so no distance to the branch surface is available",True,
3,inelastic,3,3,1|1|2,mixed,16.0,0.00064,2036196732.9960113,0.008484153054150047,False,2337963910.0661135,resolved,inelastic,elastic|inelastic,False,,"UMAT_PCLK does not store a signed yield-function value in STATEV, so no distance to the branch surface is available",False,"stencil left the nominal 'inelastic' branch (nodes reached 'elastic'), so the difference spans a non-smooth branch boundary"
3,inelastic,3,3,1|1|2,mixed,8.0,0.00032,2338306641.757985,0.009742944340658272,False,2337963910.0661135,resolved,inelastic,elastic|inelastic,False,,"UMAT_PCLK does not store a signed yield-function value in STATEV, so no distance to the branch surface is available",False,"stencil left the nominal 'inelastic' branch (nodes reached 'elastic'), so the difference spans a non-smooth branch boundary"
3,inelastic,3,3,1|1|2,mixed,4.0,0.00016,2337963178.276888,0.009741513242820366,False,2337963910.0661135,resolved,inelastic,inelastic,True,,"UMAT_PCLK does not store a signed yield-function value in STATEV, so no distance to the branch surface is available",True,
3,inelastic,3,3,1|1|2,mixed,2.0,8e-05,2337963907.0021996,0.009741516279175832,False,2337963910.0661135,resolved,inelastic,inelastic,True,,"UMAT_PCLK does not store a signed yield-function value in STATEV, so no distance to the branch surface is available",True,
3,inelastic,3,3,1|1|2,mixed,1.0,4e-05,2337963909.492733,0.009741516289553056,False,2337963910.0661135,resolved,inelastic,inelastic,True,,"UMAT_PCLK does not store a signed yield-function value in STATEV, so no distance to the branch surface is available",True,
3,inelastic,3,3,1|1|2,mixed,0.5,2e-05,2337963910.0876465,0.009741516292031861,False,2337963910.0661135,resolved,inelastic,inelastic,True,,"UMAT_PCLK does not store a signed yield-function value in STATEV, so no distance to the branch surface is available",True,
3,inelastic,3,3,1|1|2,mixed,0.25,1e-05,2337963881.2336426,0.009741516171806845,False,2337963910.0661135,resolved,inelastic,inelastic,True,,"UMAT_PCLK does not store a signed yield-function value in STATEV, so no distance to the branch surface is available",True,
3,inelastic,3,3,1|1|2,mixed,0.125,5e-06,2337964578.0595703,0.00974151907524821,False,2337963910.0661135,resolved,inelastic,inelastic,True,,"UMAT_PCLK does not store a signed yield-function value in STATEV, so no distance to the branch surface is available",True,
3,inelastic,3,3,1|1|2,mixed,0.0625,2.5e-06,2337962488.921875,0.009741510370507812,False,2337963910.0661135,resolved,inelastic,inelastic,True,,"UMAT_PCLK does not store a signed yield-function value in STATEV, so no distance to the branch surface is available",True,
3,inelastic,4,3,1|1|2,mixed,16.0,0.00064,810602726.1714846,0.003377511359047853,False,1136939138.6583006,resolved,inelastic,elastic|inelastic,False,,"UMAT_PCLK does not store a signed yield-function value in STATEV, so no distance to the branch surface is available",False,"stencil left the nominal 'inelastic' branch (nodes reached 'elastic'), so the difference spans a non-smooth branch boundary"
3,inelastic,4,3,1|1|2,mixed,8.0,0.00032,1137303408.7212772,0.004738764203005322,False,1136939138.6583006,resolved,inelastic,elastic|inelastic,False,,"UMAT_PCLK does not store a signed yield-function value in STATEV, so no distance to the branch surface is available",False,"stencil left the nominal 'inelastic' branch (nodes reached 'elastic'), so the difference spans a non-smooth branch boundary"
3,inelastic,4,3,1|1|2,mixed,4.0,0.00016,1136939234.6839452,0.004737246811183106,False,1136939138.6583006,resolved,inelastic,inelastic,True,,"UMAT_PCLK does not store a signed yield-function value in STATEV, so no distance to the branch surface is available",True,
3,inelastic,4,3,1|1|2,mixed,2.0,8e-05,1136939139.0380497,0.004737246412658541,False,1136939138.6583006,resolved,inelastic,inelastic,True,,"UMAT_PCLK does not store a signed yield-function value in STATEV, so no distance to the branch surface is available",True,
3,inelastic,4,3,1|1|2,mixed,1.0,4e-05,1136939138.592853,0.004737246410803555,False,1136939138.6583006,resolved,inelastic,inelastic,True,,"UMAT_PCLK does not store a signed yield-function value in STATEV, so no distance to the branch surface is available",True,
3,inelastic,4,3,1|1|2,mixed,0.5,2e-05,1136939138.7535048,0.004737246411472937,False,1136939138.6583006,resolved,inelastic,inelastic,True,,"UMAT_PCLK does not store a signed yield-function value in STATEV, so no distance to the branch surface is available",True,
3,inelastic,4,3,1|1|2,mixed,0.25,1e-05,1136939144.1045685,0.004737246433769036,False,1136939138.6583006,resolved,inelastic,inelastic,True,,"UMAT_PCLK does not store a signed yield-function value in STATEV, so no distance to the branch surface is available",True,
3,inelastic,4,3,1|1|2,mixed,0.125,5e-06,1136939221.2529297,0.00473724675522054,False,1136939138.6583006,resolved,inelastic,inelastic,True,,"UMAT_PCLK does not store a signed yield-function value in STATEV, so no distance to the branch surface is available",True,
3,inelastic,4,3,1|1|2,mixed,0.0625,2.5e-06,1136939061.9697266,0.004737246091540527,False,1136939138.6583006,resolved,inelastic,inelastic,True,,"UMAT_PCLK does not store a signed yield-function value in STATEV, so no distance to the branch surface is available",True,
3,inelastic,1,4,1|1|2|2,mixed,16.0,0.00064,-4189297274800.5015,-0.01745540531166876,False,3643965486981.6616,resolved,inelastic,elastic|inelastic,False,,"UMAT_PCLK does not store a signed yield-function value in STATEV, so no distance to the branch surface is available",False,"stencil left the nominal 'inelastic' branch (nodes reached 'elastic'), so the difference spans a non-smooth branch boundary"
3,inelastic,1,4,1|1|2|2,mixed,8.0,0.00032,3654425022474.0894,0.015226770926975376,False,3643965486981.6616,resolved,inelastic,elastic|inelastic,False,,"UMAT_PCLK does not store a signed yield-function value in STATEV, so no distance to the branch surface is available",False,"stencil left the nominal 'inelastic' branch (nodes reached 'elastic'), so the difference spans a non-smooth branch boundary"
3,inelastic,1,4,1|1|2|2,mixed,4.0,0.00016,3643965353346.9404,0.01518318897227892,False,3643965486981.6616,resolved,inelastic,inelastic,True,,"UMAT_PCLK does not store a signed yield-function value in STATEV, so no distance to the branch surface is available",True,
3,inelastic,1,4,1|1|2|2,mixed,2.0,8e-05,3643965485608.4316,0.015183189523368468,False,3643965486981.6616,resolved,inelastic,inelastic,True,,"UMAT_PCLK does not store a signed yield-function value in STATEV, so no distance to the branch surface is available",True,
3,inelastic,1,4,1|1|2|2,mixed,1.0,4e-05,3643965515122.125,0.01518318964634219,False,3643965486981.6616,resolved,inelastic,inelastic,True,,"UMAT_PCLK does not store a signed yield-function value in STATEV, so no distance to the branch surface is available",True,
3,inelastic,1,4,1|1|2|2,mixed,0.5,2e-05,3643965163564.0,0.01518318818151667,False,3643965486981.6616,resolved,inelastic,inelastic,True,,"UMAT_PCLK does not store a signed yield-function value in STATEV, so no distance to the branch surface is available",True,
3,inelastic,1,4,1|1|2|2,mixed,0.25,1e-05,3643942670496.0,0.015183094460400002,False,3643965486981.6616,resolved,inelastic,inelastic,True,,"UMAT_PCLK does not store a signed yield-function value in STATEV, so no distance to the branch surface is available",True,
3,inelastic,1,4,1|1|2|2,mixed,0.125,5e-06,3644654020352.0,0.015186058418133336,False,3643965486981.6616,resolved,inelastic,inelastic,True,,"UMAT_PCLK does not store a signed yield-function value in STATEV, so no distance to the branch surface is available",True,
3,inelastic,1,4,1|1|2|2,mixed,0.0625,2.5e-06,3642636492800.0,0.015177652053333336,False,3643965486981.6616,resolved,inelastic,inelastic,True,,"UMAT_PCLK does not store a signed yield-function value in STATEV, so no distance to the branch surface is available",True,
3,inelastic,2,4,1|1|2|2,mixed,16.0,0.00064,7543185520792.305,0.031429939669967946,False,-794578357217.8827,resolved,inelastic,elastic|inelastic,False,,"UMAT_PCLK does not store a signed yield-function value in STATEV, so no distance to the branch surface is available",False,"stencil left the nominal 'inelastic' branch (nodes reached 'elastic'), so the difference spans a non-smooth branch boundary"
3,inelastic,2,4,1|1|2|2,mixed,8.0,0.00032,-805422018191.1348,-0.0033559250757963953,False,-794578357217.8827,resolved,inelastic,elastic|inelastic,False,,"UMAT_PCLK does not store a signed yield-function value in STATEV, so no distance to the branch surface is available",False,"stencil left the nominal 'inelastic' branch (nodes reached 'elastic'), so the difference spans a non-smooth branch boundary"
3,inelastic,2,4,1|1|2|2,mixed,4.0,0.00016,-794578197583.326,-0.0033107424899305256,False,-794578357217.8827,resolved,inelastic,inelastic,True,,"UMAT_PCLK does not store a signed yield-function value in STATEV, so no distance to the branch surface is available",True,
3,inelastic,2,4,1|1|2|2,mixed,2.0,8e-05,-794578346023.6667,-0.003310743108431945,False,-794578357217.8827,resolved,inelastic,inelastic,True,,"UMAT_PCLK does not store a signed yield-function value in STATEV, so no distance to the branch surface is available",True,
3,inelastic,2,4,1|1|2|2,mixed,1.0,4e-05,-794578217969.0923,-0.0033107425748712185,False,-794578357217.8827,resolved,inelastic,inelastic,True,,"UMAT_PCLK does not store a signed yield-function value in STATEV, so no distance to the branch surface is available",True,
3,inelastic,2,4,1|1|2|2,mixed,0.5,2e-05,-794579121315.2969,-0.0033107463388137377,False,-794578357217.8827,resolved,inelastic,inelastic,True,,"UMAT_PCLK does not store a signed yield-function value in STATEV, so no distance to the branch surface is available",True,
3,inelastic,2,4,1|1|2|2,mixed,0.25,1e-05,-794554517507.25,-0.0033106438229468754,False,-794578357217.8827,resolved,inelastic,inelastic,True,,"UMAT_PCLK does not store a signed yield-function value in STATEV, so no distance to the branch surface is available",True,
3,inelastic,2,4,1|1|2|2,mixed,0.125,5e-06,-793910678951.0,-0.0033079611622958338,False,-794578357217.8827,resolved,inelastic,inelastic,True,,"UMAT_PCLK does not store a signed yield-function value in STATEV, so no distance to the branch surface is available",True,
3,inelastic,2,4,1|1|2|2,mixed,0.0625,2.5e-06,-807626306400.0,-0.0033651096100000004,False,-794578357217.8827,resolved,inelastic,inelastic,True,,"UMAT_PCLK does not store a signed yield-function value in STATEV, so no distance to the branch surface is available",True,
3,inelastic,3,4,1|1|2|2,mixed,16.0,0.00064,-3353888245994.9546,-0.013974534358312312,False,-2849387129763.776,resolved,inelastic,elastic|inelastic,False,,"UMAT_PCLK does not store a signed yield-function value in STATEV, so no distance to the branch surface is available",False,"stencil left the nominal 'inelastic' branch (nodes reached 'elastic'), so the difference spans a non-smooth branch boundary"
3,inelastic,3,4,1|1|2|2,mixed,8.0,0.00032,-2849003004311.0703,-0.011870845851296129,False,-2849387129763.776,resolved,inelastic,elastic|inelastic,False,,"UMAT_PCLK does not store a signed yield-function value in STATEV, so no distance to the branch surface is available",False,"stencil left the nominal 'inelastic' branch (nodes reached 'elastic'), so the difference spans a non-smooth branch boundary"
3,inelastic,3,4,1|1|2|2,mixed,4.0,0.00016,-2849387155151.0166,-0.011872446479795904,False,-2849387129763.776,resolved,inelastic,inelastic,True,,"UMAT_PCLK does not store a signed yield-function value in STATEV, so no distance to the branch surface is available",True,
3,inelastic,3,4,1|1|2|2,mixed,2.0,8e-05,-2849387126050.158,-0.011872446358542328,False,-2849387129763.776,resolved,inelastic,inelastic,True,,"UMAT_PCLK does not store a signed yield-function value in STATEV, so no distance to the branch surface is available",True,
3,inelastic,3,4,1|1|2|2,mixed,1.0,4e-05,-2849387139316.703,-0.011872446413819598,False,-2849387129763.776,resolved,inelastic,inelastic,True,,"UMAT_PCLK does not store a signed yield-function value in STATEV, so no distance to the branch surface is available",True,
3,inelastic,3,4,1|1|2|2,mixed,0.5,2e-05,-2849388124184.0,-0.011872450517433335,False,-2849387129763.776,resolved,inelastic,inelastic,True,,"UMAT_PCLK does not store a signed yield-function value in STATEV, so no distance to the branch surface is available",True,
3,inelastic,3,4,1|1|2|2,mixed,0.25,1e-05,-2849401958736.0,-0.011872508161400003,False,-2849387129763.776,resolved,inelastic,inelastic,True,,"UMAT_PCLK does not store a signed yield-function value in STATEV, so no distance to the branch surface is available",True,
3,inelastic,3,4,1|1|2|2,mixed,0.125,5e-06,-2849157925568.0,-0.011871491356533335,False,-2849387129763.776,resolved,inelastic,inelastic,True,,"UMAT_PCLK does not store a signed yield-function value in STATEV, so no distance to the branch surface is available",True,
3,inelastic,3,4,1|1|2|2,mixed,0.0625,2.5e-06,-2853501800448.0,-0.011889590835200001,False,-2849387129763.776,resolved,inelastic,inelastic,True,,"UMAT_PCLK does not store a signed yield-function value in STATEV, so no distance to the branch surface is available",True,
3,inelastic,4,4,1|1|2|2,mixed,16.0,0.00064,173631061034.01773,0.0007234627543084073,False,1179965636598.6,resolved,inelastic,elastic|inelastic,False,,"UMAT_PCLK does not store a signed yield-function value in STATEV, so no distance to the branch surface is available",False,"stencil left the nominal 'inelastic' branch (nodes reached 'elastic'), so the difference spans a non-smooth branch boundary"
3,inelastic,4,4,1|1|2|2,mixed,8.0,0.00032,1181155500730.2244,0.004921481253042603,False,1179965636598.6,resolved,inelastic,elastic|inelastic,False,,"UMAT_PCLK does not store a signed yield-function value in STATEV, so no distance to the branch surface is available",False,"stencil left the nominal 'inelastic' branch (nodes reached 'elastic'), so the difference spans a non-smooth branch boundary"
3,inelastic,4,4,1|1|2|2,mixed,4.0,0.00016,1179965729980.898,0.004916523874920409,False,1179965636598.6,resolved,inelastic,inelastic,True,,"UMAT_PCLK does not store a signed yield-function value in STATEV, so no distance to the branch surface is available",True,
3,inelastic,4,4,1|1|2|2,mixed,2.0,8e-05,1179965636540.864,0.004916523485586934,False,1179965636598.6,resolved,inelastic,inelastic,True,,"UMAT_PCLK does not store a signed yield-function value in STATEV, so no distance to the branch surface is available",True,
3,inelastic,4,4,1|1|2|2,mixed,1.0,4e-05,1179965631497.6143,0.004916523464573394,False,1179965636598.6,resolved,inelastic,inelastic,True,,"UMAT_PCLK does not store a signed yield-function value in STATEV, so no distance to the branch surface is available",True,
3,inelastic,4,4,1|1|2|2,mixed,0.5,2e-05,1179965592567.7344,0.0049165233023655604,False,1179965636598.6,resolved,inelastic,inelastic,True,,"UMAT_PCLK does not store a signed yield-function value in STATEV, so no distance to the branch surface is available",True,
3,inelastic,4,4,1|1|2|2,mixed,0.25,1e-05,1179965824149.0,0.004916524267287501,False,1179965636598.6,resolved,inelastic,inelastic,True,,"UMAT_PCLK does not store a signed yield-function value in STATEV, so no distance to the branch surface is available",True,
3,inelastic,4,4,1|1|2|2,mixed,0.125,5e-06,1179947957296.0,0.004916449822066667,False,1179965636598.6,resolved,inelastic,inelastic,True,,"UMAT_PCLK does not store a signed yield-function value in STATEV, so no distance to the branch surface is available",True,
3,inelastic,4,4,1|1|2|2,mixed,0.0625,2.5e-06,1180161288512.0,0.004917338702133334,False,1179965636598.6,resolved,inelastic,inelastic,True,,"UMAT_PCLK does not store a signed yield-function value in STATEV, so no distance to the branch surface is available",True,
3,inelastic,1,2,1|2,mixed,16.0,0.00064,-1681410.4787369028,-0.007005876994737094,False,-3833212.662797413,resolved,inelastic,elastic|inelastic,False,,"UMAT_PCLK does not store a signed yield-function value in STATEV, so no distance to the branch surface is available",False,"stencil left the nominal 'inelastic' branch (nodes reached 'elastic'), so the difference spans a non-smooth branch boundary"
3,inelastic,1,2,1|2,mixed,8.0,0.00032,-3835510.7761841095,-0.01598129490076712,False,-3833212.662797413,resolved,inelastic,elastic|inelastic,False,,"UMAT_PCLK does not store a signed yield-function value in STATEV, so no distance to the branch surface is available",False,"stencil left the nominal 'inelastic' branch (nodes reached 'elastic'), so the difference spans a non-smooth branch boundary"
3,inelastic,1,2,1|2,mixed,4.0,0.00016,-3833212.582927902,-0.015971719095532924,False,-3833212.662797413,resolved,inelastic,inelastic,True,,"UMAT_PCLK does not store a signed yield-function value in STATEV, so no distance to the branch surface is available",True,
3,inelastic,1,2,1|2,mixed,2.0,8e-05,-3833212.662596812,-0.015971719427486715,False,-3833212.662797413,resolved,inelastic,inelastic,True,,"UMAT_PCLK does not store a signed yield-function value in STATEV, so no distance to the branch surface is available",True,
3,inelastic,1,2,1|2,mixed,1.0,4e-05,-3833212.662779909,-0.01597171942824962,False,-3833212.662797413,resolved,inelastic,inelastic,True,,"UMAT_PCLK does not store a signed yield-function value in STATEV, so no distance to the branch surface is available",True,
3,inelastic,1,2,1|2,mixed,0.5,2e-05,-3833212.662832739,-0.015971719428469745,False,-3833212.662797413,resolved,inelastic,inelastic,True,,"UMAT_PCLK does not store a signed yield-function value in STATEV, so no distance to the branch surface is available",True,
3,inelastic,1,2,1|2,mixed,0.25,1e-05,-3833212.662736997,-0.01597171942807082,False,-3833212.662797413,resolved,inelastic,inelastic,True,,"UMAT_PCLK does not store a signed yield-function value in STATEV, so no distance to the branch surface is available",True,
3,inelastic,1,2,1|2,mixed,0.125,5e-06,-3833212.664806962,-0.015971719436695675,False,-3833212.662797413,resolved,inelastic,inelastic,True,,"UMAT_PCLK does not store a signed yield-function value in STATEV, so no distance to the branch surface is available",True,
3,inelastic,1,2,1|2,mixed,0.0625,2.5e-06,-3833212.6548644304,-0.01597171939526846,False,-3833212.662797413,resolved,inelastic,inelastic,True,,"UMAT_PCLK does not store a signed yield-function value in STATEV, so no distance to the branch surface is available",True,
3,inelastic,2,2,1|2,mixed,16.0,0.00064,-1026396.8520349542,-0.004276653550145643,False,1282544.3405974205,resolved,inelastic,elastic|inelastic,False,,"UMAT_PCLK does not store a signed yield-function value in STATEV, so no distance to the branch surface is available",False,"stencil left the nominal 'inelastic' branch (nodes reached 'elastic'), so the difference spans a non-smooth branch boundary"
3,inelastic,2,2,1|2,mixed,8.0,0.00032,1285190.3248286478,0.005354959686786033,False,1282544.3405974205,resolved,inelastic,elastic|inelastic,False,,"UMAT_PCLK does not store a signed yield-function value in STATEV, so no distance to the branch surface is available",False,"stencil left the nominal 'inelastic' branch (nodes reached 'elastic'), so the difference spans a non-smooth branch boundary"
3,inelastic,2,2,1|2,mixed,4.0,0.00016,1282544.2515499962,0.005343934381458317,False,1282544.3405974205,resolved,inelastic,inelastic,True,,"UMAT_PCLK does not store a signed yield-function value in STATEV, so no distance to the branch surface is available",True,
3,inelastic,2,2,1|2,mixed,2.0,8e-05,1282544.3402451337,0.005343934751021391,False,1282544.3405974205,resolved,inelastic,inelastic,True,,"UMAT_PCLK does not store a signed yield-function value in STATEV, so no distance to the branch surface is available",True,
3,inelastic,2,2,1|2,mixed,1.0,4e-05,1282544.3406221292,0.0053439347525922045,False,1282544.3405974205,resolved,inelastic,inelastic,True,,"UMAT_PCLK does not store a signed yield-function value in STATEV, so no distance to the branch surface is available",True,
3,inelastic,2,2,1|2,mixed,0.5,2e-05,1282544.3406002077,0.005343934752500865,False,1282544.3405974205,resolved,inelastic,inelastic,True,,"UMAT_PCLK does not store a signed yield-function value in STATEV, so no distance to the branch surface is available",True,
3,inelastic,2,2,1|2,mixed,0.25,1e-05,1282544.3402796357,0.005343934751165149,False,1282544.3405974205,resolved,inelastic,inelastic,True,,"UMAT_PCLK does not store a signed yield-function value in STATEV, so no distance to the branch surface is available",True,
3,inelastic,2,2,1|2,mixed,0.125,5e-06,1282544.3416763407,0.0053439347569847525,False,1282544.3405974205,resolved,inelastic,inelastic,True,,"UMAT_PCLK does not store a signed yield-function value in STATEV, so no distance to the branch surface is available",True,
3,inelastic,2,2,1|2,mixed,0.0625,2.5e-06,1282544.3421020806,0.0053439347587586694,False,1282544.3405974205,resolved,inelastic,inelastic,True,,"UMAT_PCLK does not store a signed yield-function value in STATEV, so no distance to the branch surface is available",True,
3,inelastic,3,2,1|2,mixed,16.0,0.00064,2707807.3307720367,0.011282530544883486,False,2550668.322199991,resolved,inelastic,elastic|inelastic,False,,"UMAT_PCLK does not store a signed yield-function value in STATEV, so no distance to the branch surface is available",False,"stencil left the nominal 'inelastic' branch (nodes reached 'elastic'), so the difference spans a non-smooth branch boundary"
3,inelastic,3,2,1|2,mixed,8.0,0.00032,2550320.4513550806,0.010626335213979503,False,2550668.322199991,resolved,inelastic,elastic|inelastic,False,,"UMAT_PCLK does not store a signed yield-function value in STATEV, so no distance to the branch surface is available",False,"stencil left the nominal 'inelastic' branch (nodes reached 'elastic'), so the difference spans a non-smooth branch boundary"
3,inelastic,3,2,1|2,mixed,4.0,0.00016,2550668.3313824506,0.010627784714093544,False,2550668.322199991,resolved,inelastic,inelastic,True,,"UMAT_PCLK does not store a signed yield-function value in STATEV, so no distance to the branch surface is available",True,
3,inelastic,3,2,1|2,mixed,2.0,8e-05,2550668.3223439045,0.010627784676432935,False,2550668.322199991,resolved,inelastic,inelastic,True,,"UMAT_PCLK does not store a signed yield-function value in STATEV, so no distance to the branch surface is available",True,
3,inelastic,3,2,1|2,mixed,1.0,4e-05,2550668.3221945646,0.010627784675810685,False,2550668.322199991,resolved,inelastic,inelastic,True,,"UMAT_PCLK does not store a signed yield-function value in STATEV, so no distance to the branch surface is available",True,
3,inelastic,3,2,1|2,mixed,0.5,2e-05,2550668.322243802,0.01062778467601584,False,2550668.322199991,resolved,inelastic,inelastic,True,,"UMAT_PCLK does not store a signed yield-function value in STATEV, so no distance to the branch surface is available",True,
3,inelastic,3,2,1|2,mixed,0.25,1e-05,2550668.322183814,0.01062778467576589,False,2550668.322199991,resolved,inelastic,inelastic,True,,"UMAT_PCLK does not store a signed yield-function value in STATEV, so no distance to the branch surface is available",True,
3,inelastic,3,2,1|2,mixed,0.125,5e-06,2550668.321986608,0.0106277846749442,False,2550668.322199991,resolved,inelastic,inelastic,True,,"UMAT_PCLK does not store a signed yield-function value in STATEV, so no distance to the branch surface is available",True,
3,inelastic,3,2,1|2,mixed,0.0625,2.5e-06,2550668.3247208595,0.010627784686336914,False,2550668.322199991,resolved,inelastic,inelastic,True,,"UMAT_PCLK does not store a signed yield-function value in STATEV, so no distance to the branch surface is available",True,
3,inelastic,4,2,1|2,mixed,16.0,0.00064,-1128467.756527697,-0.00470194898553207,False,-1339547.3285784584,resolved,inelastic,elastic|inelastic,False,,"UMAT_PCLK does not store a signed yield-function value in STATEV, so no distance to the branch surface is available",False,"stencil left the nominal 'inelastic' branch (nodes reached 'elastic'), so the difference spans a non-smooth branch boundary"
3,inelastic,4,2,1|2,mixed,8.0,0.00032,-1339781.9423920447,-0.005582424759966853,False,-1339547.3285784584,resolved,inelastic,elastic|inelastic,False,,"UMAT_PCLK does not store a signed yield-function value in STATEV, so no distance to the branch surface is available",False,"stencil left the nominal 'inelastic' branch (nodes reached 'elastic'), so the difference spans a non-smooth branch boundary"
3,inelastic,4,2,1|2,mixed,4.0,0.00016,-1339547.3812521745,-0.0055814474218840605,False,-1339547.3285784584,resolved,inelastic,inelastic,True,,"UMAT_PCLK does not store a signed yield-function value in STATEV, so no distance to the branch surface is available",True,
3,inelastic,4,2,1|2,mixed,2.0,8e-05,-1339547.3287818744,-0.005581447203257809,False,-1339547.3285784584,resolved,inelastic,inelastic,True,,"UMAT_PCLK does not store a signed yield-function value in STATEV, so no distance to the branch surface is available",True,
3,inelastic,4,2,1|2,mixed,1.0,4e-05,-1339547.3285795457,-0.005581447202414773,False,-1339547.3285784584,resolved,inelastic,inelastic,True,,"UMAT_PCLK does not store a signed yield-function value in STATEV, so no distance to the branch surface is available",True,
3,inelastic,4,2,1|2,mixed,0.5,2e-05,-1339547.3285811197,-0.005581447202421332,False,-1339547.3285784584,resolved,inelastic,inelastic,True,,"UMAT_PCLK does not store a signed yield-function value in STATEV, so no distance to the branch surface is available",True,
3,inelastic,4,2,1|2,mixed,0.25,1e-05,-1339547.3285738234,-0.00558144720239093,False,-1339547.3285784584,resolved,inelastic,inelastic,True,,"UMAT_PCLK does not store a signed yield-function value in STATEV, so no distance to the branch surface is available",True,
3,inelastic,4,2,1|2,mixed,0.125,5e-06,-1339547.3285255618,-0.00558144720218984,False,-1339547.3285784584,resolved,inelastic,inelastic,True,,"UMAT_PCLK does not store a signed yield-function value in STATEV, so no distance to the branch surface is available",True,
3,inelastic,4,2,1|2,mixed,0.0625,2.5e-06,-1339547.3288708143,-0.005581447203628393,False,-1339547.3285784584,resolved,inelastic,inelastic,True,,"UMAT_PCLK does not store a signed yield-function value in STATEV, so no distance to the branch surface is available",True,
4,inelastic,1,2,1|1,repeated,16.0,0.00064,-7638106.0741398,-0.0318254419755825,False,-18086089.16745959,resolved,inelastic,elastic|inelastic,False,,"UMAT_PCLK does not store a signed yield-function value in STATEV, so no distance to the branch surface is available",False,"stencil left the nominal 'inelastic' branch (nodes reached 'elastic'), so the difference spans a non-smooth branch boundary"
4,inelastic,1,2,1|1,repeated,8.0,0.00032,-20514546.73851718,-0.08547727807715491,False,-18086089.16745959,resolved,inelastic,elastic|inelastic,False,,"UMAT_PCLK does not store a signed yield-function value in STATEV, so no distance to the branch surface is available",False,"stencil left the nominal 'inelastic' branch (nodes reached 'elastic'), so the difference spans a non-smooth branch boundary"
4,inelastic,1,2,1|1,repeated,4.0,0.00016,-18038221.045837194,-0.07515925435765497,False,-18086089.16745959,resolved,inelastic,inelastic,True,,"UMAT_PCLK does not store a signed yield-function value in STATEV, so no distance to the branch surface is available",True,
4,inelastic,1,2,1|1,repeated,2.0,8e-05,-18038215.83164587,-0.07515923263185778,False,-18086089.16745959,resolved,inelastic,inelastic,True,,"UMAT_PCLK does not store a signed yield-function value in STATEV, so no distance to the branch surface is available",True,
4,inelastic,1,2,1|1,repeated,1.0,4e-05,-18038215.81346792,-0.07515923255611633,False,-18086089.16745959,resolved,inelastic,inelastic,True,,"UMAT_PCLK does not store a signed yield-function value in STATEV, so no distance to the branch surface is available",True,
4,inelastic,1,2,1|1,repeated,0.5,2e-05,-18038215.813484192,-0.07515923255618412,False,-18086089.16745959,resolved,inelastic,inelastic,True,,"UMAT_PCLK does not store a signed yield-function value in STATEV, so no distance to the branch surface is available",True,
4,inelastic,1,2,1|1,repeated,0.25,1e-05,-18038215.81183052,-0.07515923254929383,False,-18086089.16745959,resolved,inelastic,inelastic,True,,"UMAT_PCLK does not store a signed yield-function value in STATEV, so no distance to the branch surface is available",True,
4,inelastic,1,2,1|1,repeated,0.125,5e-06,-18038215.814159393,-0.07515923255899747,False,-18086089.16745959,resolved,inelastic,inelastic,True,,"UMAT_PCLK does not store a signed yield-function value in STATEV, so no distance to the branch surface is available",True,
4,inelastic,1,2,1|1,repeated,0.0625,2.5e-06,-18038215.784851074,-0.07515923243687947,False,-18086089.16745959,resolved,inelastic,inelastic,True,,"UMAT_PCLK does not store a signed yield-function value in STATEV, so no distance to the branch surface is available",True,
4,inelastic,2,2,1|1,repeated,16.0,0.00064,-23746317.690437164,-0.09894299037682151,False,-8992518.571812328,resolved,inelastic,elastic|inelastic,False,,"UMAT_PCLK does not store a signed yield-function value in STATEV, so no distance to the branch surface is available",False,"stencil left the nominal 'inelastic' branch (nodes reached 'elastic'), so the difference spans a non-smooth branch boundary"
4,inelastic,2,2,1|1,repeated,8.0,0.00032,-5869458.170471517,-0.024456075710297988,False,-8992518.571812328,resolved,inelastic,elastic|inelastic,False,,"UMAT_PCLK does not store a signed yield-function value in STATEV, so no distance to the branch surface is available",False,"stencil left the nominal 'inelastic' branch (nodes reached 'elastic'), so the difference spans a non-smooth branch boundary"
4,inelastic,2,2,1|1,repeated,4.0,0.00016,-9035437.410579965,-0.03764765587741652,False,-8992518.571812328,resolved,inelastic,inelastic,True,,"UMAT_PCLK does not store a signed yield-function value in STATEV, so no distance to the branch surface is available",True,
4,inelastic,2,2,1|1,repeated,2.0,8e-05,-9035437.672588889,-0.03764765696912036,False,-8992518.571812328,resolved,inelastic,inelastic,True,,"UMAT_PCLK does not store a signed yield-function value in STATEV, so no distance to the branch surface is available",True,
4,inelastic,2,2,1|1,repeated,1.0,4e-05,-9035437.671716355,-0.037647656965484805,False,-8992518.571812328,resolved,inelastic,inelastic,True,,"UMAT_PCLK does not store a signed yield-function value in STATEV, so no distance to the branch surface is available",True,
4,inelastic,2,2,1|1,repeated,0.5,2e-05,-9035437.671829972,-0.03764765696595821,False,-8992518.571812328,resolved,inelastic,inelastic,True,,"UMAT_PCLK does not store a signed yield-function value in STATEV, so no distance to the branch surface is available",True,
4,inelastic,2,2,1|1,repeated,0.25,1e-05,-9035437.671103178,-0.037647656962929904,False,-8992518.571812328,resolved,inelastic,inelastic,True,,"UMAT_PCLK does not store a signed yield-function value in STATEV, so no distance to the branch surface is available",True,
4,inelastic,2,2,1|1,repeated,0.125,5e-06,-9035437.674610317,-0.037647656977542986,False,-8992518.571812328,resolved,inelastic,inelastic,True,,"UMAT_PCLK does not store a signed yield-function value in STATEV, so no distance to the branch surface is available",True,
4,inelastic,2,2,1|1,repeated,0.0625,2.5e-06,-9035437.68194294,-0.03764765700809558,False,-8992518.571812328,resolved,inelastic,inelastic,True,,"UMAT_PCLK does not store a signed yield-function value in STATEV, so no distance to the branch surface is available",True,
4,inelastic,3,2,1|1,repeated,16.0,0.00064,31384423.764576647,0.13076843235240268,False,27078607.739271905,resolved,inelastic,elastic|inelastic,False,,"UMAT_PCLK does not store a signed yield-function value in STATEV, so no distance to the branch surface is available",False,"stencil left the nominal 'inelastic' branch (nodes reached 'elastic'), so the difference spans a non-smooth branch boundary"
4,inelastic,3,2,1|1,repeated,8.0,0.00032,26384004.908988103,0.10993335378745044,False,27078607.739271905,resolved,inelastic,elastic|inelastic,False,,"UMAT_PCLK does not store a signed yield-function value in STATEV, so no distance to the branch surface is available",False,"stencil left the nominal 'inelastic' branch (nodes reached 'elastic'), so the difference spans a non-smooth branch boundary"
4,inelastic,3,2,1|1,repeated,4.0,0.00016,27073658.456412777,0.11280691023505324,False,27078607.739271905,resolved,inelastic,inelastic,True,,"UMAT_PCLK does not store a signed yield-function value in STATEV, so no distance to the branch surface is available",True,
4,inelastic,3,2,1|1,repeated,2.0,8e-05,27073653.504273936,0.1128068896011414,False,27078607.739271905,resolved,inelastic,inelastic,True,,"UMAT_PCLK does not store a signed yield-function value in STATEV, so no distance to the branch surface is available",True,
4,inelastic,3,2,1|1,repeated,1.0,4e-05,27073653.485277027,0.1128068895219876,False,27078607.739271905,resolved,inelastic,inelastic,True,,"UMAT_PCLK does not store a signed yield-function value in STATEV, so no distance to the branch surface is available",True,
4,inelastic,3,2,1|1,repeated,0.5,2e-05,27073653.48520142,0.11280688952167257,False,27078607.739271905,resolved,inelastic,inelastic,True,,"UMAT_PCLK does not store a signed yield-function value in STATEV, so no distance to the branch surface is available",True,
4,inelastic,3,2,1|1,repeated,0.25,1e-05,27073653.48448205,0.1128068895186752,False,27078607.739271905,resolved,inelastic,inelastic,True,,"UMAT_PCLK does not store a signed yield-function value in STATEV, so no distance to the branch surface is available",True,
4,inelastic,3,2,1|1,repeated,0.125,5e-06,27073653.48387909,0.11280688951616287,False,27078607.739271905,resolved,inelastic,inelastic,True,,"UMAT_PCLK does not store a signed yield-function value in STATEV, so no distance to the branch surface is available",True,
4,inelastic,3,2,1|1,repeated,0.0625,2.5e-06,27073653.483428955,0.1128068895142873,False,27078607.739271905,resolved,inelastic,inelastic,True,,"UMAT_PCLK does not store a signed yield-function value in STATEV, so no distance to the branch surface is available",True,
4,inelastic,4,2,1|1,repeated,16.0,0.00064,3674095.9577205735,0.015308733157169055,False,3103158.9858304095,resolved,inelastic,elastic|inelastic,False,,"UMAT_PCLK does not store a signed yield-function value in STATEV, so no distance to the branch surface is available",False,"stencil left the nominal 'inelastic' branch (nodes reached 'elastic'), so the difference spans a non-smooth branch boundary"
4,inelastic,4,2,1|1,repeated,8.0,0.00032,2367375.393049295,0.009864064137705396,False,3103158.9858304095,resolved,inelastic,elastic|inelastic,False,,"UMAT_PCLK does not store a signed yield-function value in STATEV, so no distance to the branch surface is available",False,"stencil left the nominal 'inelastic' branch (nodes reached 'elastic'), so the difference spans a non-smooth branch boundary"
4,inelastic,4,2,1|1,repeated,4.0,0.00016,2583446.2447677995,0.010764359353199164,False,3103158.9858304095,resolved,inelastic,inelastic,True,,"UMAT_PCLK does not store a signed yield-function value in STATEV, so no distance to the branch surface is available",True,
4,inelastic,4,2,1|1,repeated,2.0,8e-05,2583445.8702198965,0.0107643577925829,False,3103158.9858304095,resolved,inelastic,inelastic,True,,"UMAT_PCLK does not store a signed yield-function value in STATEV, so no distance to the branch surface is available",True,
4,inelastic,4,2,1|1,repeated,1.0,4e-05,2583445.868684996,0.010764357786187482,False,3103158.9858304095,resolved,inelastic,inelastic,True,,"UMAT_PCLK does not store a signed yield-function value in STATEV, so no distance to the branch surface is available",True,
4,inelastic,4,2,1|1,repeated,0.5,2e-05,2583445.8686855733,0.010764357786189888,False,3103158.9858304095,resolved,inelastic,inelastic,True,,"UMAT_PCLK does not store a signed yield-function value in STATEV, so no distance to the branch surface is available",True,
4,inelastic,4,2,1|1,repeated,0.25,1e-05,2583445.8686819077,0.010764357786174615,False,3103158.9858304095,resolved,inelastic,inelastic,True,,"UMAT_PCLK does not store a signed yield-function value in STATEV, so no distance to the branch surface is available",True,
4,inelastic,4,2,1|1,repeated,0.125,5e-06,2583445.8687162995,0.010764357786317914,False,3103158.9858304095,resolved,inelastic,inelastic,True,,"UMAT_PCLK does not store a signed yield-function value in STATEV, so no distance to the branch surface is available",True,
4,inelastic,4,2,1|1,repeated,0.0625,2.5e-06,2583445.8686795235,0.01076435778616468,False,3103158.9858304095,resolved,inelastic,inelastic,True,,"UMAT_PCLK does not store a signed yield-function value in STATEV, so no distance to the branch surface is available",True,
4,inelastic,1,3,1|1|1,repeated,16.0,0.00064,134695062620.73155,0.5612294275863815,False,27563274444.761086,resolved,inelastic,elastic|inelastic,False,,"UMAT_PCLK does not store a signed yield-function value in STATEV, so no distance to the branch surface is available",False,"stencil left the nominal 'inelastic' branch (nodes reached 'elastic'), so the difference spans a non-smooth branch boundary"
4,inelastic,1,3,1|1|1,repeated,8.0,0.00032,-58704774222.68448,-0.24460322592785202,False,27563274444.761086,resolved,inelastic,elastic|inelastic,False,,"UMAT_PCLK does not store a signed yield-function value in STATEV, so no distance to the branch surface is available",False,"stencil left the nominal 'inelastic' branch (nodes reached 'elastic'), so the difference spans a non-smooth branch boundary"
4,inelastic,1,3,1|1|1,repeated,4.0,0.00016,27475295900.423584,0.11448039958509827,False,27563274444.761086,resolved,inelastic,inelastic,True,,"UMAT_PCLK does not store a signed yield-function value in STATEV, so no distance to the branch surface is available",True,
4,inelastic,1,3,1|1|1,repeated,2.0,8e-05,27476669441.833984,0.11448612267430829,False,27563274444.761086,resolved,inelastic,inelastic,True,,"UMAT_PCLK does not store a signed yield-function value in STATEV, so no distance to the branch surface is available",True,
4,inelastic,1,3,1|1|1,repeated,1.0,4e-05,27476687304.71875,0.1144861971029948,False,27563274444.761086,resolved,inelastic,inelastic,True,,"UMAT_PCLK does not store a signed yield-function value in STATEV, so no distance to the branch surface is available",True,
4,inelastic,1,3,1|1|1,repeated,0.5,2e-05,27476687552.875,0.11448619813697918,False,27563274444.761086,resolved,inelastic,inelastic,True,,"UMAT_PCLK does not store a signed yield-function value in STATEV, so no distance to the branch surface is available",True,
4,inelastic,1,3,1|1|1,repeated,0.25,1e-05,27476687535.0,0.1144861980625,False,27563274444.761086,resolved,inelastic,inelastic,True,,"UMAT_PCLK does not store a signed yield-function value in STATEV, so no distance to the branch surface is available",True,
4,inelastic,1,3,1|1|1,repeated,0.125,5e-06,27476685136.0,0.11448618806666667,False,27563274444.761086,resolved,inelastic,inelastic,True,,"UMAT_PCLK does not store a signed yield-function value in STATEV, so no distance to the branch surface is available",True,
4,inelastic,1,3,1|1|1,repeated,0.0625,2.5e-06,27476693312.0,0.11448622213333334,False,27563274444.761086,resolved,inelastic,inelastic,True,,"UMAT_PCLK does not store a signed yield-function value in STATEV, so no distance to the branch surface is available",True,
4,inelastic,2,3,1|1|1,repeated,16.0,0.00064,-130005062896.31151,-0.5416877620679647,False,1874910019.079987,resolved,inelastic,elastic|inelastic,False,,"UMAT_PCLK does not store a signed yield-function value in STATEV, so no distance to the branch surface is available",False,"stencil left the nominal 'inelastic' branch (nodes reached 'elastic'), so the difference spans a non-smooth branch boundary"
4,inelastic,2,3,1|1|1,repeated,8.0,0.00032,109631350871.4902,0.4567972952978759,False,1874910019.079987,resolved,inelastic,elastic|inelastic,False,,"UMAT_PCLK does not store a signed yield-function value in STATEV, so no distance to the branch surface is available",False,"stencil left the nominal 'inelastic' branch (nodes reached 'elastic'), so the difference spans a non-smooth branch boundary"
4,inelastic,2,3,1|1|1,repeated,4.0,0.00016,1983350080.4085693,0.008263958668369039,False,1874910019.079987,resolved,inelastic,inelastic,True,,"UMAT_PCLK does not store a signed yield-function value in STATEV, so no distance to the branch surface is available",True,
4,inelastic,2,3,1|1|1,repeated,2.0,8e-05,1984150516.442871,0.008267293818511963,False,1874910019.079987,resolved,inelastic,inelastic,True,,"UMAT_PCLK does not store a signed yield-function value in STATEV, so no distance to the branch surface is available",True,
4,inelastic,2,3,1|1|1,repeated,1.0,4e-05,1984164593.0292969,0.008267352470955404,False,1874910019.079987,resolved,inelastic,inelastic,True,,"UMAT_PCLK does not store a signed yield-function value in STATEV, so no distance to the branch surface is available",True,
4,inelastic,2,3,1|1|1,repeated,0.5,2e-05,1984164825.78125,0.008267353440755208,False,1874910019.079987,resolved,inelastic,inelastic,True,,"UMAT_PCLK does not store a signed yield-function value in STATEV, so no distance to the branch surface is available",True,
4,inelastic,2,3,1|1|1,repeated,0.25,1e-05,1984164932.4765625,0.00826735388531901,False,1874910019.079987,resolved,inelastic,inelastic,True,,"UMAT_PCLK does not store a signed yield-function value in STATEV, so no distance to the branch surface is available",True,
4,inelastic,2,3,1|1|1,repeated,0.125,5e-06,1984164681.625,0.008267352840104167,False,1874910019.079987,resolved,inelastic,inelastic,True,,"UMAT_PCLK does not store a signed yield-function value in STATEV, so no distance to the branch surface is available",True,
4,inelastic,2,3,1|1|1,repeated,0.0625,2.5e-06,1984161316.0,0.008267338816666667,False,1874910019.079987,resolved,inelastic,inelastic,True,,"UMAT_PCLK does not store a signed yield-function value in STATEV, so no distance to the branch surface is available",True,
4,inelastic,3,3,1|1|1,repeated,16.0,0.00064,-4689999724.4194565,-0.019541665518414405,False,-29438184463.841072,resolved,inelastic,elastic|inelastic,False,,"UMAT_PCLK does not store a signed yield-function value in STATEV, so no distance to the branch surface is available",False,"stencil left the nominal 'inelastic' branch (nodes reached 'elastic'), so the difference spans a non-smooth branch boundary"
4,inelastic,3,3,1|1|1,repeated,8.0,0.00032,-50926576648.80551,-0.21219406937002297,False,-29438184463.841072,resolved,inelastic,elastic|inelastic,False,,"UMAT_PCLK does not store a signed yield-function value in STATEV, so no distance to the branch surface is available",False,"stencil left the nominal 'inelastic' branch (nodes reached 'elastic'), so the difference spans a non-smooth branch boundary"
4,inelastic,3,3,1|1|1,repeated,4.0,0.00016,-29458645980.85321,-0.12274435825355505,False,-29438184463.841072,resolved,inelastic,inelastic,True,,"UMAT_PCLK does not store a signed yield-function value in STATEV, so no distance to the branch surface is available",True,
4,inelastic,3,3,1|1|1,repeated,2.0,8e-05,-29460819958.512695,-0.1227534164938029,False,-29438184463.841072,resolved,inelastic,inelastic,True,,"UMAT_PCLK does not store a signed yield-function value in STATEV, so no distance to the branch surface is available",True,
4,inelastic,3,3,1|1|1,repeated,1.0,4e-05,-29460851897.523438,-0.12275354957301433,False,-29438184463.841072,resolved,inelastic,inelastic,True,,"UMAT_PCLK does not store a signed yield-function value in STATEV, so no distance to the branch surface is available",True,
4,inelastic,3,3,1|1|1,repeated,0.5,2e-05,-29460852389.0,-0.12275355162083335,False,-29438184463.841072,resolved,inelastic,inelastic,True,,"UMAT_PCLK does not store a signed yield-function value in STATEV, so no distance to the branch surface is available",True,
4,inelastic,3,3,1|1|1,repeated,0.25,1e-05,-29460852381.0,-0.12275355158750001,False,-29438184463.841072,resolved,inelastic,inelastic,True,,"UMAT_PCLK does not store a signed yield-function value in STATEV, so no distance to the branch surface is available",True,
4,inelastic,3,3,1|1|1,repeated,0.125,5e-06,-29460853024.0,-0.12275355426666668,False,-29438184463.841072,resolved,inelastic,inelastic,True,,"UMAT_PCLK does not store a signed yield-function value in STATEV, so no distance to the branch surface is available",True,
4,inelastic,3,3,1|1|1,repeated,0.0625,2.5e-06,-29460847904.0,-0.12275353293333334,False,-29438184463.841072,resolved,inelastic,inelastic,True,,"UMAT_PCLK does not store a signed yield-function value in STATEV, so no distance to the branch surface is available",True,
4,inelastic,4,3,1|1|1,repeated,16.0,0.00064,6286547124.9993105,0.026193946354163795,False,-2990080856.542802,resolved,inelastic,elastic|inelastic,False,,"UMAT_PCLK does not store a signed yield-function value in STATEV, so no distance to the branch surface is available",False,"stencil left the nominal 'inelastic' branch (nodes reached 'elastic'), so the difference spans a non-smooth branch boundary"
4,inelastic,4,3,1|1|1,repeated,8.0,0.00032,-9600858090.42408,-0.040003575376767006,False,-2990080856.542802,resolved,inelastic,elastic|inelastic,False,,"UMAT_PCLK does not store a signed yield-function value in STATEV, so no distance to the branch surface is available",False,"stencil left the nominal 'inelastic' branch (nodes reached 'elastic'), so the difference spans a non-smooth branch boundary"
4,inelastic,4,3,1|1|1,repeated,4.0,0.00016,-2409347122.115753,-0.010038946342148972,False,-2990080856.542802,resolved,inelastic,inelastic,True,,"UMAT_PCLK does not store a signed yield-function value in STATEV, so no distance to the branch surface is available",True,
4,inelastic,4,3,1|1|1,repeated,2.0,8e-05,-2409558403.0110474,-0.010039826679212698,False,-2990080856.542802,resolved,inelastic,inelastic,True,,"UMAT_PCLK does not store a signed yield-function value in STATEV, so no distance to the branch surface is available",True,
4,inelastic,4,3,1|1|1,repeated,1.0,4e-05,-2409561625.6601562,-0.010039840106917318,False,-2990080856.542802,resolved,inelastic,inelastic,True,,"UMAT_PCLK does not store a signed yield-function value in STATEV, so no distance to the branch surface is available",True,
4,inelastic,4,3,1|1|1,repeated,0.5,2e-05,-2409561674.9257812,-0.010039840312190757,False,-2990080856.542802,resolved,inelastic,inelastic,True,,"UMAT_PCLK does not store a signed yield-function value in STATEV, so no distance to the branch surface is available",True,
4,inelastic,4,3,1|1|1,repeated,0.25,1e-05,-2409561683.09375,-0.010039840346223959,False,-2990080856.542802,resolved,inelastic,inelastic,True,,"UMAT_PCLK does not store a signed yield-function value in STATEV, so no distance to the branch surface is available",True,
4,inelastic,4,3,1|1|1,repeated,0.125,5e-06,-2409561667.0,-0.010039840279166667,False,-2990080856.542802,resolved,inelastic,inelastic,True,,"UMAT_PCLK does not store a signed yield-function value in STATEV, so no distance to the branch surface is available",True,
4,inelastic,4,3,1|1|1,repeated,0.0625,2.5e-06,-2409561586.0,-0.010039839941666667,False,-2990080856.542802,resolved,inelastic,inelastic,True,,"UMAT_PCLK does not store a signed yield-function value in STATEV, so no distance to the branch surface is available",True,
4,inelastic,1,4,1|1|1|1,repeated,16.0,0.00064,-404715247395873.6,-1.6863135308161403,False,-48588876581445.125,resolved,inelastic,elastic|inelastic,False,,"UMAT_PCLK does not store a signed yield-function value in STATEV, so no distance to the branch surface is available",False,"stencil left the nominal 'inelastic' branch (nodes reached 'elastic'), so the difference spans a non-smooth branch boundary"
4,inelastic,1,4,1|1|1|1,repeated,8.0,0.00032,330304255621035.44,1.3762677317543146,False,-48588876581445.125,resolved,inelastic,elastic|inelastic,False,,"UMAT_PCLK does not store a signed yield-function value in STATEV, so no distance to the branch surface is available",False,"stencil left the nominal 'inelastic' branch (nodes reached 'elastic'), so the difference spans a non-smooth branch boundary"
4,inelastic,1,4,1|1|1|1,repeated,4.0,0.00016,-48450534192260.0,-0.20187722580108336,False,-48588876581445.125,resolved,inelastic,inelastic,True,,"UMAT_PCLK does not store a signed yield-function value in STATEV, so no distance to the branch surface is available",True,
4,inelastic,1,4,1|1|1|1,repeated,2.0,8e-05,-48453965686432.0,-0.2018915236934667,False,-48588876581445.125,resolved,inelastic,inelastic,True,,"UMAT_PCLK does not store a signed yield-function value in STATEV, so no distance to the branch surface is available",True,
4,inelastic,1,4,1|1|1|1,repeated,1.0,4e-05,-48454013691392.0,-0.20189172371413336,False,-48588876581445.125,resolved,inelastic,inelastic,True,,"UMAT_PCLK does not store a signed yield-function value in STATEV, so no distance to the branch surface is available",True,
4,inelastic,1,4,1|1|1|1,repeated,0.5,2e-05,-48454014844928.0,-0.2018917285205334,False,-48588876581445.125,resolved,inelastic,inelastic,True,,"UMAT_PCLK does not store a signed yield-function value in STATEV, so no distance to the branch surface is available",True,
4,inelastic,1,4,1|1|1|1,repeated,0.25,1e-05,-48454091669504.0,-0.20189204862293336,False,-48588876581445.125,resolved,inelastic,inelastic,True,,"UMAT_PCLK does not store a signed yield-function value in STATEV, so no distance to the branch surface is available",True,
4,inelastic,1,4,1|1|1|1,repeated,0.125,5e-06,-48453801476096.0,-0.20189083948373338,False,-48588876581445.125,resolved,inelastic,inelastic,True,,"UMAT_PCLK does not store a signed yield-function value in STATEV, so no distance to the branch surface is available",True,
4,inelastic,1,4,1|1|1|1,repeated,0.0625,2.5e-06,-48461927940096.0,-0.20192469975040003,False,-48588876581445.125,resolved,inelastic,inelastic,True,,"UMAT_PCLK does not store a signed yield-function value in STATEV, so no distance to the branch surface is available",True,
4,inelastic,2,4,1|1|1|1,repeated,16.0,0.00064,503520768335433.75,2.098003201397641,False,13338861798842.512,resolved,inelastic,elastic|inelastic,False,,"UMAT_PCLK does not store a signed yield-function value in STATEV, so no distance to the branch surface is available",False,"stencil left the nominal 'inelastic' branch (nodes reached 'elastic'), so the difference spans a non-smooth branch boundary"
4,inelastic,2,4,1|1|1|1,repeated,8.0,0.00032,-470175318969568.4,-1.9590638290398688,False,13338861798842.512,resolved,inelastic,elastic|inelastic,False,,"UMAT_PCLK does not store a signed yield-function value in STATEV, so no distance to the branch surface is available",False,"stencil left the nominal 'inelastic' branch (nodes reached 'elastic'), so the difference spans a non-smooth branch boundary"
4,inelastic,2,4,1|1|1|1,repeated,4.0,0.00016,13079011722166.0,0.05449588217569168,False,13338861798842.512,resolved,inelastic,inelastic,True,,"UMAT_PCLK does not store a signed yield-function value in STATEV, so no distance to the branch surface is available",True,
4,inelastic,2,4,1|1|1|1,repeated,2.0,8e-05,13079178301296.0,0.05449657625540001,False,13338861798842.512,resolved,inelastic,inelastic,True,,"UMAT_PCLK does not store a signed yield-function value in STATEV, so no distance to the branch surface is available",True,
4,inelastic,2,4,1|1|1|1,repeated,1.0,4e-05,13079175978528.0,0.05449656657720001,False,13338861798842.512,resolved,inelastic,inelastic,True,,"UMAT_PCLK does not store a signed yield-function value in STATEV, so no distance to the branch surface is available",True,
4,inelastic,2,4,1|1|1|1,repeated,0.5,2e-05,13079177696512.0,0.05449657373546668,False,13338861798842.512,resolved,inelastic,inelastic,True,,"UMAT_PCLK does not store a signed yield-function value in STATEV, so no distance to the branch surface is available",True,
4,inelastic,2,4,1|1|1|1,repeated,0.25,1e-05,13079141820160.0,0.05449642425066668,False,13338861798842.512,resolved,inelastic,inelastic,True,,"UMAT_PCLK does not store a signed yield-function value in STATEV, so no distance to the branch surface is available",True,
4,inelastic,2,4,1|1|1|1,repeated,0.125,5e-06,13079863099392.0,0.05449942958080001,False,13338861798842.512,resolved,inelastic,inelastic,True,,"UMAT_PCLK does not store a signed yield-function value in STATEV, so no distance to the branch surface is available",True,
4,inelastic,2,4,1|1|1|1,repeated,0.0625,2.5e-06,13086284054528.0,0.05452618356053334,False,13338861798842.512,resolved,inelastic,inelastic,True,,"UMAT_PCLK does not store a signed yield-function value in STATEV, so no distance to the branch surface is available",True,
4,inelastic,3,4,1|1|1|1,repeated,16.0,0.00064,-98805520939556.94,-0.4116896705814873,False,35250014782602.6,resolved,inelastic,elastic|inelastic,False,,"UMAT_PCLK does not store a signed yield-function value in STATEV, so no distance to the branch surface is available",False,"stencil left the nominal 'inelastic' branch (nodes reached 'elastic'), so the difference spans a non-smooth branch boundary"
4,inelastic,3,4,1|1|1|1,repeated,8.0,0.00032,139871063348526.22,0.582796097285526,False,35250014782602.6,resolved,inelastic,elastic|inelastic,False,,"UMAT_PCLK does not store a signed yield-function value in STATEV, so no distance to the branch surface is available",False,"stencil left the nominal 'inelastic' branch (nodes reached 'elastic'), so the difference spans a non-smooth branch boundary"
4,inelastic,3,4,1|1|1|1,repeated,4.0,0.00016,35371522470660.25,0.14738134362775107,False,35250014782602.6,resolved,inelastic,inelastic,True,,"UMAT_PCLK does not store a signed yield-function value in STATEV, so no distance to the branch surface is available",True,
4,inelastic,3,4,1|1|1|1,repeated,2.0,8e-05,35374787351344.0,0.14739494729726668,False,35250014782602.6,resolved,inelastic,inelastic,True,,"UMAT_PCLK does not store a signed yield-function value in STATEV, so no distance to the branch surface is available",True,
4,inelastic,3,4,1|1|1|1,repeated,1.0,4e-05,35374837420288.0,0.14739515591786667,False,35250014782602.6,resolved,inelastic,inelastic,True,,"UMAT_PCLK does not store a signed yield-function value in STATEV, so no distance to the branch surface is available",True,
4,inelastic,3,4,1|1|1|1,repeated,0.5,2e-05,35374839619584.0,0.14739516508160003,False,35250014782602.6,resolved,inelastic,inelastic,True,,"UMAT_PCLK does not store a signed yield-function value in STATEV, so no distance to the branch surface is available",True,
4,inelastic,3,4,1|1|1|1,repeated,0.25,1e-05,35374872002560.0,0.14739530001066667,False,35250014782602.6,resolved,inelastic,inelastic,True,,"UMAT_PCLK does not store a signed yield-function value in STATEV, so no distance to the branch surface is available",True,
4,inelastic,3,4,1|1|1|1,repeated,0.125,5e-06,35374921416704.0,0.14739550590293335,False,35250014782602.6,resolved,inelastic,inelastic,True,,"UMAT_PCLK does not store a signed yield-function value in STATEV, so no distance to the branch surface is available",True,
4,inelastic,3,4,1|1|1|1,repeated,0.0625,2.5e-06,35375682682880.0,0.14739867784533336,False,35250014782602.6,resolved,inelastic,inelastic,True,,"UMAT_PCLK does not store a signed yield-function value in STATEV, so no distance to the branch surface is available",True,
4,inelastic,4,4,1|1|1|1,repeated,16.0,0.00064,-33511964932870.047,-0.1396331872202919,False,2824038071270.4946,resolved,inelastic,elastic|inelastic,False,,"UMAT_PCLK does not store a signed yield-function value in STATEV, so no distance to the branch surface is available",False,"stencil left the nominal 'inelastic' branch (nodes reached 'elastic'), so the difference spans a non-smooth branch boundary"
4,inelastic,4,4,1|1|1|1,repeated,8.0,0.00032,35022401646532.99,0.14592667352722083,False,2824038071270.4946,resolved,inelastic,elastic|inelastic,False,,"UMAT_PCLK does not store a signed yield-function value in STATEV, so no distance to the branch surface is available",False,"stencil left the nominal 'inelastic' branch (nodes reached 'elastic'), so the difference spans a non-smooth branch boundary"
4,inelastic,4,4,1|1|1|1,repeated,4.0,0.00016,2101643191113.1562,0.008756846629638153,False,2824038071270.4946,resolved,inelastic,inelastic,True,,"UMAT_PCLK does not store a signed yield-function value in STATEV, so no distance to the branch surface is available",True,
4,inelastic,4,4,1|1|1|1,repeated,2.0,8e-05,2101890440506.5,0.00875787683544375,False,2824038071270.4946,resolved,inelastic,inelastic,True,,"UMAT_PCLK does not store a signed yield-function value in STATEV, so no distance to the branch surface is available",True,
4,inelastic,4,4,1|1|1|1,repeated,1.0,4e-05,2101894486088.0,0.008757893692033334,False,2824038071270.4946,resolved,inelastic,inelastic,True,,"UMAT_PCLK does not store a signed yield-function value in STATEV, so no distance to the branch surface is available",True,
4,inelastic,4,4,1|1|1|1,repeated,0.5,2e-05,2101894420608.0,0.008757893419200002,False,2824038071270.4946,resolved,inelastic,inelastic,True,,"UMAT_PCLK does not store a signed yield-function value in STATEV, so no distance to the branch surface is available",True,
4,inelastic,4,4,1|1|1|1,repeated,0.25,1e-05,2101894713344.0,0.008757894638933336,False,2824038071270.4946,resolved,inelastic,inelastic,True,,"UMAT_PCLK does not store a signed yield-function value in STATEV, so no distance to the branch surface is available",True,
4,inelastic,4,4,1|1|1|1,repeated,0.125,5e-06,2101881733120.0,0.008757840554666668,False,2824038071270.4946,resolved,inelastic,inelastic,True,,"UMAT_PCLK does not store a signed yield-function value in STATEV, so no distance to the branch surface is available",True,
4,inelastic,4,4,1|1|1|1,repeated,0.0625,2.5e-06,2101930360832.0,0.008758043170133336,False,2824038071270.4946,resolved,inelastic,inelastic,True,,"UMAT_PCLK does not store a signed yield-function value in STATEV, so no distance to the branch surface is available",True,
4,inelastic,1,3,1|1|2,mixed,16.0,0.00064,-132013314424.04337,-0.5500554767668474,False,1931189704.7893894,resolved,inelastic,elastic|inelastic,False,,"UMAT_PCLK does not store a signed yield-function value in STATEV, so no distance to the branch surface is available",False,"stencil left the nominal 'inelastic' branch (nodes reached 'elastic'), so the difference spans a non-smooth branch boundary"
4,inelastic,1,3,1|1|2,mixed,8.0,0.00032,143728920443.07977,0.5988705018461657,False,1931189704.7893894,resolved,inelastic,elastic|inelastic,False,,"UMAT_PCLK does not store a signed yield-function value in STATEV, so no distance to the branch surface is available",False,"stencil left the nominal 'inelastic' branch (nodes reached 'elastic'), so the difference spans a non-smooth branch boundary"
4,inelastic,1,3,1|1|2,mixed,4.0,0.00016,11968526103.23413,0.04986885876347555,False,1931189704.7893894,resolved,inelastic,elastic|inelastic,False,,"UMAT_PCLK does not store a signed yield-function value in STATEV, so no distance to the branch surface is available",False,"stencil left the nominal 'inelastic' branch (nodes reached 'elastic'), so the difference spans a non-smooth branch boundary"
4,inelastic,1,3,1|1|2,mixed,2.0,8e-05,2012257867.8217924,0.008384407782590803,False,1931189704.7893894,resolved,inelastic,inelastic,True,,"UMAT_PCLK does not store a signed yield-function value in STATEV, so no distance to the branch surface is available",True,
4,inelastic,1,3,1|1|2,mixed,1.0,4e-05,2012257770.9149399,0.008384407378812249,False,1931189704.7893894,resolved,inelastic,inelastic,True,,"UMAT_PCLK does not store a signed yield-function value in STATEV, so no distance to the branch surface is available",True,
4,inelastic,1,3,1|1|2,mixed,0.5,2e-05,2012257742.2434387,0.008384407259347661,False,1931189704.7893894,resolved,inelastic,inelastic,True,,"UMAT_PCLK does not store a signed yield-function value in STATEV, so no distance to the branch surface is available",True,
4,inelastic,1,3,1|1|2,mixed,0.25,1e-05,2012257658.925537,0.00838440691218974,False,1931189704.7893894,resolved,inelastic,inelastic,True,,"UMAT_PCLK does not store a signed yield-function value in STATEV, so no distance to the branch surface is available",True,
4,inelastic,1,3,1|1|2,mixed,0.125,5e-06,2012258623.6699219,0.00838441093195801,False,1931189704.7893894,resolved,inelastic,inelastic,True,,"UMAT_PCLK does not store a signed yield-function value in STATEV, so no distance to the branch surface is available",True,
4,inelastic,1,3,1|1|2,mixed,0.0625,2.5e-06,2012254943.59375,0.008384395598307292,False,1931189704.7893894,resolved,inelastic,inelastic,True,,"UMAT_PCLK does not store a signed yield-function value in STATEV, so no distance to the branch surface is available",True,
4,inelastic,2,3,1|1|2,mixed,16.0,0.00064,103338276575.6324,0.43057615239846836,False,-13052204337.78443,resolved,inelastic,elastic|inelastic,False,,"UMAT_PCLK does not store a signed yield-function value in STATEV, so no distance to the branch surface is available",False,"stencil left the nominal 'inelastic' branch (nodes reached 'elastic'), so the difference spans a non-smooth branch boundary"
4,inelastic,2,3,1|1|2,mixed,8.0,0.00032,-138238614484.17477,-0.5759942270173949,False,-13052204337.78443,resolved,inelastic,elastic|inelastic,False,,"UMAT_PCLK does not store a signed yield-function value in STATEV, so no distance to the branch surface is available",False,"stencil left the nominal 'inelastic' branch (nodes reached 'elastic'), so the difference spans a non-smooth branch boundary"
4,inelastic,2,3,1|1|2,mixed,4.0,0.00016,-22265248620.974087,-0.0927718692540587,False,-13052204337.78443,resolved,inelastic,elastic|inelastic,False,,"UMAT_PCLK does not store a signed yield-function value in STATEV, so no distance to the branch surface is available",False,"stencil left the nominal 'inelastic' branch (nodes reached 'elastic'), so the difference spans a non-smooth branch boundary"
4,inelastic,2,3,1|1|2,mixed,2.0,8e-05,-13125172510.281384,-0.054688218792839104,False,-13052204337.78443,resolved,inelastic,inelastic,True,,"UMAT_PCLK does not store a signed yield-function value in STATEV, so no distance to the branch surface is available",True,
4,inelastic,2,3,1|1|2,mixed,1.0,4e-05,-13125172793.626823,-0.0546882199734451,False,-13052204337.78443,resolved,inelastic,inelastic,True,,"UMAT_PCLK does not store a signed yield-function value in STATEV, so no distance to the branch surface is available",True,
4,inelastic,2,3,1|1|2,mixed,0.5,2e-05,-13125172758.62686,-0.05468821982761192,False,-13052204337.78443,resolved,inelastic,inelastic,True,,"UMAT_PCLK does not store a signed yield-function value in STATEV, so no distance to the branch surface is available",True,
4,inelastic,2,3,1|1|2,mixed,0.25,1e-05,-13125172799.410934,-0.05468821999754556,False,-13052204337.78443,resolved,inelastic,inelastic,True,,"UMAT_PCLK does not store a signed yield-function value in STATEV, so no distance to the branch surface is available",True,
4,inelastic,2,3,1|1|2,mixed,0.125,5e-06,-13125173072.080393,-0.05468822113366831,False,-13052204337.78443,resolved,inelastic,inelastic,True,,"UMAT_PCLK does not store a signed yield-function value in STATEV, so no distance to the branch surface is available",True,
4,inelastic,2,3,1|1|2,mixed,0.0625,2.5e-06,-13125171930.260498,-0.05468821637608542,False,-13052204337.78443,resolved,inelastic,inelastic,True,,"UMAT_PCLK does not store a signed yield-function value in STATEV, so no distance to the branch surface is available",True,
4,inelastic,3,3,1|1|2,mixed,16.0,0.00064,28675037848.411217,0.11947932436838007,False,11121014632.995028,resolved,inelastic,elastic|inelastic,False,,"UMAT_PCLK does not store a signed yield-function value in STATEV, so no distance to the branch surface is available",False,"stencil left the nominal 'inelastic' branch (nodes reached 'elastic'), so the difference spans a non-smooth branch boundary"
4,inelastic,3,3,1|1|2,mixed,8.0,0.00032,-5490305958.901485,-0.02287627482875619,False,11121014632.995028,resolved,inelastic,elastic|inelastic,False,,"UMAT_PCLK does not store a signed yield-function value in STATEV, so no distance to the branch surface is available",False,"stencil left the nominal 'inelastic' branch (nodes reached 'elastic'), so the difference spans a non-smooth branch boundary"
4,inelastic,3,3,1|1|2,mixed,4.0,0.00016,10296722517.78571,0.042903010490773795,False,11121014632.995028,resolved,inelastic,elastic|inelastic,False,,"UMAT_PCLK does not store a signed yield-function value in STATEV, so no distance to the branch surface is available",False,"stencil left the nominal 'inelastic' branch (nodes reached 'elastic'), so the difference spans a non-smooth branch boundary"
4,inelastic,3,3,1|1|2,mixed,2.0,8e-05,11112914641.794,0.04630381100747501,False,11121014632.995028,resolved,inelastic,inelastic,True,,"UMAT_PCLK does not store a signed yield-function value in STATEV, so no distance to the branch surface is available",True,
4,inelastic,3,3,1|1|2,mixed,1.0,4e-05,11112915020.827227,0.04630381258678011,False,11121014632.995028,resolved,inelastic,inelastic,True,,"UMAT_PCLK does not store a signed yield-function value in STATEV, so no distance to the branch surface is available",True,
4,inelastic,3,3,1|1|2,mixed,0.5,2e-05,11112915021.415405,0.04630381258923086,False,11121014632.995028,resolved,inelastic,inelastic,True,,"UMAT_PCLK does not store a signed yield-function value in STATEV, so no distance to the branch surface is available",True,
4,inelastic,3,3,1|1|2,mixed,0.25,1e-05,11112914976.135498,0.04630381240056458,False,11121014632.995028,resolved,inelastic,inelastic,True,,"UMAT_PCLK does not store a signed yield-function value in STATEV, so no distance to the branch surface is available",True,
4,inelastic,3,3,1|1|2,mixed,0.125,5e-06,11112914875.547852,0.04630381198144939,False,11121014632.995028,resolved,inelastic,inelastic,True,,"UMAT_PCLK does not store a signed yield-function value in STATEV, so no distance to the branch surface is available",True,
4,inelastic,3,3,1|1|2,mixed,0.0625,2.5e-06,11112913567.726562,0.046303806532194014,False,11121014632.995028,resolved,inelastic,inelastic,True,,"UMAT_PCLK does not store a signed yield-function value in STATEV, so no distance to the branch surface is available",True,
4,inelastic,4,3,1|1|2,mixed,16.0,0.00064,-4406353771.254095,-0.0183598073802254,False,4275949721.92604,resolved,inelastic,elastic|inelastic,False,,"UMAT_PCLK does not store a signed yield-function value in STATEV, so no distance to the branch surface is available",False,"stencil left the nominal 'inelastic' branch (nodes reached 'elastic'), so the difference spans a non-smooth branch boundary"
4,inelastic,4,3,1|1|2,mixed,8.0,0.00032,12678339959.966259,0.05282641649985942,False,4275949721.92604,resolved,inelastic,elastic|inelastic,False,,"UMAT_PCLK does not store a signed yield-function value in STATEV, so no distance to the branch surface is available",False,"stencil left the nominal 'inelastic' branch (nodes reached 'elastic'), so the difference spans a non-smooth branch boundary"
4,inelastic,4,3,1|1|2,mixed,4.0,0.00016,4367602873.927316,0.018198345308030484,False,4275949721.92604,resolved,inelastic,elastic|inelastic,False,,"UMAT_PCLK does not store a signed yield-function value in STATEV, so no distance to the branch surface is available",False,"stencil left the nominal 'inelastic' branch (nodes reached 'elastic'), so the difference spans a non-smooth branch boundary"
4,inelastic,4,3,1|1|2,mixed,2.0,8e-05,3735445225.7898746,0.015564355107457812,False,4275949721.92604,resolved,inelastic,inelastic,True,,"UMAT_PCLK does not store a signed yield-function value in STATEV, so no distance to the branch surface is available",True,
4,inelastic,4,3,1|1|2,mixed,1.0,4e-05,3735445176.014715,0.015564354900061314,False,4275949721.92604,resolved,inelastic,inelastic,True,,"UMAT_PCLK does not store a signed yield-function value in STATEV, so no distance to the branch surface is available",True,
4,inelastic,4,3,1|1|2,mixed,0.5,2e-05,3735445174.710868,0.015564354894628617,False,4275949721.92604,resolved,inelastic,inelastic,True,,"UMAT_PCLK does not store a signed yield-function value in STATEV, so no distance to the branch surface is available",True,
4,inelastic,4,3,1|1|2,mixed,0.25,1e-05,3735445176.9099503,0.01556435490379146,False,4275949721.92604,resolved,inelastic,inelastic,True,,"UMAT_PCLK does not store a signed yield-function value in STATEV, so no distance to the branch surface is available",True,
4,inelastic,4,3,1|1|2,mixed,0.125,5e-06,3735445215.7130737,0.01556435506547114,False,4275949721.92604,resolved,inelastic,inelastic,True,,"UMAT_PCLK does not store a signed yield-function value in STATEV, so no distance to the branch surface is available",True,
4,inelastic,4,3,1|1|2,mixed,0.0625,2.5e-06,3735445192.5771484,0.015564354969071454,False,4275949721.92604,resolved,inelastic,inelastic,True,,"UMAT_PCLK does not store a signed yield-function value in STATEV, so no distance to the branch surface is available",True,
4,inelastic,1,4,1|1|2|2,mixed,16.0,0.00064,-526214147530989.7,-2.1925589480457908,False,20684228588973.83,resolved,inelastic,elastic|inelastic,False,,"UMAT_PCLK does not store a signed yield-function value in STATEV, so no distance to the branch surface is available",False,"stencil left the nominal 'inelastic' branch (nodes reached 'elastic'), so the difference spans a non-smooth branch boundary"
4,inelastic,1,4,1|1|2|2,mixed,8.0,0.00032,772391654709045.5,3.21829856128769,False,20684228588973.83,resolved,inelastic,elastic|inelastic,False,,"UMAT_PCLK does not store a signed yield-function value in STATEV, so no distance to the branch surface is available",False,"stencil left the nominal 'inelastic' branch (nodes reached 'elastic'), so the difference spans a non-smooth branch boundary"
4,inelastic,1,4,1|1|2|2,mixed,4.0,0.00016,87181802927118.61,0.3632575121963276,False,20684228588973.83,resolved,inelastic,elastic|inelastic,False,,"UMAT_PCLK does not store a signed yield-function value in STATEV, so no distance to the branch surface is available",False,"stencil left the nominal 'inelastic' branch (nodes reached 'elastic'), so the difference spans a non-smooth branch boundary"
4,inelastic,1,4,1|1|2|2,mixed,2.0,8e-05,20867561278603.93,0.08694817199418306,False,20684228588973.83,resolved,inelastic,inelastic,True,,"UMAT_PCLK does not store a signed yield-function value in STATEV, so no distance to the branch surface is available",True,
4,inelastic,1,4,1|1|2|2,mixed,1.0,4e-05,20867561393120.688,0.08694817247133621,False,20684228588973.83,resolved,inelastic,inelastic,True,,"UMAT_PCLK does not store a signed yield-function value in STATEV, so no distance to the branch surface is available",True,
4,inelastic,1,4,1|1|2|2,mixed,0.5,2e-05,20867559544470.0,0.08694816476862502,False,20684228588973.83,resolved,inelastic,inelastic,True,,"UMAT_PCLK does not store a signed yield-function value in STATEV, so no distance to the branch surface is available",True,
4,inelastic,1,4,1|1|2|2,mixed,0.25,1e-05,20867508400080.0,0.08694795166700002,False,20684228588973.83,resolved,inelastic,inelastic,True,,"UMAT_PCLK does not store a signed yield-function value in STATEV, so no distance to the branch surface is available",True,
4,inelastic,1,4,1|1|2|2,mixed,0.125,5e-06,20867011179776.0,0.08694587991573335,False,20684228588973.83,resolved,inelastic,inelastic,True,,"UMAT_PCLK does not store a signed yield-function value in STATEV, so no distance to the branch surface is available",True,
4,inelastic,1,4,1|1|2|2,mixed,0.0625,2.5e-06,20867216433152.0,0.08694673513813335,False,20684228588973.83,resolved,inelastic,inelastic,True,,"UMAT_PCLK does not store a signed yield-function value in STATEV, so no distance to the branch surface is available",True,
4,inelastic,2,4,1|1|2|2,mixed,16.0,0.00064,492603082540844.25,2.052512843920185,False,-8009514540321.324,resolved,inelastic,elastic|inelastic,False,,"UMAT_PCLK does not store a signed yield-function value in STATEV, so no distance to the branch surface is available",False,"stencil left the nominal 'inelastic' branch (nodes reached 'elastic'), so the difference spans a non-smooth branch boundary"
4,inelastic,2,4,1|1|2|2,mixed,8.0,0.00032,-707307148763949.2,-2.947113119849789,False,-8009514540321.324,resolved,inelastic,elastic|inelastic,False,,"UMAT_PCLK does not store a signed yield-function value in STATEV, so no distance to the branch surface is available",False,"stencil left the nominal 'inelastic' branch (nodes reached 'elastic'), so the difference spans a non-smooth branch boundary"
4,inelastic,2,4,1|1|2|2,mixed,4.0,0.00016,-71410498105884.34,-0.2975437421078515,False,-8009514540321.324,resolved,inelastic,elastic|inelastic,False,,"UMAT_PCLK does not store a signed yield-function value in STATEV, so no distance to the branch surface is available",False,"stencil left the nominal 'inelastic' branch (nodes reached 'elastic'), so the difference spans a non-smooth branch boundary"
4,inelastic,2,4,1|1|2|2,mixed,2.0,8e-05,-8154717551416.778,-0.03397798979756992,False,-8009514540321.324,resolved,inelastic,inelastic,True,,"UMAT_PCLK does not store a signed yield-function value in STATEV, so no distance to the branch surface is available",True,
4,inelastic,2,4,1|1|2|2,mixed,1.0,4e-05,-8154717760114.781,-0.03397799066714493,False,-8009514540321.324,resolved,inelastic,inelastic,True,,"UMAT_PCLK does not store a signed yield-function value in STATEV, so no distance to the branch surface is available",True,
4,inelastic,2,4,1|1|2|2,mixed,0.5,2e-05,-8154718545128.031,-0.03397799393803347,False,-8009514540321.324,resolved,inelastic,inelastic,True,,"UMAT_PCLK does not store a signed yield-function value in STATEV, so no distance to the branch surface is available",True,
4,inelastic,2,4,1|1|2|2,mixed,0.25,1e-05,-8154731368367.0,-0.03397804736819584,False,-8009514540321.324,resolved,inelastic,inelastic,True,,"UMAT_PCLK does not store a signed yield-function value in STATEV, so no distance to the branch surface is available",True,
4,inelastic,2,4,1|1|2|2,mixed,0.125,5e-06,-8154596269422.875,-0.03397748445592865,False,-8009514540321.324,resolved,inelastic,inelastic,True,,"UMAT_PCLK does not store a signed yield-function value in STATEV, so no distance to the branch surface is available",True,
4,inelastic,2,4,1|1|2|2,mixed,0.0625,2.5e-06,-8129748397760.0,-0.03387395165733334,False,-8009514540321.324,resolved,inelastic,inelastic,True,,"UMAT_PCLK does not store a signed yield-function value in STATEV, so no distance to the branch surface is available",True,
4,inelastic,3,4,1|1|2|2,mixed,16.0,0.00064,33611064990146.312,0.14004610412560967,False,-12674714048652.506,resolved,inelastic,elastic|inelastic,False,,"UMAT_PCLK does not store a signed yield-function value in STATEV, so no distance to the branch surface is available",False,"stencil left the nominal 'inelastic' branch (nodes reached 'elastic'), so the difference spans a non-smooth branch boundary"
4,inelastic,3,4,1|1|2|2,mixed,8.0,0.00032,-65084505945044.46,-0.2711854414376853,False,-12674714048652.506,resolved,inelastic,elastic|inelastic,False,,"UMAT_PCLK does not store a signed yield-function value in STATEV, so no distance to the branch surface is available",False,"stencil left the nominal 'inelastic' branch (nodes reached 'elastic'), so the difference spans a non-smooth branch boundary"
4,inelastic,3,4,1|1|2|2,mixed,4.0,0.00016,-15771304819607.445,-0.0657137700816977,False,-12674714048652.506,resolved,inelastic,elastic|inelastic,False,,"UMAT_PCLK does not store a signed yield-function value in STATEV, so no distance to the branch surface is available",False,"stencil left the nominal 'inelastic' branch (nodes reached 'elastic'), so the difference spans a non-smooth branch boundary"
4,inelastic,3,4,1|1|2|2,mixed,2.0,8e-05,-12712843749908.676,-0.05297018229128616,False,-12674714048652.506,resolved,inelastic,inelastic,True,,"UMAT_PCLK does not store a signed yield-function value in STATEV, so no distance to the branch surface is available",True,
4,inelastic,3,4,1|1|2|2,mixed,1.0,4e-05,-12712843632261.36,-0.052970181801089006,False,-12674714048652.506,resolved,inelastic,inelastic,True,,"UMAT_PCLK does not store a signed yield-function value in STATEV, so no distance to the branch surface is available",True,
4,inelastic,3,4,1|1|2|2,mixed,0.5,2e-05,-12712844021991.75,-0.052970183424965636,False,-12674714048652.506,resolved,inelastic,inelastic,True,,"UMAT_PCLK does not store a signed yield-function value in STATEV, so no distance to the branch surface is available",True,
4,inelastic,3,4,1|1|2|2,mixed,0.25,1e-05,-12712852260412.0,-0.05297021775171668,False,-12674714048652.506,resolved,inelastic,inelastic,True,,"UMAT_PCLK does not store a signed yield-function value in STATEV, so no distance to the branch surface is available",True,
4,inelastic,3,4,1|1|2|2,mixed,0.125,5e-06,-12712759565824.0,-0.05296983152426668,False,-12674714048652.506,resolved,inelastic,inelastic,True,,"UMAT_PCLK does not store a signed yield-function value in STATEV, so no distance to the branch surface is available",True,
4,inelastic,3,4,1|1|2|2,mixed,0.0625,2.5e-06,-12705952696320.0,-0.05294146956800001,False,-12674714048652.506,resolved,inelastic,inelastic,True,,"UMAT_PCLK does not store a signed yield-function value in STATEV, so no distance to the branch surface is available",True,
4,inelastic,4,4,1|1|2|2,mixed,16.0,0.00064,-34069024470414.914,-0.14195426862672886,False,7075422998612.05,resolved,inelastic,elastic|inelastic,False,,"UMAT_PCLK does not store a signed yield-function value in STATEV, so no distance to the branch surface is available",False,"stencil left the nominal 'inelastic' branch (nodes reached 'elastic'), so the difference spans a non-smooth branch boundary"
4,inelastic,4,4,1|1|2|2,mixed,8.0,0.00032,57935195634609.65,0.24139664847754022,False,7075422998612.05,resolved,inelastic,elastic|inelastic,False,,"UMAT_PCLK does not store a signed yield-function value in STATEV, so no distance to the branch surface is available",False,"stencil left the nominal 'inelastic' branch (nodes reached 'elastic'), so the difference spans a non-smooth branch boundary"
4,inelastic,4,4,1|1|2|2,mixed,4.0,0.00016,10672118947722.008,0.044467162282175045,False,7075422998612.05,resolved,inelastic,elastic|inelastic,False,,"UMAT_PCLK does not store a signed yield-function value in STATEV, so no distance to the branch surface is available",False,"stencil left the nominal 'inelastic' branch (nodes reached 'elastic'), so the difference spans a non-smooth branch boundary"
4,inelastic,4,4,1|1|2|2,mixed,2.0,8e-05,6257880546579.266,0.02607450227741361,False,7075422998612.05,resolved,inelastic,inelastic,True,,"UMAT_PCLK does not store a signed yield-function value in STATEV, so no distance to the branch surface is available",True,
4,inelastic,4,4,1|1|2|2,mixed,1.0,4e-05,6257880479486.147,0.02607450199785895,False,7075422998612.05,resolved,inelastic,inelastic,True,,"UMAT_PCLK does not store a signed yield-function value in STATEV, so no distance to the branch surface is available",True,
4,inelastic,4,4,1|1|2|2,mixed,0.5,2e-05,6257880429199.422,0.026074501788330928,False,7075422998612.05,resolved,inelastic,inelastic,True,,"UMAT_PCLK does not store a signed yield-function value in STATEV, so no distance to the branch surface is available",True,
4,inelastic,4,4,1|1|2|2,mixed,0.25,1e-05,6257881729860.5,0.026074507207752087,False,7075422998612.05,resolved,inelastic,inelastic,True,,"UMAT_PCLK does not store a signed yield-function value in STATEV, so no distance to the branch surface is available",True,
4,inelastic,4,4,1|1|2|2,mixed,0.125,5e-06,6257883254872.0,0.02607451356196667,False,7075422998612.05,resolved,inelastic,inelastic,True,,"UMAT_PCLK does not store a signed yield-function value in STATEV, so no distance to the branch surface is available",True,
4,inelastic,4,4,1|1|2|2,mixed,0.0625,2.5e-06,6257307427264.0,0.02607211428026667,False,7075422998612.05,resolved,inelastic,inelastic,True,,"UMAT_PCLK does not store a signed yield-function value in STATEV, so no distance to the branch surface is available",True,
4,inelastic,1,2,1|2,mixed,16.0,0.00064,13722923.096222501,0.057178846234260415,False,-9014018.068385575,resolved,inelastic,elastic|inelastic,False,,"UMAT_PCLK does not store a signed yield-function value in STATEV, so no distance to the branch surface is available",False,"stencil left the nominal 'inelastic' branch (nodes reached 'elastic'), so the difference spans a non-smooth branch boundary"
4,inelastic,1,2,1|2,mixed,8.0,0.00032,-32500218.87635662,-0.1354175786514859,False,-9014018.068385575,resolved,inelastic,elastic|inelastic,False,,"UMAT_PCLK does not store a signed yield-function value in STATEV, so no distance to the branch surface is available",False,"stencil left the nominal 'inelastic' branch (nodes reached 'elastic'), so the difference spans a non-smooth branch boundary"
4,inelastic,1,2,1|2,mixed,4.0,0.00016,-10840208.862285664,-0.045167536926190265,False,-9014018.068385575,resolved,inelastic,elastic|inelastic,False,,"UMAT_PCLK does not store a signed yield-function value in STATEV, so no distance to the branch surface is available",False,"stencil left the nominal 'inelastic' branch (nodes reached 'elastic'), so the difference spans a non-smooth branch boundary"
4,inelastic,1,2,1|2,mixed,2.0,8e-05,-9046178.194351772,-0.037692409143132384,False,-9014018.068385575,resolved,inelastic,inelastic,True,,"UMAT_PCLK does not store a signed yield-function value in STATEV, so no distance to the branch surface is available",True,
4,inelastic,1,2,1|2,mixed,1.0,4e-05,-9046178.211064199,-0.037692409212767494,False,-9014018.068385575,resolved,inelastic,inelastic,True,,"UMAT_PCLK does not store a signed yield-function value in STATEV, so no distance to the branch surface is available",True,
4,inelastic,1,2,1|2,mixed,0.5,2e-05,-9046178.211309794,-0.03769240921379081,False,-9014018.068385575,resolved,inelastic,inelastic,True,,"UMAT_PCLK does not store a signed yield-function value in STATEV, so no distance to the branch surface is available",True,
4,inelastic,1,2,1|2,mixed,0.25,1e-05,-9046178.211040266,-0.037692409212667775,False,-9014018.068385575,resolved,inelastic,inelastic,True,,"UMAT_PCLK does not store a signed yield-function value in STATEV, so no distance to the branch surface is available",True,
4,inelastic,1,2,1|2,mixed,0.125,5e-06,-9046178.21064356,-0.03769240921101483,False,-9014018.068385575,resolved,inelastic,inelastic,True,,"UMAT_PCLK does not store a signed yield-function value in STATEV, so no distance to the branch surface is available",True,
4,inelastic,1,2,1|2,mixed,0.0625,2.5e-06,-9046178.215043664,-0.0376924092293486,False,-9014018.068385575,resolved,inelastic,inelastic,True,,"UMAT_PCLK does not store a signed yield-function value in STATEV, so no distance to the branch surface is available",True,
4,inelastic,2,2,1|2,mixed,16.0,0.00064,-16467645.529774703,-0.0686151897073946,False,4292369.257899984,resolved,inelastic,elastic|inelastic,False,,"UMAT_PCLK does not store a signed yield-function value in STATEV, so no distance to the branch surface is available",False,"stencil left the nominal 'inelastic' branch (nodes reached 'elastic'), so the difference spans a non-smooth branch boundary"
4,inelastic,2,2,1|2,mixed,8.0,0.00032,25690565.97842073,0.10704402491008637,False,4292369.257899984,resolved,inelastic,elastic|inelastic,False,,"UMAT_PCLK does not store a signed yield-function value in STATEV, so no distance to the branch surface is available",False,"stencil left the nominal 'inelastic' branch (nodes reached 'elastic'), so the difference spans a non-smooth branch boundary"
4,inelastic,2,2,1|2,mixed,4.0,0.00016,6034277.9834706765,0.025142824931127815,False,4292369.257899984,resolved,inelastic,elastic|inelastic,False,,"UMAT_PCLK does not store a signed yield-function value in STATEV, so no distance to the branch surface is available",False,"stencil left the nominal 'inelastic' branch (nodes reached 'elastic'), so the difference spans a non-smooth branch boundary"
4,inelastic,2,2,1|2,mixed,2.0,8e-05,4319731.79310359,0.01799888247126496,False,4292369.257899984,resolved,inelastic,inelastic,True,,"UMAT_PCLK does not store a signed yield-function value in STATEV, so no distance to the branch surface is available",True,
4,inelastic,2,2,1|2,mixed,1.0,4e-05,4319731.81817042,0.01799888257571008,False,4292369.257899984,resolved,inelastic,inelastic,True,,"UMAT_PCLK does not store a signed yield-function value in STATEV, so no distance to the branch surface is available",True,
4,inelastic,2,2,1|2,mixed,0.5,2e-05,4319731.818398724,0.017998882576661348,False,4292369.257899984,resolved,inelastic,inelastic,True,,"UMAT_PCLK does not store a signed yield-function value in STATEV, so no distance to the branch surface is available",True,
4,inelastic,2,2,1|2,mixed,0.25,1e-05,4319731.81834267,0.01799888257642779,False,4292369.257899984,resolved,inelastic,inelastic,True,,"UMAT_PCLK does not store a signed yield-function value in STATEV, so no distance to the branch surface is available",True,
4,inelastic,2,2,1|2,mixed,0.125,5e-06,4319731.8190195495,0.017998882579248122,False,4292369.257899984,resolved,inelastic,inelastic,True,,"UMAT_PCLK does not store a signed yield-function value in STATEV, so no distance to the branch surface is available",True,
4,inelastic,2,2,1|2,mixed,0.0625,2.5e-06,4319731.81465973,0.017998882561082206,False,4292369.257899984,resolved,inelastic,inelastic,True,,"UMAT_PCLK does not store a signed yield-function value in STATEV, so no distance to the branch surface is available",True,
4,inelastic,3,2,1|2,mixed,16.0,0.00064,2744722.4335519075,0.011436343473132948,False,4721648.810485585,resolved,inelastic,elastic|inelastic,False,,"UMAT_PCLK does not store a signed yield-function value in STATEV, so no distance to the branch surface is available",False,"stencil left the nominal 'inelastic' branch (nodes reached 'elastic'), so the difference spans a non-smooth branch boundary"
4,inelastic,3,2,1|2,mixed,8.0,0.00032,6809652.897935557,0.028373553741398154,False,4721648.810485585,resolved,inelastic,elastic|inelastic,False,,"UMAT_PCLK does not store a signed yield-function value in STATEV, so no distance to the branch surface is available",False,"stencil left the nominal 'inelastic' branch (nodes reached 'elastic'), so the difference spans a non-smooth branch boundary"
4,inelastic,3,2,1|2,mixed,4.0,0.00016,4805930.878815361,0.020024711995064004,False,4721648.810485585,resolved,inelastic,elastic|inelastic,False,,"UMAT_PCLK does not store a signed yield-function value in STATEV, so no distance to the branch surface is available",False,"stencil left the nominal 'inelastic' branch (nodes reached 'elastic'), so the difference spans a non-smooth branch boundary"
4,inelastic,3,2,1|2,mixed,2.0,8e-05,4726446.401269464,0.0196935266719561,False,4721648.810485585,resolved,inelastic,inelastic,True,,"UMAT_PCLK does not store a signed yield-function value in STATEV, so no distance to the branch surface is available",True,
4,inelastic,3,2,1|2,mixed,1.0,4e-05,4726446.39289513,0.01969352663706304,False,4721648.810485585,resolved,inelastic,inelastic,True,,"UMAT_PCLK does not store a signed yield-function value in STATEV, so no distance to the branch surface is available",True,
4,inelastic,3,2,1|2,mixed,0.5,2e-05,4726446.392837624,0.019693526636823434,False,4721648.810485585,resolved,inelastic,inelastic,True,,"UMAT_PCLK does not store a signed yield-function value in STATEV, so no distance to the branch surface is available",True,
4,inelastic,3,2,1|2,mixed,0.25,1e-05,4726446.392998042,0.01969352663749184,False,4721648.810485585,resolved,inelastic,inelastic,True,,"UMAT_PCLK does not store a signed yield-function value in STATEV, so no distance to the branch surface is available",True,
4,inelastic,3,2,1|2,mixed,0.125,5e-06,4726446.392352417,0.019693526634801735,False,4721648.810485585,resolved,inelastic,inelastic,True,,"UMAT_PCLK does not store a signed yield-function value in STATEV, so no distance to the branch surface is available",True,
4,inelastic,3,2,1|2,mixed,0.0625,2.5e-06,4726446.391734928,0.019693526632228862,False,4721648.810485585,resolved,inelastic,inelastic,True,,"UMAT_PCLK does not store a signed yield-function value in STATEV, so no distance to the branch surface is available",True,
4,inelastic,4,2,1|2,mixed,16.0,0.00064,-1907276.6583070648,-0.007946986076279436,False,-3329197.794396146,resolved,inelastic,elastic|inelastic,False,,"UMAT_PCLK does not store a signed yield-function value in STATEV, so no distance to the branch surface is available",False,"stencil left the nominal 'inelastic' branch (nodes reached 'elastic'), so the difference spans a non-smooth branch boundary"
4,inelastic,4,2,1|2,mixed,8.0,0.00032,-4352126.280342258,-0.018133859501426073,False,-3329197.794396146,resolved,inelastic,elastic|inelastic,False,,"UMAT_PCLK does not store a signed yield-function value in STATEV, so no distance to the branch surface is available",False,"stencil left the nominal 'inelastic' branch (nodes reached 'elastic'), so the difference spans a non-smooth branch boundary"
4,inelastic,4,2,1|2,mixed,4.0,0.00016,-3049273.756678132,-0.012705307319492215,False,-3329197.794396146,resolved,inelastic,elastic|inelastic,False,,"UMAT_PCLK does not store a signed yield-function value in STATEV, so no distance to the branch surface is available",False,"stencil left the nominal 'inelastic' branch (nodes reached 'elastic'), so the difference spans a non-smooth branch boundary"
4,inelastic,4,2,1|2,mixed,2.0,8e-05,-2934667.790473331,-0.012227782460305545,False,-3329197.794396146,resolved,inelastic,inelastic,True,,"UMAT_PCLK does not store a signed yield-function value in STATEV, so no distance to the branch surface is available",True,
4,inelastic,4,2,1|2,mixed,1.0,4e-05,-2934667.7742038495,-0.012227782392516038,False,-3329197.794396146,resolved,inelastic,inelastic,True,,"UMAT_PCLK does not store a signed yield-function value in STATEV, so no distance to the branch surface is available",True,
4,inelastic,4,2,1|2,mixed,0.5,2e-05,-2934667.7741487143,-0.012227782392286309,False,-3329197.794396146,resolved,inelastic,inelastic,True,,"UMAT_PCLK does not store a signed yield-function value in STATEV, so no distance to the branch surface is available",True,
4,inelastic,4,2,1|2,mixed,0.25,1e-05,-2934667.774133826,-0.012227782392224275,False,-3329197.794396146,resolved,inelastic,inelastic,True,,"UMAT_PCLK does not store a signed yield-function value in STATEV, so no distance to the branch surface is available",True,
4,inelastic,4,2,1|2,mixed,0.125,5e-06,-2934667.774177989,-0.012227782392408288,False,-3329197.794396146,resolved,inelastic,inelastic,True,,"UMAT_PCLK does not store a signed yield-function value in STATEV, so no distance to the branch surface is available",True,
4,inelastic,4,2,1|2,mixed,0.0625,2.5e-06,-2934667.774123179,-0.012227782392179911,False,-3329197.794396146,resolved,inelastic,inelastic,True,,"UMAT_PCLK does not store a signed yield-function value in STATEV, so no distance to the branch surface is available",True,
